date,atelier,usine,mtbf_heures,mttr_heures,disponibilite_pct,trs_oee_pct,performance_pct,qualite_pct,nb_alertes,nb_pannes,nb_pannes_evitees,cout_maintenance_jour_eur,economies_predictif_eur,vrms_moyen_mm_s,asset_health_index
2025-01-01,Pomperie,Casablanca,326.9,6.3,98.11,89.0,94.2,96.3,0,0,2,2869.19,12015.63,2.54,87.8
2025-01-01,Air comprimé,Tanger,439.2,4.7,98.94,90.8,95.1,96.5,0,1,0,2774.84,0.0,2.86,80.8
2025-01-01,Ventilation,Casablanca,482.9,6.6,98.65,81.22,87.4,94.2,0,0,0,537.65,0.0,1.93,80.9
2025-01-01,Broyage,Casablanca,345.5,3.5,99.0,84.25,88.1,96.6,0,0,1,4313.52,5598.63,4.0,74.3
2025-01-01,Convoyage,Tanger,403.5,5.1,98.75,90.84,93.3,98.6,0,0,0,663.98,0.0,2.01,84.7
2025-01-02,Pomperie,Casablanca,351.0,7.9,97.8,87.69,93.5,95.9,3,0,0,2101.62,0.0,2.56,85.5
2025-01-02,Air comprimé,Tanger,401.6,5.6,98.62,88.29,92.1,97.2,0,0,0,4038.31,0.0,3.52,87.8
2025-01-02,Ventilation,Casablanca,433.9,6.8,98.46,88.83,93.3,96.7,0,0,0,1652.87,0.0,2.21,69.7
2025-01-02,Broyage,Casablanca,323.6,5.3,98.39,82.86,87.0,96.8,0,0,0,3344.06,0.0,4.23,76.9
2025-01-02,Convoyage,Tanger,464.3,7.7,98.37,91.64,94.0,99.1,0,0,0,785.52,0.0,0.89,69.5
2025-01-03,Pomperie,Casablanca,362.1,4.0,98.91,83.43,87.5,96.4,0,0,0,2546.6,0.0,2.44,78.6
2025-01-03,Air comprimé,Tanger,440.8,6.0,98.66,89.7,95.2,95.5,0,0,0,2885.63,0.0,2.12,83.2
2025-01-03,Ventilation,Casablanca,512.0,5.7,98.9,88.88,94.0,95.6,2,0,0,1073.2,0.0,1.4,84.7
2025-01-03,Broyage,Casablanca,369.9,4.1,98.9,92.67,96.4,97.2,0,0,0,4736.89,0.0,4.49,89.8
2025-01-03,Convoyage,Tanger,430.3,7.3,98.33,91.28,96.7,96.0,0,0,1,768.29,1606.0,1.88,78.8
2025-01-04,Pomperie,Casablanca,398.9,5.5,98.64,88.19,91.6,97.6,0,1,0,2827.97,0.0,2.71,80.0
2025-01-04,Air comprimé,Tanger,453.3,3.8,99.17,90.57,93.0,98.2,0,0,0,2210.12,0.0,3.4,80.7
2025-01-04,Ventilation,Casablanca,455.0,8.7,98.12,86.95,90.8,97.6,1,0,1,755.34,3310.98,1.48,87.6
2025-01-04,Broyage,Casablanca,345.0,7.3,97.93,84.52,88.7,97.3,0,0,1,4373.79,4341.07,4.62,86.5
2025-01-04,Convoyage,Tanger,441.3,9.8,97.83,88.17,93.2,96.7,0,0,1,1031.34,3707.84,1.12,93.3
2025-01-05,Pomperie,Casablanca,356.6,5.3,98.54,86.26,90.9,96.3,0,0,0,2240.65,0.0,3.0,85.7
2025-01-05,Air comprimé,Tanger,404.7,6.7,98.37,87.72,92.6,96.3,0,1,2,3848.94,3682.77,2.63,80.4
2025-01-05,Ventilation,Casablanca,521.9,7.3,98.62,83.03,87.7,96.0,0,1,0,1093.52,0.0,2.05,86.9
2025-01-05,Broyage,Casablanca,300.8,7.0,97.73,88.18,93.5,96.5,0,0,0,3806.5,0.0,3.84,74.4
2025-01-05,Convoyage,Tanger,384.3,9.2,97.66,83.45,89.2,95.8,2,2,0,792.32,0.0,1.36,62.0
2025-01-06,Pomperie,Casablanca,349.6,5.1,98.56,91.67,95.2,97.7,0,0,0,1998.39,0.0,2.47,82.1
2025-01-06,Air comprimé,Tanger,401.5,4.3,98.94,91.56,95.3,97.1,0,0,0,2680.52,0.0,3.19,82.7
2025-01-06,Ventilation,Casablanca,479.0,4.2,99.13,88.74,92.1,97.2,0,0,0,1273.98,0.0,1.24,65.2
2025-01-06,Broyage,Casablanca,316.2,6.6,97.96,90.19,95.8,96.1,0,2,0,3425.36,0.0,4.22,94.6
2025-01-06,Convoyage,Tanger,424.6,7.2,98.33,90.64,93.2,98.9,0,0,1,862.42,4653.67,1.74,72.8
2025-01-07,Pomperie,Casablanca,394.4,4.2,98.95,95.6,97.0,99.6,0,1,0,2126.36,0.0,2.38,78.1
2025-01-07,Air comprimé,Tanger,408.4,9.4,97.75,91.12,96.3,96.8,0,0,0,3652.45,0.0,2.41,70.3
2025-01-07,Ventilation,Casablanca,489.6,7.0,98.59,84.91,88.7,97.1,0,0,0,1197.19,0.0,1.8,71.6
2025-01-07,Broyage,Casablanca,353.6,3.8,98.94,90.07,90.4,100.7,0,0,0,4006.08,0.0,4.39,90.7
2025-01-07,Convoyage,Tanger,459.5,7.2,98.46,85.95,88.8,98.3,0,0,0,617.73,0.0,1.87,78.8
2025-01-08,Pomperie,Casablanca,343.2,5.4,98.45,87.7,92.5,96.3,0,0,1,3579.38,3351.99,2.24,79.1
2025-01-08,Air comprimé,Tanger,384.6,1.7,99.56,96.4,98.0,98.8,0,0,2,4978.02,4905.52,3.62,82.6
2025-01-08,Ventilation,Casablanca,506.1,9.7,98.12,91.26,95.2,97.7,0,0,1,1244.03,4816.9,1.72,85.9
2025-01-08,Broyage,Casablanca,375.6,5.2,98.63,92.31,93.5,100.1,0,0,0,2848.76,0.0,4.74,100
2025-01-08,Convoyage,Tanger,406.4,8.5,97.95,84.7,88.6,97.6,0,0,0,866.04,0.0,1.74,70.2
2025-01-09,Pomperie,Casablanca,307.8,6.3,97.99,89.42,91.8,99.4,0,0,0,2555.22,0.0,2.83,82.5
2025-01-09,Air comprimé,Tanger,420.5,4.7,98.89,83.98,89.2,95.2,0,2,1,3981.87,6989.63,2.49,88.4
2025-01-09,Ventilation,Casablanca,462.6,5.6,98.8,88.88,94.5,95.2,0,0,0,1230.67,0.0,1.95,84.7
2025-01-09,Broyage,Casablanca,283.2,2.9,98.99,92.82,95.0,98.7,0,0,0,5330.32,0.0,4.16,90.2
2025-01-09,Convoyage,Tanger,430.5,5.9,98.65,94.93,97.3,98.9,0,1,1,1306.08,4207.02,1.29,87.9
2025-01-10,Pomperie,Casablanca,372.4,6.0,98.41,88.88,93.3,96.8,0,0,0,3316.24,0.0,2.81,84.8
2025-01-10,Air comprimé,Tanger,418.9,4.7,98.89,92.82,95.0,98.8,1,0,0,3447.75,0.0,2.59,80.8
2025-01-10,Ventilation,Casablanca,409.0,7.1,98.29,89.18,92.3,98.3,0,1,0,1217.21,0.0,1.76,74.1
2025-01-10,Broyage,Casablanca,361.0,3.6,99.01,87.26,88.4,99.7,1,0,0,4549.93,0.0,4.17,87.9
2025-01-10,Convoyage,Tanger,415.9,4.6,98.91,90.85,94.5,97.2,0,0,0,1240.12,0.0,1.84,97.1
2025-01-11,Pomperie,Casablanca,366.2,6.0,98.39,92.17,95.2,98.4,0,0,1,4846.27,4821.02,2.28,72.8
2025-01-11,Air comprimé,Tanger,372.4,7.3,98.08,85.52,89.8,97.1,1,0,0,1914.09,0.0,3.12,82.1
2025-01-11,Ventilation,Casablanca,484.6,5.8,98.82,88.67,96.8,92.7,0,0,0,1154.01,0.0,1.65,86.4
2025-01-11,Broyage,Casablanca,274.8,2.8,98.99,92.37,96.9,96.3,0,0,1,5816.84,2175.94,3.53,94.4
2025-01-11,Convoyage,Tanger,383.2,7.3,98.13,91.48,96.3,96.8,0,0,0,1007.35,0.0,1.9,82.6
2025-01-12,Pomperie,Casablanca,372.9,7.4,98.05,89.5,94.2,96.9,0,0,0,1667.06,0.0,2.73,77.6
2025-01-12,Air comprimé,Tanger,371.4,0.5,99.87,89.78,90.8,99.0,0,2,0,4114.94,0.0,3.11,71.3
2025-01-12,Ventilation,Casablanca,501.2,6.4,98.74,86.48,92.1,95.1,0,0,0,1853.02,0.0,1.82,87.6
2025-01-12,Broyage,Casablanca,322.5,6.9,97.91,81.96,87.2,96.0,0,0,0,3343.99,0.0,3.8,87.9
2025-01-12,Convoyage,Tanger,447.5,3.1,99.31,86.4,91.0,95.6,1,0,0,673.24,0.0,1.07,90.8
2025-01-13,Pomperie,Casablanca,348.8,7.7,97.84,84.5,89.4,96.6,1,1,0,3426.92,0.0,2.46,76.0
2025-01-13,Air comprimé,Tanger,411.0,3.8,99.08,89.02,93.3,96.3,0,0,0,3936.21,0.0,3.27,85.4
2025-01-13,Ventilation,Casablanca,413.0,7.1,98.31,87.79,91.5,97.6,0,0,0,867.89,0.0,1.82,72.5
2025-01-13,Broyage,Casablanca,353.8,4.4,98.77,86.85,91.4,96.2,0,1,0,3290.25,0.0,4.02,81.8
2025-01-13,Convoyage,Tanger,459.0,6.9,98.52,88.35,93.8,95.6,0,0,0,873.26,0.0,1.37,90.1
2025-01-14,Pomperie,Casablanca,350.4,6.5,98.18,85.93,90.6,96.6,0,0,0,2557.6,0.0,3.04,83.6
2025-01-14,Air comprimé,Tanger,407.6,5.1,98.76,92.92,97.0,97.0,0,0,0,2706.37,0.0,2.84,74.7
2025-01-14,Ventilation,Casablanca,446.3,8.4,98.15,92.01,92.0,101.9,0,1,0,726.13,0.0,1.35,97.1
2025-01-14,Broyage,Casablanca,332.5,4.1,98.78,91.13,96.3,95.8,2,0,0,3953.57,0.0,3.88,83.2
2025-01-14,Convoyage,Tanger,449.4,5.8,98.73,90.37,93.5,97.9,0,0,0,972.49,0.0,0.63,86.8
2025-01-15,Pomperie,Casablanca,405.7,4.2,98.98,90.14,93.5,97.4,1,0,0,2227.47,0.0,2.48,82.6
2025-01-15,Air comprimé,Tanger,383.5,7.3,98.13,89.86,94.8,96.6,1,0,1,1856.77,2587.02,2.77,73.6
2025-01-15,Ventilation,Casablanca,492.6,7.5,98.5,88.92,91.0,99.2,0,0,1,1489.89,4072.34,1.92,85.8
2025-01-15,Broyage,Casablanca,326.8,3.7,98.88,89.82,91.2,99.6,0,0,0,3575.1,0.0,3.95,80.0
2025-01-15,Convoyage,Tanger,471.9,7.3,98.48,85.39,89.3,97.1,3,0,0,807.83,0.0,1.44,76.1
2025-01-16,Pomperie,Casablanca,423.8,8.2,98.1,88.47,90.0,100.2,1,0,1,1576.1,4591.75,2.38,82.0
2025-01-16,Air comprimé,Tanger,406.2,7.6,98.16,86.27,93.1,94.4,0,0,0,3124.95,0.0,3.12,68.8
2025-01-16,Ventilation,Casablanca,439.5,8.1,98.19,88.54,92.3,97.7,0,0,1,1534.18,7836.89,2.05,86.9
2025-01-16,Broyage,Casablanca,331.0,6.9,97.96,87.2,94.4,94.3,0,0,0,5368.21,0.0,4.46,86.9
2025-01-16,Convoyage,Tanger,506.4,9.1,98.23,93.38,97.8,97.2,0,0,0,1076.98,0.0,2.02,91.9
2025-01-17,Pomperie,Casablanca,402.3,5.6,98.63,82.48,86.3,96.9,0,1,1,3262.18,2652.0,2.77,93.2
2025-01-17,Air comprimé,Tanger,386.5,7.0,98.22,89.86,95.3,96.0,0,0,0,4521.97,0.0,3.35,83.1
2025-01-17,Ventilation,Casablanca,467.0,3.5,99.26,86.24,90.6,95.9,0,0,0,1917.07,0.0,0.22,84.3
2025-01-17,Broyage,Casablanca,388.4,2.5,99.36,92.96,94.7,98.8,0,0,0,4023.03,0.0,4.26,88.2
2025-01-17,Convoyage,Tanger,447.5,4.5,99.0,89.61,93.7,96.6,2,0,0,1074.03,0.0,1.48,96.1
2025-01-18,Pomperie,Casablanca,341.6,3.7,98.93,90.87,94.4,97.3,0,0,1,2407.28,2706.49,3.07,69.1
2025-01-18,Air comprimé,Tanger,445.9,6.9,98.48,91.02,94.5,97.8,0,0,0,573.77,0.0,2.34,83.3
2025-01-18,Ventilation,Casablanca,397.4,9.5,97.67,86.62,92.0,96.4,0,0,0,1079.72,0.0,2.02,86.0
2025-01-18,Broyage,Casablanca,307.6,5.6,98.21,85.68,89.3,97.7,1,2,0,4352.92,0.0,4.6,70.8
2025-01-18,Convoyage,Tanger,463.2,7.9,98.32,87.36,91.7,96.9,0,0,2,576.73,5656.61,0.76,78.5
2025-01-19,Pomperie,Casablanca,417.4,6.3,98.51,89.64,94.2,96.6,0,0,0,2659.17,0.0,2.86,75.5
2025-01-19,Air comprimé,Tanger,432.0,4.2,99.04,86.9,91.3,96.1,0,1,0,3510.13,0.0,3.04,86.0
2025-01-19,Ventilation,Casablanca,480.6,8.5,98.26,91.97,97.2,96.3,0,0,0,808.21,0.0,1.98,79.9
2025-01-19,Broyage,Casablanca,310.0,5.0,98.41,84.72,89.3,96.4,0,0,1,3407.02,5524.27,3.99,89.2
2025-01-19,Convoyage,Tanger,405.8,6.2,98.5,89.77,91.6,99.5,0,0,1,955.59,4435.56,0.82,80.1
2025-01-20,Pomperie,Casablanca,353.0,6.8,98.11,88.18,91.9,97.8,0,0,0,2251.4,0.0,2.6,72.2
2025-01-20,Air comprimé,Tanger,419.4,5.9,98.61,88.33,91.5,97.9,0,0,0,4050.2,0.0,2.28,71.3
2025-01-20,Ventilation,Casablanca,475.2,5.8,98.79,91.27,93.6,98.7,0,0,0,1399.28,0.0,1.34,71.6
2025-01-20,Broyage,Casablanca,315.3,6.2,98.07,83.69,90.5,94.3,0,1,0,5139.64,0.0,3.9,61.6
2025-01-20,Convoyage,Tanger,430.8,7.5,98.29,87.36,90.6,98.1,0,1,0,1234.74,0.0,1.14,85.8
2025-01-21,Pomperie,Casablanca,369.1,6.2,98.35,86.79,89.5,98.6,3,2,0,3004.83,0.0,1.74,72.6
2025-01-21,Air comprimé,Tanger,407.7,6.1,98.53,90.33,92.6,99.0,1,2,1,5119.22,3048.85,2.9,92.1
2025-01-21,Ventilation,Casablanca,464.2,6.6,98.6,91.69,94.7,98.2,0,0,2,1079.09,4546.21,1.82,82.9
2025-01-21,Broyage,Casablanca,395.1,4.8,98.8,90.95,94.9,97.0,0,0,1,5092.05,7826.36,3.74,90.3
2025-01-21,Convoyage,Tanger,452.4,6.0,98.69,89.43,93.9,96.5,0,0,0,616.07,0.0,1.89,67.0
2025-01-22,Pomperie,Casablanca,326.7,4.1,98.76,88.17,92.9,96.1,0,0,2,1171.41,14154.15,2.24,86.2
2025-01-22,Air comprimé,Tanger,421.8,6.3,98.53,84.53,87.1,98.5,0,0,0,4028.63,0.0,2.73,72.4
2025-01-22,Ventilation,Casablanca,448.1,6.8,98.51,89.44,93.6,97.0,0,0,0,1957.21,0.0,1.61,79.4
2025-01-22,Broyage,Casablanca,285.5,4.7,98.38,85.9,92.1,94.8,2,0,0,5034.4,0.0,4.29,89.2
2025-01-22,Convoyage,Tanger,439.6,6.3,98.59,88.38,92.8,96.6,0,0,0,887.56,0.0,1.77,89.4
2025-01-23,Pomperie,Casablanca,374.5,4.3,98.86,91.17,94.3,97.8,0,0,0,3180.37,0.0,2.26,84.6
2025-01-23,Air comprimé,Tanger,371.6,7.4,98.05,92.11,99.1,94.8,0,1,0,4286.78,0.0,3.28,87.4
2025-01-23,Ventilation,Casablanca,496.0,6.6,98.69,91.89,95.5,97.5,0,0,1,1561.94,1811.22,1.17,77.7
2025-01-23,Broyage,Casablanca,262.4,4.5,98.31,89.35,93.7,97.0,0,0,0,5476.14,0.0,4.56,74.7
2025-01-23,Convoyage,Tanger,453.7,10.7,97.7,92.39,98.4,96.1,1,0,0,1064.45,0.0,1.74,98.7
2025-01-24,Pomperie,Casablanca,369.2,4.4,98.82,87.23,91.1,96.9,0,0,1,2837.92,4265.7,2.27,83.5
2025-01-24,Air comprimé,Tanger,401.3,6.3,98.45,83.51,85.6,99.1,0,0,0,4615.81,0.0,2.62,81.4
2025-01-24,Ventilation,Casablanca,482.2,7.1,98.55,87.86,92.1,96.8,0,0,0,872.54,0.0,1.58,83.1
2025-01-24,Broyage,Casablanca,327.2,2.6,99.21,89.04,93.2,96.3,0,0,1,3055.21,5790.71,4.05,96.6
2025-01-24,Convoyage,Tanger,486.0,5.4,98.9,89.59,93.1,97.3,1,1,1,942.35,7948.38,1.37,76.8
2025-01-25,Pomperie,Casablanca,406.6,5.9,98.57,91.65,94.4,98.5,0,0,0,2508.81,0.0,1.93,75.5
2025-01-25,Air comprimé,Tanger,440.4,5.1,98.86,84.78,89.7,95.6,0,0,1,1662.92,4908.88,3.02,87.1
2025-01-25,Ventilation,Casablanca,494.2,9.0,98.21,83.42,86.5,98.2,2,0,0,1533.01,0.0,2.48,87.1
2025-01-25,Broyage,Casablanca,313.8,3.5,98.9,87.35,88.5,99.8,0,0,0,5149.14,0.0,4.39,100
2025-01-25,Convoyage,Tanger,448.4,6.6,98.55,94.06,96.6,98.8,0,1,0,986.51,0.0,0.96,80.5
2025-01-26,Pomperie,Casablanca,358.1,3.4,99.06,88.79,92.6,96.8,0,1,0,3196.9,0.0,1.97,77.1
2025-01-26,Air comprimé,Tanger,391.1,5.3,98.66,89.56,93.3,97.3,0,0,0,3780.99,0.0,2.13,65.3
2025-01-26,Ventilation,Casablanca,454.7,1.4,99.69,90.36,92.3,98.2,0,0,0,953.97,0.0,2.01,98.3
2025-01-26,Broyage,Casablanca,350.5,4.6,98.7,92.48,96.2,97.4,0,1,2,3793.79,6304.01,4.03,83.1
2025-01-26,Convoyage,Tanger,411.3,7.2,98.28,91.12,94.7,97.9,0,0,0,1157.27,0.0,0.73,86.7
2025-01-27,Pomperie,Casablanca,385.0,5.7,98.54,87.55,89.2,99.6,0,0,0,2867.16,0.0,2.62,87.5
2025-01-27,Air comprimé,Tanger,427.3,6.7,98.46,86.78,90.3,97.6,0,0,2,2895.23,7897.51,3.32,97.5
2025-01-27,Ventilation,Casablanca,466.6,4.4,99.07,89.61,92.2,98.1,0,0,0,1012.07,0.0,1.67,85.7
2025-01-27,Broyage,Casablanca,323.0,3.5,98.93,88.02,90.7,98.1,1,1,0,4205.12,0.0,3.96,99.7
2025-01-27,Convoyage,Tanger,456.3,7.7,98.34,85.29,91.1,95.2,0,0,0,667.47,0.0,1.98,75.5
2025-01-28,Pomperie,Casablanca,356.6,6.7,98.16,91.85,98.5,95.0,0,0,0,3737.39,0.0,2.67,100
2025-01-28,Air comprimé,Tanger,344.0,4.1,98.82,87.87,91.2,97.5,0,0,0,3343.41,0.0,3.53,82.5
2025-01-28,Ventilation,Casablanca,482.9,8.7,98.23,86.65,91.6,96.3,0,0,0,949.39,0.0,0.87,86.6
2025-01-28,Broyage,Casablanca,321.6,3.6,98.89,81.66,86.2,95.8,0,0,0,2893.64,0.0,4.0,62.3
2025-01-28,Convoyage,Tanger,386.7,7.6,98.07,89.42,93.9,97.1,0,0,0,736.14,0.0,1.34,85.8
2025-01-29,Pomperie,Casablanca,351.6,0.8,99.77,90.77,93.6,97.2,0,1,0,2038.44,0.0,2.24,89.2
2025-01-29,Air comprimé,Tanger,432.5,4.3,99.02,86.96,91.2,96.3,0,0,1,4889.88,3900.51,3.01,83.8
2025-01-29,Ventilation,Casablanca,482.2,9.8,98.01,95.09,98.8,98.2,0,0,2,865.97,12276.7,2.74,80.2
2025-01-29,Broyage,Casablanca,329.1,8.5,97.48,87.22,93.2,96.0,1,1,0,5048.06,0.0,4.09,78.2
2025-01-29,Convoyage,Tanger,402.7,5.6,98.63,93.74,96.2,98.8,2,0,0,839.48,0.0,1.74,74.7
2025-01-30,Pomperie,Casablanca,390.3,5.0,98.74,92.18,94.3,99.0,0,1,0,2721.72,0.0,2.69,81.1
2025-01-30,Air comprimé,Tanger,448.4,10.0,97.82,91.19,96.3,96.8,2,0,0,2496.27,0.0,3.28,89.7
2025-01-30,Ventilation,Casablanca,488.0,7.4,98.51,85.37,91.7,94.5,0,0,0,1113.11,0.0,2.19,75.7
2025-01-30,Broyage,Casablanca,360.8,5.2,98.58,82.99,86.7,97.1,0,0,1,4831.53,6800.43,5.01,78.0
2025-01-30,Convoyage,Tanger,477.3,5.2,98.92,90.72,93.3,98.3,1,0,0,1060.97,0.0,1.53,85.9
2025-01-31,Pomperie,Casablanca,365.7,6.1,98.36,92.9,95.6,98.8,1,1,0,3279.3,0.0,1.92,82.1
2025-01-31,Air comprimé,Tanger,417.8,4.6,98.91,88.98,94.2,95.5,0,0,0,3959.4,0.0,2.52,72.5
2025-01-31,Ventilation,Casablanca,533.9,6.3,98.83,88.21,92.3,96.7,0,0,0,1104.8,0.0,1.38,80.3
2025-01-31,Broyage,Casablanca,384.7,5.4,98.62,85.75,89.0,97.7,0,0,0,6161.41,0.0,3.77,93.7
2025-01-31,Convoyage,Tanger,475.5,7.4,98.47,86.88,90.4,97.6,2,0,0,1042.37,0.0,1.14,89.2
2025-02-01,Pomperie,Casablanca,364.2,10.5,97.2,83.26,89.6,95.6,0,0,0,3595.75,0.0,2.93,83.8
2025-02-01,Air comprimé,Tanger,422.2,8.1,98.12,87.71,91.5,97.7,2,0,1,3158.73,3187.76,3.32,92.7
2025-02-01,Ventilation,Casablanca,471.2,7.9,98.35,98.74,100.1,100.3,2,1,0,1452.52,0.0,1.28,83.7
2025-02-01,Broyage,Casablanca,336.7,5.4,98.42,88.47,92.1,97.6,0,0,0,3611.81,0.0,4.14,67.8
2025-02-01,Convoyage,Tanger,449.3,5.6,98.77,80.75,85.7,95.4,0,0,0,643.82,0.0,2.13,87.4
2025-02-02,Pomperie,Casablanca,375.8,3.3,99.13,88.89,93.6,95.8,0,0,0,3445.63,0.0,2.96,90.2
2025-02-02,Air comprimé,Tanger,375.4,4.9,98.71,90.39,94.6,96.8,0,0,1,3301.02,5941.76,3.48,79.5
2025-02-02,Ventilation,Casablanca,495.7,4.5,99.1,91.61,96.5,95.8,0,0,0,994.73,0.0,2.02,86.1
2025-02-02,Broyage,Casablanca,381.2,5.3,98.63,88.64,94.5,95.1,0,0,0,4979.98,0.0,3.96,80.1
2025-02-02,Convoyage,Tanger,465.4,8.5,98.21,85.53,91.1,95.6,1,0,0,1329.13,0.0,1.28,96.5
2025-02-03,Pomperie,Casablanca,367.4,2.7,99.27,89.09,91.2,98.4,1,0,0,2740.91,0.0,2.54,86.8
2025-02-03,Air comprimé,Tanger,380.6,5.4,98.6,87.78,91.5,97.3,0,0,0,5436.14,0.0,3.46,79.6
2025-02-03,Ventilation,Casablanca,473.1,6.4,98.67,94.27,98.5,97.0,0,0,0,1216.35,0.0,2.52,90.5
2025-02-03,Broyage,Casablanca,322.8,5.1,98.44,90.87,94.1,98.1,0,0,0,5380.24,0.0,4.19,100
2025-02-03,Convoyage,Tanger,459.9,3.8,99.18,89.12,91.6,98.1,0,0,0,1306.58,0.0,1.55,85.5
2025-02-04,Pomperie,Casablanca,369.7,4.8,98.72,86.52,89.7,97.7,0,0,0,1703.18,0.0,2.74,82.0
2025-02-04,Air comprimé,Tanger,482.3,5.4,98.89,89.24,93.9,96.1,0,0,0,3700.95,0.0,1.95,76.5
2025-02-04,Ventilation,Casablanca,473.0,10.1,97.91,88.35,93.8,96.2,0,0,0,1329.27,0.0,1.5,84.1
2025-02-04,Broyage,Casablanca,324.7,8.4,97.48,86.5,91.2,97.3,1,0,0,5817.74,0.0,4.45,89.7
2025-02-04,Convoyage,Tanger,448.0,2.6,99.42,87.84,92.9,95.1,0,1,0,777.35,0.0,1.55,83.4
2025-02-05,Pomperie,Casablanca,382.5,3.7,99.04,89.57,95.6,94.6,0,2,0,2435.5,0.0,2.83,64.4
2025-02-05,Air comprimé,Tanger,395.4,6.5,98.38,87.73,92.6,96.3,0,0,0,4242.39,0.0,2.78,59.6
2025-02-05,Ventilation,Casablanca,483.1,7.6,98.45,96.51,101.8,96.3,0,0,0,434.5,0.0,1.88,81.1
2025-02-05,Broyage,Casablanca,321.6,2.3,99.29,89.71,92.2,98.0,0,1,2,3903.08,10670.63,4.24,77.7
2025-02-05,Convoyage,Tanger,427.7,5.4,98.75,88.09,91.3,97.7,0,0,0,962.4,0.0,1.3,93.7
2025-02-06,Pomperie,Casablanca,365.9,4.6,98.76,91.65,94.6,98.1,0,0,0,2883.64,0.0,2.56,86.0
2025-02-06,Air comprimé,Tanger,425.0,5.6,98.7,85.28,88.8,97.3,0,0,0,2490.25,0.0,3.36,83.5
2025-02-06,Ventilation,Casablanca,517.6,9.3,98.23,89.84,93.9,97.4,0,0,0,996.56,0.0,2.28,83.6
2025-02-06,Broyage,Casablanca,327.6,5.4,98.38,90.32,93.3,98.4,1,0,1,3673.06,3278.93,4.61,73.8
2025-02-06,Convoyage,Tanger,447.1,8.9,98.05,88.02,94.4,95.1,0,0,0,1384.86,0.0,2.53,80.4
2025-02-07,Pomperie,Casablanca,357.2,3.9,98.92,92.29,95.3,97.9,2,0,0,4524.67,0.0,2.28,77.4
2025-02-07,Air comprimé,Tanger,450.5,5.4,98.82,86.68,89.5,98.0,0,0,0,3321.63,0.0,3.06,72.0
2025-02-07,Ventilation,Casablanca,495.1,6.8,98.65,89.93,91.9,99.2,0,0,0,1378.1,0.0,1.81,75.6
2025-02-07,Broyage,Casablanca,319.8,3.5,98.92,91.09,93.2,98.8,2,1,0,4495.7,0.0,3.75,88.2
2025-02-07,Convoyage,Tanger,462.8,6.7,98.57,90.09,95.7,95.5,0,1,0,704.5,0.0,1.19,78.6
2025-02-08,Pomperie,Casablanca,338.0,5.1,98.51,85.28,89.9,96.3,1,0,2,1473.83,11952.71,2.85,81.6
2025-02-08,Air comprimé,Tanger,457.4,4.3,99.07,92.1,98.9,94.0,0,0,1,3165.71,7246.96,3.06,76.0
2025-02-08,Ventilation,Casablanca,466.1,4.0,99.15,89.13,92.1,97.6,0,0,0,1394.96,0.0,1.66,81.9
2025-02-08,Broyage,Casablanca,300.3,5.2,98.3,90.78,96.0,96.2,0,1,0,4386.35,0.0,4.73,77.9
2025-02-08,Convoyage,Tanger,524.8,7.9,98.52,86.36,91.6,95.7,0,0,0,841.7,0.0,1.17,80.4
2025-02-09,Pomperie,Casablanca,393.1,3.9,99.02,94.96,95.8,100.1,0,0,2,2052.57,9167.17,2.94,98.6
2025-02-09,Air comprimé,Tanger,480.6,5.6,98.85,94.55,98.2,97.4,0,0,1,4839.24,4381.41,2.36,90.3
2025-02-09,Ventilation,Casablanca,505.2,4.2,99.18,93.22,97.1,96.8,0,1,0,458.85,0.0,2.28,70.9
2025-02-09,Broyage,Casablanca,354.2,8.8,97.58,78.51,84.6,95.1,0,0,0,2348.59,0.0,3.67,76.2
2025-02-09,Convoyage,Tanger,457.6,3.6,99.22,86.9,92.0,95.2,0,0,0,1102.01,0.0,1.17,83.3
2025-02-10,Pomperie,Casablanca,426.4,4.9,98.86,90.61,94.2,97.3,0,0,0,1871.65,0.0,2.33,74.4
2025-02-10,Air comprimé,Tanger,474.8,4.8,99.0,92.03,99.0,93.9,0,0,0,3075.49,0.0,3.37,88.3
2025-02-10,Ventilation,Casablanca,518.3,4.0,99.23,90.12,95.1,95.5,0,0,0,1202.84,0.0,2.31,77.9
2025-02-10,Broyage,Casablanca,396.9,3.0,99.25,93.08,93.5,100.3,1,0,2,4221.65,9499.61,3.83,85.9
2025-02-10,Convoyage,Tanger,475.7,8.6,98.22,93.74,96.6,98.8,0,0,0,1340.98,0.0,1.98,67.3
2025-02-11,Pomperie,Casablanca,396.3,7.5,98.14,89.03,94.5,96.0,0,0,0,2390.74,0.0,2.63,65.9
2025-02-11,Air comprimé,Tanger,462.4,7.0,98.51,95.67,98.5,98.6,0,1,0,3834.48,0.0,2.79,80.4
2025-02-11,Ventilation,Casablanca,481.0,8.0,98.36,86.06,89.1,98.2,0,1,0,1429.89,0.0,1.68,77.3
2025-02-11,Broyage,Casablanca,359.1,3.7,98.98,86.88,92.1,95.3,0,0,0,3022.07,0.0,4.06,70.0
2025-02-11,Convoyage,Tanger,489.5,5.6,98.87,91.87,95.7,97.1,0,0,0,880.39,0.0,1.19,92.5
2025-02-12,Pomperie,Casablanca,400.1,3.8,99.06,91.57,95.0,97.3,1,0,0,2505.82,0.0,3.01,83.5
2025-02-12,Air comprimé,Tanger,424.3,7.4,98.29,85.72,90.0,96.9,0,0,0,4139.58,0.0,3.21,81.2
2025-02-12,Ventilation,Casablanca,477.3,6.2,98.72,87.96,91.2,97.7,0,0,0,1327.59,0.0,1.26,87.3
2025-02-12,Broyage,Casablanca,402.5,4.6,98.87,87.07,92.8,94.9,2,0,0,2998.43,0.0,3.73,86.2
2025-02-12,Convoyage,Tanger,522.3,7.0,98.68,90.9,93.8,98.2,0,1,0,777.22,0.0,1.59,81.2
2025-02-13,Pomperie,Casablanca,368.4,4.2,98.87,91.11,95.3,96.7,0,0,0,2851.8,0.0,2.4,82.3
2025-02-13,Air comprimé,Tanger,383.9,5.9,98.49,92.18,95.7,97.8,0,1,0,2814.34,0.0,2.9,81.1
2025-02-13,Ventilation,Casablanca,445.1,7.4,98.36,93.5,96.9,98.1,0,1,0,1190.84,0.0,2.02,100
2025-02-13,Broyage,Casablanca,344.2,4.9,98.6,90.85,94.5,97.5,0,0,2,4278.59,3862.04,4.58,93.8
2025-02-13,Convoyage,Tanger,456.7,10.1,97.84,90.44,95.1,97.2,0,0,2,846.28,15699.61,1.12,70.2
2025-02-14,Pomperie,Casablanca,369.7,5.5,98.53,91.26,92.9,99.7,0,0,0,2476.38,0.0,2.65,73.1
2025-02-14,Air comprimé,Tanger,437.4,7.5,98.31,90.05,92.9,98.6,0,0,0,3275.21,0.0,2.89,94.7
2025-02-14,Ventilation,Casablanca,485.6,10.1,97.96,84.28,90.0,95.6,0,0,0,817.55,0.0,1.43,71.2
2025-02-14,Broyage,Casablanca,316.2,5.2,98.38,87.88,91.9,97.2,0,0,0,4641.03,0.0,4.13,80.2
2025-02-14,Convoyage,Tanger,507.9,8.9,98.28,89.42,93.7,97.1,1,0,0,824.6,0.0,1.25,81.5
2025-02-15,Pomperie,Casablanca,414.3,6.5,98.46,91.69,96.7,96.3,0,0,2,2740.08,10547.3,3.2,87.6
2025-02-15,Air comprimé,Tanger,459.1,7.6,98.37,89.21,93.2,97.3,0,0,0,1545.8,0.0,3.15,85.6
2025-02-15,Ventilation,Casablanca,558.7,7.5,98.68,87.65,93.5,95.0,0,0,0,1007.52,0.0,1.64,82.0
2025-02-15,Broyage,Casablanca,336.3,3.2,99.06,91.08,94.3,97.5,0,0,1,4436.35,4048.38,3.82,70.6
2025-02-15,Convoyage,Tanger,437.4,3.0,99.32,88.76,92.9,96.2,0,0,0,821.54,0.0,1.09,89.4
2025-02-16,Pomperie,Casablanca,430.5,2.7,99.38,93.18,94.8,98.9,0,0,0,2966.83,0.0,1.85,85.5
2025-02-16,Air comprimé,Tanger,452.6,5.1,98.89,80.09,84.8,95.5,0,0,0,2208.51,0.0,3.03,74.3
2025-02-16,Ventilation,Casablanca,466.3,6.5,98.63,91.9,94.6,98.5,0,0,0,563.9,0.0,1.88,91.9
2025-02-16,Broyage,Casablanca,393.1,4.4,98.89,88.18,92.5,96.4,0,0,0,2221.86,0.0,4.3,69.7
2025-02-16,Convoyage,Tanger,491.6,7.0,98.6,85.32,90.7,95.4,0,0,0,1123.34,0.0,1.58,85.6
2025-02-17,Pomperie,Casablanca,374.1,5.8,98.47,82.9,87.7,96.0,0,0,0,2234.15,0.0,2.58,83.0
2025-02-17,Air comprimé,Tanger,444.4,2.7,99.4,93.04,96.9,96.6,0,1,0,5018.95,0.0,3.54,88.7
2025-02-17,Ventilation,Casablanca,475.5,7.5,98.45,89.29,93.6,96.9,1,0,0,1383.44,0.0,1.66,94.4
2025-02-17,Broyage,Casablanca,351.2,4.4,98.76,88.39,90.5,98.9,0,0,0,4792.48,0.0,4.68,83.2
2025-02-17,Convoyage,Tanger,471.9,7.2,98.5,89.33,93.4,97.1,0,0,0,942.17,0.0,1.18,87.5
2025-02-18,Pomperie,Casablanca,379.3,6.2,98.39,92.57,96.2,97.8,0,0,1,3557.52,5334.79,1.69,80.8
2025-02-18,Air comprimé,Tanger,446.3,6.0,98.67,88.52,92.3,97.2,0,0,1,4068.08,5794.47,2.84,68.8
2025-02-18,Ventilation,Casablanca,509.5,6.0,98.84,87.09,90.0,97.9,0,0,1,1284.76,6262.22,1.28,85.3
2025-02-18,Broyage,Casablanca,354.4,4.8,98.66,90.12,91.9,99.4,0,0,0,3777.5,0.0,4.12,89.1
2025-02-18,Convoyage,Tanger,427.9,7.8,98.21,88.08,94.5,94.9,0,0,1,962.84,7042.49,1.79,67.1
2025-02-19,Pomperie,Casablanca,403.4,6.2,98.49,90.71,93.6,98.4,0,1,0,3049.25,0.0,3.22,92.1
2025-02-19,Air comprimé,Tanger,418.2,6.7,98.42,88.97,93.1,97.1,0,0,0,4024.7,0.0,3.21,79.0
2025-02-19,Ventilation,Casablanca,442.2,3.7,99.17,87.64,91.2,96.9,0,0,0,1407.97,0.0,1.7,67.6
2025-02-19,Broyage,Casablanca,369.6,3.6,99.04,89.15,92.7,97.1,0,0,0,3655.99,0.0,4.0,82.1
2025-02-19,Convoyage,Tanger,460.0,8.3,98.23,86.42,93.2,94.4,0,0,0,1002.52,0.0,1.06,76.8
2025-02-20,Pomperie,Casablanca,367.7,7.2,98.08,83.58,88.4,96.4,0,0,1,2399.87,7996.51,2.66,94.7
2025-02-20,Air comprimé,Tanger,478.3,9.3,98.09,90.87,96.5,96.0,0,0,0,3415.06,0.0,3.27,85.6
2025-02-20,Ventilation,Casablanca,538.9,8.1,98.52,92.69,96.2,97.8,0,0,0,739.38,0.0,1.72,86.0
2025-02-20,Broyage,Casablanca,315.5,6.6,97.95,86.02,91.1,96.4,2,0,0,2240.57,0.0,4.75,73.3
2025-02-20,Convoyage,Tanger,460.6,5.2,98.88,91.5,95.4,97.0,0,0,0,747.38,0.0,1.48,76.5
2025-02-21,Pomperie,Casablanca,368.1,7.6,97.98,87.74,91.1,98.3,0,0,2,1908.96,9720.54,2.58,81.2
2025-02-21,Air comprimé,Tanger,463.6,6.5,98.62,87.44,91.5,96.9,1,0,0,2642.14,0.0,2.95,79.3
2025-02-21,Ventilation,Casablanca,494.4,8.9,98.23,92.86,95.3,99.2,0,0,0,1054.75,0.0,1.42,89.5
2025-02-21,Broyage,Casablanca,393.2,6.5,98.37,96.8,100.0,98.4,1,0,0,3116.82,0.0,4.28,82.5
2025-02-21,Convoyage,Tanger,455.8,7.8,98.32,89.02,92.2,98.2,3,0,0,1107.56,0.0,2.05,91.8
2025-02-22,Pomperie,Casablanca,427.5,1.0,99.77,89.59,89.8,100.0,1,0,0,2582.44,0.0,2.62,90.6
2025-02-22,Air comprimé,Tanger,458.9,5.1,98.9,96.71,100.4,97.4,0,0,0,3712.05,0.0,3.11,98.3
2025-02-22,Ventilation,Casablanca,479.3,8.1,98.34,87.35,93.8,94.7,0,1,0,764.6,0.0,2.51,85.9
2025-02-22,Broyage,Casablanca,285.3,4.7,98.38,92.06,95.0,98.5,1,0,0,4132.53,0.0,3.84,100
2025-02-22,Convoyage,Tanger,465.6,7.7,98.37,89.72,95.3,95.7,0,0,0,1130.73,0.0,1.76,90.0
2025-02-23,Pomperie,Casablanca,397.7,3.6,99.1,91.14,95.6,96.2,1,0,1,2716.89,5457.02,2.45,94.8
2025-02-23,Air comprimé,Tanger,427.4,7.7,98.23,89.48,94.3,96.6,2,0,0,4011.47,0.0,4.16,83.9
2025-02-23,Ventilation,Casablanca,534.0,6.3,98.83,92.26,94.3,99.0,0,0,0,1014.47,0.0,2.1,81.4
2025-02-23,Broyage,Casablanca,330.4,5.0,98.51,91.92,95.6,97.6,0,0,0,4917.43,0.0,4.95,85.9
2025-02-23,Convoyage,Tanger,470.7,5.0,98.95,89.95,94.5,96.2,0,0,0,677.2,0.0,1.33,82.9
2025-02-24,Pomperie,Casablanca,402.3,6.5,98.41,89.85,92.6,98.6,0,0,0,3064.16,0.0,2.84,85.7
2025-02-24,Air comprimé,Tanger,398.5,6.9,98.3,89.89,91.9,99.5,0,0,0,2195.85,0.0,3.8,82.2
2025-02-24,Ventilation,Casablanca,475.0,8.3,98.28,87.12,94.2,94.1,3,0,0,1080.61,0.0,1.95,85.4
2025-02-24,Broyage,Casablanca,375.1,4.9,98.71,88.78,93.2,96.5,0,0,0,4155.63,0.0,4.34,87.4
2025-02-24,Convoyage,Tanger,462.2,7.9,98.32,83.21,86.1,98.3,0,0,0,574.49,0.0,1.43,79.9
2025-02-25,Pomperie,Casablanca,406.6,4.5,98.91,91.21,94.0,98.1,0,0,0,4338.74,0.0,2.05,86.3
2025-02-25,Air comprimé,Tanger,442.4,6.6,98.53,88.53,96.1,93.5,0,1,0,3029.32,0.0,2.97,75.0
2025-02-25,Ventilation,Casablanca,458.1,7.3,98.43,87.49,92.2,96.4,0,0,0,1497.97,0.0,1.54,90.7
2025-02-25,Broyage,Casablanca,356.3,5.9,98.37,85.82,90.5,96.4,0,0,0,4933.42,0.0,3.71,87.5
2025-02-25,Convoyage,Tanger,455.2,4.4,99.04,90.46,91.7,99.6,1,0,0,1102.51,0.0,1.39,86.3
2025-02-26,Pomperie,Casablanca,355.5,6.7,98.15,91.56,94.9,98.3,0,0,0,3386.33,0.0,2.32,73.9
2025-02-26,Air comprimé,Tanger,368.1,5.3,98.58,86.87,91.7,96.1,1,0,0,4439.84,0.0,3.24,78.3
2025-02-26,Ventilation,Casablanca,456.5,6.3,98.64,91.57,97.1,95.6,0,0,0,1330.98,0.0,1.17,77.5
2025-02-26,Broyage,Casablanca,317.3,5.2,98.39,84.3,89.9,95.3,0,0,0,3209.39,0.0,3.7,67.4
2025-02-26,Convoyage,Tanger,482.9,4.4,99.1,91.12,94.6,97.2,0,0,0,726.88,0.0,0.6,91.6
2025-02-27,Pomperie,Casablanca,383.8,6.2,98.41,88.68,91.3,98.7,0,0,0,2724.22,0.0,1.65,85.2
2025-02-27,Air comprimé,Tanger,472.4,5.9,98.77,84.14,89.2,95.5,2,1,0,4228.77,0.0,3.09,89.4
2025-02-27,Ventilation,Casablanca,489.7,5.8,98.83,90.81,93.0,98.8,0,0,0,1151.1,0.0,1.45,66.3
2025-02-27,Broyage,Casablanca,372.2,6.4,98.31,88.64,92.1,97.9,0,0,0,4442.67,0.0,4.54,93.1
2025-02-27,Convoyage,Tanger,418.6,7.0,98.36,94.84,97.4,99.0,0,2,0,799.0,0.0,1.98,96.3
2025-02-28,Pomperie,Casablanca,373.9,4.4,98.84,88.53,91.4,98.0,0,1,2,2829.88,9923.94,2.51,69.7
2025-02-28,Air comprimé,Tanger,433.2,4.7,98.93,90.41,92.5,98.8,0,0,1,5300.14,6725.81,2.32,88.6
2025-02-28,Ventilation,Casablanca,539.6,7.7,98.59,86.47,93.3,94.0,0,0,0,996.45,0.0,2.3,78.8
2025-02-28,Broyage,Casablanca,376.4,5.8,98.48,87.67,90.2,98.7,0,0,2,3190.89,11537.97,4.28,71.3
2025-02-28,Convoyage,Tanger,514.4,7.3,98.6,92.1,97.6,95.7,0,0,0,1092.67,0.0,1.14,84.0
2025-03-01,Pomperie,Casablanca,351.6,5.3,98.51,87.81,91.8,97.1,0,1,0,2543.89,0.0,1.89,73.9
2025-03-01,Air comprimé,Tanger,467.0,7.1,98.5,86.68,91.0,96.7,0,1,0,3518.8,0.0,2.87,84.5
2025-03-01,Ventilation,Casablanca,539.8,5.6,98.97,87.61,89.6,98.8,1,0,0,938.25,0.0,2.09,68.7
2025-03-01,Broyage,Casablanca,368.9,5.5,98.53,84.51,86.9,98.7,0,0,2,5107.81,13026.35,4.47,75.2
2025-03-01,Convoyage,Tanger,514.9,7.7,98.53,80.37,82.9,98.4,0,0,0,1082.77,0.0,2.07,80.0
2025-03-02,Pomperie,Casablanca,427.9,5.8,98.66,87.18,91.1,97.0,2,0,1,3321.42,2817.56,1.67,67.8
2025-03-02,Air comprimé,Tanger,444.4,5.5,98.78,91.86,94.6,98.3,0,0,0,4400.04,0.0,2.53,82.1
2025-03-02,Ventilation,Casablanca,487.9,4.4,99.11,85.2,88.9,96.7,0,0,1,1115.11,7070.52,1.47,83.8
2025-03-02,Broyage,Casablanca,369.0,4.1,98.9,86.49,88.6,98.7,0,0,0,4371.49,0.0,3.6,76.4
2025-03-02,Convoyage,Tanger,471.9,7.7,98.39,90.16,92.0,99.6,0,0,0,1050.4,0.0,0.71,73.2
2025-03-03,Pomperie,Casablanca,380.2,3.6,99.06,88.69,92.4,96.9,0,0,0,2267.43,0.0,2.34,81.8
2025-03-03,Air comprimé,Tanger,479.3,8.8,98.2,92.23,92.9,101.1,0,0,1,5626.43,2152.08,3.42,89.4
2025-03-03,Ventilation,Casablanca,532.8,10.2,98.12,88.08,94.2,95.3,0,0,0,1629.61,0.0,2.57,88.9
2025-03-03,Broyage,Casablanca,313.8,3.5,98.9,86.74,90.6,96.8,0,1,1,4711.63,6194.6,4.28,69.9
2025-03-03,Convoyage,Tanger,487.1,5.2,98.94,85.32,88.9,97.0,0,0,0,891.89,0.0,1.61,86.4
2025-03-04,Pomperie,Casablanca,373.5,4.0,98.94,88.63,93.9,95.4,0,0,0,2564.65,0.0,3.06,92.6
2025-03-04,Air comprimé,Tanger,401.0,6.2,98.48,92.95,97.1,97.2,0,0,0,2110.18,0.0,3.09,88.0
2025-03-04,Ventilation,Casablanca,512.7,8.4,98.39,90.11,95.9,95.5,0,0,0,851.19,0.0,1.43,74.1
2025-03-04,Broyage,Casablanca,370.8,5.7,98.49,89.39,92.8,97.8,0,0,0,6287.98,0.0,4.21,76.6
2025-03-04,Convoyage,Tanger,445.0,6.7,98.52,84.89,90.8,94.9,2,2,0,744.09,0.0,1.38,61.9
2025-03-05,Pomperie,Casablanca,391.6,6.0,98.49,91.49,94.5,98.3,0,0,0,1914.56,0.0,3.22,83.1
2025-03-05,Air comprimé,Tanger,436.6,7.3,98.36,84.63,90.1,95.5,0,0,0,3438.04,0.0,2.73,74.3
2025-03-05,Ventilation,Casablanca,535.3,10.0,98.17,87.67,90.3,98.9,0,0,0,1236.78,0.0,1.42,72.8
2025-03-05,Broyage,Casablanca,373.1,3.0,99.2,91.89,93.1,99.5,0,2,0,3960.96,0.0,3.45,86.5
2025-03-05,Convoyage,Tanger,479.4,7.8,98.4,87.59,93.7,95.0,0,0,0,988.74,0.0,1.92,91.4
2025-03-06,Pomperie,Casablanca,428.4,4.2,99.03,90.32,96.0,95.0,0,0,0,3356.39,0.0,2.67,78.4
2025-03-06,Air comprimé,Tanger,386.7,2.8,99.28,87.29,91.3,96.3,0,0,0,3750.65,0.0,3.25,88.4
2025-03-06,Ventilation,Casablanca,494.4,4.1,99.18,88.57,94.1,94.9,0,0,0,789.6,0.0,1.78,80.2
2025-03-06,Broyage,Casablanca,370.5,4.4,98.83,87.14,94.2,93.6,2,0,0,3583.03,0.0,4.28,95.9
2025-03-06,Convoyage,Tanger,423.5,6.6,98.47,90.57,93.0,98.9,0,0,0,545.79,0.0,0.81,75.0
2025-03-07,Pomperie,Casablanca,366.5,5.7,98.47,90.71,93.9,98.1,0,0,0,2792.76,0.0,2.94,81.7
2025-03-07,Air comprimé,Tanger,401.5,7.9,98.07,84.93,89.0,97.3,0,0,1,3671.06,7127.77,3.79,79.8
2025-03-07,Ventilation,Casablanca,430.1,7.5,98.29,88.77,93.4,96.7,0,0,0,1336.3,0.0,1.07,65.3
2025-03-07,Broyage,Casablanca,376.6,4.9,98.72,84.42,88.8,96.3,0,1,0,3879.32,0.0,4.82,98.1
2025-03-07,Convoyage,Tanger,407.4,6.1,98.52,83.61,89.9,94.4,1,0,0,868.73,0.0,1.4,80.7
2025-03-08,Pomperie,Casablanca,434.6,3.4,99.22,90.67,94.4,96.8,0,0,0,2400.9,0.0,2.5,83.8
2025-03-08,Air comprimé,Tanger,449.4,5.7,98.75,91.09,94.8,97.3,0,0,0,3477.13,0.0,2.67,98.1
2025-03-08,Ventilation,Casablanca,525.6,6.3,98.82,89.37,92.0,98.3,0,0,0,1106.44,0.0,2.19,88.3
2025-03-08,Broyage,Casablanca,348.9,6.5,98.17,89.05,94.0,96.5,0,0,0,2319.07,0.0,4.57,80.0
2025-03-08,Convoyage,Tanger,452.8,5.9,98.71,89.66,91.2,99.6,0,0,0,1155.39,0.0,1.37,69.2
2025-03-09,Pomperie,Casablanca,337.0,6.3,98.16,82.25,85.5,98.0,0,0,2,2415.64,15112.59,2.74,91.2
2025-03-09,Air comprimé,Tanger,476.2,5.5,98.86,83.55,90.2,93.7,0,0,0,4299.06,0.0,2.98,66.2
2025-03-09,Ventilation,Casablanca,539.6,9.7,98.23,87.5,92.5,96.3,0,0,0,747.79,0.0,2.0,77.8
2025-03-09,Broyage,Casablanca,258.3,5.5,97.92,89.64,93.7,97.7,0,0,0,5464.25,0.0,4.25,91.4
2025-03-09,Convoyage,Tanger,443.8,3.9,99.13,86.44,89.9,97.0,0,0,1,980.7,7424.34,0.92,77.7
2025-03-10,Pomperie,Casablanca,397.0,2.2,99.45,89.33,92.6,97.0,0,0,0,2418.24,0.0,2.84,60.3
2025-03-10,Air comprimé,Tanger,427.2,4.3,99.0,91.51,92.9,99.5,0,0,0,3376.65,0.0,3.06,96.4
2025-03-10,Ventilation,Casablanca,507.4,3.8,99.26,76.82,84.4,91.7,0,0,0,716.01,0.0,1.46,80.8
2025-03-10,Broyage,Casablanca,297.5,4.0,98.67,94.46,98.9,96.8,0,0,0,3526.41,0.0,4.11,59.6
2025-03-10,Convoyage,Tanger,506.9,6.3,98.77,88.44,92.5,96.8,0,0,0,1175.24,0.0,1.52,77.6
2025-03-11,Pomperie,Casablanca,389.2,6.1,98.46,91.78,96.5,96.6,1,0,1,3727.23,5550.99,2.87,85.1
2025-03-11,Air comprimé,Tanger,479.6,5.6,98.85,87.81,91.3,97.3,0,0,2,3940.16,6091.93,2.68,85.1
2025-03-11,Ventilation,Casablanca,552.6,4.0,99.28,88.27,92.9,95.7,0,0,0,1136.92,0.0,1.76,78.9
2025-03-11,Broyage,Casablanca,338.8,5.6,98.37,85.78,91.5,95.3,0,1,0,3450.73,0.0,4.47,80.6
2025-03-11,Convoyage,Tanger,435.4,4.8,98.91,92.01,95.8,97.1,0,0,0,567.96,0.0,1.2,80.9
2025-03-12,Pomperie,Casablanca,411.9,4.4,98.94,92.1,92.9,100.2,0,0,0,1737.05,0.0,1.94,95.8
2025-03-12,Air comprimé,Tanger,483.0,7.4,98.49,87.81,90.7,98.3,0,0,1,4706.5,3111.73,3.15,64.7
2025-03-12,Ventilation,Casablanca,522.7,7.2,98.64,88.92,95.8,94.1,0,1,0,1643.78,0.0,1.84,79.3
2025-03-12,Broyage,Casablanca,352.9,5.8,98.38,87.99,89.8,99.6,0,0,0,5043.99,0.0,4.24,87.2
2025-03-12,Convoyage,Tanger,424.2,1.4,99.67,84.13,87.2,96.8,0,2,0,608.29,0.0,1.17,72.6
2025-03-13,Pomperie,Casablanca,427.3,7.5,98.28,90.18,94.3,97.3,0,0,0,2073.77,0.0,3.4,79.7
2025-03-13,Air comprimé,Tanger,406.5,5.2,98.74,86.93,91.8,95.9,0,2,0,3709.35,0.0,2.76,79.9
2025-03-13,Ventilation,Casablanca,526.5,5.3,99.0,90.57,95.4,95.9,1,1,0,1178.28,0.0,1.58,90.8
2025-03-13,Broyage,Casablanca,388.4,5.2,98.68,83.89,88.0,96.6,0,0,0,2993.34,0.0,4.27,80.6
2025-03-13,Convoyage,Tanger,501.2,8.3,98.37,90.11,93.0,98.5,0,0,0,1186.01,0.0,1.44,81.3
2025-03-14,Pomperie,Casablanca,437.5,9.2,97.94,92.72,97.4,97.2,1,0,0,1451.86,0.0,2.12,86.2
2025-03-14,Air comprimé,Tanger,434.9,7.7,98.26,91.12,95.4,97.2,0,0,0,3776.89,0.0,3.23,81.8
2025-03-14,Ventilation,Casablanca,523.4,3.5,99.34,79.67,83.8,95.7,0,0,0,934.12,0.0,1.89,77.1
2025-03-14,Broyage,Casablanca,369.6,6.8,98.19,89.82,94.5,96.8,0,0,0,3916.19,0.0,4.64,96.1
2025-03-14,Convoyage,Tanger,441.9,7.4,98.35,86.65,91.3,96.5,0,0,1,647.26,7311.33,1.31,91.9
2025-03-15,Pomperie,Casablanca,380.8,4.7,98.78,89.41,93.7,96.6,0,0,1,2845.27,1761.6,2.55,89.1
2025-03-15,Air comprimé,Tanger,491.5,7.3,98.54,94.25,101.0,94.7,0,1,0,3486.16,0.0,2.94,83.0
2025-03-15,Ventilation,Casablanca,535.1,6.1,98.87,94.36,96.7,98.7,0,0,0,869.04,0.0,1.55,81.2
2025-03-15,Broyage,Casablanca,352.9,3.8,98.93,89.37,91.9,98.3,0,0,0,3016.46,0.0,3.39,85.9
2025-03-15,Convoyage,Tanger,506.9,3.7,99.28,88.61,90.8,98.3,0,0,0,1424.99,0.0,1.58,68.2
2025-03-16,Pomperie,Casablanca,391.5,9.5,97.63,84.6,91.7,94.5,0,0,0,3852.91,0.0,2.33,96.0
2025-03-16,Air comprimé,Tanger,401.0,4.7,98.84,94.73,97.4,98.4,0,0,0,3821.4,0.0,3.62,84.1
2025-03-16,Ventilation,Casablanca,487.2,8.8,98.23,89.47,93.8,97.1,2,1,0,1338.48,0.0,2.07,82.3
2025-03-16,Broyage,Casablanca,353.0,5.8,98.38,91.88,95.1,98.2,0,0,0,6508.82,0.0,3.68,91.9
2025-03-16,Convoyage,Tanger,405.3,7.4,98.21,90.13,95.2,96.4,0,0,0,948.1,0.0,1.39,90.1
2025-03-17,Pomperie,Casablanca,403.6,5.4,98.68,87.98,92.1,96.8,0,0,0,3361.51,0.0,2.61,84.6
2025-03-17,Air comprimé,Tanger,381.0,1.8,99.53,92.52,93.9,99.0,0,0,2,3565.81,15510.56,2.6,80.2
2025-03-17,Ventilation,Casablanca,555.2,6.5,98.84,92.59,95.3,98.3,0,0,0,1086.52,0.0,1.48,86.0
2025-03-17,Broyage,Casablanca,401.2,3.2,99.21,90.86,95.7,95.7,0,2,0,3774.04,0.0,4.24,70.4
2025-03-17,Convoyage,Tanger,503.8,4.3,99.15,90.74,91.7,99.8,0,1,1,1094.79,5504.63,2.0,76.7
2025-03-18,Pomperie,Casablanca,424.5,5.7,98.68,92.75,96.5,97.4,0,0,0,3977.62,0.0,3.45,91.9
2025-03-18,Air comprimé,Tanger,455.0,3.8,99.17,86.29,89.8,96.9,0,0,0,4327.2,0.0,3.21,82.2
2025-03-18,Ventilation,Casablanca,568.7,11.6,98.0,92.78,97.3,97.3,0,0,1,1044.41,4885.0,1.56,71.9
2025-03-18,Broyage,Casablanca,328.1,4.0,98.8,91.69,94.6,98.1,0,0,0,4145.46,0.0,4.51,85.3
2025-03-18,Convoyage,Tanger,500.8,4.1,99.19,88.76,91.5,97.8,0,0,1,1087.26,6152.43,0.79,80.9
2025-03-19,Pomperie,Casablanca,377.9,6.6,98.28,87.67,94.6,94.3,0,0,0,4684.4,0.0,3.06,85.7
2025-03-19,Air comprimé,Tanger,483.3,7.9,98.39,91.03,94.7,97.7,0,0,0,2980.49,0.0,3.43,85.9
2025-03-19,Ventilation,Casablanca,492.2,9.1,98.18,88.33,91.8,98.0,0,1,0,817.34,0.0,1.86,77.1
2025-03-19,Broyage,Casablanca,340.7,3.9,98.87,83.98,88.2,96.3,0,0,0,4803.85,0.0,5.16,76.5
2025-03-19,Convoyage,Tanger,471.9,6.9,98.56,86.37,91.0,96.3,0,2,0,591.2,0.0,1.76,66.8
2025-03-20,Pomperie,Casablanca,356.9,4.7,98.7,83.47,89.3,94.7,0,0,0,3230.36,0.0,2.0,81.6
2025-03-20,Air comprimé,Tanger,429.9,6.2,98.58,87.21,91.3,96.9,0,0,0,1624.84,0.0,3.09,70.8
2025-03-20,Ventilation,Casablanca,465.2,5.4,98.85,87.7,93.1,95.3,0,0,0,1348.34,0.0,2.1,76.4
2025-03-20,Broyage,Casablanca,308.0,5.0,98.4,90.23,92.9,98.7,0,0,0,5883.53,0.0,3.68,95.3
2025-03-20,Convoyage,Tanger,474.1,5.5,98.85,89.11,94.3,95.6,0,0,0,583.67,0.0,1.95,90.8
2025-03-21,Pomperie,Casablanca,423.1,6.9,98.4,90.53,93.5,98.4,0,0,0,1761.86,0.0,2.53,71.2
2025-03-21,Air comprimé,Tanger,463.3,1.1,99.76,86.08,91.8,94.0,0,0,1,1531.89,3640.96,2.78,66.8
2025-03-21,Ventilation,Casablanca,485.3,2.0,99.59,85.21,92.2,92.8,0,0,0,1561.07,0.0,1.92,73.2
2025-03-21,Broyage,Casablanca,392.2,3.4,99.14,93.91,95.3,99.4,0,0,1,3422.11,5872.71,3.39,87.9
2025-03-21,Convoyage,Tanger,469.9,6.0,98.74,88.91,91.6,98.3,0,0,0,762.53,0.0,1.72,93.2
2025-03-22,Pomperie,Casablanca,350.2,4.3,98.79,93.52,96.5,98.1,1,0,0,3046.17,0.0,2.5,84.8
2025-03-22,Air comprimé,Tanger,425.6,5.0,98.84,94.92,98.5,97.5,0,0,0,3803.56,0.0,2.6,91.2
2025-03-22,Ventilation,Casablanca,509.1,8.4,98.38,94.29,97.2,98.6,0,0,0,1048.95,0.0,2.44,85.7
2025-03-22,Broyage,Casablanca,358.7,3.7,98.98,89.03,91.6,98.2,0,0,0,4640.87,0.0,5.21,83.5
2025-03-22,Convoyage,Tanger,441.0,5.5,98.77,92.7,98.9,94.9,1,0,0,974.85,0.0,1.21,85.5
2025-03-23,Pomperie,Casablanca,424.5,6.0,98.61,84.73,88.4,97.2,0,0,1,2708.74,6819.4,2.57,80.2
2025-03-23,Air comprimé,Tanger,402.2,3.7,99.09,87.94,90.1,98.5,0,0,1,3708.78,6842.14,2.92,80.0
2025-03-23,Ventilation,Casablanca,501.6,7.2,98.58,90.28,92.6,98.9,0,0,0,1719.76,0.0,1.4,91.1
2025-03-23,Broyage,Casablanca,326.7,3.3,99.0,91.68,94.5,98.0,1,0,0,4245.36,0.0,4.43,78.9
2025-03-23,Convoyage,Tanger,466.6,6.4,98.65,82.75,90.2,93.0,2,0,2,584.65,10620.28,1.9,81.9
2025-03-24,Pomperie,Casablanca,386.3,5.8,98.52,85.79,89.4,97.4,0,2,0,3789.53,0.0,1.9,65.8
2025-03-24,Air comprimé,Tanger,490.5,4.1,99.17,88.7,92.3,96.9,0,0,1,4450.24,7300.92,2.89,69.6
2025-03-24,Ventilation,Casablanca,491.6,7.2,98.56,87.45,93.5,94.9,1,1,1,1204.25,1639.86,1.77,87.5
2025-03-24,Broyage,Casablanca,408.4,5.3,98.72,89.17,93.7,96.4,1,1,0,3758.62,0.0,4.02,82.6
2025-03-24,Convoyage,Tanger,441.6,13.1,97.12,85.36,93.4,94.1,2,0,0,352.81,0.0,1.29,87.7
2025-03-25,Pomperie,Casablanca,465.1,3.6,99.23,89.36,94.2,95.6,1,0,0,2763.66,0.0,2.3,99.5
2025-03-25,Air comprimé,Tanger,459.7,3.2,99.31,90.95,95.8,95.6,0,0,0,3077.11,0.0,2.85,93.7
2025-03-25,Ventilation,Casablanca,506.6,7.4,98.56,88.01,93.5,95.5,0,1,1,1087.29,7533.53,0.96,66.2
2025-03-25,Broyage,Casablanca,390.5,6.0,98.49,85.1,90.0,96.0,0,0,0,6087.72,0.0,4.2,73.9
2025-03-25,Convoyage,Tanger,476.6,7.3,98.49,93.92,97.6,97.7,0,0,1,872.22,4727.78,1.23,100
2025-03-26,Pomperie,Casablanca,423.8,5.5,98.72,92.0,94.8,98.3,0,0,0,3655.03,0.0,2.31,76.9
2025-03-26,Air comprimé,Tanger,436.7,7.0,98.42,92.15,94.1,99.5,0,0,0,3720.28,0.0,2.1,69.8
2025-03-26,Ventilation,Casablanca,544.6,6.9,98.75,94.26,94.6,100.9,0,0,0,1389.9,0.0,2.69,93.0
2025-03-26,Broyage,Casablanca,318.0,6.2,98.09,88.63,92.2,98.0,1,0,0,4295.56,0.0,4.43,77.3
2025-03-26,Convoyage,Tanger,471.8,3.7,99.22,91.11,93.7,98.0,0,2,0,977.0,0.0,0.97,84.4
2025-03-27,Pomperie,Casablanca,462.9,5.2,98.89,92.66,96.3,97.3,2,1,0,2113.63,0.0,1.96,83.0
2025-03-27,Air comprimé,Tanger,400.3,9.0,97.8,91.17,96.1,97.0,0,0,0,3989.77,0.0,3.25,86.3
2025-03-27,Ventilation,Casablanca,495.5,10.2,97.98,83.52,87.7,97.2,0,0,0,963.38,0.0,2.26,90.8
2025-03-27,Broyage,Casablanca,324.0,6.8,97.94,87.05,90.6,98.1,0,0,0,3848.42,0.0,4.74,70.8
2025-03-27,Convoyage,Tanger,460.1,6.1,98.69,87.52,91.8,96.6,0,0,0,1309.59,0.0,1.46,77.2
2025-03-28,Pomperie,Casablanca,359.2,8.0,97.82,90.83,93.7,99.1,1,0,0,1449.73,0.0,3.04,82.5
2025-03-28,Air comprimé,Tanger,509.8,2.0,99.61,90.09,95.2,95.0,0,0,0,4136.61,0.0,2.2,72.3
2025-03-28,Ventilation,Casablanca,566.0,6.2,98.92,86.86,90.8,96.7,0,0,0,1074.71,0.0,2.08,86.3
2025-03-28,Broyage,Casablanca,313.8,5.0,98.43,90.29,93.6,98.0,0,0,0,4783.63,0.0,3.88,92.8
2025-03-28,Convoyage,Tanger,465.5,4.6,99.02,87.28,92.2,95.6,0,1,0,1178.89,0.0,1.92,59.4
2025-03-29,Pomperie,Casablanca,386.6,4.5,98.85,90.91,96.3,95.5,1,0,1,3419.06,2458.39,2.69,76.9
2025-03-29,Air comprimé,Tanger,378.2,3.5,99.08,94.76,96.9,98.7,0,0,0,3581.67,0.0,3.51,91.7
2025-03-29,Ventilation,Casablanca,509.1,9.2,98.22,90.45,92.0,100.1,0,0,0,1324.49,0.0,1.7,76.0
2025-03-29,Broyage,Casablanca,341.5,5.3,98.47,86.53,92.3,95.2,0,0,0,4107.55,0.0,4.5,83.1
2025-03-29,Convoyage,Tanger,465.6,8.7,98.17,89.72,95.5,95.7,0,0,0,1035.03,0.0,1.34,93.8
2025-03-30,Pomperie,Casablanca,393.8,2.8,99.29,87.68,91.7,96.3,0,0,0,3847.38,0.0,3.01,93.2
2025-03-30,Air comprimé,Tanger,485.7,4.5,99.08,88.39,94.0,94.9,2,0,0,3705.4,0.0,2.74,71.2
2025-03-30,Ventilation,Casablanca,496.5,7.4,98.53,90.23,95.0,96.4,1,0,0,1362.98,0.0,1.56,90.7
2025-03-30,Broyage,Casablanca,377.6,4.2,98.9,83.34,88.7,95.0,1,0,0,5133.85,0.0,3.8,68.5
2025-03-30,Convoyage,Tanger,512.1,4.7,99.09,85.83,90.6,95.6,0,0,0,671.57,0.0,1.68,81.8
2025-03-31,Pomperie,Casablanca,375.8,2.4,99.37,89.83,91.5,98.8,0,0,0,3182.89,0.0,3.01,87.0
2025-03-31,Air comprimé,Tanger,380.1,5.7,98.52,91.92,95.6,97.6,0,0,0,4282.59,0.0,2.38,89.2
2025-03-31,Ventilation,Casablanca,527.0,3.7,99.3,86.54,90.5,96.3,0,1,1,1361.78,3364.05,1.45,87.8
2025-03-31,Broyage,Casablanca,365.0,7.0,98.12,85.39,90.0,96.7,0,0,1,4386.67,5097.26,4.83,88.3
2025-03-31,Convoyage,Tanger,495.4,5.8,98.84,94.21,95.6,99.7,0,0,0,967.47,0.0,1.37,69.0
2025-04-01,Pomperie,Casablanca,344.9,3.3,99.05,83.06,84.7,99.0,1,0,0,2615.6,0.0,2.14,90.2
2025-04-01,Air comprimé,Tanger,464.9,6.6,98.6,91.23,97.6,94.8,0,0,0,4408.77,0.0,3.16,81.0
2025-04-01,Ventilation,Casablanca,524.4,6.3,98.81,86.08,91.7,95.0,0,0,1,941.46,6382.27,1.98,80.9
2025-04-01,Broyage,Casablanca,365.3,3.4,99.08,87.35,89.5,98.5,0,0,0,4960.08,0.0,3.97,83.2
2025-04-01,Convoyage,Tanger,492.2,6.7,98.66,94.27,97.2,98.3,2,1,0,1145.41,0.0,1.23,78.9
2025-04-02,Pomperie,Casablanca,436.5,7.3,98.36,90.18,95.6,95.9,0,0,0,3108.51,0.0,2.77,79.0
2025-04-02,Air comprimé,Tanger,539.9,5.8,98.94,87.53,91.3,96.9,0,0,1,4570.68,2780.84,3.46,71.5
2025-04-02,Ventilation,Casablanca,485.1,6.7,98.64,92.42,97.9,95.7,0,0,0,1645.68,0.0,1.85,86.2
2025-04-02,Broyage,Casablanca,376.5,2.9,99.24,90.61,92.6,98.6,0,0,0,2960.65,0.0,3.6,84.4
2025-04-02,Convoyage,Tanger,457.0,9.8,97.9,85.97,90.9,96.6,0,0,0,432.32,0.0,1.99,84.2
2025-04-03,Pomperie,Casablanca,406.9,5.9,98.57,90.17,94.6,96.7,1,0,0,1932.06,0.0,2.13,73.3
2025-04-03,Air comprimé,Tanger,407.1,7.1,98.29,88.57,91.3,98.7,0,1,0,3663.25,0.0,2.79,81.2
2025-04-03,Ventilation,Casablanca,547.4,6.8,98.77,88.85,93.9,95.8,0,0,0,1839.7,0.0,2.36,80.7
2025-04-03,Broyage,Casablanca,386.5,2.9,99.26,85.51,88.9,96.9,0,0,0,3821.24,0.0,5.25,84.6
2025-04-03,Convoyage,Tanger,516.7,5.7,98.91,89.75,92.5,98.1,0,1,2,497.86,10911.35,0.67,94.5
2025-04-04,Pomperie,Casablanca,358.8,6.0,98.36,79.46,86.4,93.5,0,1,2,2957.98,13465.43,2.14,84.3
2025-04-04,Air comprimé,Tanger,432.9,6.4,98.54,90.32,94.3,97.2,0,1,0,5369.31,0.0,3.48,81.0
2025-04-04,Ventilation,Casablanca,519.5,4.7,99.1,89.28,90.0,100.1,0,0,0,1061.32,0.0,2.07,79.9
2025-04-04,Broyage,Casablanca,340.6,4.2,98.78,87.11,89.8,98.2,0,0,0,4087.94,0.0,4.16,74.2
2025-04-04,Convoyage,Tanger,453.4,10.0,97.84,87.92,93.7,95.9,0,2,1,518.49,6779.55,1.31,85.4
2025-04-05,Pomperie,Casablanca,409.2,6.0,98.55,89.75,90.8,100.3,0,0,0,3535.3,0.0,2.45,89.8
2025-04-05,Air comprimé,Tanger,388.5,7.4,98.13,84.59,88.5,97.4,0,0,0,2116.3,0.0,3.75,76.0
2025-04-05,Ventilation,Casablanca,472.1,7.6,98.42,90.42,99.0,92.8,0,0,1,1260.03,7883.55,2.53,84.3
2025-04-05,Broyage,Casablanca,364.5,4.2,98.86,85.29,89.5,96.4,0,0,0,4284.25,0.0,3.34,85.2
2025-04-05,Convoyage,Tanger,467.5,6.4,98.65,88.25,91.0,98.3,0,1,0,631.8,0.0,1.49,91.1
2025-04-06,Pomperie,Casablanca,438.7,5.6,98.74,90.24,95.0,96.2,0,0,0,3040.84,0.0,1.75,80.6
2025-04-06,Air comprimé,Tanger,522.6,5.5,98.96,88.54,93.1,96.1,0,0,0,5159.5,0.0,3.37,79.6
2025-04-06,Ventilation,Casablanca,534.5,8.5,98.43,90.41,94.4,97.3,0,0,0,710.68,0.0,1.01,90.8
2025-04-06,Broyage,Casablanca,343.6,7.2,97.95,94.94,98.7,98.2,0,0,0,2691.53,0.0,3.84,78.0
2025-04-06,Convoyage,Tanger,466.5,7.0,98.52,87.3,92.3,96.0,0,0,0,779.59,0.0,1.64,88.3
2025-04-07,Pomperie,Casablanca,370.9,6.0,98.41,90.42,92.9,98.9,0,0,1,2072.15,6842.83,2.26,81.4
2025-04-07,Air comprimé,Tanger,467.8,6.7,98.59,91.02,94.4,97.8,0,2,0,3522.84,0.0,3.37,91.3
2025-04-07,Ventilation,Casablanca,506.2,5.6,98.91,88.31,93.1,95.9,1,0,0,1207.15,0.0,2.34,77.1
2025-04-07,Broyage,Casablanca,332.9,5.5,98.37,88.05,90.6,98.8,2,0,0,974.86,0.0,4.67,77.6
2025-04-07,Convoyage,Tanger,489.0,7.3,98.53,91.84,95.9,97.2,1,1,1,648.31,6550.78,1.06,81.7
2025-04-08,Pomperie,Casablanca,335.9,6.0,98.25,92.63,96.5,97.7,0,1,0,2062.72,0.0,1.78,92.4
2025-04-08,Air comprimé,Tanger,418.0,8.8,97.94,85.15,90.0,96.6,0,0,0,1937.89,0.0,3.65,78.2
2025-04-08,Ventilation,Casablanca,534.6,8.2,98.49,93.15,97.7,96.8,0,0,1,1568.83,2533.43,1.28,90.6
2025-04-08,Broyage,Casablanca,374.3,4.9,98.71,85.02,90.1,95.6,0,0,0,5035.23,0.0,4.12,89.2
2025-04-08,Convoyage,Tanger,505.5,4.2,99.18,90.17,95.2,95.5,0,0,0,1038.88,0.0,1.58,76.5
2025-04-09,Pomperie,Casablanca,354.5,4.1,98.86,90.15,94.5,96.5,0,1,0,3202.4,0.0,2.2,76.3
2025-04-09,Air comprimé,Tanger,383.6,3.3,99.15,83.19,91.0,92.2,1,0,0,3294.43,0.0,2.55,79.3
2025-04-09,Ventilation,Casablanca,527.9,6.8,98.73,86.68,89.4,98.2,0,0,0,1661.59,0.0,1.59,74.5
2025-04-09,Broyage,Casablanca,417.0,7.2,98.3,90.2,94.7,96.9,0,0,0,3903.44,0.0,4.64,90.7
2025-04-09,Convoyage,Tanger,454.0,4.3,99.06,83.2,87.4,96.1,0,0,0,793.37,0.0,2.11,82.0
2025-04-10,Pomperie,Casablanca,404.6,5.5,98.66,86.69,92.4,95.1,0,1,1,2018.26,7561.46,2.79,74.2
2025-04-10,Air comprimé,Tanger,472.5,9.3,98.07,87.3,93.9,94.8,0,1,0,3684.64,0.0,3.35,76.6
2025-04-10,Ventilation,Casablanca,525.7,5.4,98.98,93.2,95.3,98.8,0,0,0,1286.02,0.0,2.07,78.9
2025-04-10,Broyage,Casablanca,352.6,4.7,98.68,89.44,91.0,99.6,0,0,0,3615.03,0.0,3.97,83.8
2025-04-10,Convoyage,Tanger,435.3,8.6,98.06,89.88,94.1,97.4,0,0,0,710.66,0.0,1.18,76.2
2025-04-11,Pomperie,Casablanca,394.2,5.3,98.67,85.69,92.0,94.4,0,0,0,2477.4,0.0,2.27,81.9
2025-04-11,Air comprimé,Tanger,489.5,11.6,97.69,85.11,92.0,94.7,0,0,1,4053.65,4470.65,2.79,84.6
2025-04-11,Ventilation,Casablanca,552.1,7.6,98.64,88.07,93.1,95.9,0,0,0,1255.36,0.0,1.54,87.5
2025-04-11,Broyage,Casablanca,314.2,3.8,98.81,86.01,90.3,96.4,0,0,0,4591.78,0.0,4.21,100
2025-04-11,Convoyage,Tanger,520.5,6.6,98.75,88.4,92.0,97.3,0,0,0,717.63,0.0,0.96,76.4
2025-04-12,Pomperie,Casablanca,388.2,2.6,99.33,91.44,95.0,96.9,0,1,0,2213.59,0.0,2.98,84.6
2025-04-12,Air comprimé,Tanger,492.0,5.3,98.93,86.69,90.9,96.4,0,0,0,3456.85,0.0,3.35,81.2
2025-04-12,Ventilation,Casablanca,492.0,8.3,98.34,92.53,96.5,97.5,0,1,2,1248.26,12492.57,0.51,81.1
2025-04-12,Broyage,Casablanca,424.9,4.0,99.07,91.02,95.6,96.1,0,0,0,5346.58,0.0,4.23,86.0
2025-04-12,Convoyage,Tanger,449.0,0.6,99.87,85.66,90.1,95.2,0,0,0,620.22,0.0,1.73,79.6
2025-04-13,Pomperie,Casablanca,453.4,1.3,99.71,84.18,90.0,93.8,0,0,0,2984.85,0.0,3.27,84.4
2025-04-13,Air comprimé,Tanger,442.6,6.9,98.46,93.02,97.4,97.0,0,0,0,3366.07,0.0,3.49,86.6
2025-04-13,Ventilation,Casablanca,537.9,8.6,98.43,89.87,92.6,98.6,0,0,0,1486.82,0.0,2.68,91.2
2025-04-13,Broyage,Casablanca,423.1,5.2,98.79,90.62,93.6,98.0,2,1,0,3683.53,0.0,4.83,78.1
2025-04-13,Convoyage,Tanger,540.5,3.2,99.41,92.28,95.8,96.9,0,1,1,974.16,6445.34,1.93,91.5
2025-04-14,Pomperie,Casablanca,395.0,5.2,98.7,89.31,93.0,97.3,3,1,0,1188.73,0.0,2.04,73.2
2025-04-14,Air comprimé,Tanger,430.9,5.9,98.65,90.44,94.9,96.6,0,1,1,3407.56,7516.33,4.07,84.4
2025-04-14,Ventilation,Casablanca,492.9,6.3,98.74,89.09,93.4,96.6,1,0,0,1150.38,0.0,1.4,97.5
2025-04-14,Broyage,Casablanca,439.3,5.8,98.7,94.99,98.1,98.1,1,0,0,3152.34,0.0,3.68,85.9
2025-04-14,Convoyage,Tanger,472.3,7.2,98.5,96.76,101.8,96.5,0,2,0,960.04,0.0,2.22,74.1
2025-04-15,Pomperie,Casablanca,402.6,8.2,98.0,89.47,92.4,98.8,0,0,1,1479.63,7014.5,2.24,69.5
2025-04-15,Air comprimé,Tanger,490.1,4.9,99.01,96.25,98.1,99.1,0,0,0,2381.16,0.0,3.25,71.1
2025-04-15,Ventilation,Casablanca,472.9,7.7,98.4,86.49,90.9,96.7,0,0,0,1468.84,0.0,3.06,71.8
2025-04-15,Broyage,Casablanca,332.1,3.8,98.87,86.55,90.9,96.3,0,0,0,3354.37,0.0,3.8,79.6
2025-04-15,Convoyage,Tanger,499.1,4.4,99.13,82.0,86.8,95.3,0,0,0,1706.35,0.0,1.42,78.5
2025-04-16,Pomperie,Casablanca,421.3,5.3,98.76,90.26,92.5,98.8,1,0,0,4392.4,0.0,2.05,66.1
2025-04-16,Air comprimé,Tanger,482.5,6.2,98.73,89.76,95.3,95.4,0,1,1,4872.12,6187.93,3.06,74.8
2025-04-16,Ventilation,Casablanca,549.5,10.0,98.21,89.74,96.8,94.4,1,0,1,1857.91,4268.56,1.89,91.0
2025-04-16,Broyage,Casablanca,369.4,2.3,99.38,88.64,93.4,95.5,0,0,0,4169.56,0.0,4.5,83.2
2025-04-16,Convoyage,Tanger,434.7,5.8,98.68,87.67,90.2,98.5,0,0,0,908.29,0.0,0.88,80.3
2025-04-17,Pomperie,Casablanca,421.9,5.3,98.76,87.4,90.4,97.9,0,0,0,3120.13,0.0,2.2,86.6
2025-04-17,Air comprimé,Tanger,417.6,0.9,99.78,89.56,93.6,95.9,3,0,0,4215.82,0.0,3.07,86.6
2025-04-17,Ventilation,Casablanca,474.2,4.0,99.16,88.0,91.4,97.1,0,1,0,1162.99,0.0,1.63,90.2
2025-04-17,Broyage,Casablanca,403.5,3.5,99.14,90.3,93.8,97.1,2,1,0,4596.4,0.0,4.03,75.9
2025-04-17,Convoyage,Tanger,457.2,7.1,98.47,89.24,95.8,94.6,0,0,0,780.96,0.0,1.84,88.5
2025-04-18,Pomperie,Casablanca,353.2,5.9,98.36,89.09,91.4,99.1,0,0,0,2080.46,0.0,2.85,92.5
2025-04-18,Air comprimé,Tanger,425.7,5.5,98.72,87.67,90.8,97.8,0,1,0,3456.81,0.0,2.33,90.3
2025-04-18,Ventilation,Casablanca,542.0,4.8,99.12,90.85,94.3,97.2,0,0,0,1571.74,0.0,1.18,77.8
2025-04-18,Broyage,Casablanca,369.6,5.5,98.53,88.18,91.7,97.6,0,0,0,3616.3,0.0,4.32,79.1
2025-04-18,Convoyage,Tanger,454.0,7.4,98.4,89.46,95.2,95.5,0,0,0,712.44,0.0,2.22,78.9
2025-04-19,Pomperie,Casablanca,312.0,5.5,98.27,87.05,90.3,98.1,1,0,1,1779.04,6324.88,2.63,92.3
2025-04-19,Air comprimé,Tanger,396.5,6.7,98.34,87.07,89.8,98.6,0,0,0,4159.98,0.0,3.29,86.9
2025-04-19,Ventilation,Casablanca,485.1,7.1,98.56,91.2,95.1,97.3,0,0,0,1241.2,0.0,1.91,90.4
2025-04-19,Broyage,Casablanca,393.4,5.2,98.7,82.91,88.7,94.7,1,0,0,3851.54,0.0,3.95,76.5
2025-04-19,Convoyage,Tanger,442.2,5.9,98.68,89.81,95.5,95.3,1,0,0,1183.28,0.0,1.51,82.9
2025-04-20,Pomperie,Casablanca,471.0,5.4,98.87,84.46,86.9,98.3,2,0,0,3654.37,0.0,2.08,80.2
2025-04-20,Air comprimé,Tanger,489.9,5.9,98.81,88.05,94.9,93.9,0,1,0,2736.28,0.0,2.24,83.9
2025-04-20,Ventilation,Casablanca,534.4,11.0,97.98,84.74,90.0,96.1,0,0,0,1380.6,0.0,1.85,83.8
2025-04-20,Broyage,Casablanca,355.7,2.8,99.22,89.69,92.9,97.3,0,0,0,4306.91,0.0,3.57,80.7
2025-04-20,Convoyage,Tanger,449.0,9.8,97.86,91.7,96.6,97.0,0,1,0,1181.7,0.0,1.71,80.6
2025-04-21,Pomperie,Casablanca,410.7,6.4,98.47,94.17,99.1,96.5,2,0,0,2862.25,0.0,2.91,85.3
2025-04-21,Air comprimé,Tanger,522.6,5.9,98.88,82.77,87.2,96.0,0,0,0,3478.83,0.0,2.97,81.5
2025-04-21,Ventilation,Casablanca,523.9,6.7,98.74,84.25,90.2,94.6,0,0,0,916.54,0.0,1.86,65.4
2025-04-21,Broyage,Casablanca,328.5,4.5,98.65,84.03,88.0,96.8,1,0,2,5449.16,14294.56,3.52,78.6
2025-04-21,Convoyage,Tanger,461.7,6.2,98.67,93.03,97.5,96.7,2,1,0,528.46,0.0,1.57,100
2025-04-22,Pomperie,Casablanca,419.1,4.4,98.96,86.02,89.8,96.8,0,0,1,2766.41,1612.53,2.53,81.4
2025-04-22,Air comprimé,Tanger,487.2,6.7,98.64,88.58,92.2,97.4,2,0,0,2865.02,0.0,2.74,82.9
2025-04-22,Ventilation,Casablanca,516.6,4.7,99.1,93.45,92.0,102.5,0,0,0,1406.8,0.0,1.63,82.3
2025-04-22,Broyage,Casablanca,341.7,3.4,99.01,87.2,93.1,94.6,1,1,0,4218.83,0.0,4.2,75.1
2025-04-22,Convoyage,Tanger,440.4,7.7,98.28,87.86,94.0,95.1,0,0,2,905.3,15147.14,1.23,85.2
2025-04-23,Pomperie,Casablanca,375.5,3.7,99.02,87.42,90.0,98.1,0,0,0,3472.46,0.0,2.91,73.4
2025-04-23,Air comprimé,Tanger,430.5,3.6,99.17,87.71,93.0,95.1,0,0,0,1909.5,0.0,3.33,75.9
2025-04-23,Ventilation,Casablanca,537.6,5.9,98.91,90.94,94.2,97.6,0,1,0,1232.44,0.0,1.35,81.7
2025-04-23,Broyage,Casablanca,335.9,3.9,98.85,88.62,93.0,96.4,0,0,0,2391.55,0.0,4.45,93.1
2025-04-23,Convoyage,Tanger,501.6,5.6,98.9,89.7,93.7,96.8,0,0,2,812.46,8966.51,1.77,70.9
2025-04-24,Pomperie,Casablanca,413.3,7.3,98.26,87.14,91.8,96.6,0,0,0,4205.41,0.0,2.62,85.6
2025-04-24,Air comprimé,Tanger,495.4,11.1,97.81,90.11,94.1,97.9,0,0,0,2939.92,0.0,3.13,74.7
2025-04-24,Ventilation,Casablanca,546.1,7.4,98.66,85.0,90.4,95.3,2,0,1,1354.82,2592.42,1.39,70.8
2025-04-24,Broyage,Casablanca,383.9,5.0,98.71,90.39,96.7,94.7,1,0,0,4145.89,0.0,3.75,89.3
2025-04-24,Convoyage,Tanger,483.9,10.6,97.86,89.39,93.5,97.7,0,0,0,1135.1,0.0,0.9,72.2
2025-04-25,Pomperie,Casablanca,441.9,2.4,99.46,84.87,87.7,97.3,0,0,0,2798.03,0.0,1.79,74.4
2025-04-25,Air comprimé,Tanger,426.6,8.8,97.98,83.78,88.7,96.4,3,0,0,3865.48,0.0,2.7,80.3
2025-04-25,Ventilation,Casablanca,479.7,3.6,99.26,87.68,92.3,95.7,1,1,0,1321.8,0.0,1.8,84.9
2025-04-25,Broyage,Casablanca,359.1,5.1,98.6,87.57,93.0,95.5,0,0,0,3174.13,0.0,4.82,74.5
2025-04-25,Convoyage,Tanger,454.3,7.5,98.38,90.29,95.3,96.3,1,0,0,839.08,0.0,1.61,93.1
2025-04-26,Pomperie,Casablanca,372.1,4.3,98.86,89.06,92.4,97.5,0,1,0,2267.45,0.0,1.77,72.3
2025-04-26,Air comprimé,Tanger,491.5,8.2,98.36,89.42,92.2,98.6,0,0,0,4269.96,0.0,2.82,78.5
2025-04-26,Ventilation,Casablanca,522.9,5.0,99.05,87.58,92.1,96.0,0,2,0,1385.1,0.0,2.05,93.7
2025-04-26,Broyage,Casablanca,336.2,3.0,99.12,87.53,91.8,96.2,0,0,2,5547.95,14616.47,4.3,91.0
2025-04-26,Convoyage,Tanger,524.5,7.7,98.55,87.97,89.8,99.4,0,0,0,779.31,0.0,1.52,74.8
2025-04-27,Pomperie,Casablanca,400.6,5.6,98.62,83.24,88.2,95.7,3,0,0,3198.63,0.0,2.66,91.1
2025-04-27,Air comprimé,Tanger,435.0,5.6,98.73,90.56,93.6,98.0,1,1,0,2559.79,0.0,2.08,72.2
2025-04-27,Ventilation,Casablanca,484.1,7.1,98.55,89.4,94.5,96.0,0,0,0,1159.33,0.0,1.67,89.1
2025-04-27,Broyage,Casablanca,385.3,4.2,98.92,94.51,98.4,97.1,0,1,1,4284.73,1992.3,4.31,91.0
2025-04-27,Convoyage,Tanger,512.8,5.7,98.9,89.63,92.1,98.4,0,0,0,969.46,0.0,0.98,69.0
2025-04-28,Pomperie,Casablanca,385.4,7.4,98.12,85.7,90.7,96.3,0,1,0,3640.08,0.0,3.25,72.3
2025-04-28,Air comprimé,Tanger,442.7,4.2,99.06,84.36,87.7,97.1,0,1,1,3304.3,5369.83,3.75,73.7
2025-04-28,Ventilation,Casablanca,540.4,10.5,98.09,86.19,92.4,95.1,0,1,0,747.91,0.0,1.98,74.3
2025-04-28,Broyage,Casablanca,377.3,5.3,98.61,87.0,90.3,97.7,0,0,0,3736.97,0.0,4.14,81.2
2025-04-28,Convoyage,Tanger,503.3,5.4,98.94,89.47,94.0,96.2,0,1,0,590.23,0.0,1.58,79.4
2025-04-29,Pomperie,Casablanca,462.6,3.6,99.23,89.96,92.7,97.8,1,0,0,2941.69,0.0,2.27,86.3
2025-04-29,Air comprimé,Tanger,478.5,8.8,98.19,86.71,91.8,96.2,0,0,0,3235.32,0.0,3.62,82.8
2025-04-29,Ventilation,Casablanca,613.8,11.8,98.11,86.46,91.7,96.1,0,0,0,1683.52,0.0,1.8,76.6
2025-04-29,Broyage,Casablanca,378.2,4.5,98.82,86.59,90.9,96.4,0,0,2,3257.41,14971.32,4.29,79.0
2025-04-29,Convoyage,Tanger,530.7,4.9,99.09,92.27,93.4,99.7,0,1,0,749.94,0.0,0.84,88.9
2025-04-30,Pomperie,Casablanca,451.4,5.3,98.84,89.06,92.7,97.2,1,0,0,2559.72,0.0,1.88,81.7
2025-04-30,Air comprimé,Tanger,508.6,4.9,99.05,84.36,88.9,95.8,0,1,0,4148.9,0.0,3.39,79.4
2025-04-30,Ventilation,Casablanca,552.3,5.9,98.94,92.23,96.1,97.0,0,0,0,1051.58,0.0,1.81,86.2
2025-04-30,Broyage,Casablanca,332.0,4.0,98.81,90.05,92.9,98.1,1,0,0,6407.19,0.0,4.49,77.8
2025-04-30,Convoyage,Tanger,543.2,6.9,98.75,88.19,91.6,97.5,0,0,0,963.22,0.0,2.05,82.2
2025-05-01,Pomperie,Casablanca,375.7,5.2,98.63,89.29,95.9,94.4,0,0,1,2102.47,2769.92,3.3,85.1
2025-05-01,Air comprimé,Tanger,470.1,8.2,98.29,90.13,93.0,98.6,0,1,0,3056.08,0.0,3.15,83.8
2025-05-01,Ventilation,Casablanca,541.3,6.1,98.89,91.19,92.4,99.8,0,0,0,1129.71,0.0,1.99,95.7
2025-05-01,Broyage,Casablanca,353.3,3.8,98.94,90.69,94.2,97.3,0,0,0,4447.86,0.0,3.94,81.4
2025-05-01,Convoyage,Tanger,516.0,7.7,98.53,88.72,93.6,96.2,2,0,0,1103.52,0.0,2.07,77.2
2025-05-02,Pomperie,Casablanca,342.2,4.1,98.82,90.79,96.0,95.7,0,0,0,3285.91,0.0,2.8,93.9
2025-05-02,Air comprimé,Tanger,419.9,8.3,98.06,83.26,89.0,95.4,0,0,0,4468.07,0.0,2.88,74.6
2025-05-02,Ventilation,Casablanca,543.5,7.3,98.67,91.31,95.6,96.8,0,1,0,1191.09,0.0,1.96,78.3
2025-05-02,Broyage,Casablanca,340.0,6.1,98.24,87.46,91.5,97.3,1,0,0,3499.31,0.0,4.02,89.4
2025-05-02,Convoyage,Tanger,418.4,6.6,98.45,89.02,91.8,98.5,0,0,0,572.06,0.0,1.83,73.2
2025-05-03,Pomperie,Casablanca,379.7,7.5,98.06,91.97,95.9,97.8,0,0,0,3418.51,0.0,2.44,88.6
2025-05-03,Air comprimé,Tanger,417.2,8.8,97.93,85.51,92.2,94.7,0,0,1,3879.94,7905.13,2.7,78.8
2025-05-03,Ventilation,Casablanca,530.0,4.8,99.1,92.18,95.4,97.5,0,0,0,1118.64,0.0,2.24,97.8
2025-05-03,Broyage,Casablanca,379.9,6.4,98.34,93.09,96.1,98.5,0,0,0,5943.11,0.0,3.58,85.4
2025-05-03,Convoyage,Tanger,516.0,6.0,98.85,93.29,98.0,96.3,0,0,0,872.21,0.0,1.0,92.6
2025-05-04,Pomperie,Casablanca,376.1,4.3,98.87,97.09,102.4,95.9,0,0,0,3538.06,0.0,2.42,83.7
2025-05-04,Air comprimé,Tanger,463.3,6.1,98.7,85.26,86.9,99.4,0,0,0,2885.16,0.0,3.0,82.7
2025-05-04,Ventilation,Casablanca,506.6,7.8,98.48,86.03,91.0,96.0,0,0,0,1090.75,0.0,1.74,88.1
2025-05-04,Broyage,Casablanca,320.7,3.3,98.98,86.75,91.3,96.0,0,2,1,4736.27,1894.89,3.82,82.4
2025-05-04,Convoyage,Tanger,500.4,7.9,98.45,89.3,94.0,96.5,0,0,0,1207.34,0.0,1.69,70.7
2025-05-05,Pomperie,Casablanca,424.8,2.8,99.35,90.33,95.5,95.2,0,0,0,1902.61,0.0,2.79,82.1
2025-05-05,Air comprimé,Tanger,485.8,3.8,99.22,90.58,94.8,96.3,0,0,0,3423.3,0.0,3.06,77.1
2025-05-05,Ventilation,Casablanca,544.3,4.3,99.22,89.98,93.4,97.1,0,0,0,966.56,0.0,2.26,89.5
2025-05-05,Broyage,Casablanca,357.0,3.0,99.17,90.33,94.0,96.9,0,0,0,4338.22,0.0,4.18,79.4
2025-05-05,Convoyage,Tanger,544.2,7.2,98.69,91.99,97.3,95.8,0,0,0,803.62,0.0,1.01,80.5
2025-05-06,Pomperie,Casablanca,368.7,4.2,98.87,94.56,98.4,97.2,0,1,0,3109.23,0.0,1.74,100
2025-05-06,Air comprimé,Tanger,446.8,7.6,98.33,90.53,96.3,95.6,0,0,0,3738.68,0.0,2.87,97.4
2025-05-06,Ventilation,Casablanca,512.8,7.6,98.54,87.89,91.2,97.8,0,0,1,808.67,7400.03,1.67,73.1
2025-05-06,Broyage,Casablanca,382.9,3.3,99.15,91.35,97.5,94.5,1,0,0,4408.79,0.0,4.88,79.5
2025-05-06,Convoyage,Tanger,530.7,4.4,99.18,92.01,93.9,98.8,0,0,1,527.86,3150.67,1.51,73.9
2025-05-07,Pomperie,Casablanca,387.1,5.7,98.55,83.31,86.0,98.3,2,0,0,2965.34,0.0,2.5,68.1
2025-05-07,Air comprimé,Tanger,424.2,6.7,98.45,90.35,95.4,96.2,0,0,0,4011.35,0.0,3.71,94.0
2025-05-07,Ventilation,Casablanca,458.4,5.3,98.86,91.76,95.3,97.4,1,1,0,1023.04,0.0,1.79,84.1
2025-05-07,Broyage,Casablanca,346.9,5.2,98.52,96.35,100.3,97.5,0,0,0,4900.28,0.0,5.24,88.7
2025-05-07,Convoyage,Tanger,529.7,7.5,98.6,85.52,87.7,98.9,0,0,0,776.26,0.0,1.74,80.2
2025-05-08,Pomperie,Casablanca,380.5,4.7,98.78,83.49,90.3,93.6,0,1,0,2718.08,0.0,2.28,76.9
2025-05-08,Air comprimé,Tanger,460.3,7.0,98.5,86.51,91.2,96.3,0,0,0,2264.1,0.0,2.86,90.3
2025-05-08,Ventilation,Casablanca,528.2,4.4,99.17,87.1,89.9,97.7,1,1,0,1152.17,0.0,1.64,90.8
2025-05-08,Broyage,Casablanca,401.6,3.8,99.06,91.4,91.9,100.4,0,1,0,3435.11,0.0,4.88,84.6
2025-05-08,Convoyage,Tanger,484.1,1.6,99.67,95.52,99.0,96.8,0,0,0,1026.47,0.0,1.31,100
2025-05-09,Pomperie,Casablanca,371.8,4.2,98.88,89.26,92.3,97.8,0,0,2,2825.97,6612.95,2.22,69.9
2025-05-09,Air comprimé,Tanger,441.3,6.2,98.61,84.68,90.3,95.1,0,1,0,4558.6,0.0,2.43,92.7
2025-05-09,Ventilation,Casablanca,539.8,6.1,98.88,85.96,89.9,96.7,0,0,0,1489.03,0.0,2.1,84.6
2025-05-09,Broyage,Casablanca,383.5,4.0,98.97,91.78,96.0,96.6,0,0,1,6239.14,5353.97,4.4,66.5
2025-05-09,Convoyage,Tanger,519.2,5.6,98.93,86.74,90.3,97.1,0,1,0,908.88,0.0,1.41,58.1
2025-05-10,Pomperie,Casablanca,384.8,2.6,99.33,88.28,92.1,96.5,0,0,0,1824.06,0.0,2.07,92.0
2025-05-10,Air comprimé,Tanger,450.8,6.9,98.49,89.59,93.2,97.6,0,1,1,4375.43,5094.63,3.58,82.7
2025-05-10,Ventilation,Casablanca,562.5,4.6,99.19,83.25,89.0,94.3,0,0,0,1295.53,0.0,1.71,73.4
2025-05-10,Broyage,Casablanca,370.3,5.6,98.51,88.12,92.6,96.6,0,0,0,4371.28,0.0,4.52,75.8
2025-05-10,Convoyage,Tanger,542.4,7.9,98.56,87.39,90.2,98.3,0,0,0,1079.9,0.0,1.4,85.9
2025-05-11,Pomperie,Casablanca,405.3,5.1,98.76,86.33,89.2,98.0,0,0,1,4254.55,7328.96,2.14,78.7
2025-05-11,Air comprimé,Tanger,454.0,3.8,99.17,88.64,91.3,97.9,0,0,0,2118.16,0.0,2.58,79.7
2025-05-11,Ventilation,Casablanca,521.0,8.2,98.45,89.63,91.5,99.5,0,0,0,1547.83,0.0,1.84,86.1
2025-05-11,Broyage,Casablanca,358.6,3.7,98.98,89.72,92.4,98.1,1,0,0,5457.68,0.0,4.03,60.8
2025-05-11,Convoyage,Tanger,444.7,8.8,98.06,87.43,92.3,96.6,0,0,0,784.97,0.0,1.59,81.8
2025-05-12,Pomperie,Casablanca,376.3,5.4,98.59,91.89,95.3,97.8,0,0,0,1522.37,0.0,1.92,87.5
2025-05-12,Air comprimé,Tanger,487.9,6.7,98.65,82.07,87.2,95.4,0,0,0,3516.88,0.0,4.12,77.9
2025-05-12,Ventilation,Casablanca,568.0,4.6,99.2,93.02,95.3,98.4,2,2,2,1167.98,12787.29,1.46,91.8
2025-05-12,Broyage,Casablanca,365.8,4.5,98.78,96.23,98.3,99.1,3,0,0,5894.84,0.0,4.47,81.9
2025-05-12,Convoyage,Tanger,508.1,7.1,98.62,89.6,92.9,97.8,1,0,0,806.98,0.0,2.35,76.2
2025-05-13,Pomperie,Casablanca,419.9,3.9,99.08,98.03,102.0,97.0,2,0,0,2698.47,0.0,3.07,91.4
2025-05-13,Air comprimé,Tanger,431.1,5.4,98.76,89.2,93.6,96.5,0,0,1,2791.9,4162.2,3.54,78.3
2025-05-13,Ventilation,Casablanca,536.2,6.1,98.88,86.61,88.3,99.2,0,0,0,1549.49,0.0,1.41,68.0
2025-05-13,Broyage,Casablanca,357.3,4.0,98.89,81.44,86.6,95.1,0,0,0,3349.02,0.0,4.39,84.3
2025-05-13,Convoyage,Tanger,550.8,4.7,99.15,87.62,91.1,97.0,0,0,0,941.86,0.0,0.74,67.7
2025-05-14,Pomperie,Casablanca,398.4,4.8,98.81,87.77,93.8,94.7,0,0,0,2280.68,0.0,2.55,86.9
2025-05-14,Air comprimé,Tanger,481.1,7.5,98.47,89.59,93.6,97.2,0,0,0,4343.21,0.0,3.68,81.6
2025-05-14,Ventilation,Casablanca,534.0,7.0,98.71,96.53,97.3,100.5,0,0,1,1091.92,3515.45,1.77,85.4
2025-05-14,Broyage,Casablanca,319.7,5.2,98.4,91.29,92.5,100.3,0,1,0,4733.83,0.0,3.89,92.2
2025-05-14,Convoyage,Tanger,566.0,4.7,99.18,89.49,90.5,99.7,2,0,0,642.79,0.0,1.67,77.2
2025-05-15,Pomperie,Casablanca,441.9,6.9,98.46,88.7,92.3,97.6,0,1,1,2862.77,7363.06,2.15,91.4
2025-05-15,Air comprimé,Tanger,438.5,7.0,98.43,85.58,90.1,96.5,0,0,0,4990.14,0.0,2.21,85.8
2025-05-15,Ventilation,Casablanca,516.8,6.6,98.74,90.05,95.6,95.4,0,0,1,751.31,7177.4,1.55,78.9
2025-05-15,Broyage,Casablanca,371.3,4.8,98.72,89.94,95.6,95.3,1,0,0,3518.57,0.0,4.74,69.6
2025-05-15,Convoyage,Tanger,579.1,8.1,98.62,86.92,95.7,92.1,0,0,0,1101.6,0.0,1.72,71.6
2025-05-16,Pomperie,Casablanca,415.0,5.8,98.62,91.17,96.5,95.8,0,0,0,1868.8,0.0,2.79,85.8
2025-05-16,Air comprimé,Tanger,533.4,4.6,99.14,96.58,98.5,98.9,0,1,1,3779.28,2727.68,2.57,84.9
2025-05-16,Ventilation,Casablanca,474.8,7.3,98.49,91.43,96.2,96.5,0,0,1,1730.61,5060.67,1.61,59.9
2025-05-16,Broyage,Casablanca,340.8,2.9,99.16,90.08,92.6,98.1,0,0,1,3572.51,7248.14,4.68,90.6
2025-05-16,Convoyage,Tanger,507.8,3.9,99.24,87.35,90.0,97.8,0,0,1,942.53,1574.62,1.46,76.7
2025-05-17,Pomperie,Casablanca,450.0,4.6,98.99,92.82,95.2,98.5,0,0,0,4107.89,0.0,2.57,83.8
2025-05-17,Air comprimé,Tanger,484.5,3.5,99.28,86.46,89.5,97.3,0,0,0,3340.78,0.0,2.83,87.4
2025-05-17,Ventilation,Casablanca,575.3,8.9,98.48,89.72,95.9,95.0,0,2,0,1863.56,0.0,1.56,85.1
2025-05-17,Broyage,Casablanca,382.0,2.2,99.43,98.81,101.4,98.0,0,0,0,4905.36,0.0,4.57,77.5
2025-05-17,Convoyage,Tanger,500.4,6.7,98.68,87.19,89.7,98.5,0,0,0,1191.27,0.0,1.24,74.5
2025-05-18,Pomperie,Casablanca,418.3,6.6,98.45,85.52,93.1,93.3,2,0,2,4453.58,11037.49,1.77,95.2
2025-05-18,Air comprimé,Tanger,437.9,8.0,98.21,87.72,90.4,98.8,0,0,0,4204.0,0.0,3.56,82.1
2025-05-18,Ventilation,Casablanca,518.5,5.4,98.97,90.74,95.7,95.8,0,0,0,804.71,0.0,1.65,81.7
2025-05-18,Broyage,Casablanca,391.9,6.8,98.29,82.81,88.5,95.2,0,1,0,3493.96,0.0,3.86,86.8
2025-05-18,Convoyage,Tanger,454.4,3.1,99.32,89.44,91.8,98.1,0,0,0,1318.19,0.0,1.08,85.4
2025-05-19,Pomperie,Casablanca,375.4,5.2,98.63,83.42,87.1,97.1,0,0,0,1893.27,0.0,3.13,78.8
2025-05-19,Air comprimé,Tanger,517.9,6.2,98.82,89.08,93.7,96.2,2,1,0,3667.16,0.0,3.33,94.5
2025-05-19,Ventilation,Casablanca,525.9,7.1,98.67,79.82,85.7,94.4,0,1,0,1325.04,0.0,1.61,82.0
2025-05-19,Broyage,Casablanca,408.5,4.4,98.93,90.88,94.9,96.8,2,0,0,2922.13,0.0,4.01,83.1
2025-05-19,Convoyage,Tanger,577.3,4.0,99.31,89.06,94.5,94.9,3,0,0,270.94,0.0,1.23,88.5
2025-05-20,Pomperie,Casablanca,426.2,6.2,98.57,86.86,91.6,96.2,0,0,0,3144.26,0.0,2.87,77.9
2025-05-20,Air comprimé,Tanger,426.1,0.5,99.88,93.49,96.6,96.9,0,0,0,3626.94,0.0,3.09,91.7
2025-05-20,Ventilation,Casablanca,577.7,10.1,98.28,91.05,96.7,95.8,3,0,1,1124.77,5294.72,1.48,90.8
2025-05-20,Broyage,Casablanca,368.7,5.4,98.56,86.71,89.5,98.3,3,0,0,3028.2,0.0,3.76,80.5
2025-05-20,Convoyage,Tanger,501.4,3.6,99.29,89.6,91.8,98.3,2,0,0,736.14,0.0,1.51,69.2
2025-05-21,Pomperie,Casablanca,405.8,4.6,98.88,90.95,93.1,98.8,0,0,1,2442.85,3698.2,2.49,71.8
2025-05-21,Air comprimé,Tanger,468.8,6.3,98.67,88.14,92.0,97.1,0,0,0,4187.4,0.0,3.05,75.5
2025-05-21,Ventilation,Casablanca,497.1,12.2,97.6,84.6,88.9,97.5,0,0,2,795.56,7209.38,1.44,83.5
2025-05-21,Broyage,Casablanca,400.6,6.4,98.43,87.61,93.2,95.5,0,0,0,3726.84,0.0,4.35,80.8
2025-05-21,Convoyage,Tanger,429.8,3.5,99.19,89.32,93.8,96.0,0,0,1,778.18,7598.37,1.59,92.0
2025-05-22,Pomperie,Casablanca,444.0,3.1,99.31,86.97,91.8,95.4,0,1,1,4021.34,7532.54,2.43,79.1
2025-05-22,Air comprimé,Tanger,505.8,7.8,98.48,84.5,88.0,97.5,0,0,1,3202.36,3139.84,3.02,85.1
2025-05-22,Ventilation,Casablanca,448.7,8.2,98.21,93.64,97.0,98.3,0,0,0,1169.18,0.0,1.62,84.3
2025-05-22,Broyage,Casablanca,357.6,4.1,98.87,90.14,93.7,97.3,0,0,0,3220.68,0.0,3.87,79.6
2025-05-22,Convoyage,Tanger,450.4,4.3,99.05,92.34,93.6,99.6,1,0,2,967.44,13745.9,0.9,92.8
2025-05-23,Pomperie,Casablanca,412.6,6.9,98.36,87.43,90.7,98.0,0,0,1,2580.23,3163.82,2.38,94.7
2025-05-23,Air comprimé,Tanger,503.8,6.8,98.67,87.05,91.9,96.0,1,0,0,4020.17,0.0,2.8,100
2025-05-23,Ventilation,Casablanca,545.2,4.9,99.11,88.79,89.5,100.1,0,0,0,1270.05,0.0,1.35,85.7
2025-05-23,Broyage,Casablanca,343.6,6.6,98.12,91.79,94.3,99.2,1,1,0,3975.22,0.0,4.39,71.8
2025-05-23,Convoyage,Tanger,506.0,5.5,98.92,87.44,91.7,96.4,0,0,0,1562.44,0.0,1.55,68.7
2025-05-24,Pomperie,Casablanca,458.1,5.5,98.81,90.1,94.2,96.8,1,0,0,3198.55,0.0,2.69,93.2
2025-05-24,Air comprimé,Tanger,513.9,6.4,98.77,86.43,92.5,94.6,1,0,0,2939.57,0.0,2.36,77.3
2025-05-24,Ventilation,Casablanca,499.6,4.4,99.13,93.24,98.7,95.3,0,0,0,1373.39,0.0,2.34,95.9
2025-05-24,Broyage,Casablanca,382.7,3.3,99.15,89.05,92.5,97.1,0,0,1,4759.21,2609.77,3.9,90.2
2025-05-24,Convoyage,Tanger,524.5,7.4,98.61,95.09,97.8,98.6,1,1,0,1063.66,0.0,1.91,92.1
2025-05-25,Pomperie,Casablanca,411.1,2.9,99.3,90.46,94.3,96.6,0,0,1,2527.37,4245.46,2.64,81.7
2025-05-25,Air comprimé,Tanger,425.0,6.3,98.54,83.69,88.1,96.4,0,1,0,3162.35,0.0,3.37,94.8
2025-05-25,Ventilation,Casablanca,486.7,8.6,98.26,85.06,89.8,96.4,3,0,0,833.78,0.0,1.89,71.5
2025-05-25,Broyage,Casablanca,388.8,2.9,99.26,89.58,94.3,95.7,0,0,0,4336.41,0.0,3.97,64.7
2025-05-25,Convoyage,Tanger,481.9,3.5,99.28,91.1,94.4,97.2,0,0,2,975.04,5012.99,2.65,97.6
2025-05-26,Pomperie,Casablanca,371.3,2.8,99.25,88.51,91.0,98.0,0,0,0,3863.4,0.0,3.42,85.3
2025-05-26,Air comprimé,Tanger,480.0,5.4,98.89,86.69,91.7,95.6,0,0,0,3408.06,0.0,3.71,71.7
2025-05-26,Ventilation,Casablanca,481.4,8.6,98.24,84.61,88.7,97.1,0,0,0,1245.82,0.0,1.8,81.2
2025-05-26,Broyage,Casablanca,381.4,4.1,98.94,84.86,88.6,96.8,0,0,0,2173.34,0.0,3.65,82.1
2025-05-26,Convoyage,Tanger,482.7,5.3,98.91,84.02,86.5,98.2,0,1,0,839.87,0.0,0.89,79.7
2025-05-27,Pomperie,Casablanca,370.7,3.9,98.96,89.92,93.2,97.5,0,1,0,2674.3,0.0,2.28,93.5
2025-05-27,Air comprimé,Tanger,499.0,4.1,99.19,94.92,95.5,100.2,0,0,0,3079.92,0.0,3.14,89.8
2025-05-27,Ventilation,Casablanca,513.1,6.2,98.81,91.21,93.9,98.3,2,1,0,1049.39,0.0,1.45,74.2
2025-05-27,Broyage,Casablanca,383.3,4.5,98.84,90.41,94.3,97.0,1,0,1,4552.16,1946.38,4.13,76.8
2025-05-27,Convoyage,Tanger,497.4,3.1,99.38,88.83,93.6,95.5,0,0,0,911.29,0.0,1.36,80.9
2025-05-28,Pomperie,Casablanca,438.3,2.4,99.46,92.32,95.4,97.3,0,0,0,2341.4,0.0,2.64,97.5
2025-05-28,Air comprimé,Tanger,520.8,6.8,98.71,92.42,91.7,102.1,0,0,0,4062.15,0.0,2.37,92.3
2025-05-28,Ventilation,Casablanca,573.0,9.4,98.39,83.0,87.6,96.3,0,0,0,1375.29,0.0,2.27,84.4
2025-05-28,Broyage,Casablanca,337.0,6.4,98.14,89.39,93.8,97.1,0,2,0,3940.78,0.0,3.85,80.8
2025-05-28,Convoyage,Tanger,464.5,8.1,98.29,91.05,95.4,97.1,0,0,1,849.55,7988.31,1.62,85.3
2025-05-29,Pomperie,Casablanca,429.3,8.4,98.08,90.14,93.3,98.5,0,0,0,3122.05,0.0,1.84,98.7
2025-05-29,Air comprimé,Tanger,442.8,4.0,99.1,91.9,96.8,95.8,0,0,0,3368.09,0.0,2.87,88.3
2025-05-29,Ventilation,Casablanca,523.3,4.7,99.11,92.73,98.8,94.7,0,0,0,1252.34,0.0,1.39,80.9
2025-05-29,Broyage,Casablanca,348.5,5.5,98.45,94.02,95.6,99.9,0,0,1,4837.67,6759.12,4.86,91.7
2025-05-29,Convoyage,Tanger,502.0,7.3,98.57,88.1,95.9,93.2,0,0,0,686.52,0.0,1.52,82.7
2025-05-30,Pomperie,Casablanca,361.5,5.8,98.42,96.53,100.8,97.3,0,0,0,1185.19,0.0,3.12,85.9
2025-05-30,Air comprimé,Tanger,446.1,5.4,98.8,92.07,93.1,100.1,0,0,0,3036.09,0.0,2.82,84.6
2025-05-30,Ventilation,Casablanca,508.9,5.6,98.91,89.71,93.5,97.0,3,1,0,1393.74,0.0,1.79,87.4
2025-05-30,Broyage,Casablanca,376.1,3.6,99.05,89.7,92.5,97.9,0,2,0,5135.65,0.0,3.95,84.2
2025-05-30,Convoyage,Tanger,495.7,3.8,99.24,90.45,93.0,98.0,0,0,0,896.37,0.0,1.66,71.4
2025-05-31,Pomperie,Casablanca,414.1,5.0,98.81,88.12,92.9,96.0,0,0,0,3345.32,0.0,2.68,72.9
2025-05-31,Air comprimé,Tanger,451.2,5.5,98.8,87.96,90.2,98.7,0,0,1,3638.08,3314.12,3.36,74.6
2025-05-31,Ventilation,Casablanca,556.1,6.8,98.79,87.48,91.1,97.2,0,0,1,1128.77,5137.87,1.79,77.7
2025-05-31,Broyage,Casablanca,422.8,5.5,98.72,87.74,92.1,96.5,0,0,2,4312.78,5931.86,4.4,82.8
2025-05-31,Convoyage,Tanger,481.0,6.4,98.69,92.34,94.8,98.7,0,0,0,921.31,0.0,1.13,92.6
2025-06-01,Pomperie,Casablanca,476.8,4.2,99.13,87.49,89.6,98.5,0,0,0,3520.18,0.0,2.33,87.7
2025-06-01,Air comprimé,Tanger,404.6,6.1,98.51,94.41,98.7,97.1,1,0,0,4817.42,0.0,3.63,96.2
2025-06-01,Ventilation,Casablanca,505.6,8.5,98.35,87.49,91.9,96.8,0,0,2,1945.55,8971.06,1.26,89.1
2025-06-01,Broyage,Casablanca,392.0,5.8,98.54,86.19,91.4,95.7,1,0,0,3061.45,0.0,3.86,99.7
2025-06-01,Convoyage,Tanger,513.5,9.1,98.26,83.46,88.2,96.3,0,0,1,1094.8,6832.46,1.12,91.4
2025-06-02,Pomperie,Casablanca,396.2,4.2,98.95,87.26,91.1,96.8,0,0,1,3260.92,5100.9,2.85,73.9
2025-06-02,Air comprimé,Tanger,429.7,6.8,98.44,84.08,90.1,94.8,0,1,0,3553.66,0.0,3.46,72.9
2025-06-02,Ventilation,Casablanca,584.1,7.8,98.68,93.9,98.4,96.7,1,1,0,630.76,0.0,1.97,94.9
2025-06-02,Broyage,Casablanca,343.0,7.2,97.94,91.67,95.9,97.6,0,0,0,6168.37,0.0,3.4,83.9
2025-06-02,Convoyage,Tanger,479.1,3.4,99.3,94.2,97.0,97.8,0,0,0,953.56,0.0,0.86,82.1
2025-06-03,Pomperie,Casablanca,363.0,2.2,99.4,84.6,87.2,97.6,0,0,0,2204.79,0.0,3.27,85.9
2025-06-03,Air comprimé,Tanger,468.9,6.6,98.61,89.66,92.4,98.4,0,0,0,4859.15,0.0,3.16,87.6
2025-06-03,Ventilation,Casablanca,551.5,6.9,98.76,85.64,88.3,98.2,0,1,0,1213.02,0.0,1.41,100
2025-06-03,Broyage,Casablanca,399.6,3.9,99.03,83.01,85.8,97.7,0,0,0,4305.14,0.0,4.3,77.6
2025-06-03,Convoyage,Tanger,462.4,4.0,99.14,91.08,96.3,95.4,0,0,0,1011.35,0.0,1.72,94.1
2025-06-04,Pomperie,Casablanca,435.2,3.5,99.2,94.77,96.5,99.0,0,0,0,3373.1,0.0,2.82,87.2
2025-06-04,Air comprimé,Tanger,503.0,6.9,98.65,84.69,88.5,97.0,0,0,1,3984.39,3125.24,2.91,81.5
2025-06-04,Ventilation,Casablanca,545.5,4.9,99.11,89.89,93.5,97.0,0,1,0,1029.98,0.0,1.71,91.2
2025-06-04,Broyage,Casablanca,386.5,5.1,98.7,90.76,94.7,97.1,0,0,0,3705.11,0.0,4.28,90.1
2025-06-04,Convoyage,Tanger,489.0,6.8,98.63,83.23,86.2,97.9,2,0,0,807.74,0.0,0.85,77.4
2025-06-05,Pomperie,Casablanca,455.1,4.5,99.02,86.13,89.3,97.4,0,0,2,2864.95,3930.5,1.6,68.8
2025-06-05,Air comprimé,Tanger,490.2,9.7,98.06,89.6,94.0,97.2,0,1,0,3214.85,0.0,2.97,80.2
2025-06-05,Ventilation,Casablanca,492.2,9.4,98.13,87.32,90.8,98.0,1,0,0,1532.36,0.0,1.69,85.9
2025-06-05,Broyage,Casablanca,410.4,4.9,98.82,87.19,89.3,98.8,0,1,1,5553.5,7651.91,4.9,76.9
2025-06-05,Convoyage,Tanger,475.5,4.5,99.06,89.74,93.2,97.2,0,0,0,1067.23,0.0,1.14,78.6
2025-06-06,Pomperie,Casablanca,436.2,4.9,98.89,88.45,92.5,96.7,0,0,0,2202.14,0.0,2.76,84.5
2025-06-06,Air comprimé,Tanger,435.8,7.6,98.29,85.58,90.6,96.1,1,0,1,3646.55,5368.49,3.79,76.5
2025-06-06,Ventilation,Casablanca,519.2,8.7,98.35,90.53,92.7,99.3,0,1,1,1173.02,5009.69,1.75,86.5
2025-06-06,Broyage,Casablanca,370.2,4.1,98.9,86.69,89.9,97.5,0,0,0,4932.82,0.0,3.94,68.4
2025-06-06,Convoyage,Tanger,552.1,8.3,98.52,89.57,95.7,95.0,0,0,0,1429.16,0.0,1.86,91.5
2025-06-07,Pomperie,Casablanca,388.8,4.8,98.78,89.11,93.1,96.9,0,0,0,2494.1,0.0,2.23,94.3
2025-06-07,Air comprimé,Tanger,452.4,6.9,98.5,91.82,95.8,97.3,3,0,1,2937.32,2088.42,3.79,86.7
2025-06-07,Ventilation,Casablanca,584.0,9.1,98.47,87.81,92.5,96.4,0,0,2,1475.94,14491.68,1.96,79.2
2025-06-07,Broyage,Casablanca,339.1,5.9,98.29,88.74,91.2,99.0,0,0,0,3528.42,0.0,4.17,78.4
2025-06-07,Convoyage,Tanger,480.7,6.0,98.77,87.94,91.6,97.2,0,0,0,466.46,0.0,1.34,86.1
2025-06-08,Pomperie,Casablanca,456.5,2.8,99.39,87.41,91.9,95.7,0,0,0,2270.22,0.0,1.99,76.0
2025-06-08,Air comprimé,Tanger,464.1,8.2,98.26,86.59,90.2,97.7,0,0,0,2793.82,0.0,3.58,70.2
2025-06-08,Ventilation,Casablanca,588.9,2.7,99.54,86.37,92.6,93.7,0,0,0,1301.46,0.0,2.01,80.2
2025-06-08,Broyage,Casablanca,374.4,3.5,99.07,94.46,98.8,96.5,0,0,0,3744.96,0.0,4.34,77.6
2025-06-08,Convoyage,Tanger,485.1,8.0,98.38,84.99,89.8,96.2,0,0,0,565.37,0.0,1.47,84.4
2025-06-09,Pomperie,Casablanca,395.3,2.4,99.4,91.31,94.7,97.0,0,1,2,3113.16,11700.99,2.07,76.9
2025-06-09,Air comprimé,Tanger,444.3,3.9,99.13,85.4,89.0,96.8,0,0,0,3569.48,0.0,2.27,84.9
2025-06-09,Ventilation,Casablanca,520.3,5.7,98.92,89.21,92.4,97.6,0,1,0,1111.84,0.0,2.53,94.2
2025-06-09,Broyage,Casablanca,383.1,3.7,99.04,87.43,89.8,98.3,0,0,0,3238.24,0.0,4.15,74.8
2025-06-09,Convoyage,Tanger,430.4,5.2,98.81,80.85,85.5,95.7,0,0,0,991.68,0.0,1.8,68.1
2025-06-10,Pomperie,Casablanca,428.6,6.3,98.55,89.13,94.9,95.3,0,0,1,3345.5,1588.57,3.01,84.5
2025-06-10,Air comprimé,Tanger,469.0,5.2,98.9,87.9,89.5,99.3,0,2,0,4094.07,0.0,2.12,65.5
2025-06-10,Ventilation,Casablanca,596.1,8.1,98.66,87.39,91.5,96.8,0,1,1,986.32,3804.05,2.56,79.6
2025-06-10,Broyage,Casablanca,351.6,3.8,98.93,87.24,91.0,96.9,3,0,1,3357.64,6201.43,4.57,78.6
2025-06-10,Convoyage,Tanger,483.2,9.6,98.05,96.09,99.8,98.2,0,0,0,889.77,0.0,1.13,86.9
2025-06-11,Pomperie,Casablanca,364.0,4.6,98.75,85.75,91.7,94.7,0,1,1,3373.99,5237.69,2.31,80.9
2025-06-11,Air comprimé,Tanger,486.2,5.7,98.84,88.99,91.5,98.4,0,0,0,3963.3,0.0,2.94,73.3
2025-06-11,Ventilation,Casablanca,583.2,6.2,98.95,82.69,87.6,95.4,0,1,0,1334.15,0.0,1.75,96.6
2025-06-11,Broyage,Casablanca,377.1,3.2,99.16,93.2,96.7,97.2,0,0,1,3475.97,5130.09,4.27,73.8
2025-06-11,Convoyage,Tanger,445.6,4.4,99.02,87.22,90.9,96.9,0,0,0,862.16,0.0,1.03,83.0
2025-06-12,Pomperie,Casablanca,438.4,8.3,98.14,88.33,91.0,98.9,0,0,0,3063.95,0.0,2.21,80.5
2025-06-12,Air comprimé,Tanger,514.7,4.3,99.17,95.78,100.4,96.2,0,0,1,3161.03,3663.98,2.53,80.1
2025-06-12,Ventilation,Casablanca,609.1,8.6,98.61,91.07,95.6,96.6,0,0,0,1043.54,0.0,1.68,99.7
2025-06-12,Broyage,Casablanca,356.3,4.7,98.7,88.51,94.2,95.2,0,0,0,3262.94,0.0,4.1,82.0
2025-06-12,Convoyage,Tanger,563.7,6.5,98.86,92.43,98.0,95.4,0,0,2,885.96,4924.24,1.86,85.1
2025-06-13,Pomperie,Casablanca,376.0,8.6,97.76,83.77,87.8,97.6,0,0,0,2566.11,0.0,2.41,81.2
2025-06-13,Air comprimé,Tanger,518.0,9.1,98.27,91.02,94.9,97.6,1,0,2,4295.05,4951.85,2.42,80.3
2025-06-13,Ventilation,Casablanca,573.2,5.6,99.03,97.74,100.4,98.3,0,0,1,781.87,2049.18,2.59,69.3
2025-06-13,Broyage,Casablanca,393.0,4.5,98.87,84.45,88.7,96.3,1,1,1,5471.02,6803.95,3.64,83.0
2025-06-13,Convoyage,Tanger,554.4,6.3,98.88,82.97,87.5,95.9,0,2,0,1082.29,0.0,1.05,86.1
2025-06-14,Pomperie,Casablanca,423.2,6.5,98.49,92.47,97.5,96.3,0,0,0,2488.26,0.0,2.41,82.7
2025-06-14,Air comprimé,Tanger,429.1,6.2,98.58,88.69,91.9,97.9,0,0,0,2701.86,0.0,3.32,79.8
2025-06-14,Ventilation,Casablanca,554.7,9.9,98.25,89.04,92.1,98.4,0,1,0,1515.03,0.0,2.16,79.2
2025-06-14,Broyage,Casablanca,358.3,8.3,97.74,90.25,94.9,97.3,0,0,0,2241.24,0.0,3.57,70.2
2025-06-14,Convoyage,Tanger,503.6,6.1,98.8,84.54,89.5,95.6,1,0,0,785.26,0.0,1.17,77.5
2025-06-15,Pomperie,Casablanca,384.1,2.5,99.35,87.01,92.0,95.2,0,0,0,3610.13,0.0,2.78,71.1
2025-06-15,Air comprimé,Tanger,513.4,7.9,98.48,92.89,93.3,101.1,0,0,0,857.03,0.0,2.53,76.8
2025-06-15,Ventilation,Casablanca,492.0,5.9,98.82,91.57,93.5,99.1,0,1,1,1675.05,6442.55,2.04,82.0
2025-06-15,Broyage,Casablanca,388.8,3.8,99.03,86.6,91.0,96.1,1,1,0,5119.68,0.0,4.51,72.2
2025-06-15,Convoyage,Tanger,546.8,7.7,98.61,83.25,88.4,95.5,1,0,0,937.89,0.0,1.48,78.0
2025-06-16,Pomperie,Casablanca,427.6,6.0,98.62,90.1,93.7,97.5,0,0,0,4413.19,0.0,2.89,92.2
2025-06-16,Air comprimé,Tanger,506.5,5.6,98.91,96.41,100.8,96.7,0,0,0,2849.4,0.0,2.93,95.4
2025-06-16,Ventilation,Casablanca,570.2,8.0,98.62,91.78,94.0,99.0,0,1,0,922.64,0.0,2.27,98.8
2025-06-16,Broyage,Casablanca,411.2,4.9,98.82,90.02,92.2,98.8,0,1,0,3927.19,0.0,4.71,83.5
2025-06-16,Convoyage,Tanger,525.9,3.8,99.28,88.51,92.1,96.8,0,1,0,784.53,0.0,1.07,76.9
2025-06-17,Pomperie,Casablanca,475.5,3.2,99.33,88.96,93.0,96.3,0,0,1,2676.77,3766.01,2.49,87.2
2025-06-17,Air comprimé,Tanger,442.1,4.1,99.08,89.87,93.8,96.7,0,1,0,3618.52,0.0,3.65,100
2025-06-17,Ventilation,Casablanca,506.9,7.8,98.48,84.47,90.1,95.2,0,0,0,1367.96,0.0,1.75,82.4
2025-06-17,Broyage,Casablanca,460.5,6.8,98.54,93.38,98.4,96.3,3,0,0,3134.68,0.0,5.01,99.9
2025-06-17,Convoyage,Tanger,508.6,4.8,99.07,89.0,91.3,98.4,1,0,0,668.59,0.0,1.23,80.1
2025-06-18,Pomperie,Casablanca,430.7,6.1,98.6,88.47,92.6,96.9,0,0,0,2425.92,0.0,2.8,74.1
2025-06-18,Air comprimé,Tanger,498.6,6.7,98.67,85.1,89.1,96.8,0,0,0,2022.37,0.0,3.61,62.1
2025-06-18,Ventilation,Casablanca,573.0,8.8,98.49,87.01,92.8,95.2,0,1,0,548.3,0.0,1.18,76.0
2025-06-18,Broyage,Casablanca,350.5,3.6,98.98,88.12,91.5,97.3,0,0,0,4512.86,0.0,4.29,61.2
2025-06-18,Convoyage,Tanger,466.5,5.5,98.83,91.74,95.8,96.9,0,1,0,548.58,0.0,1.76,84.5
2025-06-19,Pomperie,Casablanca,452.8,5.2,98.86,91.55,94.4,98.1,0,0,0,3058.59,0.0,2.43,83.7
2025-06-19,Air comprimé,Tanger,526.4,6.0,98.87,87.67,91.6,96.8,0,0,0,3650.75,0.0,2.15,83.7
2025-06-19,Ventilation,Casablanca,552.8,6.8,98.78,87.15,90.3,97.7,3,0,0,1036.32,0.0,2.02,90.9
2025-06-19,Broyage,Casablanca,385.3,0.7,99.82,92.54,94.5,98.1,1,0,0,3009.56,0.0,3.75,91.4
2025-06-19,Convoyage,Tanger,517.1,7.7,98.53,90.16,92.8,98.6,0,0,0,686.75,0.0,1.64,94.9
2025-06-20,Pomperie,Casablanca,428.2,4.9,98.87,86.96,89.2,98.6,0,0,0,1636.45,0.0,3.03,92.6
2025-06-20,Air comprimé,Tanger,511.1,6.5,98.74,83.22,86.8,97.1,0,0,1,3949.69,7097.91,3.02,83.3
2025-06-20,Ventilation,Casablanca,517.8,6.5,98.76,90.14,93.9,97.2,1,0,0,1292.09,0.0,1.1,79.4
2025-06-20,Broyage,Casablanca,365.6,4.9,98.68,84.99,89.9,95.8,0,0,2,2172.31,4172.54,4.32,86.1
2025-06-20,Convoyage,Tanger,494.4,11.0,97.82,91.7,99.3,94.4,0,1,2,989.79,13966.38,1.73,84.6
2025-06-21,Pomperie,Casablanca,404.3,8.3,97.99,92.86,98.1,96.6,3,0,0,3595.54,0.0,2.82,85.1
2025-06-21,Air comprimé,Tanger,518.7,5.7,98.91,85.05,90.7,94.8,2,0,1,3441.67,2938.73,3.22,81.1
2025-06-21,Ventilation,Casablanca,560.0,8.0,98.59,87.75,93.1,95.6,0,0,0,1011.65,0.0,1.61,61.7
2025-06-21,Broyage,Casablanca,409.8,6.9,98.34,85.01,90.8,95.2,0,0,0,3797.7,0.0,4.59,75.0
2025-06-21,Convoyage,Tanger,481.7,6.0,98.77,88.54,92.7,96.7,0,0,0,946.8,0.0,1.66,84.7
2025-06-22,Pomperie,Casablanca,435.0,3.4,99.22,88.63,90.6,98.6,1,0,0,3082.1,0.0,2.64,74.4
2025-06-22,Air comprimé,Tanger,508.7,2.8,99.45,96.85,100.5,96.9,0,1,0,4276.71,0.0,3.44,68.9
2025-06-22,Ventilation,Casablanca,518.5,7.2,98.63,94.52,97.1,98.7,0,0,0,1424.16,0.0,1.84,88.8
2025-06-22,Broyage,Casablanca,418.5,4.7,98.89,90.75,95.2,96.4,0,0,0,2744.59,0.0,4.13,94.9
2025-06-22,Convoyage,Tanger,557.0,6.4,98.86,86.46,91.1,96.0,0,0,0,387.34,0.0,1.48,75.6
2025-06-23,Pomperie,Casablanca,356.7,6.2,98.29,92.02,94.0,99.6,0,0,0,1785.76,0.0,2.72,93.8
2025-06-23,Air comprimé,Tanger,512.6,5.5,98.94,82.96,89.3,93.9,0,0,1,3859.39,2647.73,3.32,69.6
2025-06-23,Ventilation,Casablanca,599.0,6.0,99.01,95.67,98.1,98.5,0,0,0,1270.61,0.0,1.68,88.1
2025-06-23,Broyage,Casablanca,345.7,4.3,98.77,89.98,94.9,96.0,0,0,0,6207.64,0.0,4.75,90.4
2025-06-23,Convoyage,Tanger,541.8,7.9,98.56,93.5,97.7,97.1,0,0,0,959.2,0.0,2.22,87.1
2025-06-24,Pomperie,Casablanca,441.3,7.1,98.42,91.84,93.6,99.7,0,0,0,3189.67,0.0,2.92,80.2
2025-06-24,Air comprimé,Tanger,485.3,6.3,98.72,90.59,94.7,96.9,0,0,0,2698.31,0.0,2.94,76.4
2025-06-24,Ventilation,Casablanca,526.6,7.6,98.58,88.67,93.5,96.2,0,1,0,1433.2,0.0,1.77,85.7
2025-06-24,Broyage,Casablanca,327.9,4.8,98.56,89.79,91.1,100.0,0,0,0,3965.8,0.0,4.48,92.8
2025-06-24,Convoyage,Tanger,462.2,3.1,99.33,91.63,95.4,96.7,0,0,0,804.31,0.0,2.07,80.8
2025-06-25,Pomperie,Casablanca,391.7,6.9,98.27,90.46,95.1,96.8,0,2,0,2443.75,0.0,2.72,75.2
2025-06-25,Air comprimé,Tanger,518.2,4.1,99.22,84.02,88.3,95.9,0,1,1,4546.87,4603.03,2.94,93.5
2025-06-25,Ventilation,Casablanca,578.2,6.8,98.84,88.49,92.3,97.0,2,0,1,770.93,4029.61,1.64,67.2
2025-06-25,Broyage,Casablanca,328.2,5.9,98.23,87.43,93.0,95.7,0,0,0,5274.74,0.0,3.75,69.5
2025-06-25,Convoyage,Tanger,544.1,6.8,98.77,89.14,91.9,98.2,0,1,0,642.31,0.0,1.17,68.6
2025-06-26,Pomperie,Casablanca,444.8,7.0,98.45,85.83,91.1,95.7,0,0,0,1934.27,0.0,2.33,73.1
2025-06-26,Air comprimé,Tanger,434.4,8.4,98.1,92.96,96.2,98.5,0,0,0,3971.71,0.0,2.56,88.1
2025-06-26,Ventilation,Casablanca,513.4,6.9,98.67,86.23,91.9,95.1,0,0,1,1271.14,7321.35,2.03,71.7
2025-06-26,Broyage,Casablanca,451.6,4.9,98.93,89.89,93.1,97.6,0,2,1,5076.19,7961.48,4.63,89.4
2025-06-26,Convoyage,Tanger,482.0,5.2,98.93,89.75,94.7,95.8,0,0,0,908.3,0.0,1.38,71.1
2025-06-27,Pomperie,Casablanca,434.8,3.9,99.11,87.57,90.9,97.2,0,0,1,2688.43,5673.11,2.84,89.2
2025-06-27,Air comprimé,Tanger,476.4,7.9,98.37,88.16,92.3,97.1,0,0,0,1422.72,0.0,2.95,88.0
2025-06-27,Ventilation,Casablanca,609.5,4.8,99.22,95.68,98.4,98.0,3,2,0,721.27,0.0,1.56,81.1
2025-06-27,Broyage,Casablanca,388.5,7.3,98.16,90.78,92.3,100.2,0,0,1,3132.51,3806.68,3.89,86.3
2025-06-27,Convoyage,Tanger,550.4,6.2,98.89,90.55,94.5,96.9,0,0,1,667.81,6929.37,1.56,91.0
2025-06-28,Pomperie,Casablanca,359.9,5.1,98.6,89.17,95.5,94.7,0,0,0,2680.9,0.0,2.7,91.3
2025-06-28,Air comprimé,Tanger,523.1,2.6,99.51,85.55,89.0,96.6,0,0,0,3510.04,0.0,3.38,92.7
2025-06-28,Ventilation,Casablanca,584.3,4.0,99.32,88.5,93.5,95.3,0,0,0,902.04,0.0,2.29,85.7
2025-06-28,Broyage,Casablanca,380.3,7.2,98.14,92.32,98.4,95.6,0,0,0,4956.45,0.0,4.51,84.8
2025-06-28,Convoyage,Tanger,498.6,7.8,98.46,88.67,91.8,98.1,0,0,0,612.91,0.0,1.61,100
2025-06-29,Pomperie,Casablanca,447.9,5.3,98.83,88.68,92.6,96.9,2,0,0,3402.45,0.0,2.33,82.6
2025-06-29,Air comprimé,Tanger,403.2,6.2,98.49,89.9,94.2,96.9,0,0,1,1884.27,3628.86,2.98,72.7
2025-06-29,Ventilation,Casablanca,578.5,8.8,98.5,92.74,98.9,95.2,1,0,1,412.52,4106.23,2.21,78.4
2025-06-29,Broyage,Casablanca,436.6,7.6,98.29,90.02,95.6,95.8,1,0,0,5652.09,0.0,3.95,87.5
2025-06-29,Convoyage,Tanger,489.3,1.9,99.61,91.57,94.0,97.8,0,0,0,877.92,0.0,1.16,76.6
2025-06-30,Pomperie,Casablanca,405.2,2.5,99.39,88.35,92.6,96.0,0,0,0,3625.38,0.0,1.81,80.4
2025-06-30,Air comprimé,Tanger,425.7,5.6,98.7,89.13,93.0,97.1,0,0,1,3184.93,1986.3,3.02,85.6
2025-06-30,Ventilation,Casablanca,640.5,4.8,99.26,87.97,92.7,95.6,0,0,0,1519.74,0.0,1.69,81.4
2025-06-30,Broyage,Casablanca,391.0,3.3,99.16,85.32,87.0,98.9,0,2,0,5080.39,0.0,4.28,77.3
2025-06-30,Convoyage,Tanger,494.3,4.7,99.06,93.88,97.5,97.2,0,0,0,1127.56,0.0,1.23,82.0
2025-07-01,Pomperie,Casablanca,515.2,5.7,98.91,80.02,88.9,91.0,0,0,0,3777.38,0.0,2.04,78.7
2025-07-01,Air comprimé,Tanger,542.1,6.8,98.76,88.38,94.2,95.0,0,0,2,3297.36,3683.2,2.76,83.5
2025-07-01,Ventilation,Casablanca,581.3,10.1,98.29,82.27,87.1,96.1,1,0,0,984.59,0.0,2.16,89.6
2025-07-01,Broyage,Casablanca,388.5,6.5,98.35,86.96,92.3,95.8,0,0,0,6925.69,0.0,4.53,83.4
2025-07-01,Convoyage,Tanger,498.1,6.6,98.69,89.92,92.5,98.5,0,0,0,968.06,0.0,1.41,81.4
2025-07-02,Pomperie,Casablanca,416.4,3.2,99.24,89.47,92.0,98.0,0,1,0,2931.65,0.0,2.71,89.3
2025-07-02,Air comprimé,Tanger,526.4,5.9,98.89,92.08,95.8,97.2,1,0,0,2948.24,0.0,3.31,91.6
2025-07-02,Ventilation,Casablanca,513.3,6.0,98.84,85.73,88.6,97.9,0,0,2,1336.99,15495.27,2.02,71.9
2025-07-02,Broyage,Casablanca,446.3,6.8,98.5,95.75,97.4,99.8,0,0,0,4489.74,0.0,4.04,74.0
2025-07-02,Convoyage,Tanger,491.8,9.7,98.07,96.05,96.3,101.7,0,1,1,1127.2,5625.79,1.0,96.0
2025-07-03,Pomperie,Casablanca,443.6,5.9,98.69,90.1,94.8,96.3,0,0,0,1990.8,0.0,3.28,89.8
2025-07-03,Air comprimé,Tanger,558.5,6.2,98.9,93.32,95.6,98.7,0,0,0,3192.14,0.0,2.63,94.3
2025-07-03,Ventilation,Casablanca,561.5,5.6,99.01,83.92,89.5,94.7,0,0,0,1395.08,0.0,1.87,68.2
2025-07-03,Broyage,Casablanca,391.9,5.3,98.67,88.74,91.4,98.4,0,0,0,4921.32,0.0,4.19,92.3
2025-07-03,Convoyage,Tanger,532.3,8.9,98.36,88.47,93.4,96.3,0,0,0,848.95,0.0,0.43,72.1
2025-07-04,Pomperie,Casablanca,419.8,4.9,98.85,87.1,91.5,96.3,0,1,0,2975.24,0.0,3.41,77.2
2025-07-04,Air comprimé,Tanger,510.6,8.5,98.36,85.56,90.8,95.8,0,0,0,3993.14,0.0,2.91,98.8
2025-07-04,Ventilation,Casablanca,517.9,7.1,98.65,85.99,87.6,99.5,1,0,0,1616.41,0.0,2.01,93.3
2025-07-04,Broyage,Casablanca,354.2,4.6,98.72,84.32,88.6,96.4,0,0,0,3287.32,0.0,4.8,68.8
2025-07-04,Convoyage,Tanger,563.8,8.2,98.57,90.84,95.5,96.5,0,1,0,633.16,0.0,1.37,77.2
2025-07-05,Pomperie,Casablanca,406.1,3.1,99.24,86.6,90.8,96.1,0,0,1,3344.16,6583.23,2.12,76.8
2025-07-05,Air comprimé,Tanger,491.8,7.1,98.58,86.61,90.2,97.4,3,0,1,3333.74,7834.16,3.29,89.2
2025-07-05,Ventilation,Casablanca,531.6,4.5,99.16,88.03,92.0,96.5,0,0,0,1483.7,0.0,1.42,79.2
2025-07-05,Broyage,Casablanca,473.5,5.2,98.91,87.01,92.5,95.1,0,1,0,2930.16,0.0,4.16,70.0
2025-07-05,Convoyage,Tanger,592.2,4.5,99.25,88.09,90.2,98.4,0,0,0,900.98,0.0,1.58,88.4
2025-07-06,Pomperie,Casablanca,426.4,5.9,98.64,83.2,88.6,95.2,0,2,1,3609.24,2561.47,2.39,81.0
2025-07-06,Air comprimé,Tanger,440.7,8.0,98.22,91.6,94.2,99.0,1,1,0,3483.88,0.0,3.07,98.8
2025-07-06,Ventilation,Casablanca,571.1,7.5,98.7,95.36,99.4,97.2,0,0,2,1874.02,15472.37,1.81,81.7
2025-07-06,Broyage,Casablanca,401.3,6.7,98.36,82.62,87.5,96.0,0,2,0,4319.23,0.0,4.74,72.3
2025-07-06,Convoyage,Tanger,495.7,7.6,98.49,87.05,91.4,96.7,0,0,0,704.05,0.0,1.92,87.6
2025-07-07,Pomperie,Casablanca,433.7,5.6,98.73,82.75,88.5,94.7,0,0,0,2613.11,0.0,2.38,85.9
2025-07-07,Air comprimé,Tanger,502.8,6.8,98.67,89.58,93.5,97.1,0,0,0,3831.6,0.0,2.53,63.8
2025-07-07,Ventilation,Casablanca,550.6,9.6,98.29,88.14,93.6,95.8,0,0,1,906.01,6060.62,0.75,83.3
2025-07-07,Broyage,Casablanca,350.2,4.6,98.7,84.42,86.4,99.0,0,0,0,4335.77,0.0,4.39,73.1
2025-07-07,Convoyage,Tanger,456.9,7.3,98.43,86.4,89.3,98.3,0,0,0,773.94,0.0,1.06,81.5
2025-07-08,Pomperie,Casablanca,449.0,6.6,98.55,98.84,100.7,99.6,0,1,1,2522.47,7212.16,2.37,92.4
2025-07-08,Air comprimé,Tanger,482.0,6.2,98.73,85.92,91.8,94.8,0,0,2,3339.8,3010.82,2.84,83.3
2025-07-08,Ventilation,Casablanca,505.7,7.6,98.52,84.62,89.1,96.4,0,1,0,1288.22,0.0,1.76,70.5
2025-07-08,Broyage,Casablanca,421.8,3.0,99.29,91.6,96.5,95.6,0,0,0,3056.24,0.0,4.4,96.4
2025-07-08,Convoyage,Tanger,565.0,6.2,98.91,90.35,93.5,97.7,0,0,0,777.85,0.0,1.68,88.8
2025-07-09,Pomperie,Casablanca,382.0,3.1,99.2,90.13,92.9,97.8,0,0,0,2967.84,0.0,1.95,92.6
2025-07-09,Air comprimé,Tanger,476.8,4.6,99.04,84.27,87.0,97.8,0,1,0,4309.14,0.0,3.67,85.3
2025-07-09,Ventilation,Casablanca,482.8,6.8,98.61,91.54,96.4,96.3,0,0,1,913.79,5111.73,1.58,97.3
2025-07-09,Broyage,Casablanca,316.8,7.3,97.75,83.53,91.0,93.9,0,0,0,4825.75,0.0,4.04,71.7
2025-07-09,Convoyage,Tanger,499.3,6.0,98.81,89.16,93.8,96.2,0,0,0,597.28,0.0,1.37,69.6
2025-07-10,Pomperie,Casablanca,403.6,5.6,98.63,88.82,91.7,98.2,0,0,0,1421.61,0.0,2.73,86.2
2025-07-10,Air comprimé,Tanger,470.8,9.7,97.98,88.37,92.6,97.4,2,0,0,4252.16,0.0,2.57,84.3
2025-07-10,Ventilation,Casablanca,535.3,6.2,98.86,94.81,95.9,100.0,0,0,0,1580.17,0.0,2.36,98.5
2025-07-10,Broyage,Casablanca,388.4,3.0,99.23,88.42,93.3,95.5,0,0,0,3766.21,0.0,3.98,71.8
2025-07-10,Convoyage,Tanger,527.2,5.0,99.06,88.77,92.1,97.3,0,1,1,682.28,5145.72,1.87,75.9
2025-07-11,Pomperie,Casablanca,407.3,6.9,98.33,87.69,92.8,96.1,0,0,0,2413.69,0.0,2.84,72.5
2025-07-11,Air comprimé,Tanger,481.6,4.0,99.18,85.81,89.2,97.0,0,0,0,4252.8,0.0,2.99,76.4
2025-07-11,Ventilation,Casablanca,505.8,6.9,98.65,88.88,92.5,97.4,0,1,0,1103.53,0.0,2.06,90.3
2025-07-11,Broyage,Casablanca,389.7,5.0,98.73,89.41,91.2,99.3,0,0,0,3127.13,0.0,4.21,85.5
2025-07-11,Convoyage,Tanger,476.9,7.7,98.41,91.29,93.7,99.0,0,0,0,506.75,0.0,1.33,86.3
2025-07-12,Pomperie,Casablanca,417.7,4.5,98.93,90.94,93.8,98.0,1,1,0,3178.83,0.0,2.51,84.0
2025-07-12,Air comprimé,Tanger,532.7,5.3,99.01,98.2,101.0,98.2,0,0,0,2486.01,0.0,2.94,89.4
2025-07-12,Ventilation,Casablanca,612.7,2.0,99.67,90.92,91.4,99.8,1,0,0,1075.3,0.0,2.08,72.1
2025-07-12,Broyage,Casablanca,425.6,5.2,98.79,91.6,95.0,97.6,1,0,0,3465.37,0.0,3.64,97.5
2025-07-12,Convoyage,Tanger,540.3,4.3,99.21,90.35,93.4,97.5,0,0,0,769.59,0.0,2.34,88.3
2025-07-13,Pomperie,Casablanca,432.8,6.8,98.45,87.1,90.0,98.3,0,1,0,3832.4,0.0,3.41,80.4
2025-07-13,Air comprimé,Tanger,489.1,6.8,98.63,88.45,94.8,94.6,0,0,0,4568.34,0.0,3.24,74.0
2025-07-13,Ventilation,Casablanca,583.3,6.5,98.9,93.04,98.3,95.7,0,0,0,769.73,0.0,2.05,94.3
2025-07-13,Broyage,Casablanca,400.7,5.3,98.69,92.06,93.1,100.2,1,0,0,4599.61,0.0,3.86,98.6
2025-07-13,Convoyage,Tanger,528.1,8.9,98.34,80.0,85.9,94.7,0,2,1,995.79,3956.3,0.92,80.1
2025-07-14,Pomperie,Casablanca,457.4,5.0,98.92,86.11,90.3,96.4,0,0,1,2806.8,5670.53,2.15,82.6
2025-07-14,Air comprimé,Tanger,451.0,5.4,98.82,89.31,92.6,97.6,1,0,0,4810.27,0.0,2.58,87.2
2025-07-14,Ventilation,Casablanca,526.6,11.2,97.92,84.03,91.0,94.3,0,0,0,1136.72,0.0,1.24,82.1
2025-07-14,Broyage,Casablanca,417.0,6.4,98.49,92.25,94.8,98.8,0,0,0,4609.21,0.0,4.85,87.1
2025-07-14,Convoyage,Tanger,532.4,6.7,98.76,88.92,93.5,96.3,0,0,1,870.54,6913.34,1.62,86.6
2025-07-15,Pomperie,Casablanca,371.7,6.3,98.33,90.33,96.6,95.1,0,0,0,3109.76,0.0,2.56,90.8
2025-07-15,Air comprimé,Tanger,442.7,7.1,98.42,80.51,87.3,93.7,0,0,0,2887.42,0.0,3.62,77.4
2025-07-15,Ventilation,Casablanca,580.7,8.3,98.59,91.32,97.4,95.1,0,0,0,1449.38,0.0,1.33,84.8
2025-07-15,Broyage,Casablanca,355.5,6.0,98.34,85.7,88.2,98.8,0,0,0,4034.46,0.0,3.56,83.4
2025-07-15,Convoyage,Tanger,526.1,4.3,99.19,91.84,94.0,98.5,0,1,0,802.65,0.0,2.06,80.8
2025-07-16,Pomperie,Casablanca,440.5,6.8,98.48,88.0,92.5,96.6,0,0,0,1896.11,0.0,3.35,84.5
2025-07-16,Air comprimé,Tanger,503.0,7.2,98.59,89.35,94.6,95.8,1,0,0,2030.63,0.0,2.84,84.2
2025-07-16,Ventilation,Casablanca,515.1,6.4,98.77,86.5,89.0,98.4,2,0,0,1336.7,0.0,1.53,74.1
2025-07-16,Broyage,Casablanca,405.6,4.5,98.9,87.93,89.9,98.9,3,2,0,4768.19,0.0,3.78,93.4
2025-07-16,Convoyage,Tanger,500.8,7.0,98.62,81.84,88.0,94.3,0,0,1,624.62,6740.31,2.08,73.1
2025-07-17,Pomperie,Casablanca,409.0,8.6,97.94,92.05,96.0,97.9,0,0,0,2746.17,0.0,1.96,80.6
2025-07-17,Air comprimé,Tanger,417.9,5.3,98.75,86.76,92.0,95.5,0,0,0,3258.22,0.0,3.21,83.6
2025-07-17,Ventilation,Casablanca,536.5,8.2,98.49,93.98,95.9,99.5,0,2,0,1603.35,0.0,2.11,86.9
2025-07-17,Broyage,Casablanca,359.1,5.0,98.63,91.08,95.4,96.8,0,0,0,4770.3,0.0,3.61,85.6
2025-07-17,Convoyage,Tanger,475.7,7.3,98.49,87.66,91.1,97.7,0,0,0,698.96,0.0,1.29,90.7
2025-07-18,Pomperie,Casablanca,397.0,5.3,98.68,82.81,86.6,96.9,2,0,0,2592.77,0.0,2.36,75.1
2025-07-18,Air comprimé,Tanger,552.7,8.5,98.49,89.83,92.5,98.6,0,0,0,3495.07,0.0,3.16,79.8
2025-07-18,Ventilation,Casablanca,521.1,4.9,99.07,87.31,90.2,97.7,0,0,0,1056.7,0.0,1.59,76.6
2025-07-18,Broyage,Casablanca,352.3,4.6,98.71,89.48,91.2,99.4,0,0,0,6040.79,0.0,4.06,85.6
2025-07-18,Convoyage,Tanger,571.8,6.5,98.88,84.41,88.1,96.9,1,0,1,1106.5,7390.49,1.4,77.6
2025-07-19,Pomperie,Casablanca,413.7,4.8,98.85,84.52,87.7,97.5,0,0,0,2302.13,0.0,2.6,81.1
2025-07-19,Air comprimé,Tanger,500.0,6.3,98.76,87.54,93.6,94.7,0,0,0,3783.27,0.0,3.38,74.1
2025-07-19,Ventilation,Casablanca,518.9,3.7,99.29,92.74,95.8,97.5,0,0,0,1197.66,0.0,2.05,76.5
2025-07-19,Broyage,Casablanca,366.1,3.8,98.97,89.34,92.4,97.7,0,0,0,3757.47,0.0,3.94,80.5
2025-07-19,Convoyage,Tanger,515.5,3.3,99.36,91.76,95.5,96.7,0,0,1,605.67,6626.31,1.45,82.9
2025-07-20,Pomperie,Casablanca,412.3,5.3,98.73,90.59,94.4,97.2,0,0,0,1865.57,0.0,2.31,82.5
2025-07-20,Air comprimé,Tanger,491.7,6.0,98.79,91.6,94.9,97.7,0,0,1,2057.71,7383.32,3.6,95.1
2025-07-20,Ventilation,Casablanca,556.9,6.8,98.79,88.34,89.6,99.8,0,0,0,1171.5,0.0,2.08,81.4
2025-07-20,Broyage,Casablanca,260.9,4.9,98.16,91.08,92.6,100.2,0,1,0,4216.67,0.0,5.02,92.2
2025-07-20,Convoyage,Tanger,533.4,5.7,98.94,91.66,95.9,96.6,0,0,0,1358.12,0.0,1.33,71.4
2025-07-21,Pomperie,Casablanca,460.5,6.8,98.54,89.51,92.6,98.1,0,1,0,1774.36,0.0,2.94,77.0
2025-07-21,Air comprimé,Tanger,508.3,5.6,98.91,87.49,91.1,97.1,1,0,0,4256.34,0.0,2.66,93.0
2025-07-21,Ventilation,Casablanca,591.7,7.8,98.7,83.44,87.7,96.4,0,0,1,2049.9,6845.46,1.37,82.8
2025-07-21,Broyage,Casablanca,400.7,4.5,98.89,83.88,87.9,96.5,0,0,0,2177.31,0.0,3.72,82.1
2025-07-21,Convoyage,Tanger,524.7,5.3,99.0,91.2,94.1,97.9,0,1,1,1238.04,6294.6,1.66,63.2
2025-07-22,Pomperie,Casablanca,397.4,6.8,98.32,92.41,97.2,96.7,0,0,0,3228.81,0.0,2.63,80.0
2025-07-22,Air comprimé,Tanger,454.1,8.0,98.27,88.1,91.2,98.3,0,1,0,5140.35,0.0,3.41,75.5
2025-07-22,Ventilation,Casablanca,546.7,7.7,98.61,86.6,89.7,97.9,0,1,0,563.86,0.0,1.48,84.7
2025-07-22,Broyage,Casablanca,444.2,1.7,99.62,93.93,97.2,97.0,0,0,2,5040.02,9397.62,4.32,99.0
2025-07-22,Convoyage,Tanger,513.1,4.3,99.17,84.55,87.0,98.0,0,0,0,784.74,0.0,1.61,88.1
2025-07-23,Pomperie,Casablanca,369.2,7.6,97.98,86.67,93.6,94.5,1,1,0,2332.88,0.0,2.77,70.6
2025-07-23,Air comprimé,Tanger,469.1,7.3,98.47,92.36,97.6,96.1,0,0,0,3970.28,0.0,2.84,79.9
2025-07-23,Ventilation,Casablanca,517.0,8.0,98.48,89.16,92.2,98.2,0,0,0,1656.63,0.0,2.21,85.1
2025-07-23,Broyage,Casablanca,394.3,4.4,98.9,89.8,93.9,96.7,0,2,0,4195.7,0.0,3.81,83.6
2025-07-23,Convoyage,Tanger,541.6,4.3,99.21,89.06,95.5,94.0,0,2,0,964.73,0.0,2.18,90.0
2025-07-24,Pomperie,Casablanca,411.0,6.4,98.47,89.68,93.6,97.3,0,0,0,2882.69,0.0,2.9,92.0
2025-07-24,Air comprimé,Tanger,514.9,6.7,98.72,89.12,91.1,99.1,0,0,0,2585.19,0.0,2.64,80.2
2025-07-24,Ventilation,Casablanca,543.9,3.7,99.32,87.79,90.2,98.0,0,0,1,1134.76,7841.21,1.42,81.3
2025-07-24,Broyage,Casablanca,389.0,4.0,98.98,87.58,89.2,99.2,0,1,0,4654.99,0.0,4.48,91.2
2025-07-24,Convoyage,Tanger,490.0,7.6,98.47,92.26,95.8,97.8,0,2,0,995.54,0.0,0.59,91.4
2025-07-25,Pomperie,Casablanca,401.0,4.5,98.89,85.43,89.9,96.1,0,0,0,2270.1,0.0,2.38,70.8
2025-07-25,Air comprimé,Tanger,464.5,3.3,99.29,89.39,93.1,96.7,0,0,0,2374.84,0.0,2.42,89.4
2025-07-25,Ventilation,Casablanca,479.9,4.1,99.15,91.84,95.0,97.5,3,0,0,1324.35,0.0,1.95,75.0
2025-07-25,Broyage,Casablanca,335.3,5.6,98.36,90.09,92.7,98.8,0,0,0,5265.19,0.0,4.27,84.1
2025-07-25,Convoyage,Tanger,512.6,11.4,97.82,88.0,95.1,94.6,0,0,0,755.68,0.0,1.52,93.2
2025-07-26,Pomperie,Casablanca,437.1,7.3,98.36,90.08,95.5,95.9,0,0,0,4352.4,0.0,2.4,87.9
2025-07-26,Air comprimé,Tanger,478.0,3.5,99.27,87.01,89.9,97.5,0,0,0,3429.15,0.0,3.18,89.0
2025-07-26,Ventilation,Casablanca,589.7,3.8,99.36,93.09,95.9,97.7,0,0,1,1096.26,3997.79,2.14,77.5
2025-07-26,Broyage,Casablanca,411.1,6.1,98.54,89.93,93.6,97.5,0,0,0,4099.71,0.0,5.07,88.8
2025-07-26,Convoyage,Tanger,465.0,5.5,98.83,90.47,93.6,97.8,0,0,0,1138.31,0.0,2.13,80.9
2025-07-27,Pomperie,Casablanca,410.9,0.5,99.88,90.71,95.5,95.1,1,0,0,2929.87,0.0,2.12,85.4
2025-07-27,Air comprimé,Tanger,453.2,8.1,98.24,85.48,89.8,96.9,2,1,0,3627.02,0.0,2.29,76.1
2025-07-27,Ventilation,Casablanca,615.1,7.4,98.81,91.53,96.9,95.6,1,0,0,1290.23,0.0,1.58,87.1
2025-07-27,Broyage,Casablanca,415.7,5.3,98.74,92.89,98.1,95.9,1,1,2,3963.72,10550.16,4.43,84.0
2025-07-27,Convoyage,Tanger,491.7,3.8,99.23,92.31,96.5,96.4,0,0,0,734.61,0.0,0.84,86.9
2025-07-28,Pomperie,Casablanca,442.1,5.7,98.73,91.46,97.1,95.4,1,0,0,3325.44,0.0,2.53,85.3
2025-07-28,Air comprimé,Tanger,520.5,6.0,98.86,91.2,96.1,96.0,2,0,0,4403.87,0.0,2.71,73.8
2025-07-28,Ventilation,Casablanca,604.1,8.2,98.66,87.23,90.5,97.7,0,0,0,2006.99,0.0,1.54,65.8
2025-07-28,Broyage,Casablanca,428.1,6.4,98.53,89.2,95.1,95.2,0,0,0,2871.68,0.0,3.87,73.2
2025-07-28,Convoyage,Tanger,460.3,3.6,99.22,86.08,92.0,94.3,0,0,0,996.78,0.0,1.48,97.4
2025-07-29,Pomperie,Casablanca,430.8,7.8,98.22,88.14,92.9,96.6,0,0,2,2505.96,9055.13,2.49,88.9
2025-07-29,Air comprimé,Tanger,499.2,7.0,98.62,91.32,92.6,100.0,0,0,2,4738.36,7479.43,2.9,87.2
2025-07-29,Ventilation,Casablanca,552.2,7.8,98.61,90.87,97.0,95.0,0,0,1,1259.48,3055.68,1.57,72.2
2025-07-29,Broyage,Casablanca,395.5,2.8,99.3,92.95,96.6,96.9,1,0,0,4842.01,0.0,4.42,84.7
2025-07-29,Convoyage,Tanger,526.4,3.0,99.43,95.17,99.6,96.1,0,0,0,1161.64,0.0,0.68,85.2
2025-07-30,Pomperie,Casablanca,474.4,7.8,98.38,89.35,94.8,95.8,0,0,0,3635.77,0.0,2.71,80.4
2025-07-30,Air comprimé,Tanger,490.1,5.8,98.83,84.35,89.0,95.9,0,0,1,2898.06,7696.29,3.68,74.7
2025-07-30,Ventilation,Casablanca,543.1,5.6,98.98,92.08,96.1,96.8,0,2,2,1098.15,7276.03,1.48,68.5
2025-07-30,Broyage,Casablanca,407.9,3.2,99.22,91.04,94.4,97.2,0,0,0,2370.38,0.0,4.75,90.3
2025-07-30,Convoyage,Tanger,500.8,6.8,98.66,82.5,88.3,94.7,0,1,0,782.13,0.0,1.52,71.4
2025-07-31,Pomperie,Casablanca,439.1,4.3,99.03,85.33,89.2,96.6,0,0,0,3023.32,0.0,2.37,83.3
2025-07-31,Air comprimé,Tanger,547.7,3.7,99.33,86.49,90.7,96.0,0,0,0,3110.51,0.0,2.95,73.9
2025-07-31,Ventilation,Casablanca,587.3,9.5,98.41,80.33,87.3,93.5,0,0,0,1385.79,0.0,2.14,70.2
2025-07-31,Broyage,Casablanca,387.2,3.9,99.0,89.6,93.4,96.9,0,0,0,3852.94,0.0,4.09,72.8
2025-07-31,Convoyage,Tanger,548.8,3.9,99.29,91.98,95.4,97.1,0,0,0,990.25,0.0,1.56,79.2
2025-08-01,Pomperie,Casablanca,437.1,3.9,99.12,93.64,96.2,98.2,0,0,0,2094.58,0.0,3.06,76.7
2025-08-01,Air comprimé,Tanger,505.2,9.9,98.08,89.36,95.7,95.2,0,0,0,3308.49,0.0,3.07,91.8
2025-08-01,Ventilation,Casablanca,505.2,5.8,98.86,90.26,95.4,95.7,0,0,0,785.64,0.0,1.97,88.2
2025-08-01,Broyage,Casablanca,429.4,3.5,99.19,89.27,92.4,97.4,0,0,0,2957.81,0.0,3.86,81.0
2025-08-01,Convoyage,Tanger,462.6,4.2,99.1,85.52,88.6,97.4,0,0,0,857.28,0.0,1.49,89.2
2025-08-02,Pomperie,Casablanca,420.9,5.5,98.71,92.2,95.6,97.7,1,0,0,2915.91,0.0,2.08,80.9
2025-08-02,Air comprimé,Tanger,458.4,4.0,99.13,90.8,92.9,98.6,0,0,0,2665.26,0.0,2.91,75.9
2025-08-02,Ventilation,Casablanca,529.5,8.1,98.49,80.67,87.7,93.4,0,0,0,871.22,0.0,0.77,77.9
2025-08-02,Broyage,Casablanca,359.2,4.0,98.9,89.78,93.3,97.3,0,0,0,4535.27,0.0,3.73,86.9
2025-08-02,Convoyage,Tanger,501.6,6.1,98.8,93.15,97.3,96.9,0,0,0,1329.27,0.0,1.3,78.3
2025-08-03,Pomperie,Casablanca,435.4,1.1,99.75,92.21,91.8,100.7,0,0,0,2201.77,0.0,2.94,86.6
2025-08-03,Air comprimé,Tanger,506.8,6.4,98.75,82.72,86.9,96.4,0,1,0,3033.51,0.0,2.72,70.3
2025-08-03,Ventilation,Casablanca,521.4,7.9,98.51,94.9,98.2,98.1,2,0,0,886.85,0.0,2.27,80.7
2025-08-03,Broyage,Casablanca,348.2,4.6,98.7,91.81,96.0,96.9,0,0,2,3432.02,15946.08,4.46,87.4
2025-08-03,Convoyage,Tanger,540.7,6.0,98.9,89.24,93.6,96.4,0,1,0,1062.81,0.0,0.82,67.4
2025-08-04,Pomperie,Casablanca,463.6,6.2,98.68,90.16,93.8,97.4,0,0,0,3831.61,0.0,1.89,80.6
2025-08-04,Air comprimé,Tanger,547.8,5.5,99.01,89.54,95.9,94.3,0,0,0,3622.87,0.0,3.3,90.4
2025-08-04,Ventilation,Casablanca,549.0,1.9,99.66,91.0,92.7,98.5,0,1,0,1240.78,0.0,1.98,74.8
2025-08-04,Broyage,Casablanca,361.3,6.0,98.37,90.71,93.9,98.2,0,0,0,2550.79,0.0,4.55,83.4
2025-08-04,Convoyage,Tanger,461.4,8.1,98.27,90.91,94.3,98.1,0,0,0,1127.89,0.0,1.37,88.5
2025-08-05,Pomperie,Casablanca,467.8,6.0,98.73,84.44,90.7,94.3,0,0,0,4801.98,0.0,3.45,88.3
2025-08-05,Air comprimé,Tanger,510.6,8.9,98.29,91.43,96.2,96.7,0,0,0,2907.29,0.0,2.64,100
2025-08-05,Ventilation,Casablanca,572.5,9.2,98.42,84.92,89.6,96.3,3,0,0,1455.35,0.0,2.37,58.6
2025-08-05,Broyage,Casablanca,378.4,5.5,98.57,88.83,93.1,96.8,0,0,0,3695.26,0.0,4.0,85.5
2025-08-05,Convoyage,Tanger,526.8,9.9,98.16,84.79,88.5,97.6,1,0,0,1180.89,0.0,1.6,86.5
2025-08-06,Pomperie,Casablanca,448.7,2.9,99.36,89.55,93.2,96.7,0,0,0,3142.59,0.0,2.09,88.3
2025-08-06,Air comprimé,Tanger,510.4,7.3,98.59,88.32,95.0,94.3,0,1,0,4150.16,0.0,2.3,92.7
2025-08-06,Ventilation,Casablanca,555.9,5.6,99.0,88.5,91.5,97.7,0,0,2,744.78,11039.01,2.05,75.4
2025-08-06,Broyage,Casablanca,402.9,2.6,99.36,89.83,91.6,98.7,0,0,0,3702.32,0.0,4.6,79.2
2025-08-06,Convoyage,Tanger,431.8,8.9,97.98,86.52,91.6,96.4,1,0,0,1442.9,0.0,1.69,68.6
2025-08-07,Pomperie,Casablanca,402.4,8.8,97.86,86.61,92.0,96.2,2,0,0,3273.71,0.0,2.61,78.8
2025-08-07,Air comprimé,Tanger,456.2,4.4,99.04,84.73,89.3,95.8,0,1,1,2893.58,4324.17,2.35,84.2
2025-08-07,Ventilation,Casablanca,516.8,7.6,98.55,87.85,89.5,99.6,0,0,0,1621.88,0.0,1.34,78.0
2025-08-07,Broyage,Casablanca,386.7,4.7,98.8,90.05,93.1,97.9,0,1,0,5129.57,0.0,3.69,99.0
2025-08-07,Convoyage,Tanger,498.1,4.8,99.05,88.88,91.1,98.5,0,0,0,206.11,0.0,1.4,81.3
2025-08-08,Pomperie,Casablanca,389.5,7.3,98.16,89.42,94.3,96.6,0,1,0,2469.12,0.0,2.81,83.5
2025-08-08,Air comprimé,Tanger,522.3,4.6,99.13,82.13,85.5,96.9,0,0,0,3927.99,0.0,3.12,67.1
2025-08-08,Ventilation,Casablanca,463.6,6.5,98.62,90.3,94.4,97.0,0,0,1,1138.35,4782.21,0.93,78.1
2025-08-08,Broyage,Casablanca,348.8,1.9,99.46,85.9,91.2,94.7,0,0,0,2450.77,0.0,3.77,76.4
2025-08-08,Convoyage,Tanger,504.6,3.6,99.29,86.2,91.0,95.4,0,0,0,652.86,0.0,2.01,88.2
2025-08-09,Pomperie,Casablanca,398.6,5.6,98.61,86.69,91.2,96.4,0,0,0,3255.5,0.0,2.64,76.7
2025-08-09,Air comprimé,Tanger,555.4,6.1,98.91,86.48,90.7,96.4,0,0,0,2239.11,0.0,3.19,96.7
2025-08-09,Ventilation,Casablanca,560.4,5.7,98.99,90.17,94.2,96.7,0,0,1,1376.25,3007.32,2.15,97.8
2025-08-09,Broyage,Casablanca,351.1,5.2,98.54,94.15,97.2,98.3,0,0,2,3620.98,11957.65,4.4,84.9
2025-08-09,Convoyage,Tanger,513.4,8.6,98.35,89.01,93.4,96.9,0,0,0,950.51,0.0,2.12,75.9
2025-08-10,Pomperie,Casablanca,419.9,5.5,98.71,95.63,100.5,96.4,1,0,0,2825.11,0.0,2.66,88.7
2025-08-10,Air comprimé,Tanger,530.9,8.3,98.46,92.93,96.9,97.4,0,0,0,3144.86,0.0,3.02,90.9
2025-08-10,Ventilation,Casablanca,550.4,8.0,98.57,86.69,91.8,95.8,0,0,2,1787.92,11638.81,2.05,93.7
2025-08-10,Broyage,Casablanca,484.0,3.7,99.24,87.67,92.6,95.4,0,0,0,3344.82,0.0,4.35,82.0
2025-08-10,Convoyage,Tanger,518.1,9.3,98.24,89.35,92.9,97.9,0,0,0,1191.74,0.0,1.42,84.2
2025-08-11,Pomperie,Casablanca,441.2,5.4,98.79,89.04,93.5,96.4,0,2,0,3689.29,0.0,1.99,73.3
2025-08-11,Air comprimé,Tanger,457.3,4.6,99.0,85.31,89.3,96.5,0,0,1,3094.62,5350.45,2.84,85.0
2025-08-11,Ventilation,Casablanca,591.2,13.2,97.82,94.89,97.1,99.9,1,1,0,785.88,0.0,2.38,98.5
2025-08-11,Broyage,Casablanca,353.6,3.2,99.1,85.56,90.4,95.5,0,1,0,3873.2,0.0,4.01,92.8
2025-08-11,Convoyage,Tanger,536.9,4.1,99.24,88.15,89.0,99.8,0,0,0,832.87,0.0,0.97,85.0
2025-08-12,Pomperie,Casablanca,396.6,4.8,98.8,88.47,92.5,96.8,0,0,0,682.98,0.0,2.84,84.3
2025-08-12,Air comprimé,Tanger,462.5,5.4,98.85,87.01,91.5,96.2,0,0,0,3571.44,0.0,2.97,81.4
2025-08-12,Ventilation,Casablanca,526.7,10.6,98.03,88.37,94.1,95.8,1,0,0,1453.2,0.0,1.22,94.0
2025-08-12,Broyage,Casablanca,304.9,6.7,97.85,85.02,90.7,95.8,0,0,0,4426.76,0.0,3.94,82.1
2025-08-12,Convoyage,Tanger,472.6,8.1,98.31,89.73,94.1,97.0,2,0,0,843.5,0.0,0.99,93.5
2025-08-13,Pomperie,Casablanca,421.6,4.0,99.06,86.5,92.3,94.6,0,1,0,1798.2,0.0,2.52,78.0
2025-08-13,Air comprimé,Tanger,488.6,5.4,98.91,94.79,97.2,98.6,1,2,0,2299.33,0.0,3.59,87.4
2025-08-13,Ventilation,Casablanca,525.2,8.2,98.46,88.11,91.5,97.8,0,0,0,1047.11,0.0,1.9,80.7
2025-08-13,Broyage,Casablanca,384.6,3.6,99.07,90.18,91.3,99.7,0,0,0,3960.95,0.0,4.23,81.6
2025-08-13,Convoyage,Tanger,446.6,2.7,99.4,91.02,91.3,100.3,0,0,0,951.73,0.0,1.24,76.6
2025-08-14,Pomperie,Casablanca,380.0,6.3,98.37,93.01,95.8,98.7,0,0,0,2455.84,0.0,2.6,74.5
2025-08-14,Air comprimé,Tanger,532.3,4.2,99.22,88.12,93.1,95.4,0,0,0,3462.5,0.0,3.34,94.4
2025-08-14,Ventilation,Casablanca,550.6,8.0,98.57,92.24,95.1,98.4,0,1,0,1017.89,0.0,1.54,70.2
2025-08-14,Broyage,Casablanca,377.4,5.3,98.62,86.26,91.3,95.8,2,0,2,3993.8,12717.03,3.87,84.8
2025-08-14,Convoyage,Tanger,478.8,7.5,98.46,93.94,95.6,99.8,1,0,0,1029.09,0.0,1.1,81.8
2025-08-15,Pomperie,Casablanca,428.3,5.5,98.73,89.06,91.3,98.8,0,1,0,4257.61,0.0,2.72,97.1
2025-08-15,Air comprimé,Tanger,482.8,6.5,98.67,86.59,91.8,95.6,0,0,0,3725.78,0.0,3.12,63.0
2025-08-15,Ventilation,Casablanca,497.3,5.4,98.93,91.36,95.7,96.5,1,1,1,1185.03,3397.78,2.43,82.8
2025-08-15,Broyage,Casablanca,370.8,4.1,98.91,91.93,91.3,101.8,0,0,1,4369.85,5871.32,4.11,91.0
2025-08-15,Convoyage,Tanger,527.1,5.3,99.0,88.46,92.5,96.6,0,0,0,1119.72,0.0,0.84,81.0
2025-08-16,Pomperie,Casablanca,418.3,5.2,98.77,85.97,89.0,97.8,0,0,0,2959.32,0.0,2.91,80.1
2025-08-16,Air comprimé,Tanger,446.3,5.6,98.76,86.98,92.8,94.9,0,0,0,3989.58,0.0,3.04,61.1
2025-08-16,Ventilation,Casablanca,467.1,8.6,98.19,88.88,93.7,96.6,0,1,0,1652.54,0.0,1.66,69.6
2025-08-16,Broyage,Casablanca,363.6,6.6,98.22,87.15,91.1,97.4,0,0,1,3200.5,6795.09,4.91,74.5
2025-08-16,Convoyage,Tanger,504.8,4.4,99.14,86.33,90.9,95.8,0,0,0,1406.46,0.0,1.88,83.7
2025-08-17,Pomperie,Casablanca,358.0,6.4,98.24,90.26,92.8,99.0,0,0,0,3739.85,0.0,2.22,88.6
2025-08-17,Air comprimé,Tanger,424.2,4.4,98.97,94.95,98.0,97.9,0,0,0,3461.2,0.0,3.04,83.7
2025-08-17,Ventilation,Casablanca,542.9,6.1,98.89,89.27,92.3,97.8,0,0,0,1011.66,0.0,0.89,72.7
2025-08-17,Broyage,Casablanca,367.3,4.2,98.87,94.75,96.7,99.1,2,0,0,4347.77,0.0,4.2,84.2
2025-08-17,Convoyage,Tanger,488.6,9.0,98.19,89.53,94.1,96.9,0,0,0,725.5,0.0,1.22,73.8
2025-08-18,Pomperie,Casablanca,471.3,6.1,98.72,86.94,90.7,97.1,1,0,2,1702.06,9009.52,2.72,86.2
2025-08-18,Air comprimé,Tanger,532.3,6.3,98.83,91.36,96.6,95.7,0,0,1,3530.52,6599.17,3.34,72.9
2025-08-18,Ventilation,Casablanca,501.5,9.3,98.18,86.59,90.0,98.0,0,0,2,657.29,15676.57,1.77,84.1
2025-08-18,Broyage,Casablanca,383.2,5.0,98.71,88.2,90.9,98.3,0,0,0,3918.21,0.0,4.41,94.9
2025-08-18,Convoyage,Tanger,494.7,8.2,98.37,87.25,92.2,96.2,0,0,0,1186.98,0.0,1.42,82.4
2025-08-19,Pomperie,Casablanca,398.8,7.6,98.13,88.43,92.9,97.0,0,0,0,3476.64,0.0,2.36,91.4
2025-08-19,Air comprimé,Tanger,477.6,6.6,98.64,85.88,90.5,96.2,0,0,0,3540.84,0.0,3.13,76.3
2025-08-19,Ventilation,Casablanca,547.8,6.9,98.76,87.72,93.2,95.3,0,0,0,1289.44,0.0,1.95,88.1
2025-08-19,Broyage,Casablanca,450.8,5.3,98.84,88.12,92.1,96.8,0,1,1,4516.2,5356.84,3.8,80.5
2025-08-19,Convoyage,Tanger,501.1,5.1,98.99,91.78,94.8,97.8,0,0,0,1095.03,0.0,0.51,89.3
2025-08-20,Pomperie,Casablanca,475.5,3.2,99.33,92.12,96.4,96.2,0,0,0,3072.05,0.0,2.4,82.2
2025-08-20,Air comprimé,Tanger,444.8,5.9,98.69,90.55,94.3,97.3,2,1,0,4742.33,0.0,3.09,86.0
2025-08-20,Ventilation,Casablanca,512.6,4.4,99.15,96.68,99.4,98.1,0,0,0,1291.85,0.0,2.37,100
2025-08-20,Broyage,Casablanca,342.2,3.7,98.93,86.92,92.0,95.5,0,1,1,3654.06,6323.68,4.19,83.8
2025-08-20,Convoyage,Tanger,463.8,7.4,98.43,96.36,100.0,97.9,1,1,0,860.79,0.0,1.7,100
2025-08-21,Pomperie,Casablanca,430.6,7.4,98.31,90.6,96.4,95.6,0,0,1,3476.24,7139.4,2.46,84.9
2025-08-21,Air comprimé,Tanger,551.4,7.5,98.66,85.41,88.7,97.6,0,0,0,2229.64,0.0,3.7,92.0
2025-08-21,Ventilation,Casablanca,610.8,8.3,98.66,87.5,92.1,96.3,0,0,0,1151.64,0.0,2.0,98.5
2025-08-21,Broyage,Casablanca,423.2,5.1,98.81,86.54,89.1,98.3,1,0,0,4252.18,0.0,4.44,84.5
2025-08-21,Convoyage,Tanger,507.1,7.4,98.56,92.06,95.8,97.5,0,0,1,853.21,7026.27,1.48,79.1
2025-08-22,Pomperie,Casablanca,373.9,5.8,98.47,89.22,93.5,96.9,1,0,0,3749.44,0.0,1.78,80.9
2025-08-22,Air comprimé,Tanger,454.8,6.2,98.66,91.01,95.0,97.1,1,0,0,4083.87,0.0,3.31,77.7
2025-08-22,Ventilation,Casablanca,553.9,8.5,98.49,89.7,93.6,97.3,0,0,0,1123.83,0.0,1.86,85.4
2025-08-22,Broyage,Casablanca,401.3,4.2,98.96,89.5,95.2,95.0,0,0,0,5450.02,0.0,3.8,83.0
2025-08-22,Convoyage,Tanger,424.3,7.9,98.17,90.1,95.8,95.8,0,0,0,1103.63,0.0,1.97,90.4
2025-08-23,Pomperie,Casablanca,365.5,3.2,99.13,92.77,95.2,98.3,0,0,0,2807.79,0.0,2.27,72.6
2025-08-23,Air comprimé,Tanger,500.2,2.1,99.58,88.45,93.5,95.0,0,1,0,3077.89,0.0,2.9,82.7
2025-08-23,Ventilation,Casablanca,564.2,8.6,98.5,88.52,94.6,95.0,0,0,1,842.24,6865.75,2.32,71.2
2025-08-23,Broyage,Casablanca,348.1,5.4,98.47,89.11,93.2,97.1,0,1,0,5558.21,0.0,4.36,79.4
2025-08-23,Convoyage,Tanger,560.7,5.5,99.03,85.91,89.8,96.6,2,0,0,1500.41,0.0,1.85,73.5
2025-08-24,Pomperie,Casablanca,387.6,3.6,99.08,86.79,90.3,97.0,1,0,0,2675.68,0.0,2.72,79.6
2025-08-24,Air comprimé,Tanger,507.3,6.2,98.79,92.83,95.5,98.4,0,0,0,3421.01,0.0,2.69,81.9
2025-08-24,Ventilation,Casablanca,591.4,2.6,99.56,89.29,94.8,94.6,1,0,1,1590.72,5549.57,1.76,93.0
2025-08-24,Broyage,Casablanca,364.0,5.1,98.62,91.21,93.8,98.6,0,0,1,5759.12,5970.3,4.39,89.5
2025-08-24,Convoyage,Tanger,492.8,4.6,99.08,91.19,94.2,97.7,0,0,0,708.81,0.0,1.6,90.8
2025-08-25,Pomperie,Casablanca,405.6,5.6,98.64,88.92,90.6,99.5,0,0,0,2829.32,0.0,2.3,77.9
2025-08-25,Air comprimé,Tanger,494.5,7.4,98.53,89.67,94.6,96.2,0,0,0,3975.15,0.0,3.15,82.9
2025-08-25,Ventilation,Casablanca,572.3,11.2,98.08,86.91,90.6,97.8,0,0,0,1182.23,0.0,2.33,85.5
2025-08-25,Broyage,Casablanca,352.1,5.9,98.35,87.27,91.2,97.3,0,1,0,4959.79,0.0,4.13,82.9
2025-08-25,Convoyage,Tanger,538.5,8.7,98.41,87.4,92.8,95.7,0,0,0,921.44,0.0,1.72,67.1
2025-08-26,Pomperie,Casablanca,422.5,6.0,98.6,86.12,90.7,96.3,0,0,0,1592.42,0.0,2.53,94.8
2025-08-26,Air comprimé,Tanger,397.0,2.4,99.4,88.49,91.4,97.4,0,0,1,2068.84,4309.2,2.91,74.8
2025-08-26,Ventilation,Casablanca,590.0,3.4,99.43,92.37,94.7,98.1,0,1,0,1260.91,0.0,2.6,79.2
2025-08-26,Broyage,Casablanca,379.0,4.8,98.75,90.44,95.4,96.0,1,0,0,2737.91,0.0,4.4,80.1
2025-08-26,Convoyage,Tanger,473.0,6.1,98.73,89.82,93.6,97.2,0,0,0,1005.16,0.0,1.43,84.7
2025-08-27,Pomperie,Casablanca,397.1,4.3,98.93,88.33,93.4,95.6,0,0,0,2682.04,0.0,2.06,87.9
2025-08-27,Air comprimé,Tanger,406.0,1.3,99.68,88.57,91.7,96.9,0,1,0,5190.4,0.0,2.79,93.9
2025-08-27,Ventilation,Casablanca,535.0,4.6,99.15,87.41,92.6,95.2,0,0,0,679.01,0.0,1.66,60.5
2025-08-27,Broyage,Casablanca,400.5,5.5,98.65,88.53,93.0,96.5,1,0,0,2991.43,0.0,4.13,100
2025-08-27,Convoyage,Tanger,473.3,4.5,99.06,88.67,92.0,97.3,0,0,0,1000.57,0.0,1.47,73.1
2025-08-28,Pomperie,Casablanca,449.7,3.9,99.14,89.82,93.5,96.9,0,0,2,2617.11,9553.02,2.44,80.9
2025-08-28,Air comprimé,Tanger,465.5,5.0,98.94,87.65,91.8,96.5,0,0,0,2765.03,0.0,2.85,81.0
2025-08-28,Ventilation,Casablanca,523.0,2.7,99.49,91.31,95.8,95.8,1,0,1,1286.92,4251.59,1.39,90.3
2025-08-28,Broyage,Casablanca,363.8,4.1,98.89,92.09,96.3,96.7,1,0,0,5421.85,0.0,4.88,83.2
2025-08-28,Convoyage,Tanger,542.4,5.6,98.98,87.98,92.4,96.2,0,0,1,601.7,1639.06,1.6,93.8
2025-08-29,Pomperie,Casablanca,370.7,5.0,98.67,91.97,95.5,97.6,3,0,0,3037.69,0.0,2.77,70.9
2025-08-29,Air comprimé,Tanger,477.6,4.0,99.17,94.44,96.0,99.2,0,0,2,3976.78,5539.96,3.49,85.0
2025-08-29,Ventilation,Casablanca,561.8,9.1,98.41,92.02,95.9,97.5,0,0,0,1094.23,0.0,2.04,82.3
2025-08-29,Broyage,Casablanca,387.4,6.0,98.47,86.82,93.7,94.1,0,0,0,2031.64,0.0,4.52,79.2
2025-08-29,Convoyage,Tanger,523.3,5.5,98.96,90.22,92.0,99.1,2,0,0,557.03,0.0,1.74,85.9
2025-08-30,Pomperie,Casablanca,494.6,4.0,99.2,94.48,96.4,98.8,0,0,0,1562.63,0.0,2.98,78.8
2025-08-30,Air comprimé,Tanger,458.9,5.3,98.86,95.8,99.8,97.1,1,0,0,3878.97,0.0,2.57,85.1
2025-08-30,Ventilation,Casablanca,568.7,6.6,98.85,92.34,93.6,99.8,3,0,0,1006.31,0.0,2.33,73.5
2025-08-30,Broyage,Casablanca,404.3,6.1,98.51,84.92,88.6,97.3,0,0,0,4474.49,0.0,3.85,81.9
2025-08-30,Convoyage,Tanger,542.1,3.9,99.29,85.94,88.5,97.8,0,0,0,1236.97,0.0,1.24,80.2
2025-08-31,Pomperie,Casablanca,432.8,6.1,98.61,85.34,88.4,97.9,0,0,2,3183.02,15525.46,2.34,85.9
2025-08-31,Air comprimé,Tanger,440.8,3.2,99.28,93.87,98.9,95.6,0,1,0,2744.3,0.0,2.81,99.4
2025-08-31,Ventilation,Casablanca,544.3,6.3,98.86,90.62,94.7,96.8,0,0,0,1061.11,0.0,1.98,91.2
2025-08-31,Broyage,Casablanca,387.6,2.9,99.26,89.69,90.9,99.4,0,2,1,3357.24,4092.51,4.58,93.6
2025-08-31,Convoyage,Tanger,421.8,8.0,98.14,86.66,91.7,96.3,0,0,0,617.97,0.0,0.85,74.5
2025-09-01,Pomperie,Casablanca,372.6,3.5,99.07,91.54,94.0,98.3,0,0,0,3376.45,0.0,2.59,91.5
2025-09-01,Air comprimé,Tanger,492.6,5.6,98.88,89.49,93.5,96.8,0,0,0,3720.35,0.0,3.15,83.8
2025-09-01,Ventilation,Casablanca,607.3,9.6,98.44,89.54,93.2,97.6,0,0,0,1073.35,0.0,0.75,89.5
2025-09-01,Broyage,Casablanca,348.3,3.0,99.15,88.15,92.8,95.8,0,0,0,1877.89,0.0,3.91,72.8
2025-09-01,Convoyage,Tanger,432.3,7.5,98.29,82.47,87.4,96.0,3,0,0,1073.37,0.0,1.61,68.6
2025-09-02,Pomperie,Casablanca,397.5,5.1,98.73,92.12,95.7,97.5,0,0,1,2864.51,2078.49,2.26,83.7
2025-09-02,Air comprimé,Tanger,478.4,7.8,98.4,87.39,92.8,95.7,0,0,1,4482.21,4111.55,2.44,87.1
2025-09-02,Ventilation,Casablanca,456.5,7.8,98.32,92.68,95.7,98.5,0,0,0,1127.29,0.0,1.88,88.0
2025-09-02,Broyage,Casablanca,406.6,5.5,98.67,92.05,98.1,95.1,0,0,1,2938.7,4659.89,5.06,72.6
2025-09-02,Convoyage,Tanger,452.6,7.8,98.31,85.69,89.4,97.5,0,0,0,1125.19,0.0,1.07,93.8
2025-09-03,Pomperie,Casablanca,453.1,6.0,98.69,88.31,93.9,95.3,0,0,2,3058.18,5909.27,3.26,75.9
2025-09-03,Air comprimé,Tanger,429.5,4.7,98.92,96.75,99.2,98.6,0,0,0,3127.44,0.0,3.4,79.3
2025-09-03,Ventilation,Casablanca,539.7,6.1,98.88,86.04,91.4,95.2,2,0,0,887.23,0.0,1.22,85.5
2025-09-03,Broyage,Casablanca,395.1,2.2,99.45,85.01,89.6,95.4,0,0,0,3818.73,0.0,4.31,76.0
2025-09-03,Convoyage,Tanger,443.0,7.8,98.27,90.23,93.6,98.1,0,0,0,1524.45,0.0,1.91,81.5
2025-09-04,Pomperie,Casablanca,392.6,6.5,98.37,91.13,96.6,95.9,0,0,0,3082.23,0.0,2.14,87.2
2025-09-04,Air comprimé,Tanger,473.1,6.9,98.56,86.0,90.7,96.2,0,0,0,3886.77,0.0,2.19,76.1
2025-09-04,Ventilation,Casablanca,539.4,10.3,98.13,89.03,91.0,99.7,1,0,0,605.18,0.0,1.04,81.8
2025-09-04,Broyage,Casablanca,332.6,3.6,98.93,86.85,90.5,97.0,0,0,0,3009.32,0.0,4.88,64.0
2025-09-04,Convoyage,Tanger,448.7,5.4,98.81,82.79,86.2,97.2,0,0,2,689.54,11142.44,1.27,88.5
2025-09-05,Pomperie,Casablanca,386.3,3.4,99.13,88.69,90.1,99.3,0,0,0,2822.48,0.0,2.05,88.1
2025-09-05,Air comprimé,Tanger,485.9,4.6,99.06,90.24,94.5,96.4,2,0,0,3812.21,0.0,3.3,81.9
2025-09-05,Ventilation,Casablanca,517.1,6.7,98.72,85.08,91.1,94.6,2,0,0,1183.97,0.0,1.91,88.5
2025-09-05,Broyage,Casablanca,420.5,4.0,99.06,84.39,89.2,95.5,0,0,0,4422.9,0.0,4.03,87.2
2025-09-05,Convoyage,Tanger,506.3,6.8,98.67,87.41,90.3,98.1,0,0,0,759.89,0.0,2.0,68.6
2025-09-06,Pomperie,Casablanca,378.0,6.7,98.26,91.39,97.6,95.3,0,0,1,2240.92,1766.97,1.91,78.5
2025-09-06,Air comprimé,Tanger,387.5,4.8,98.78,90.75,95.2,96.5,0,0,0,2366.02,0.0,3.17,88.8
2025-09-06,Ventilation,Casablanca,532.7,6.6,98.78,91.17,93.7,98.5,0,0,1,639.63,2307.56,1.38,92.2
2025-09-06,Broyage,Casablanca,320.6,4.0,98.77,86.01,90.9,95.8,1,0,1,3016.86,5098.96,4.7,70.4
2025-09-06,Convoyage,Tanger,435.4,1.6,99.63,87.11,89.4,97.8,0,0,0,1117.35,0.0,0.92,87.5
2025-09-07,Pomperie,Casablanca,444.0,7.3,98.38,84.29,87.7,97.7,0,0,1,2939.82,2742.27,2.31,84.0
2025-09-07,Air comprimé,Tanger,451.8,2.5,99.45,91.4,93.4,98.4,2,0,0,3526.36,0.0,2.5,79.2
2025-09-07,Ventilation,Casablanca,572.6,8.5,98.54,86.6,92.8,94.7,0,0,0,709.02,0.0,1.93,83.4
2025-09-07,Broyage,Casablanca,354.7,5.8,98.39,83.06,86.5,97.6,0,0,0,2618.95,0.0,4.31,84.1
2025-09-07,Convoyage,Tanger,530.8,6.0,98.88,91.13,96.4,95.6,0,0,0,1010.31,0.0,1.13,78.7
2025-09-08,Pomperie,Casablanca,394.6,5.7,98.58,82.92,87.8,95.8,0,1,0,1994.06,0.0,2.23,73.1
2025-09-08,Air comprimé,Tanger,478.4,4.5,99.07,91.58,95.5,96.8,2,0,0,4065.28,0.0,2.98,90.0
2025-09-08,Ventilation,Casablanca,541.0,6.0,98.9,93.82,96.9,97.9,0,0,0,1379.04,0.0,1.64,73.0
2025-09-08,Broyage,Casablanca,394.2,3.7,99.07,89.02,93.5,96.1,0,0,0,4674.31,0.0,4.12,95.1
2025-09-08,Convoyage,Tanger,499.1,5.3,98.95,86.07,90.7,95.9,0,1,0,894.68,0.0,1.21,75.2
2025-09-09,Pomperie,Casablanca,351.0,4.7,98.68,89.71,95.0,95.7,0,0,0,2009.91,0.0,2.83,90.5
2025-09-09,Air comprimé,Tanger,417.1,8.1,98.1,87.29,90.8,98.0,0,1,0,5504.48,0.0,2.64,78.1
2025-09-09,Ventilation,Casablanca,516.5,9.0,98.29,92.75,98.3,96.0,0,0,0,1176.55,0.0,0.82,68.9
2025-09-09,Broyage,Casablanca,395.0,5.1,98.73,85.7,89.4,97.1,0,0,0,3938.4,0.0,3.93,95.2
2025-09-09,Convoyage,Tanger,479.7,4.6,99.05,84.9,90.7,94.5,0,0,0,948.9,0.0,1.76,96.7
2025-09-10,Pomperie,Casablanca,396.4,5.7,98.58,85.24,89.7,96.4,0,0,0,2774.17,0.0,1.55,89.3
2025-09-10,Air comprimé,Tanger,443.0,8.1,98.2,96.14,97.8,100.1,0,0,0,5023.6,0.0,3.49,82.0
2025-09-10,Ventilation,Casablanca,546.5,7.4,98.66,93.06,94.7,99.6,0,0,0,1311.67,0.0,2.11,59.3
2025-09-10,Broyage,Casablanca,384.8,7.5,98.09,91.53,95.9,97.3,0,0,1,2801.03,6888.75,3.98,83.4
2025-09-10,Convoyage,Tanger,457.7,7.6,98.37,87.16,92.2,96.1,0,0,0,504.91,0.0,1.37,78.3
2025-09-11,Pomperie,Casablanca,403.0,3.8,99.07,94.54,99.2,96.2,0,0,0,2797.49,0.0,2.39,90.4
2025-09-11,Air comprimé,Tanger,426.6,6.0,98.61,86.93,89.5,98.5,0,0,0,4292.74,0.0,2.93,83.1
2025-09-11,Ventilation,Casablanca,535.6,4.9,99.09,86.93,89.7,97.8,1,0,0,1334.99,0.0,1.83,94.1
2025-09-11,Broyage,Casablanca,339.2,3.8,98.89,86.39,90.9,96.1,0,1,0,3626.94,0.0,4.32,76.3
2025-09-11,Convoyage,Tanger,470.3,7.3,98.47,85.32,89.7,96.6,0,0,0,750.2,0.0,1.76,82.8
2025-09-12,Pomperie,Casablanca,377.9,6.8,98.23,91.73,94.9,98.4,1,1,1,1916.41,5494.55,2.44,91.2
2025-09-12,Air comprimé,Tanger,496.5,9.7,98.08,92.56,96.3,98.0,0,0,1,3588.56,4729.71,2.99,84.2
2025-09-12,Ventilation,Casablanca,528.9,4.6,99.14,88.59,90.9,98.3,0,1,0,788.21,0.0,2.57,82.4
2025-09-12,Broyage,Casablanca,408.5,5.5,98.67,87.33,92.2,96.0,0,0,2,3917.26,7068.76,4.48,81.3
2025-09-12,Convoyage,Tanger,492.8,3.1,99.37,86.09,91.2,95.0,0,2,1,523.75,3912.68,0.67,63.6
2025-09-13,Pomperie,Casablanca,407.5,7.4,98.22,91.51,94.3,98.8,0,0,0,1900.2,0.0,2.8,80.9
2025-09-13,Air comprimé,Tanger,475.6,9.0,98.14,87.55,91.5,97.5,0,0,1,4347.73,2539.46,2.68,75.1
2025-09-13,Ventilation,Casablanca,537.0,8.9,98.37,86.88,91.9,96.1,2,0,0,1187.44,0.0,1.96,77.4
2025-09-13,Broyage,Casablanca,379.1,5.0,98.7,90.21,95.4,95.8,0,0,0,4379.06,0.0,4.26,92.0
2025-09-13,Convoyage,Tanger,459.3,9.0,98.08,88.34,92.0,97.9,0,0,0,729.99,0.0,1.22,80.9
2025-09-14,Pomperie,Casablanca,402.7,2.5,99.38,95.9,100.1,96.4,0,0,0,3962.87,0.0,2.38,90.7
2025-09-14,Air comprimé,Tanger,458.3,8.4,98.2,92.11,96.7,97.0,0,0,0,4880.21,0.0,3.18,76.6
2025-09-14,Ventilation,Casablanca,602.3,5.5,99.1,91.08,93.4,98.4,2,0,0,1207.31,0.0,1.4,82.9
2025-09-14,Broyage,Casablanca,351.6,4.4,98.76,95.24,98.5,97.9,0,0,0,4842.88,0.0,4.29,88.7
2025-09-14,Convoyage,Tanger,492.7,5.7,98.86,86.7,92.9,94.4,0,0,0,763.38,0.0,1.18,81.9
2025-09-15,Pomperie,Casablanca,379.7,7.4,98.09,82.52,86.2,97.6,0,0,0,2321.44,0.0,2.19,84.1
2025-09-15,Air comprimé,Tanger,432.1,8.0,98.18,88.88,94.3,96.0,1,0,0,4608.46,0.0,2.95,72.2
2025-09-15,Ventilation,Casablanca,543.2,7.6,98.62,88.16,95.3,93.8,0,0,0,1223.31,0.0,1.02,75.6
2025-09-15,Broyage,Casablanca,393.1,5.3,98.67,84.31,89.1,95.9,0,0,0,4618.66,0.0,3.64,75.9
2025-09-15,Convoyage,Tanger,467.4,6.6,98.61,87.43,91.4,97.0,1,1,2,640.96,12482.92,1.52,80.9
2025-09-16,Pomperie,Casablanca,384.2,6.2,98.41,86.97,91.3,96.8,0,0,0,2063.97,0.0,2.31,71.6
2025-09-16,Air comprimé,Tanger,407.8,8.2,98.03,87.49,92.1,96.9,0,0,0,3760.74,0.0,2.6,89.4
2025-09-16,Ventilation,Casablanca,512.0,5.8,98.88,89.16,92.2,97.8,0,1,0,1485.5,0.0,2.48,83.4
2025-09-16,Broyage,Casablanca,397.7,0.5,99.87,87.02,90.2,96.6,3,1,0,4569.52,0.0,3.76,81.0
2025-09-16,Convoyage,Tanger,485.0,5.7,98.84,85.14,86.4,99.7,0,1,0,982.24,0.0,0.65,80.9
2025-09-17,Pomperie,Casablanca,407.1,3.3,99.2,92.13,94.0,98.8,1,0,0,3665.45,0.0,2.47,72.8
2025-09-17,Air comprimé,Tanger,456.0,8.0,98.28,90.76,95.4,96.8,1,1,1,4131.17,4793.4,3.57,61.5
2025-09-17,Ventilation,Casablanca,537.1,5.5,98.99,88.69,91.8,97.6,0,0,0,1114.1,0.0,1.47,82.9
2025-09-17,Broyage,Casablanca,312.7,4.9,98.46,87.4,90.3,98.3,1,0,0,5957.92,0.0,4.15,84.8
2025-09-17,Convoyage,Tanger,550.0,4.7,99.15,90.96,94.0,97.6,0,0,0,778.57,0.0,1.6,95.3
2025-09-18,Pomperie,Casablanca,460.3,2.9,99.37,92.06,96.0,96.5,0,0,1,3404.35,5922.8,2.93,85.9
2025-09-18,Air comprimé,Tanger,464.1,10.3,97.83,91.1,96.3,96.7,0,0,1,2265.1,6267.13,2.68,75.0
2025-09-18,Ventilation,Casablanca,528.3,12.4,97.71,87.12,92.4,96.5,2,2,0,893.67,0.0,1.46,88.1
2025-09-18,Broyage,Casablanca,356.0,5.3,98.53,84.6,90.0,95.4,0,0,0,5304.87,0.0,4.71,75.8
2025-09-18,Convoyage,Tanger,476.3,4.8,99.0,92.43,94.4,98.9,0,0,0,1173.68,0.0,1.73,90.9
2025-09-19,Pomperie,Casablanca,358.5,4.5,98.76,95.04,98.0,98.2,0,0,0,1144.94,0.0,2.31,88.6
2025-09-19,Air comprimé,Tanger,442.4,7.2,98.4,91.52,95.1,97.8,0,0,0,2268.5,0.0,3.23,82.7
2025-09-19,Ventilation,Casablanca,480.4,5.0,98.97,91.01,95.1,96.7,0,0,0,707.09,0.0,2.23,75.5
2025-09-19,Broyage,Casablanca,376.5,5.8,98.48,90.49,91.7,100.2,0,1,0,3934.12,0.0,3.62,82.1
2025-09-19,Convoyage,Tanger,445.2,6.4,98.58,86.13,91.2,95.8,0,0,1,1116.28,3679.93,0.68,85.7
2025-09-20,Pomperie,Casablanca,426.0,5.0,98.84,92.47,94.6,98.9,0,0,0,3775.83,0.0,2.58,74.7
2025-09-20,Air comprimé,Tanger,432.1,4.5,98.97,84.62,90.1,94.9,0,0,0,3969.62,0.0,3.02,80.6
2025-09-20,Ventilation,Casablanca,522.2,8.9,98.32,93.98,95.4,100.2,0,0,0,639.15,0.0,1.25,82.3
2025-09-20,Broyage,Casablanca,385.6,6.6,98.32,89.39,95.4,95.3,0,0,1,2890.39,5651.17,4.07,81.9
2025-09-20,Convoyage,Tanger,518.2,8.2,98.44,85.83,88.7,98.3,0,0,0,863.6,0.0,0.61,73.0
2025-09-21,Pomperie,Casablanca,509.4,5.2,98.99,89.53,92.2,98.1,0,1,0,2234.21,0.0,2.23,74.8
2025-09-21,Air comprimé,Tanger,445.6,4.6,98.98,88.3,91.4,97.6,1,0,0,4684.61,0.0,3.29,69.9
2025-09-21,Ventilation,Casablanca,500.8,9.4,98.16,89.79,94.3,97.0,0,0,1,1454.71,6175.89,2.19,72.5
2025-09-21,Broyage,Casablanca,391.9,4.3,98.91,91.92,96.8,96.0,0,0,0,5159.96,0.0,4.78,90.7
2025-09-21,Convoyage,Tanger,473.9,9.1,98.12,90.04,94.8,96.8,0,0,0,1219.4,0.0,1.07,83.6
2025-09-22,Pomperie,Casablanca,425.6,5.9,98.63,85.0,89.4,96.4,0,0,0,3419.8,0.0,2.39,93.9
2025-09-22,Air comprimé,Tanger,422.9,8.2,98.1,82.65,86.5,97.4,0,0,1,3691.33,2764.65,3.52,74.0
2025-09-22,Ventilation,Casablanca,544.8,4.6,99.16,92.24,93.3,99.7,1,0,1,1517.09,2220.63,1.19,70.9
2025-09-22,Broyage,Casablanca,369.2,4.7,98.74,84.87,87.0,98.8,0,0,0,4348.19,0.0,4.22,74.2
2025-09-22,Convoyage,Tanger,471.8,4.7,99.01,87.83,92.5,95.9,0,0,0,1339.12,0.0,1.6,81.5
2025-09-23,Pomperie,Casablanca,416.7,2.4,99.43,90.58,94.4,96.5,0,1,0,3401.13,0.0,3.04,97.1
2025-09-23,Air comprimé,Tanger,406.4,8.2,98.02,91.85,96.9,96.7,0,0,2,2776.68,10346.03,2.65,89.8
2025-09-23,Ventilation,Casablanca,503.6,7.3,98.57,89.8,94.8,96.1,0,0,0,1630.12,0.0,2.28,74.7
2025-09-23,Broyage,Casablanca,377.4,2.3,99.39,92.07,95.9,96.6,0,0,0,3165.16,0.0,3.71,85.5
2025-09-23,Convoyage,Tanger,512.4,4.1,99.21,91.9,95.2,97.3,0,1,0,814.14,0.0,2.12,89.7
2025-09-24,Pomperie,Casablanca,418.3,3.4,99.19,92.75,96.9,96.5,0,0,0,1857.64,0.0,2.62,87.2
2025-09-24,Air comprimé,Tanger,475.2,2.7,99.44,92.21,95.2,97.4,0,0,0,4682.22,0.0,3.12,80.6
2025-09-24,Ventilation,Casablanca,555.9,5.8,98.97,92.01,92.6,100.4,0,2,0,817.74,0.0,1.45,73.3
2025-09-24,Broyage,Casablanca,345.5,4.5,98.71,91.06,95.5,96.6,0,0,2,3281.2,10707.27,4.1,81.9
2025-09-24,Convoyage,Tanger,498.0,6.8,98.65,94.89,96.0,100.2,0,0,0,918.62,0.0,1.61,85.5
2025-09-25,Pomperie,Casablanca,442.2,4.1,99.08,91.06,92.0,99.9,0,1,0,2318.63,0.0,2.15,77.2
2025-09-25,Air comprimé,Tanger,464.4,4.4,99.06,93.3,97.7,96.4,1,0,0,5337.98,0.0,2.97,79.1
2025-09-25,Ventilation,Casablanca,483.8,9.2,98.13,94.81,99.6,97.0,0,0,0,712.31,0.0,1.79,82.4
2025-09-25,Broyage,Casablanca,349.4,1.9,99.46,87.46,91.5,96.1,0,0,1,3031.02,4779.94,4.64,72.2
2025-09-25,Convoyage,Tanger,495.8,5.1,98.98,92.16,95.4,97.6,0,0,0,1087.78,0.0,1.42,90.9
2025-09-26,Pomperie,Casablanca,370.8,4.7,98.75,93.54,99.4,95.3,0,0,0,2777.08,0.0,2.08,82.6
2025-09-26,Air comprimé,Tanger,448.7,4.4,99.03,86.66,87.6,99.9,0,1,0,4848.17,0.0,3.28,81.4
2025-09-26,Ventilation,Casablanca,563.4,6.8,98.81,89.19,92.2,97.9,0,0,0,748.24,0.0,1.44,86.7
2025-09-26,Broyage,Casablanca,396.5,2.4,99.4,90.53,93.6,97.3,0,1,0,4528.93,0.0,4.22,75.6
2025-09-26,Convoyage,Tanger,460.4,9.6,97.96,83.9,91.6,93.5,1,1,0,1059.25,0.0,0.73,79.4
2025-09-27,Pomperie,Casablanca,385.0,3.9,99.0,90.19,96.5,94.4,0,0,0,1922.25,0.0,2.58,82.4
2025-09-27,Air comprimé,Tanger,448.0,8.7,98.1,84.96,90.5,95.7,0,1,0,1700.8,0.0,3.27,85.8
2025-09-27,Ventilation,Casablanca,467.0,5.1,98.92,90.03,95.2,95.6,1,0,0,1300.68,0.0,1.79,78.0
2025-09-27,Broyage,Casablanca,396.6,4.1,98.98,88.7,92.2,97.2,0,1,0,3061.05,0.0,3.94,79.3
2025-09-27,Convoyage,Tanger,463.6,6.4,98.64,90.39,93.6,97.9,3,0,0,981.89,0.0,1.99,77.5
2025-09-28,Pomperie,Casablanca,385.8,5.8,98.52,90.8,96.3,95.7,0,0,0,3447.51,0.0,2.26,76.4
2025-09-28,Air comprimé,Tanger,427.5,6.3,98.55,95.13,98.7,97.8,0,0,0,4077.21,0.0,2.89,76.3
2025-09-28,Ventilation,Casablanca,484.8,9.6,98.06,84.7,91.6,94.3,0,0,0,866.91,0.0,1.84,87.5
2025-09-28,Broyage,Casablanca,381.2,7.2,98.15,87.33,92.2,96.5,0,0,0,4401.5,0.0,4.14,69.9
2025-09-28,Convoyage,Tanger,520.8,5.4,98.97,85.6,90.0,96.1,0,0,0,1031.31,0.0,1.47,55.9
2025-09-29,Pomperie,Casablanca,396.7,4.5,98.88,86.17,89.2,97.7,0,0,2,2527.23,13528.91,1.75,76.8
2025-09-29,Air comprimé,Tanger,508.9,7.6,98.53,89.19,93.8,96.5,0,0,0,1081.0,0.0,2.52,83.0
2025-09-29,Ventilation,Casablanca,548.0,6.5,98.83,88.47,90.7,98.7,0,0,0,931.83,0.0,2.1,68.8
2025-09-29,Broyage,Casablanca,348.5,5.3,98.5,89.73,94.3,96.6,0,0,0,4452.07,0.0,3.89,81.1
2025-09-29,Convoyage,Tanger,472.8,4.9,98.97,87.76,91.6,96.8,2,0,0,388.66,0.0,1.34,82.4
2025-09-30,Pomperie,Casablanca,425.1,6.3,98.54,91.76,97.3,95.7,0,1,2,3135.17,10070.84,3.36,84.4
2025-09-30,Air comprimé,Tanger,467.8,4.2,99.11,85.89,88.7,97.7,0,0,0,3893.81,0.0,3.19,71.3
2025-09-30,Ventilation,Casablanca,467.6,3.9,99.17,85.26,89.0,96.6,0,0,0,1463.81,0.0,2.27,96.3
2025-09-30,Broyage,Casablanca,344.1,2.2,99.36,90.4,93.6,97.2,0,0,0,6006.65,0.0,4.55,99.6
2025-09-30,Convoyage,Tanger,526.9,6.0,98.87,91.87,95.6,97.2,1,0,1,1047.93,2686.9,1.63,91.9
2025-10-01,Pomperie,Casablanca,392.5,4.6,98.84,85.54,88.4,97.9,0,1,0,2872.38,0.0,2.25,79.9
2025-10-01,Air comprimé,Tanger,444.1,5.1,98.86,87.9,91.1,97.6,0,0,0,2537.94,0.0,3.36,77.4
2025-10-01,Ventilation,Casablanca,495.1,8.3,98.35,92.43,95.9,98.0,0,0,1,1303.37,2909.67,1.77,80.2
2025-10-01,Broyage,Casablanca,335.2,8.6,97.5,89.07,93.5,97.7,0,0,0,5142.78,0.0,3.72,88.3
2025-10-01,Convoyage,Tanger,442.1,6.0,98.66,96.5,98.6,99.2,0,0,0,691.72,0.0,1.59,81.5
2025-10-02,Pomperie,Casablanca,489.1,5.8,98.83,92.68,95.4,98.3,1,0,0,4055.78,0.0,2.29,84.2
2025-10-02,Air comprimé,Tanger,512.1,4.2,99.19,90.74,96.3,95.0,0,1,0,2382.73,0.0,3.18,74.5
2025-10-02,Ventilation,Casablanca,520.1,9.4,98.22,92.42,96.9,97.1,3,0,0,786.25,0.0,1.53,95.6
2025-10-02,Broyage,Casablanca,377.5,4.9,98.72,95.38,99.5,97.1,0,0,0,4809.18,0.0,4.36,90.0
2025-10-02,Convoyage,Tanger,479.3,4.6,99.05,86.85,92.3,95.0,0,1,0,935.8,0.0,1.29,70.7
2025-10-03,Pomperie,Casablanca,394.5,5.5,98.62,91.46,96.5,96.1,0,0,0,2418.34,0.0,2.91,84.0
2025-10-03,Air comprimé,Tanger,455.3,3.7,99.19,94.37,96.2,98.9,0,0,0,3928.35,0.0,3.29,90.1
2025-10-03,Ventilation,Casablanca,506.2,8.0,98.44,92.53,96.7,97.2,0,0,0,1686.2,0.0,1.47,91.9
2025-10-03,Broyage,Casablanca,443.0,4.2,99.06,85.41,88.8,97.1,0,0,0,3410.7,0.0,4.23,87.0
2025-10-03,Convoyage,Tanger,433.8,8.7,98.03,86.89,95.0,93.3,0,0,0,990.46,0.0,1.32,82.9
2025-10-04,Pomperie,Casablanca,411.2,3.4,99.18,91.94,94.3,98.3,0,0,2,1842.66,3218.08,2.06,100
2025-10-04,Air comprimé,Tanger,439.8,5.9,98.68,79.89,84.6,95.7,2,0,0,2297.1,0.0,3.82,70.2
2025-10-04,Ventilation,Casablanca,476.8,5.7,98.82,91.5,94.1,98.4,0,1,0,1359.03,0.0,1.33,81.5
2025-10-04,Broyage,Casablanca,407.3,7.1,98.29,92.58,97.3,96.8,0,0,0,4406.4,0.0,3.8,84.2
2025-10-04,Convoyage,Tanger,457.5,2.1,99.54,90.2,93.9,96.5,0,0,0,909.18,0.0,0.95,89.2
2025-10-05,Pomperie,Casablanca,454.0,3.9,99.15,90.14,95.5,95.2,1,0,0,2651.93,0.0,1.78,71.6
2025-10-05,Air comprimé,Tanger,412.5,7.7,98.17,86.59,90.1,97.9,1,0,0,3323.5,0.0,2.73,81.5
2025-10-05,Ventilation,Casablanca,547.6,9.5,98.29,91.34,96.6,96.2,0,0,0,856.64,0.0,1.76,81.3
2025-10-05,Broyage,Casablanca,359.6,1.8,99.5,82.84,88.2,94.4,0,0,0,4164.37,0.0,3.96,80.3
2025-10-05,Convoyage,Tanger,473.7,6.3,98.69,86.73,89.4,98.3,0,0,0,1108.01,0.0,1.8,85.2
2025-10-06,Pomperie,Casablanca,433.1,3.6,99.18,89.73,91.2,99.2,0,0,0,2546.25,0.0,2.91,83.9
2025-10-06,Air comprimé,Tanger,442.2,4.2,99.06,88.18,91.3,97.5,1,0,0,3396.36,0.0,2.91,74.5
2025-10-06,Ventilation,Casablanca,496.0,3.3,99.34,86.09,89.9,96.4,0,0,0,1524.66,0.0,1.41,74.5
2025-10-06,Broyage,Casablanca,365.9,5.1,98.63,86.92,89.2,98.8,0,0,0,4482.81,0.0,4.35,79.5
2025-10-06,Convoyage,Tanger,488.4,8.6,98.27,84.28,87.6,97.9,0,0,0,760.87,0.0,2.21,65.8
2025-10-07,Pomperie,Casablanca,424.8,6.7,98.45,85.68,91.8,94.8,0,0,0,2505.57,0.0,3.14,86.1
2025-10-07,Air comprimé,Tanger,446.1,9.7,97.87,91.03,93.1,99.9,1,0,0,2388.37,0.0,2.52,90.2
2025-10-07,Ventilation,Casablanca,503.8,10.3,98.0,85.93,90.4,97.0,0,0,0,1185.96,0.0,1.27,82.6
2025-10-07,Broyage,Casablanca,424.5,6.7,98.45,85.62,90.4,96.2,0,0,0,3700.96,0.0,4.13,84.7
2025-10-07,Convoyage,Tanger,442.1,2.1,99.53,88.74,92.3,96.6,0,0,0,876.49,0.0,1.47,73.9
2025-10-08,Pomperie,Casablanca,397.9,8.3,97.96,87.76,91.7,97.7,0,0,0,1664.99,0.0,3.32,63.5
2025-10-08,Air comprimé,Tanger,449.2,5.6,98.77,85.31,87.6,98.6,0,1,0,2914.52,0.0,3.32,76.4
2025-10-08,Ventilation,Casablanca,456.6,4.6,99.0,87.44,90.4,97.7,1,0,2,762.18,8743.06,1.72,80.8
2025-10-08,Broyage,Casablanca,398.6,3.5,99.13,87.4,93.1,94.7,0,0,1,3386.94,2117.63,4.18,82.7
2025-10-08,Convoyage,Tanger,513.9,5.1,99.02,86.23,91.0,95.7,0,0,0,847.18,0.0,1.68,78.5
2025-10-09,Pomperie,Casablanca,387.7,6.1,98.45,87.88,92.5,96.5,1,0,0,2470.94,0.0,1.86,90.6
2025-10-09,Air comprimé,Tanger,458.9,7.6,98.37,90.78,93.4,98.8,0,0,0,4102.26,0.0,2.49,90.5
2025-10-09,Ventilation,Casablanca,555.1,4.3,99.23,91.77,93.7,98.7,0,0,0,1605.46,0.0,1.93,76.8
2025-10-09,Broyage,Casablanca,391.5,4.3,98.91,93.73,96.5,98.2,0,0,2,3609.55,15767.92,3.96,76.9
2025-10-09,Convoyage,Tanger,475.9,6.2,98.71,89.18,95.5,94.6,1,0,0,755.39,0.0,2.34,71.3
2025-10-10,Pomperie,Casablanca,377.7,2.1,99.45,88.73,91.6,97.4,0,0,0,1682.79,0.0,2.26,74.5
2025-10-10,Air comprimé,Tanger,441.0,7.5,98.33,87.24,93.0,95.4,3,0,0,2224.94,0.0,2.75,80.6
2025-10-10,Ventilation,Casablanca,525.5,2.6,99.51,90.8,93.2,97.9,2,0,0,1243.86,0.0,2.58,81.3
2025-10-10,Broyage,Casablanca,357.4,3.8,98.95,87.27,91.3,96.6,0,1,1,5018.36,3162.47,4.86,87.4
2025-10-10,Convoyage,Tanger,479.1,9.9,97.98,90.75,94.8,97.7,0,1,0,1005.74,0.0,1.33,84.3
2025-10-11,Pomperie,Casablanca,393.3,4.7,98.82,89.55,96.1,94.3,2,0,1,2969.01,4593.35,2.29,84.9
2025-10-11,Air comprimé,Tanger,448.4,3.0,99.34,85.98,87.6,98.8,0,0,0,2831.7,0.0,2.79,86.9
2025-10-11,Ventilation,Casablanca,559.9,11.9,97.92,82.66,85.7,98.5,2,0,0,1726.37,0.0,1.81,86.2
2025-10-11,Broyage,Casablanca,318.3,4.5,98.61,85.97,88.6,98.4,0,0,0,5330.39,0.0,4.28,78.5
2025-10-11,Convoyage,Tanger,521.7,3.2,99.39,92.5,94.2,98.8,0,0,0,899.63,0.0,1.48,82.4
2025-10-12,Pomperie,Casablanca,422.1,5.2,98.78,84.76,89.1,96.3,1,0,0,3172.79,0.0,2.13,76.6
2025-10-12,Air comprimé,Tanger,467.2,3.1,99.34,91.06,94.7,96.8,0,0,1,2314.25,1564.38,2.38,94.1
2025-10-12,Ventilation,Casablanca,484.5,9.0,98.18,86.88,91.8,96.4,0,2,0,1153.49,0.0,1.13,89.6
2025-10-12,Broyage,Casablanca,415.4,5.4,98.72,93.03,94.8,99.4,0,0,0,5362.08,0.0,4.73,87.9
2025-10-12,Convoyage,Tanger,491.3,6.0,98.79,88.12,93.4,95.5,0,0,0,940.41,0.0,0.97,87.3
2025-10-13,Pomperie,Casablanca,394.2,6.7,98.33,90.69,97.5,94.6,0,0,1,1415.55,1878.33,1.8,79.5
2025-10-13,Air comprimé,Tanger,446.9,6.2,98.63,86.63,88.1,99.7,0,1,0,2191.7,0.0,2.75,83.6
2025-10-13,Ventilation,Casablanca,442.3,3.3,99.26,91.25,94.0,97.8,0,1,0,973.35,0.0,1.53,82.5
2025-10-13,Broyage,Casablanca,405.5,6.3,98.47,86.01,88.5,98.7,0,0,1,4866.33,6193.6,3.53,69.5
2025-10-13,Convoyage,Tanger,466.6,5.2,98.9,87.32,89.0,99.2,0,0,0,1356.51,0.0,1.82,69.1
2025-10-14,Pomperie,Casablanca,375.3,4.0,98.95,92.96,94.9,99.0,0,0,0,3630.49,0.0,1.78,90.4
2025-10-14,Air comprimé,Tanger,464.5,7.7,98.37,89.39,93.2,97.5,0,1,0,3530.17,0.0,3.56,70.1
2025-10-14,Ventilation,Casablanca,554.4,8.9,98.42,92.41,96.9,96.9,0,0,0,1295.83,0.0,1.63,87.8
2025-10-14,Broyage,Casablanca,377.6,3.5,99.08,92.73,95.4,98.1,0,0,0,2981.78,0.0,4.3,78.1
2025-10-14,Convoyage,Tanger,456.8,5.5,98.81,85.83,90.2,96.3,3,1,0,969.83,0.0,0.54,79.9
2025-10-15,Pomperie,Casablanca,401.8,5.5,98.65,92.63,96.5,97.3,0,1,0,1532.6,0.0,2.37,88.4
2025-10-15,Air comprimé,Tanger,473.4,8.7,98.2,91.59,94.4,98.8,0,0,0,2964.21,0.0,2.67,88.4
2025-10-15,Ventilation,Casablanca,544.3,8.0,98.55,91.45,94.4,98.3,0,0,0,840.31,0.0,1.98,81.9
2025-10-15,Broyage,Casablanca,295.9,2.7,99.1,89.8,92.0,98.5,0,0,0,4073.26,0.0,4.84,84.5
2025-10-15,Convoyage,Tanger,464.9,6.7,98.58,86.55,94.0,93.4,0,0,1,842.63,6348.62,1.07,70.9
2025-10-16,Pomperie,Casablanca,405.4,5.8,98.59,93.24,97.8,96.7,0,0,0,2843.55,0.0,2.98,75.1
2025-10-16,Air comprimé,Tanger,419.1,3.0,99.29,87.08,93.3,94.0,0,0,0,3728.2,0.0,2.8,90.3
2025-10-16,Ventilation,Casablanca,511.1,6.2,98.8,85.57,88.2,98.2,0,0,0,1850.07,0.0,2.0,75.1
2025-10-16,Broyage,Casablanca,357.8,3.8,98.95,87.08,88.8,99.1,1,0,0,2982.81,0.0,4.03,77.1
2025-10-16,Convoyage,Tanger,486.8,4.3,99.12,94.51,97.3,98.0,0,0,0,797.3,0.0,1.35,70.9
2025-10-17,Pomperie,Casablanca,451.4,2.6,99.43,87.09,92.3,94.9,0,0,0,3227.98,0.0,2.7,79.4
2025-10-17,Air comprimé,Tanger,465.8,4.3,99.09,96.43,98.6,98.7,0,0,0,2273.15,0.0,3.61,77.5
2025-10-17,Ventilation,Casablanca,565.5,6.6,98.85,84.78,90.0,95.3,0,0,0,736.99,0.0,1.47,78.9
2025-10-17,Broyage,Casablanca,335.3,3.6,98.94,89.46,93.7,96.5,0,1,0,4063.38,0.0,4.3,88.4
2025-10-17,Convoyage,Tanger,494.7,3.1,99.38,90.99,94.2,97.2,0,0,0,982.61,0.0,1.47,89.4
2025-10-18,Pomperie,Casablanca,407.4,7.1,98.29,90.84,94.6,97.7,0,0,0,2645.24,0.0,2.44,80.4
2025-10-18,Air comprimé,Tanger,430.4,7.3,98.33,90.36,93.1,98.7,1,0,0,4274.85,0.0,2.84,74.0
2025-10-18,Ventilation,Casablanca,535.1,10.3,98.11,84.08,87.9,97.5,0,0,0,1722.93,0.0,1.4,97.8
2025-10-18,Broyage,Casablanca,381.5,1.7,99.56,96.85,96.6,100.7,0,0,0,4539.29,0.0,4.1,92.0
2025-10-18,Convoyage,Tanger,529.8,3.9,99.27,89.78,92.0,98.3,0,0,0,1236.82,0.0,1.24,78.9
2025-10-19,Pomperie,Casablanca,453.4,5.3,98.84,91.36,94.9,97.4,2,0,0,2597.55,0.0,2.5,85.4
2025-10-19,Air comprimé,Tanger,409.8,4.9,98.82,86.85,93.6,93.9,0,0,0,3449.87,0.0,3.29,90.1
2025-10-19,Ventilation,Casablanca,520.9,6.5,98.77,86.15,92.4,94.4,1,1,0,1388.96,0.0,2.28,78.8
2025-10-19,Broyage,Casablanca,334.9,6.0,98.24,91.58,96.0,97.1,0,0,0,5052.73,0.0,4.33,86.2
2025-10-19,Convoyage,Tanger,448.7,11.7,97.46,91.56,99.0,94.9,0,0,0,1143.09,0.0,1.65,81.6
2025-10-20,Pomperie,Casablanca,428.2,2.7,99.37,85.42,88.8,96.8,0,1,0,2435.97,0.0,3.03,79.8
2025-10-20,Air comprimé,Tanger,497.7,5.1,98.99,90.09,95.0,95.8,0,0,0,2042.41,0.0,2.54,80.8
2025-10-20,Ventilation,Casablanca,544.1,5.4,99.02,86.79,91.3,96.0,0,0,2,1033.89,3857.71,1.85,66.0
2025-10-20,Broyage,Casablanca,419.2,4.7,98.89,88.31,94.6,94.4,1,1,0,2773.86,0.0,4.17,91.5
2025-10-20,Convoyage,Tanger,509.3,5.5,98.93,90.34,92.8,98.4,1,0,0,1330.26,0.0,1.81,76.9
2025-10-21,Pomperie,Casablanca,365.8,6.2,98.33,89.43,92.9,97.9,2,0,0,2380.9,0.0,3.31,75.2
2025-10-21,Air comprimé,Tanger,422.7,6.0,98.6,94.5,97.5,98.3,0,0,0,2476.43,0.0,2.78,82.9
2025-10-21,Ventilation,Casablanca,535.5,7.9,98.55,88.94,94.8,95.2,0,0,1,1361.6,4242.15,1.92,77.9
2025-10-21,Broyage,Casablanca,271.9,6.8,97.56,88.28,93.0,97.3,2,0,0,2354.81,0.0,4.17,92.0
2025-10-21,Convoyage,Tanger,510.3,5.4,98.95,91.35,94.2,98.0,2,1,0,842.47,0.0,0.81,86.9
2025-10-22,Pomperie,Casablanca,402.0,8.4,97.95,90.23,93.9,98.1,2,0,0,1762.62,0.0,1.87,65.1
2025-10-22,Air comprimé,Tanger,439.6,6.2,98.61,90.78,95.3,96.6,0,0,0,4242.92,0.0,2.64,86.4
2025-10-22,Ventilation,Casablanca,502.3,5.9,98.84,89.45,93.3,97.0,0,0,0,892.02,0.0,1.72,82.6
2025-10-22,Broyage,Casablanca,322.2,5.6,98.29,85.99,90.1,97.1,0,0,0,1994.81,0.0,3.88,79.1
2025-10-22,Convoyage,Tanger,440.4,6.2,98.61,80.72,85.9,95.3,1,0,0,1027.36,0.0,1.35,58.5
2025-10-23,Pomperie,Casablanca,438.9,5.3,98.81,88.24,91.5,97.6,0,2,0,2253.0,0.0,2.53,74.9
2025-10-23,Air comprimé,Tanger,476.0,10.3,97.88,91.03,94.9,98.0,0,0,0,3896.29,0.0,2.37,76.2
2025-10-23,Ventilation,Casablanca,529.6,4.6,99.14,89.48,92.0,98.1,0,0,0,1646.67,0.0,1.69,92.6
2025-10-23,Broyage,Casablanca,360.9,4.2,98.85,91.29,95.7,96.5,0,0,0,4503.18,0.0,4.14,72.3
2025-10-23,Convoyage,Tanger,421.8,6.6,98.46,86.02,91.1,95.9,0,0,0,601.98,0.0,1.39,76.0
2025-10-24,Pomperie,Casablanca,355.6,4.3,98.81,91.01,93.7,98.3,0,0,0,1485.55,0.0,1.55,81.0
2025-10-24,Air comprimé,Tanger,377.6,6.5,98.31,87.54,90.4,98.5,0,0,0,3827.26,0.0,3.43,78.5
2025-10-24,Ventilation,Casablanca,505.4,6.0,98.83,85.88,90.9,95.6,0,0,0,1027.21,0.0,1.69,82.4
2025-10-24,Broyage,Casablanca,308.2,4.2,98.66,86.24,89.2,98.0,0,0,0,3964.97,0.0,3.84,78.6
2025-10-24,Convoyage,Tanger,439.8,3.3,99.26,88.57,91.8,97.2,0,0,1,905.01,7613.03,1.14,75.4
2025-10-25,Pomperie,Casablanca,374.0,5.4,98.58,94.19,97.6,97.9,0,0,0,1884.23,0.0,3.01,69.2
2025-10-25,Air comprimé,Tanger,510.4,7.6,98.53,87.1,91.7,96.4,2,0,1,3447.7,4369.15,3.25,76.2
2025-10-25,Ventilation,Casablanca,557.4,6.9,98.78,89.48,93.0,97.4,0,1,0,1332.03,0.0,2.03,61.3
2025-10-25,Broyage,Casablanca,356.3,4.8,98.67,92.9,95.3,98.8,0,0,0,4621.16,0.0,4.17,81.4
2025-10-25,Convoyage,Tanger,513.5,5.8,98.88,91.08,93.8,98.2,0,0,0,1128.48,0.0,1.71,71.0
2025-10-26,Pomperie,Casablanca,333.7,4.7,98.61,86.04,89.4,97.6,0,0,1,2091.52,5225.06,2.41,81.0
2025-10-26,Air comprimé,Tanger,487.2,5.0,98.98,91.03,96.3,95.5,0,0,0,3350.59,0.0,2.7,80.5
2025-10-26,Ventilation,Casablanca,573.7,3.0,99.48,90.06,94.4,95.9,0,0,0,1335.17,0.0,2.34,80.4
2025-10-26,Broyage,Casablanca,339.3,4.6,98.66,96.11,98.4,99.0,0,0,1,4356.13,5133.1,3.63,89.5
2025-10-26,Convoyage,Tanger,474.6,7.5,98.44,88.16,92.9,96.4,1,0,0,1005.94,0.0,0.78,82.5
2025-10-27,Pomperie,Casablanca,416.0,5.6,98.67,93.4,98.4,96.2,0,1,0,2545.67,0.0,2.97,89.1
2025-10-27,Air comprimé,Tanger,461.0,5.6,98.8,86.39,90.8,96.3,0,0,0,1888.49,0.0,3.63,71.7
2025-10-27,Ventilation,Casablanca,473.9,8.6,98.22,84.36,90.6,94.8,0,0,0,908.11,0.0,2.09,75.7
2025-10-27,Broyage,Casablanca,315.0,6.3,98.04,92.53,96.9,97.4,0,0,0,2174.12,0.0,4.39,81.5
2025-10-27,Convoyage,Tanger,519.3,6.8,98.71,86.53,90.0,97.4,0,0,0,1175.83,0.0,2.17,83.2
2025-10-28,Pomperie,Casablanca,411.0,8.0,98.09,91.49,94.6,98.6,0,0,0,2788.73,0.0,2.65,85.2
2025-10-28,Air comprimé,Tanger,390.7,4.5,98.86,88.55,93.5,95.8,0,1,0,3663.41,0.0,2.32,83.2
2025-10-28,Ventilation,Casablanca,541.9,9.0,98.37,91.89,97.1,96.2,3,2,0,1174.32,0.0,1.94,78.3
2025-10-28,Broyage,Casablanca,311.9,4.0,98.73,92.97,98.6,95.5,0,0,0,3742.86,0.0,4.18,72.6
2025-10-28,Convoyage,Tanger,493.5,8.4,98.33,91.34,94.4,98.4,0,1,0,1311.07,0.0,0.78,74.9
2025-10-29,Pomperie,Casablanca,376.9,5.0,98.69,89.54,95.3,95.2,0,0,0,2979.68,0.0,2.11,85.4
2025-10-29,Air comprimé,Tanger,405.0,8.3,97.99,90.02,95.5,96.2,0,0,1,4228.03,2310.05,3.25,90.8
2025-10-29,Ventilation,Casablanca,478.3,6.3,98.7,93.44,97.4,97.2,0,0,0,1543.34,0.0,1.72,83.8
2025-10-29,Broyage,Casablanca,415.7,4.1,99.02,88.88,93.5,96.0,0,0,0,2674.15,0.0,4.54,77.6
2025-10-29,Convoyage,Tanger,514.4,7.4,98.58,99.05,101.8,98.7,2,0,0,1143.08,0.0,1.68,85.5
2025-10-30,Pomperie,Casablanca,411.4,4.7,98.87,94.08,96.9,98.2,0,0,0,1584.42,0.0,2.42,90.1
2025-10-30,Air comprimé,Tanger,411.8,5.3,98.73,87.92,92.0,96.8,0,0,0,3851.68,0.0,2.75,84.5
2025-10-30,Ventilation,Casablanca,500.1,6.6,98.7,86.17,89.0,98.1,0,0,0,1445.58,0.0,1.68,89.0
2025-10-30,Broyage,Casablanca,336.7,4.1,98.8,87.45,92.1,96.1,1,0,0,1592.81,0.0,3.65,75.5
2025-10-30,Convoyage,Tanger,516.0,4.3,99.17,85.6,88.8,97.2,0,0,0,448.15,0.0,0.84,79.5
2025-10-31,Pomperie,Casablanca,391.8,3.8,99.04,87.97,91.1,97.5,0,0,0,3811.84,0.0,2.18,84.2
2025-10-31,Air comprimé,Tanger,439.5,8.2,98.17,96.8,100.0,98.6,0,0,0,3811.8,0.0,3.55,85.0
2025-10-31,Ventilation,Casablanca,537.1,5.1,99.06,87.97,92.6,95.9,0,0,0,1212.95,0.0,1.22,79.4
2025-10-31,Broyage,Casablanca,406.9,3.7,99.1,86.8,89.1,98.3,0,0,1,3982.13,7275.04,3.86,82.3
2025-10-31,Convoyage,Tanger,464.9,6.7,98.58,84.69,89.3,96.2,0,0,1,1140.35,4021.2,1.85,72.6
2025-11-01,Pomperie,Casablanca,416.5,3.2,99.24,89.68,92.4,97.8,0,0,2,3318.08,13499.63,1.67,79.9
2025-11-01,Air comprimé,Tanger,424.7,4.8,98.88,85.82,90.6,95.8,0,0,1,3796.23,2613.31,2.74,85.5
2025-11-01,Ventilation,Casablanca,528.2,6.9,98.71,91.61,94.7,98.0,1,0,0,1376.34,0.0,1.44,89.0
2025-11-01,Broyage,Casablanca,331.6,4.7,98.6,90.96,95.2,96.9,1,0,0,3557.8,0.0,4.35,81.8
2025-11-01,Convoyage,Tanger,466.1,8.0,98.31,90.98,96.0,96.4,0,0,0,1311.21,0.0,2.25,83.6
2025-11-02,Pomperie,Casablanca,409.4,6.2,98.51,84.75,89.9,95.7,2,1,0,2950.83,0.0,2.28,75.1
2025-11-02,Air comprimé,Tanger,439.6,5.1,98.85,92.81,96.3,97.5,0,1,2,3159.66,8686.51,3.44,85.7
2025-11-02,Ventilation,Casablanca,431.6,11.4,97.43,88.32,91.2,99.4,3,1,0,1082.86,0.0,1.76,66.7
2025-11-02,Broyage,Casablanca,338.5,5.0,98.54,83.44,87.3,97.0,0,0,0,3454.73,0.0,4.03,88.1
2025-11-02,Convoyage,Tanger,471.2,8.6,98.21,84.87,89.0,97.1,0,0,0,764.59,0.0,0.74,72.0
2025-11-03,Pomperie,Casablanca,409.8,5.5,98.68,89.5,93.7,96.8,0,0,1,2606.33,7152.25,3.5,79.9
2025-11-03,Air comprimé,Tanger,471.2,5.6,98.83,85.7,90.9,95.4,0,0,1,2176.6,4710.1,3.14,76.8
2025-11-03,Ventilation,Casablanca,517.7,4.4,99.16,88.96,92.3,97.2,0,0,0,1057.81,0.0,1.74,87.0
2025-11-03,Broyage,Casablanca,297.0,6.1,97.99,90.02,96.5,95.2,3,1,0,4436.3,0.0,4.28,82.8
2025-11-03,Convoyage,Tanger,462.8,8.8,98.13,86.61,93.3,94.6,2,0,0,741.7,0.0,1.72,78.8
2025-11-04,Pomperie,Casablanca,406.8,4.9,98.81,86.38,93.0,94.0,0,2,0,1141.38,0.0,2.89,75.8
2025-11-04,Air comprimé,Tanger,434.4,9.6,97.84,89.5,94.3,97.0,0,0,1,4048.71,5349.79,2.96,84.0
2025-11-04,Ventilation,Casablanca,469.1,7.4,98.45,93.48,96.5,98.4,2,2,0,1352.84,0.0,1.51,83.6
2025-11-04,Broyage,Casablanca,355.7,3.2,99.11,88.65,92.4,96.8,0,0,0,3669.36,0.0,4.42,85.1
2025-11-04,Convoyage,Tanger,455.4,6.1,98.68,91.6,93.2,99.6,0,0,0,1084.14,0.0,1.69,65.6
2025-11-05,Pomperie,Casablanca,397.0,5.1,98.73,85.91,91.6,95.0,0,1,1,2293.24,6482.84,2.73,80.2
2025-11-05,Air comprimé,Tanger,417.1,5.4,98.72,87.03,90.6,97.3,0,0,0,2420.06,0.0,2.6,89.8
2025-11-05,Ventilation,Casablanca,524.2,9.5,98.22,88.5,92.6,97.3,0,1,0,1123.21,0.0,1.6,83.0
2025-11-05,Broyage,Casablanca,365.7,3.6,99.03,84.64,89.4,95.6,0,0,0,4358.84,0.0,3.64,77.1
2025-11-05,Convoyage,Tanger,465.7,5.2,98.9,86.06,91.6,95.0,0,0,0,934.59,0.0,1.89,79.1
2025-11-06,Pomperie,Casablanca,361.0,4.7,98.71,87.67,92.9,95.6,0,0,0,2244.46,0.0,2.38,91.5
2025-11-06,Air comprimé,Tanger,427.2,8.5,98.05,90.15,94.4,97.4,0,0,0,4462.51,0.0,3.29,79.0
2025-11-06,Ventilation,Casablanca,501.2,9.0,98.24,86.91,91.2,97.0,0,0,0,1158.03,0.0,0.5,87.8
2025-11-06,Broyage,Casablanca,359.8,5.7,98.44,87.04,92.3,95.8,0,1,0,3233.0,0.0,4.48,93.2
2025-11-06,Convoyage,Tanger,492.1,11.0,97.81,89.67,95.7,95.8,0,0,0,869.71,0.0,1.65,85.7
2025-11-07,Pomperie,Casablanca,343.0,5.1,98.53,83.42,88.1,96.1,0,2,1,3637.97,6825.27,2.95,80.1
2025-11-07,Air comprimé,Tanger,477.7,6.3,98.7,92.29,95.9,97.5,0,0,0,3626.72,0.0,2.85,71.5
2025-11-07,Ventilation,Casablanca,497.8,8.4,98.34,88.84,94.4,95.7,0,0,1,1434.74,6381.36,1.69,83.0
2025-11-07,Broyage,Casablanca,352.7,5.5,98.46,90.53,94.4,97.4,2,1,0,3461.39,0.0,3.91,84.3
2025-11-07,Convoyage,Tanger,502.8,3.2,99.37,92.63,95.9,97.2,0,0,0,947.28,0.0,1.44,76.0
2025-11-08,Pomperie,Casablanca,369.6,5.1,98.64,87.68,92.3,96.3,1,0,1,2451.41,2922.45,3.07,88.6
2025-11-08,Air comprimé,Tanger,484.1,7.2,98.53,88.55,94.5,95.1,2,0,0,2980.98,0.0,2.86,86.7
2025-11-08,Ventilation,Casablanca,504.4,5.7,98.88,85.09,87.9,97.9,0,1,0,1116.96,0.0,1.64,75.1
2025-11-08,Broyage,Casablanca,414.8,6.1,98.55,87.11,90.2,98.0,0,0,0,4757.37,0.0,4.62,84.0
2025-11-08,Convoyage,Tanger,525.7,5.0,99.06,86.97,90.6,96.9,0,1,0,806.07,0.0,1.7,74.9
2025-11-09,Pomperie,Casablanca,354.7,3.7,98.97,86.08,90.6,96.0,0,0,0,2117.82,0.0,1.75,76.8
2025-11-09,Air comprimé,Tanger,497.3,6.3,98.75,87.46,91.4,96.9,0,0,0,3504.71,0.0,3.31,84.1
2025-11-09,Ventilation,Casablanca,514.1,6.1,98.83,89.66,95.3,95.2,1,0,1,1680.0,2118.87,1.8,76.3
2025-11-09,Broyage,Casablanca,397.1,4.6,98.85,91.19,95.1,97.0,1,0,1,3283.1,5228.26,3.86,87.6
2025-11-09,Convoyage,Tanger,469.1,7.2,98.49,84.12,88.6,96.4,0,0,0,706.63,0.0,1.75,85.8
2025-11-10,Pomperie,Casablanca,394.9,5.4,98.65,89.97,95.3,95.7,0,0,0,3404.3,0.0,2.29,89.6
2025-11-10,Air comprimé,Tanger,433.0,7.0,98.41,86.44,91.4,96.1,0,0,1,2698.32,1620.98,2.75,95.0
2025-11-10,Ventilation,Casablanca,476.1,7.4,98.47,87.28,93.1,95.2,0,0,1,989.05,5296.76,1.87,76.6
2025-11-10,Broyage,Casablanca,330.6,3.8,98.86,88.96,92.2,97.6,0,0,0,4343.77,0.0,4.26,82.8
2025-11-10,Convoyage,Tanger,468.4,3.3,99.3,88.86,95.3,93.9,0,0,2,1214.16,13581.91,1.31,90.5
2025-11-11,Pomperie,Casablanca,411.0,4.7,98.87,92.11,94.1,99.0,1,0,0,3618.87,0.0,3.45,91.3
2025-11-11,Air comprimé,Tanger,498.3,8.5,98.32,91.49,93.9,99.1,0,1,0,4521.29,0.0,3.14,83.0
2025-11-11,Ventilation,Casablanca,469.2,6.1,98.72,89.65,94.7,95.9,0,1,1,1400.29,6152.25,2.29,100
2025-11-11,Broyage,Casablanca,407.6,5.3,98.72,89.09,94.8,95.2,0,0,0,3785.05,0.0,4.38,85.9
2025-11-11,Convoyage,Tanger,465.2,6.9,98.54,89.31,94.9,95.5,0,1,0,1236.21,0.0,1.44,96.8
2025-11-12,Pomperie,Casablanca,383.3,5.4,98.61,92.01,95.8,97.4,2,0,0,2610.46,0.0,2.35,82.5
2025-11-12,Air comprimé,Tanger,452.8,8.9,98.07,86.04,89.8,97.7,0,1,2,4626.51,14161.67,3.29,93.5
2025-11-12,Ventilation,Casablanca,490.0,6.9,98.61,87.17,90.2,98.0,0,0,1,1214.52,7796.44,1.45,78.1
2025-11-12,Broyage,Casablanca,327.4,6.9,97.94,87.53,92.8,96.3,0,0,0,4979.88,0.0,3.89,76.0
2025-11-12,Convoyage,Tanger,493.7,6.2,98.76,84.43,88.5,96.6,0,0,0,207.4,0.0,1.37,82.8
2025-11-13,Pomperie,Casablanca,405.3,6.4,98.45,90.07,92.6,98.8,0,0,0,1874.16,0.0,2.05,79.1
2025-11-13,Air comprimé,Tanger,436.5,6.1,98.62,88.97,93.0,97.0,0,0,0,3770.18,0.0,2.54,96.3
2025-11-13,Ventilation,Casablanca,548.2,7.6,98.63,84.85,93.2,92.3,0,0,0,828.64,0.0,1.77,75.7
2025-11-13,Broyage,Casablanca,378.3,4.4,98.85,96.29,97.9,99.5,0,0,0,3467.17,0.0,3.8,82.9
2025-11-13,Convoyage,Tanger,529.4,5.7,98.93,86.36,88.8,98.3,0,0,0,515.6,0.0,0.94,82.0
2025-11-14,Pomperie,Casablanca,400.3,2.2,99.45,88.58,92.4,96.4,0,0,0,2755.79,0.0,3.26,72.0
2025-11-14,Air comprimé,Tanger,489.4,6.2,98.75,89.55,93.2,97.3,0,0,0,3301.84,0.0,2.97,81.8
2025-11-14,Ventilation,Casablanca,421.3,7.9,98.16,87.23,91.9,96.7,0,1,0,1291.97,0.0,2.49,90.9
2025-11-14,Broyage,Casablanca,376.9,6.5,98.3,87.27,92.0,96.5,0,0,2,3117.18,11428.04,4.69,79.6
2025-11-14,Convoyage,Tanger,425.9,6.1,98.59,88.73,92.5,97.3,0,1,0,669.52,0.0,1.32,80.9
2025-11-15,Pomperie,Casablanca,377.3,5.0,98.69,91.62,96.0,96.7,1,1,0,2604.0,0.0,2.07,88.9
2025-11-15,Air comprimé,Tanger,387.9,3.0,99.23,84.14,87.6,96.8,0,0,1,4262.72,4740.67,3.1,81.9
2025-11-15,Ventilation,Casablanca,503.2,7.7,98.49,88.02,92.8,96.3,0,0,0,1321.96,0.0,1.34,80.7
2025-11-15,Broyage,Casablanca,350.0,4.2,98.81,86.74,92.8,94.6,0,1,0,4162.99,0.0,4.07,66.6
2025-11-15,Convoyage,Tanger,463.2,7.5,98.41,89.28,94.8,95.7,0,2,1,926.76,2796.64,1.85,85.7
2025-11-16,Pomperie,Casablanca,386.2,4.5,98.85,89.96,95.2,95.6,0,0,0,2246.01,0.0,1.96,78.2
2025-11-16,Air comprimé,Tanger,416.9,4.3,98.98,83.2,87.2,96.4,0,1,1,1765.74,7112.42,2.98,75.4
2025-11-16,Ventilation,Casablanca,492.9,6.7,98.66,95.52,99.2,97.6,1,0,0,1572.34,0.0,1.91,80.7
2025-11-16,Broyage,Casablanca,379.2,6.6,98.29,91.34,96.7,96.1,1,0,0,4402.7,0.0,4.17,81.9
2025-11-16,Convoyage,Tanger,472.1,9.5,98.03,84.72,89.1,97.0,0,1,0,632.33,0.0,1.12,78.6
2025-11-17,Pomperie,Casablanca,465.7,3.9,99.17,87.37,91.2,96.6,0,0,0,1135.24,0.0,2.33,74.1
2025-11-17,Air comprimé,Tanger,474.7,5.1,98.94,90.48,93.7,97.6,2,1,1,3895.42,2558.85,2.66,81.5
2025-11-17,Ventilation,Casablanca,459.8,9.5,97.98,88.3,93.1,96.8,0,0,0,853.49,0.0,0.89,90.4
2025-11-17,Broyage,Casablanca,334.0,5.6,98.35,91.59,96.3,96.7,0,0,0,4649.01,0.0,4.43,79.9
2025-11-17,Convoyage,Tanger,502.9,6.1,98.8,85.29,87.2,99.0,0,0,1,768.09,6288.43,1.61,79.5
2025-11-18,Pomperie,Casablanca,339.7,2.5,99.27,86.36,91.0,95.6,3,0,0,3620.97,0.0,2.77,80.5
2025-11-18,Air comprimé,Tanger,446.1,5.8,98.72,88.79,93.3,96.4,0,0,0,4419.25,0.0,2.42,72.6
2025-11-18,Ventilation,Casablanca,562.4,7.8,98.63,86.66,90.3,97.3,1,0,0,1088.86,0.0,1.77,74.0
2025-11-18,Broyage,Casablanca,327.3,4.7,98.58,88.16,92.1,97.1,0,0,0,3512.81,0.0,4.1,79.8
2025-11-18,Convoyage,Tanger,472.9,7.4,98.46,92.06,95.7,97.7,0,0,0,1059.35,0.0,0.9,73.2
2025-11-19,Pomperie,Casablanca,403.1,7.0,98.29,87.52,91.8,97.0,0,0,2,2845.53,5526.3,2.58,83.2
2025-11-19,Air comprimé,Tanger,365.0,3.8,98.97,91.27,94.1,98.0,1,0,0,4405.76,0.0,2.59,81.3
2025-11-19,Ventilation,Casablanca,564.1,9.3,98.38,84.38,88.7,96.7,0,0,0,1158.07,0.0,1.45,67.0
2025-11-19,Broyage,Casablanca,352.7,3.7,98.96,87.65,91.4,96.9,0,0,1,3674.43,4595.58,3.98,79.3
2025-11-19,Convoyage,Tanger,485.5,5.0,98.98,84.04,89.0,95.4,2,0,0,1129.05,0.0,0.17,70.9
2025-11-20,Pomperie,Casablanca,357.7,5.9,98.38,87.76,94.8,94.1,0,0,0,2978.52,0.0,2.35,90.5
2025-11-20,Air comprimé,Tanger,424.8,7.1,98.36,88.01,95.6,93.6,0,0,0,3537.96,0.0,3.37,93.8
2025-11-20,Ventilation,Casablanca,505.1,5.9,98.85,86.31,92.2,94.7,0,0,0,1281.39,0.0,1.02,85.1
2025-11-20,Broyage,Casablanca,341.5,3.6,98.96,92.53,96.0,97.4,0,0,0,5086.81,0.0,4.64,77.5
2025-11-20,Convoyage,Tanger,399.3,10.1,97.53,91.65,95.6,98.3,2,1,2,906.44,5220.44,1.84,87.9
2025-11-21,Pomperie,Casablanca,313.3,6.2,98.06,90.93,95.3,97.3,0,0,0,3448.01,0.0,2.26,98.1
2025-11-21,Air comprimé,Tanger,354.9,7.2,98.01,90.16,93.2,98.7,2,0,0,3647.33,0.0,2.72,76.2
2025-11-21,Ventilation,Casablanca,529.9,7.2,98.66,91.95,95.1,98.0,0,0,0,1197.92,0.0,1.47,93.9
2025-11-21,Broyage,Casablanca,375.3,4.1,98.92,90.4,95.1,96.1,0,1,0,3902.41,0.0,4.44,87.5
2025-11-21,Convoyage,Tanger,420.7,8.2,98.09,94.4,97.8,98.4,0,0,1,1065.71,7393.03,1.33,74.0
2025-11-22,Pomperie,Casablanca,467.8,5.6,98.82,89.56,95.2,95.2,1,1,0,1785.58,0.0,2.96,90.7
2025-11-22,Air comprimé,Tanger,406.0,3.8,99.07,85.72,90.7,95.4,0,1,0,2612.15,0.0,3.37,91.3
2025-11-22,Ventilation,Casablanca,562.4,3.2,99.43,89.91,94.0,96.2,0,0,0,1384.77,0.0,2.18,81.4
2025-11-22,Broyage,Casablanca,268.5,7.0,97.46,85.82,92.5,95.2,0,0,1,4520.84,3691.55,4.08,94.0
2025-11-22,Convoyage,Tanger,481.0,6.2,98.73,88.05,91.1,97.9,0,0,0,687.53,0.0,1.47,94.1
2025-11-23,Pomperie,Casablanca,339.5,5.9,98.29,87.38,92.6,96.0,2,0,0,3764.36,0.0,2.28,69.1
2025-11-23,Air comprimé,Tanger,454.8,7.3,98.42,92.5,97.8,96.1,0,0,1,3719.98,6196.8,3.44,80.2
2025-11-23,Ventilation,Casablanca,508.5,8.2,98.41,85.99,91.5,95.5,0,0,0,1535.58,0.0,1.95,86.2
2025-11-23,Broyage,Casablanca,389.5,7.5,98.11,86.26,91.2,96.4,0,0,0,3392.79,0.0,4.27,78.9
2025-11-23,Convoyage,Tanger,453.8,4.6,99.0,91.89,95.0,97.7,0,0,0,219.84,0.0,1.63,85.5
2025-11-24,Pomperie,Casablanca,358.3,5.1,98.6,86.72,92.0,95.6,1,1,1,4880.06,2688.58,2.66,76.0
2025-11-24,Air comprimé,Tanger,444.2,6.2,98.62,84.44,89.1,96.1,1,1,2,3681.26,3429.05,3.14,84.2
2025-11-24,Ventilation,Casablanca,500.9,8.3,98.37,91.03,95.3,97.1,0,0,0,1507.23,0.0,3.01,81.4
2025-11-24,Broyage,Casablanca,329.8,2.6,99.22,88.96,93.2,96.2,0,1,0,3711.14,0.0,4.42,92.7
2025-11-24,Convoyage,Tanger,408.1,6.9,98.34,91.27,93.0,99.8,0,0,0,728.29,0.0,1.81,90.3
2025-11-25,Pomperie,Casablanca,416.9,7.1,98.33,87.01,90.2,98.1,3,1,2,2495.5,11492.13,2.56,88.1
2025-11-25,Air comprimé,Tanger,466.0,4.1,99.13,86.55,92.2,94.7,0,0,0,2934.69,0.0,3.67,70.8
2025-11-25,Ventilation,Casablanca,481.2,8.8,98.2,94.31,97.8,98.2,0,1,0,1118.13,0.0,1.57,79.2
2025-11-25,Broyage,Casablanca,381.4,4.5,98.83,95.14,95.6,100.7,1,2,0,6364.82,0.0,3.97,75.1
2025-11-25,Convoyage,Tanger,511.2,5.8,98.88,90.8,93.7,98.0,1,0,0,780.97,0.0,2.13,68.0
2025-11-26,Pomperie,Casablanca,330.9,5.3,98.42,86.4,92.8,94.6,0,1,0,1999.8,0.0,1.69,98.1
2025-11-26,Air comprimé,Tanger,440.7,6.5,98.55,91.01,95.5,96.7,0,0,0,5510.25,0.0,3.09,85.8
2025-11-26,Ventilation,Casablanca,535.7,7.2,98.67,92.36,97.1,96.4,1,0,0,1773.73,0.0,1.8,92.7
2025-11-26,Broyage,Casablanca,292.0,6.8,97.72,93.44,96.2,99.4,0,0,1,5065.2,4652.89,4.7,77.4
2025-11-26,Convoyage,Tanger,484.7,5.8,98.82,83.45,90.8,93.0,0,0,0,607.21,0.0,0.79,81.7
2025-11-27,Pomperie,Casablanca,362.5,5.0,98.64,93.1,97.6,96.7,0,0,0,3267.99,0.0,2.96,77.7
2025-11-27,Air comprimé,Tanger,455.8,5.8,98.74,85.63,91.0,95.3,0,0,1,3638.49,2966.28,2.95,84.5
2025-11-27,Ventilation,Casablanca,480.6,5.1,98.95,87.8,93.3,95.1,0,0,0,832.56,0.0,1.86,74.1
2025-11-27,Broyage,Casablanca,277.7,5.9,97.92,86.1,91.4,96.2,0,0,0,3723.38,0.0,4.9,93.4
2025-11-27,Convoyage,Tanger,384.5,3.9,99.0,89.49,93.0,97.2,1,0,0,1003.95,0.0,2.02,83.9
2025-11-28,Pomperie,Casablanca,360.9,5.8,98.42,94.51,99.3,96.7,0,0,0,3133.64,0.0,2.09,79.2
2025-11-28,Air comprimé,Tanger,452.3,7.7,98.33,84.78,88.7,97.2,1,0,0,3665.77,0.0,2.92,91.2
2025-11-28,Ventilation,Casablanca,446.9,6.0,98.68,89.34,94.8,95.5,0,2,0,446.4,0.0,1.39,93.7
2025-11-28,Broyage,Casablanca,366.8,7.5,98.0,87.09,91.9,96.7,0,2,0,4166.57,0.0,4.47,80.3
2025-11-28,Convoyage,Tanger,461.9,2.5,99.46,93.61,94.4,99.7,2,0,1,780.14,6748.81,1.78,83.8
2025-11-29,Pomperie,Casablanca,390.9,4.1,98.96,93.67,96.0,98.6,0,0,1,1948.99,2991.6,2.39,87.8
2025-11-29,Air comprimé,Tanger,448.4,7.2,98.42,91.65,96.1,96.9,0,1,0,3475.81,0.0,2.59,81.2
2025-11-29,Ventilation,Casablanca,467.8,8.6,98.19,88.59,91.6,98.5,0,0,1,1107.24,3062.41,1.7,89.1
2025-11-29,Broyage,Casablanca,349.8,8.5,97.63,84.14,91.2,94.5,0,0,0,2866.84,0.0,3.97,83.6
2025-11-29,Convoyage,Tanger,442.4,8.4,98.14,91.49,96.6,96.5,1,0,0,824.95,0.0,0.95,100
2025-11-30,Pomperie,Casablanca,400.1,4.5,98.89,89.33,91.8,98.4,0,0,0,2917.14,0.0,2.94,94.9
2025-11-30,Air comprimé,Tanger,512.1,4.8,99.07,91.48,97.2,95.0,0,1,0,2583.3,0.0,2.22,86.0
2025-11-30,Ventilation,Casablanca,504.0,5.5,98.92,85.63,89.8,96.4,1,1,0,851.25,0.0,2.51,77.6
2025-11-30,Broyage,Casablanca,385.1,5.4,98.62,89.0,94.1,95.9,0,0,0,4850.38,0.0,3.84,73.7
2025-11-30,Convoyage,Tanger,457.0,7.5,98.39,83.4,89.6,94.6,0,0,0,893.9,0.0,1.46,85.4
2025-12-01,Pomperie,Casablanca,416.7,3.6,99.14,87.5,89.6,98.5,0,0,0,2798.46,0.0,2.61,77.0
2025-12-01,Air comprimé,Tanger,400.1,8.0,98.04,84.23,91.2,94.2,0,0,0,4110.18,0.0,3.5,75.9
2025-12-01,Ventilation,Casablanca,525.4,7.8,98.54,96.19,99.2,98.4,0,0,1,853.96,6305.93,1.65,86.5
2025-12-01,Broyage,Casablanca,336.0,2.1,99.38,95.21,100.0,95.8,0,0,0,5137.23,0.0,3.65,86.3
2025-12-01,Convoyage,Tanger,450.0,4.4,99.03,94.04,96.6,98.3,0,1,0,746.15,0.0,1.3,85.1
2025-12-02,Pomperie,Casablanca,442.7,6.6,98.53,85.4,92.3,93.9,0,1,0,3247.63,0.0,2.69,81.0
2025-12-02,Air comprimé,Tanger,457.6,6.4,98.62,87.87,91.2,97.7,0,1,0,3748.52,0.0,2.73,89.0
2025-12-02,Ventilation,Casablanca,483.3,9.9,97.99,86.43,91.4,96.5,0,0,0,942.29,0.0,1.83,82.5
2025-12-02,Broyage,Casablanca,434.2,5.6,98.73,92.8,96.7,97.2,0,0,1,5016.74,4855.91,4.64,75.3
2025-12-02,Convoyage,Tanger,453.5,4.7,98.97,88.53,92.6,96.6,1,1,0,719.97,0.0,0.81,66.5
2025-12-03,Pomperie,Casablanca,397.9,5.7,98.59,93.24,97.4,97.1,2,1,0,3521.99,0.0,2.96,81.7
2025-12-03,Air comprimé,Tanger,437.2,6.8,98.47,92.01,94.0,99.4,0,0,0,3364.73,0.0,3.12,85.9
2025-12-03,Ventilation,Casablanca,552.1,5.6,99.0,90.3,92.6,98.5,0,0,0,1130.93,0.0,2.07,80.5
2025-12-03,Broyage,Casablanca,352.2,4.3,98.79,92.41,94.3,99.2,0,0,0,6116.76,0.0,4.28,87.3
2025-12-03,Convoyage,Tanger,432.5,4.7,98.92,86.85,90.7,96.8,1,2,0,662.73,0.0,1.47,83.8
2025-12-04,Pomperie,Casablanca,406.1,5.3,98.71,91.33,92.9,99.6,0,0,0,1827.49,0.0,2.6,83.4
2025-12-04,Air comprimé,Tanger,393.6,6.5,98.38,85.53,91.9,94.6,0,0,2,3770.27,6932.81,3.23,90.9
2025-12-04,Ventilation,Casablanca,504.1,7.4,98.55,91.2,95.4,97.0,0,0,0,1406.09,0.0,2.23,88.0
2025-12-04,Broyage,Casablanca,387.1,4.0,98.98,87.44,95.2,92.8,0,1,0,4928.54,0.0,4.65,66.9
2025-12-04,Convoyage,Tanger,434.0,8.8,98.01,87.95,92.7,96.8,1,0,0,1111.51,0.0,1.86,79.2
2025-12-05,Pomperie,Casablanca,419.9,6.2,98.54,91.26,94.6,97.9,0,1,0,3354.97,0.0,3.12,68.0
2025-12-05,Air comprimé,Tanger,448.9,8.4,98.16,87.08,92.8,95.6,2,1,0,3314.47,0.0,3.8,69.0
2025-12-05,Ventilation,Casablanca,498.2,8.0,98.42,87.42,93.4,95.1,0,0,0,1364.5,0.0,1.49,92.8
2025-12-05,Broyage,Casablanca,325.9,5.4,98.37,80.25,86.6,94.2,0,0,0,3528.0,0.0,4.16,97.0
2025-12-05,Convoyage,Tanger,475.5,10.4,97.86,85.13,89.5,97.2,3,0,0,836.51,0.0,1.69,72.4
2025-12-06,Pomperie,Casablanca,353.5,5.1,98.58,95.11,96.1,100.4,0,0,0,3695.09,0.0,3.41,82.4
2025-12-06,Air comprimé,Tanger,455.4,8.4,98.19,92.28,96.1,97.8,0,0,0,5790.29,0.0,2.97,75.8
2025-12-06,Ventilation,Casablanca,475.5,6.4,98.67,84.69,88.3,97.2,0,0,0,775.66,0.0,1.67,74.7
2025-12-06,Broyage,Casablanca,375.8,5.8,98.48,89.63,95.2,95.6,0,0,0,3595.04,0.0,4.62,77.0
2025-12-06,Convoyage,Tanger,429.5,7.9,98.19,82.94,87.9,96.1,0,0,0,1145.88,0.0,1.13,87.4
2025-12-07,Pomperie,Casablanca,385.1,5.5,98.59,86.35,91.9,95.3,0,0,2,2064.62,7979.15,2.58,91.9
2025-12-07,Air comprimé,Tanger,398.7,3.9,99.03,89.2,92.1,97.8,2,0,2,4758.24,12731.98,2.94,92.6
2025-12-07,Ventilation,Casablanca,520.3,7.1,98.65,93.39,97.0,97.6,0,1,0,232.33,0.0,1.18,89.4
2025-12-07,Broyage,Casablanca,294.8,5.4,98.2,93.92,97.0,98.6,0,0,0,3750.2,0.0,4.66,91.6
2025-12-07,Convoyage,Tanger,424.8,5.2,98.79,92.76,97.0,96.8,0,0,0,1373.6,0.0,1.42,81.7
2025-12-08,Pomperie,Casablanca,347.8,5.1,98.55,94.35,97.0,98.7,0,0,0,3542.9,0.0,2.7,88.5
2025-12-08,Air comprimé,Tanger,470.4,7.2,98.49,90.28,94.4,97.1,0,0,0,5365.71,0.0,2.69,89.5
2025-12-08,Ventilation,Casablanca,481.0,7.7,98.42,93.21,94.8,99.9,0,0,0,805.74,0.0,1.84,84.6
2025-12-08,Broyage,Casablanca,365.0,1.8,99.51,91.43,92.9,98.9,0,1,0,4490.42,0.0,4.07,72.5
2025-12-08,Convoyage,Tanger,427.9,7.7,98.23,94.04,99.1,96.6,1,0,1,418.48,7802.96,0.49,85.8
2025-12-09,Pomperie,Casablanca,367.6,4.5,98.79,87.92,92.9,95.8,1,0,0,3134.68,0.0,2.47,82.1
2025-12-09,Air comprimé,Tanger,430.8,7.6,98.27,88.95,93.6,96.7,0,0,0,4505.66,0.0,2.78,70.7
2025-12-09,Ventilation,Casablanca,485.4,8.1,98.36,89.04,93.9,96.4,1,0,0,909.36,0.0,2.08,82.2
2025-12-09,Broyage,Casablanca,358.9,5.0,98.63,85.43,87.4,99.1,0,2,0,3907.46,0.0,3.71,73.8
2025-12-09,Convoyage,Tanger,465.9,3.7,99.21,86.23,89.6,97.0,0,1,0,697.37,0.0,1.41,84.6
2025-12-10,Pomperie,Casablanca,329.7,4.6,98.62,86.48,90.4,97.0,0,0,1,4014.12,2727.01,2.13,78.3
2025-12-10,Air comprimé,Tanger,397.7,7.7,98.1,82.85,88.9,95.0,1,0,0,4055.0,0.0,2.75,83.6
2025-12-10,Ventilation,Casablanca,448.9,9.7,97.88,90.29,95.3,96.8,0,0,0,809.85,0.0,1.64,74.0
2025-12-10,Broyage,Casablanca,302.3,4.7,98.47,92.83,96.0,98.2,0,0,0,4289.95,0.0,4.04,93.0
2025-12-10,Convoyage,Tanger,474.2,7.4,98.46,86.42,92.1,95.3,0,0,2,982.9,9001.15,1.13,85.7
2025-12-11,Pomperie,Casablanca,386.4,3.2,99.18,89.58,91.6,98.6,2,1,1,2105.33,2150.36,2.98,88.9
2025-12-11,Air comprimé,Tanger,372.6,6.0,98.42,91.13,94.0,98.5,1,0,0,4034.99,0.0,2.59,70.1
2025-12-11,Ventilation,Casablanca,421.9,4.3,98.99,90.49,92.9,98.4,0,0,0,1282.28,0.0,2.33,81.9
2025-12-11,Broyage,Casablanca,328.8,5.8,98.27,92.35,95.5,98.4,1,0,1,4147.44,3768.86,4.49,85.3
2025-12-11,Convoyage,Tanger,422.1,5.9,98.62,90.81,93.1,98.9,0,1,0,572.29,0.0,1.49,70.6
2025-12-12,Pomperie,Casablanca,429.5,7.3,98.33,91.27,97.3,95.4,0,0,0,2926.71,0.0,3.02,86.4
2025-12-12,Air comprimé,Tanger,435.4,6.4,98.55,95.67,100.6,96.5,0,0,1,3419.92,7199.35,3.31,84.2
2025-12-12,Ventilation,Casablanca,548.7,6.9,98.76,94.36,97.4,98.1,0,1,0,1708.51,0.0,2.08,96.5
2025-12-12,Broyage,Casablanca,372.4,3.8,98.99,92.95,97.1,96.7,0,0,0,4930.72,0.0,4.83,80.1
2025-12-12,Convoyage,Tanger,445.0,4.9,98.91,94.01,98.7,96.3,0,0,0,1025.98,0.0,0.93,72.3
2025-12-13,Pomperie,Casablanca,360.2,6.1,98.33,92.63,94.3,99.9,1,0,0,2973.91,0.0,2.56,76.7
2025-12-13,Air comprimé,Tanger,419.7,3.9,99.08,84.71,88.6,96.5,0,0,2,4934.94,10279.6,3.36,73.4
2025-12-13,Ventilation,Casablanca,521.3,7.1,98.66,90.54,95.0,96.6,0,0,0,1408.41,0.0,1.48,87.9
2025-12-13,Broyage,Casablanca,320.7,5.9,98.19,93.24,98.1,96.8,0,0,0,4242.14,0.0,4.3,91.3
2025-12-13,Convoyage,Tanger,505.0,6.1,98.81,86.91,90.3,97.4,0,0,0,976.64,0.0,1.79,78.0
2025-12-14,Pomperie,Casablanca,360.9,7.0,98.1,93.16,97.2,97.7,0,0,0,3409.64,0.0,2.42,83.7
2025-12-14,Air comprimé,Tanger,433.2,5.3,98.79,91.6,95.3,97.3,0,1,1,2876.12,7441.89,2.5,74.0
2025-12-14,Ventilation,Casablanca,479.8,5.9,98.79,92.15,94.6,98.6,0,0,0,807.05,0.0,2.24,77.3
2025-12-14,Broyage,Casablanca,344.2,5.1,98.54,84.92,91.1,94.6,0,1,0,2902.96,0.0,4.23,87.4
2025-12-14,Convoyage,Tanger,479.1,7.4,98.48,89.93,92.8,98.4,0,0,0,923.55,0.0,1.14,78.8
2025-12-15,Pomperie,Casablanca,420.9,5.3,98.76,92.61,95.2,98.5,1,1,0,2663.04,0.0,2.22,80.8
2025-12-15,Air comprimé,Tanger,375.7,5.8,98.48,84.53,91.8,93.5,0,0,1,2829.52,7214.99,3.1,66.7
2025-12-15,Ventilation,Casablanca,510.6,4.1,99.2,92.47,96.3,96.8,0,0,1,1334.2,1585.01,1.87,74.2
2025-12-15,Broyage,Casablanca,365.9,4.5,98.79,93.48,95.2,99.4,0,0,0,2981.93,0.0,4.23,100
2025-12-15,Convoyage,Tanger,512.0,7.6,98.54,93.28,98.5,96.1,0,0,0,1059.31,0.0,1.15,88.6
2025-12-16,Pomperie,Casablanca,381.8,7.8,98.0,88.94,92.8,97.8,0,1,0,2400.1,0.0,3.3,81.6
2025-12-16,Air comprimé,Tanger,474.1,6.1,98.73,90.44,93.0,98.5,0,0,0,3927.44,0.0,2.64,95.9
2025-12-16,Ventilation,Casablanca,505.6,7.3,98.58,86.84,91.1,96.7,0,0,0,1512.37,0.0,1.55,79.8
2025-12-16,Broyage,Casablanca,381.8,4.5,98.84,86.68,89.4,98.1,0,0,0,5630.64,0.0,4.03,80.0
2025-12-16,Convoyage,Tanger,451.4,4.4,99.03,89.43,93.0,97.1,0,0,0,827.63,0.0,1.05,80.8
2025-12-17,Pomperie,Casablanca,361.3,8.4,97.73,84.64,90.5,95.7,1,0,1,2794.12,2857.65,2.62,74.5
2025-12-17,Air comprimé,Tanger,374.8,5.7,98.5,84.17,88.0,97.1,0,0,0,2507.18,0.0,3.49,92.2
2025-12-17,Ventilation,Casablanca,465.0,7.4,98.43,91.09,96.1,96.3,0,0,0,1499.73,0.0,2.16,87.9
2025-12-17,Broyage,Casablanca,379.3,4.1,98.93,90.39,97.1,94.1,0,1,0,3458.79,0.0,3.94,79.1
2025-12-17,Convoyage,Tanger,427.3,8.2,98.12,86.07,90.9,96.5,0,0,1,1051.77,2628.34,1.36,70.2
2025-12-18,Pomperie,Casablanca,375.4,6.2,98.38,87.57,93.6,95.1,0,0,0,2085.95,0.0,2.6,95.9
2025-12-18,Air comprimé,Tanger,485.3,7.9,98.4,92.01,96.4,97.0,1,0,0,3117.6,0.0,2.9,100
2025-12-18,Ventilation,Casablanca,452.9,4.9,98.93,88.01,92.0,96.7,2,0,0,1231.47,0.0,1.76,89.4
2025-12-18,Broyage,Casablanca,351.1,2.9,99.18,87.32,90.3,97.5,0,0,0,4327.86,0.0,3.86,73.5
2025-12-18,Convoyage,Tanger,461.6,4.5,99.03,83.34,86.4,97.4,0,0,1,850.89,7920.57,1.51,77.7
2025-12-19,Pomperie,Casablanca,399.2,6.2,98.47,84.53,87.6,98.0,3,1,0,2548.97,0.0,2.23,78.6
2025-12-19,Air comprimé,Tanger,407.8,6.3,98.48,85.86,91.2,95.6,0,0,0,3316.0,0.0,2.59,82.6
2025-12-19,Ventilation,Casablanca,467.9,6.2,98.69,90.24,91.9,99.5,0,0,0,1492.69,0.0,1.97,81.8
2025-12-19,Broyage,Casablanca,317.6,5.2,98.39,84.61,91.1,94.4,0,1,0,4367.99,0.0,4.57,70.4
2025-12-19,Convoyage,Tanger,494.5,8.5,98.31,88.6,91.4,98.6,2,0,0,898.63,0.0,1.93,90.1
2025-12-20,Pomperie,Casablanca,320.2,7.1,97.83,87.84,90.7,99.0,0,0,0,2071.99,0.0,1.85,66.2
2025-12-20,Air comprimé,Tanger,402.7,6.8,98.34,92.05,96.4,97.1,0,0,1,3295.87,3727.08,2.72,84.9
2025-12-20,Ventilation,Casablanca,522.5,9.7,98.18,92.39,94.1,100.0,0,0,0,1615.57,0.0,1.88,77.4
2025-12-20,Broyage,Casablanca,355.5,5.9,98.37,87.7,90.7,98.3,0,0,0,3458.81,0.0,4.87,83.3
2025-12-20,Convoyage,Tanger,444.0,3.6,99.2,90.41,93.0,98.0,2,0,0,1055.67,0.0,1.66,81.6
2025-12-21,Pomperie,Casablanca,356.3,5.7,98.43,92.99,97.8,96.6,0,1,0,2605.89,0.0,3.36,84.5
2025-12-21,Air comprimé,Tanger,436.1,5.2,98.82,83.04,85.4,98.4,0,0,0,2415.27,0.0,3.09,82.0
2025-12-21,Ventilation,Casablanca,436.6,10.1,97.74,88.05,92.4,97.5,3,0,0,1013.4,0.0,1.94,95.6
2025-12-21,Broyage,Casablanca,360.3,4.0,98.9,91.02,94.3,97.6,0,0,0,3189.11,0.0,3.5,85.1
2025-12-21,Convoyage,Tanger,382.6,2.7,99.3,88.93,93.0,96.3,0,0,0,1042.49,0.0,1.66,78.9
2025-12-22,Pomperie,Casablanca,372.7,7.1,98.13,86.37,91.4,96.3,0,0,1,3916.03,6385.99,2.83,83.2
2025-12-22,Air comprimé,Tanger,407.1,6.1,98.52,91.65,96.1,96.8,0,0,0,2908.87,0.0,2.32,82.7
2025-12-22,Ventilation,Casablanca,482.2,6.4,98.69,87.43,91.8,96.5,0,1,0,944.08,0.0,1.99,80.0
2025-12-22,Broyage,Casablanca,367.2,5.2,98.6,88.49,93.1,96.4,0,0,1,4897.11,2385.89,3.8,73.9
2025-12-22,Convoyage,Tanger,440.0,2.8,99.37,84.25,87.5,96.9,3,0,0,1519.2,0.0,1.6,82.7
2025-12-23,Pomperie,Casablanca,429.5,6.9,98.42,89.64,93.7,97.2,0,1,0,3251.6,0.0,2.4,79.6
2025-12-23,Air comprimé,Tanger,488.0,6.3,98.73,92.8,96.5,97.4,0,0,0,2386.43,0.0,3.22,76.7
2025-12-23,Ventilation,Casablanca,443.6,9.2,97.97,90.51,93.6,98.7,0,0,2,671.09,6592.05,1.85,82.3
2025-12-23,Broyage,Casablanca,363.9,4.6,98.75,92.81,95.8,98.1,0,0,1,3782.89,5584.06,4.69,95.9
2025-12-23,Convoyage,Tanger,406.8,7.7,98.14,94.21,100.1,95.9,0,0,0,1187.98,0.0,1.38,97.2
2025-12-24,Pomperie,Casablanca,342.9,4.6,98.68,91.01,94.3,97.8,0,0,0,3190.22,0.0,2.39,75.0
2025-12-24,Air comprimé,Tanger,425.9,8.0,98.16,86.52,90.4,97.5,0,0,1,1848.98,5069.98,3.59,77.0
2025-12-24,Ventilation,Casablanca,472.6,9.6,98.01,90.96,94.6,98.1,0,0,0,987.11,0.0,1.43,79.4
2025-12-24,Broyage,Casablanca,385.8,6.3,98.39,89.34,93.9,96.7,0,0,0,2466.9,0.0,3.44,84.3
2025-12-24,Convoyage,Tanger,420.0,3.7,99.13,94.41,99.1,96.1,0,0,0,906.46,0.0,1.15,88.9
2025-12-25,Pomperie,Casablanca,357.8,5.4,98.51,93.34,96.0,98.7,0,1,0,2591.29,0.0,2.78,87.8
2025-12-25,Air comprimé,Tanger,460.9,7.0,98.5,93.53,98.7,96.2,0,0,0,5015.46,0.0,3.17,78.4
2025-12-25,Ventilation,Casablanca,427.8,7.5,98.28,82.81,85.8,98.2,0,0,0,1331.01,0.0,1.19,87.4
2025-12-25,Broyage,Casablanca,333.9,4.1,98.79,92.57,97.2,96.4,0,0,0,4161.7,0.0,3.59,77.6
2025-12-25,Convoyage,Tanger,506.6,1.4,99.72,91.3,97.4,94.0,0,0,0,1110.47,0.0,1.49,79.7
2025-12-26,Pomperie,Casablanca,403.9,2.2,99.46,85.26,91.0,94.2,0,0,0,3837.33,0.0,2.71,94.1
2025-12-26,Air comprimé,Tanger,386.2,6.9,98.24,87.55,90.2,98.8,0,0,0,2417.85,0.0,2.89,81.5
2025-12-26,Ventilation,Casablanca,471.1,5.6,98.83,83.31,87.9,95.9,0,0,0,1454.51,0.0,1.99,73.7
2025-12-26,Broyage,Casablanca,262.3,4.8,98.2,88.43,94.2,95.6,0,1,0,5143.89,0.0,4.72,81.7
2025-12-26,Convoyage,Tanger,433.4,5.4,98.77,87.83,93.8,94.8,2,0,0,794.5,0.0,1.13,83.9
2025-12-27,Pomperie,Casablanca,387.1,7.9,98.0,86.69,91.1,97.1,0,0,0,2418.37,0.0,1.89,71.6
2025-12-27,Air comprimé,Tanger,486.4,6.9,98.6,87.85,93.3,95.5,0,1,0,4243.43,0.0,2.93,76.8
2025-12-27,Ventilation,Casablanca,511.1,7.8,98.5,89.74,95.3,95.6,1,0,0,1163.22,0.0,1.45,87.8
2025-12-27,Broyage,Casablanca,348.4,4.9,98.61,81.9,86.7,95.8,0,0,0,3334.03,0.0,4.19,69.7
2025-12-27,Convoyage,Tanger,408.8,0.5,99.88,92.52,97.1,95.4,0,0,0,745.52,0.0,1.22,99.0
2025-12-28,Pomperie,Casablanca,340.4,3.6,98.95,94.15,96.4,98.7,0,1,0,3706.87,0.0,1.99,68.1
2025-12-28,Air comprimé,Tanger,432.9,3.5,99.2,91.13,95.1,96.6,0,0,0,4246.99,0.0,2.4,100
2025-12-28,Ventilation,Casablanca,474.4,8.5,98.24,90.34,96.9,94.9,0,0,0,1652.07,0.0,1.61,88.9
2025-12-28,Broyage,Casablanca,363.3,3.6,99.02,87.53,91.6,96.5,0,0,0,4889.27,0.0,4.52,65.4
2025-12-28,Convoyage,Tanger,477.9,5.2,98.92,91.86,93.8,99.0,0,1,0,729.15,0.0,1.34,92.5
2025-12-29,Pomperie,Casablanca,327.0,5.9,98.23,83.94,88.1,97.0,0,1,0,3891.22,0.0,2.17,90.2
2025-12-29,Air comprimé,Tanger,408.7,5.2,98.74,86.11,90.0,96.9,1,0,0,2967.13,0.0,3.01,78.1
2025-12-29,Ventilation,Casablanca,499.3,7.8,98.46,88.39,94.2,95.3,0,0,0,1504.35,0.0,2.13,87.1
2025-12-29,Broyage,Casablanca,338.9,4.5,98.69,76.87,82.6,94.3,0,0,1,3686.71,6747.31,3.52,92.1
2025-12-29,Convoyage,Tanger,499.7,4.3,99.15,90.42,96.1,94.9,0,0,0,1142.57,0.0,2.11,85.9
2025-12-30,Pomperie,Casablanca,369.2,4.3,98.85,91.02,93.1,98.9,0,0,0,2790.26,0.0,2.6,82.4
2025-12-30,Air comprimé,Tanger,400.8,6.1,98.5,83.87,88.7,96.0,1,0,0,3239.75,0.0,2.63,81.8
2025-12-30,Ventilation,Casablanca,472.5,6.0,98.75,89.21,95.5,94.6,0,0,0,1327.03,0.0,2.06,69.6
2025-12-30,Broyage,Casablanca,361.1,4.6,98.74,94.15,98.2,97.1,3,0,0,6930.95,0.0,3.85,85.3
2025-12-30,Convoyage,Tanger,452.5,5.3,98.84,89.63,93.2,97.3,0,0,0,1088.08,0.0,1.38,91.2
2025-12-31,Pomperie,Casablanca,351.0,6.9,98.07,89.34,94.6,96.3,0,0,0,2056.08,0.0,1.94,75.6
2025-12-31,Air comprimé,Tanger,392.3,8.9,97.78,90.27,94.2,98.0,0,0,1,1903.75,7760.75,2.9,81.0
2025-12-31,Ventilation,Casablanca,495.5,5.0,99.0,88.11,92.8,95.9,0,0,0,1307.21,0.0,1.5,87.0
2025-12-31,Broyage,Casablanca,323.0,4.2,98.72,85.37,92.1,93.9,1,0,2,2471.56,9628.22,3.97,78.1
2025-12-31,Convoyage,Tanger,476.1,7.5,98.45,92.09,94.1,99.4,1,0,0,1046.47,0.0,1.8,80.2
2026-01-01,Pomperie,Casablanca,376.8,5.9,98.46,89.0,91.4,98.9,0,0,0,2544.42,0.0,2.8,82.6
2026-01-01,Air comprimé,Tanger,447.3,7.9,98.26,87.99,92.7,96.6,0,0,1,2919.33,6700.32,3.18,81.2
2026-01-01,Ventilation,Casablanca,474.5,6.0,98.75,87.83,91.6,97.1,0,0,1,1698.35,4404.37,1.47,81.5
2026-01-01,Broyage,Casablanca,389.7,2.8,99.29,94.45,95.8,99.3,1,0,0,4505.21,0.0,4.2,85.0
2026-01-01,Convoyage,Tanger,447.9,4.8,98.94,91.64,94.8,97.7,0,0,1,994.77,2541.77,0.97,90.4
2026-01-02,Pomperie,Casablanca,408.8,3.2,99.22,89.3,92.5,97.3,0,1,1,3677.02,2345.43,2.18,79.7
2026-01-02,Air comprimé,Tanger,388.7,8.6,97.84,95.99,98.6,99.5,2,0,0,3065.39,0.0,3.34,83.9
2026-01-02,Ventilation,Casablanca,484.0,7.7,98.43,87.53,90.1,98.7,0,0,0,1259.48,0.0,1.8,93.3
2026-01-02,Broyage,Casablanca,372.4,5.0,98.68,86.27,94.0,93.0,1,0,1,4581.22,4679.97,4.0,84.7
2026-01-02,Convoyage,Tanger,444.7,3.8,99.15,82.55,88.2,94.4,0,1,1,725.47,5560.46,0.96,65.3
2026-01-03,Pomperie,Casablanca,290.2,4.3,98.54,89.87,92.5,98.6,0,1,0,2275.89,0.0,1.84,85.5
2026-01-03,Air comprimé,Tanger,454.7,6.6,98.57,92.12,94.5,98.9,0,0,1,2210.04,3488.79,2.9,84.9
2026-01-03,Ventilation,Casablanca,461.7,4.7,98.99,91.23,96.1,95.9,0,0,0,1049.1,0.0,2.14,88.4
2026-01-03,Broyage,Casablanca,346.7,3.0,99.14,87.31,90.6,97.2,0,1,0,5710.15,0.0,4.24,85.4
2026-01-03,Convoyage,Tanger,484.1,3.4,99.3,90.9,93.5,97.9,0,0,0,901.83,0.0,1.24,84.3
2026-01-04,Pomperie,Casablanca,377.2,5.4,98.59,91.5,94.8,97.9,1,0,1,2310.54,6401.54,1.6,93.6
2026-01-04,Air comprimé,Tanger,422.1,6.1,98.58,88.78,94.4,95.4,1,0,0,4029.05,0.0,3.05,85.0
2026-01-04,Ventilation,Casablanca,433.3,12.3,97.24,87.87,92.4,97.8,0,0,0,1573.91,0.0,1.92,75.7
2026-01-04,Broyage,Casablanca,356.5,4.3,98.81,92.49,96.2,97.3,0,0,1,3757.64,4234.92,4.38,78.8
2026-01-04,Convoyage,Tanger,463.6,8.6,98.18,88.17,92.2,97.4,0,0,0,1062.63,0.0,1.59,78.1
2026-01-05,Pomperie,Casablanca,345.8,5.2,98.52,89.67,92.4,98.5,0,0,0,3155.49,0.0,2.8,83.3
2026-01-05,Air comprimé,Tanger,399.9,6.2,98.47,86.5,91.6,95.9,0,0,1,4484.26,5972.57,2.33,73.5
2026-01-05,Ventilation,Casablanca,445.2,8.0,98.23,85.25,90.5,95.9,0,0,0,837.66,0.0,1.72,75.4
2026-01-05,Broyage,Casablanca,339.0,1.7,99.5,89.4,93.5,96.1,0,0,0,2766.51,0.0,3.69,88.1
2026-01-05,Convoyage,Tanger,416.3,6.7,98.42,89.0,94.0,96.2,0,0,0,848.27,0.0,1.75,92.6
2026-01-06,Pomperie,Casablanca,372.7,5.6,98.52,89.28,94.5,95.9,1,0,0,4231.82,0.0,3.18,79.2
2026-01-06,Air comprimé,Tanger,467.6,8.5,98.21,87.32,93.3,95.3,1,0,1,3162.98,3744.06,3.23,86.0
2026-01-06,Ventilation,Casablanca,491.0,4.1,99.17,85.05,88.6,96.8,0,0,0,934.02,0.0,2.22,85.9
2026-01-06,Broyage,Casablanca,386.9,4.6,98.83,87.98,91.4,97.4,0,0,0,4552.48,0.0,3.48,89.6
2026-01-06,Convoyage,Tanger,434.5,6.7,98.48,91.59,95.0,97.9,0,0,0,769.56,0.0,0.88,68.0
2026-01-07,Pomperie,Casablanca,406.8,4.4,98.93,85.32,90.4,95.4,0,0,0,4309.73,0.0,2.37,87.3
2026-01-07,Air comprimé,Tanger,379.3,3.6,99.06,94.65,97.9,97.6,0,1,0,3650.22,0.0,2.96,70.0
2026-01-07,Ventilation,Casablanca,474.1,9.6,98.02,87.98,91.4,98.2,1,0,0,1843.29,0.0,2.1,77.1
2026-01-07,Broyage,Casablanca,330.2,6.1,98.19,85.34,89.6,97.0,1,1,0,5291.05,0.0,4.07,85.1
2026-01-07,Convoyage,Tanger,411.8,7.5,98.21,87.7,89.3,100.0,0,0,0,894.33,0.0,0.97,75.9
2026-01-08,Pomperie,Casablanca,384.1,6.5,98.34,91.09,95.3,97.2,0,0,0,3952.97,0.0,2.05,91.9
2026-01-08,Air comprimé,Tanger,440.0,5.9,98.68,90.14,90.8,100.6,0,0,0,4739.3,0.0,3.08,86.8
2026-01-08,Ventilation,Casablanca,522.5,10.8,97.97,86.47,93.7,94.2,0,0,0,1137.51,0.0,1.95,84.3
2026-01-08,Broyage,Casablanca,386.0,1.0,99.74,93.45,95.8,97.8,0,1,0,3282.3,0.0,3.84,83.3
2026-01-08,Convoyage,Tanger,458.3,5.7,98.77,86.69,92.0,95.4,0,1,0,882.8,0.0,1.69,77.8
2026-01-09,Pomperie,Casablanca,380.9,3.5,99.09,86.14,89.9,96.7,0,0,0,2747.59,0.0,2.2,72.4
2026-01-09,Air comprimé,Tanger,490.2,5.0,98.99,91.37,93.9,98.3,0,0,0,2926.83,0.0,3.28,86.7
2026-01-09,Ventilation,Casablanca,493.0,6.9,98.62,86.07,91.1,95.8,0,0,0,1200.07,0.0,2.01,78.6
2026-01-09,Broyage,Casablanca,319.2,8.2,97.5,90.04,93.0,99.3,0,0,0,5084.23,0.0,4.21,73.6
2026-01-09,Convoyage,Tanger,464.0,4.7,99.0,89.33,96.5,93.5,0,0,0,946.13,0.0,1.26,86.1
2026-01-10,Pomperie,Casablanca,403.7,4.7,98.85,88.4,92.1,97.1,0,0,1,2919.51,2136.01,3.04,94.6
2026-01-10,Air comprimé,Tanger,461.8,10.1,97.86,87.67,91.7,97.7,0,0,2,2513.72,15706.98,2.56,85.4
2026-01-10,Ventilation,Casablanca,478.6,4.9,98.99,89.87,91.8,98.9,0,0,0,1625.01,0.0,1.7,80.7
2026-01-10,Broyage,Casablanca,347.0,5.0,98.58,93.12,96.0,98.4,0,0,0,4606.7,0.0,4.37,91.6
2026-01-10,Convoyage,Tanger,469.0,8.2,98.28,90.19,95.2,96.4,0,0,0,1073.32,0.0,1.23,83.8
2026-01-11,Pomperie,Casablanca,321.3,5.6,98.29,85.65,92.6,94.1,0,0,0,2603.79,0.0,2.11,70.6
2026-01-11,Air comprimé,Tanger,399.6,5.1,98.74,85.24,89.0,97.0,0,0,0,3488.5,0.0,3.2,84.1
2026-01-11,Ventilation,Casablanca,519.4,5.1,99.03,94.11,95.8,99.2,2,0,0,1327.42,0.0,1.46,92.3
2026-01-11,Broyage,Casablanca,354.3,1.7,99.52,85.79,89.7,96.1,0,0,0,4087.19,0.0,4.74,77.3
2026-01-11,Convoyage,Tanger,510.7,9.7,98.14,91.67,97.1,96.2,0,0,0,522.08,0.0,1.44,75.2
2026-01-12,Pomperie,Casablanca,386.3,6.1,98.45,95.03,99.2,97.3,0,0,1,2067.29,4330.91,2.93,99.4
2026-01-12,Air comprimé,Tanger,407.7,5.0,98.79,90.77,92.9,98.9,0,1,0,4149.92,0.0,3.42,77.8
2026-01-12,Ventilation,Casablanca,444.4,8.6,98.1,94.28,96.2,99.9,0,0,0,830.83,0.0,2.39,88.5
2026-01-12,Broyage,Casablanca,277.5,6.1,97.85,96.1,98.9,99.3,0,0,0,4145.03,0.0,4.95,93.1
2026-01-12,Convoyage,Tanger,516.7,4.9,99.06,89.15,92.3,97.5,1,0,0,1098.45,0.0,1.59,72.4
2026-01-13,Pomperie,Casablanca,387.9,3.1,99.21,89.16,95.1,94.5,2,0,0,2289.61,0.0,2.73,80.0
2026-01-13,Air comprimé,Tanger,433.4,5.5,98.75,91.75,95.0,97.8,0,0,0,3459.26,0.0,4.05,85.5
2026-01-13,Ventilation,Casablanca,442.4,7.2,98.4,86.65,92.5,95.2,0,0,2,1255.46,9292.61,1.7,76.4
2026-01-13,Broyage,Casablanca,392.1,7.0,98.25,89.7,95.7,95.4,0,0,0,3650.4,0.0,4.47,88.5
2026-01-13,Convoyage,Tanger,415.8,9.4,97.79,86.1,90.3,97.5,0,0,0,868.1,0.0,1.39,74.8
2026-01-14,Pomperie,Casablanca,371.0,5.7,98.49,86.85,91.1,96.8,0,0,1,3069.66,1962.65,2.2,79.1
2026-01-14,Air comprimé,Tanger,420.8,6.3,98.52,88.07,93.8,95.3,0,0,2,3686.72,11339.25,2.99,80.0
2026-01-14,Ventilation,Casablanca,493.3,5.9,98.82,88.41,92.9,96.3,0,0,1,1202.98,7416.0,1.44,79.3
2026-01-14,Broyage,Casablanca,381.5,4.9,98.73,90.76,93.9,97.9,0,0,0,3162.54,0.0,4.49,88.9
2026-01-14,Convoyage,Tanger,474.7,4.8,99.0,87.87,91.6,96.9,2,0,0,738.4,0.0,1.63,82.5
2026-01-15,Pomperie,Casablanca,408.2,3.3,99.2,91.03,94.7,96.9,0,1,1,3356.09,2229.7,2.62,76.3
2026-01-15,Air comprimé,Tanger,422.5,8.1,98.12,89.02,94.8,95.7,0,1,0,2217.39,0.0,2.11,83.1
2026-01-15,Ventilation,Casablanca,470.4,6.3,98.68,93.16,94.5,99.9,1,1,0,1535.02,0.0,2.16,91.7
2026-01-15,Broyage,Casablanca,386.5,3.7,99.05,85.72,89.5,96.7,0,0,0,3930.73,0.0,4.63,76.0
2026-01-15,Convoyage,Tanger,431.0,5.5,98.74,87.65,91.8,96.7,0,0,0,976.01,0.0,0.51,84.4
2026-01-16,Pomperie,Casablanca,394.7,7.3,98.18,87.28,92.8,95.8,0,0,0,1837.3,0.0,2.57,78.4
2026-01-16,Air comprimé,Tanger,401.5,5.0,98.77,85.38,88.3,97.9,3,1,1,3594.19,6889.06,2.81,74.9
2026-01-16,Ventilation,Casablanca,473.2,4.9,98.98,91.01,94.6,97.2,0,0,0,886.78,0.0,1.74,73.2
2026-01-16,Broyage,Casablanca,341.9,3.8,98.9,91.52,95.2,97.2,0,0,0,3908.85,0.0,4.35,83.8
2026-01-16,Convoyage,Tanger,442.6,4.8,98.93,86.79,89.7,97.8,1,0,0,760.75,0.0,1.64,79.2
2026-01-17,Pomperie,Casablanca,463.0,6.1,98.7,90.85,94.7,97.2,0,0,0,1110.22,0.0,2.64,82.8
2026-01-17,Air comprimé,Tanger,443.6,8.5,98.12,87.29,92.0,96.7,0,0,2,2669.18,6659.13,3.06,88.8
2026-01-17,Ventilation,Casablanca,513.8,6.9,98.67,85.17,90.2,95.7,1,0,1,844.4,4771.92,1.13,76.9
2026-01-17,Broyage,Casablanca,334.5,6.1,98.21,88.68,92.8,97.3,1,0,1,2924.09,2082.59,3.6,67.1
2026-01-17,Convoyage,Tanger,438.2,7.1,98.41,92.88,97.3,97.0,0,0,0,716.21,0.0,1.23,84.7
2026-01-18,Pomperie,Casablanca,371.7,9.4,97.53,83.09,89.4,95.3,0,0,0,2682.75,0.0,2.5,81.7
2026-01-18,Air comprimé,Tanger,466.1,7.3,98.46,94.94,99.0,97.4,0,0,0,2248.18,0.0,2.93,84.0
2026-01-18,Ventilation,Casablanca,502.6,7.7,98.49,87.85,93.5,95.4,0,1,2,932.33,3686.82,1.56,83.2
2026-01-18,Broyage,Casablanca,347.2,4.1,98.83,88.2,92.1,96.9,0,0,1,5274.3,7202.46,3.76,90.9
2026-01-18,Convoyage,Tanger,481.5,5.2,98.93,90.41,95.3,95.9,0,0,2,845.9,5147.33,1.05,84.7
2026-01-19,Pomperie,Casablanca,413.2,3.3,99.21,92.93,94.9,98.7,0,0,0,4171.2,0.0,2.32,79.5
2026-01-19,Air comprimé,Tanger,441.9,8.1,98.2,90.57,94.3,97.8,0,0,0,4164.22,0.0,3.47,94.5
2026-01-19,Ventilation,Casablanca,428.4,3.4,99.21,93.22,93.4,100.6,0,0,0,1184.37,0.0,1.61,78.5
2026-01-19,Broyage,Casablanca,392.4,4.5,98.87,91.97,96.0,96.9,1,1,0,4286.44,0.0,3.9,75.3
2026-01-19,Convoyage,Tanger,468.6,4.6,99.03,91.43,94.6,97.6,1,0,0,1086.25,0.0,1.26,98.3
2026-01-20,Pomperie,Casablanca,404.3,5.8,98.59,89.21,92.9,97.4,0,0,0,2487.31,0.0,2.53,81.8
2026-01-20,Air comprimé,Tanger,439.6,8.4,98.12,89.74,92.1,99.3,0,0,0,2270.29,0.0,2.89,82.2
2026-01-20,Ventilation,Casablanca,456.5,6.0,98.7,87.57,91.0,97.5,0,1,2,1041.56,9468.86,1.77,83.6
2026-01-20,Broyage,Casablanca,361.8,5.9,98.4,89.8,93.7,97.4,0,0,2,4015.59,15093.1,4.42,87.4
2026-01-20,Convoyage,Tanger,423.9,5.7,98.67,84.59,91.4,93.8,0,0,0,574.15,0.0,1.46,93.7
2026-01-21,Pomperie,Casablanca,367.3,4.1,98.9,86.98,90.2,97.5,0,0,1,2095.81,6471.53,2.71,83.5
2026-01-21,Air comprimé,Tanger,408.1,5.3,98.72,88.15,93.7,95.3,3,0,0,3532.2,0.0,3.41,92.2
2026-01-21,Ventilation,Casablanca,471.3,3.7,99.22,94.27,95.2,99.8,0,1,1,1289.42,4267.6,1.99,76.8
2026-01-21,Broyage,Casablanca,348.1,6.2,98.25,92.16,96.7,97.0,0,0,0,5002.56,0.0,5.2,80.3
2026-01-21,Convoyage,Tanger,499.3,5.2,98.97,90.3,93.2,97.9,1,0,0,889.51,0.0,1.24,80.0
2026-01-22,Pomperie,Casablanca,345.1,6.6,98.12,83.85,89.3,95.7,0,0,0,3684.41,0.0,2.7,84.8
2026-01-22,Air comprimé,Tanger,407.1,6.3,98.48,94.77,98.1,98.1,0,0,0,3894.43,0.0,3.1,93.7
2026-01-22,Ventilation,Casablanca,470.9,8.7,98.19,85.61,91.2,95.6,0,0,0,1105.75,0.0,1.95,98.8
2026-01-22,Broyage,Casablanca,359.5,0.5,99.86,94.68,99.7,95.1,0,0,1,3528.34,5604.71,4.01,85.8
2026-01-22,Convoyage,Tanger,414.1,4.2,99.0,92.16,94.8,98.2,0,0,0,499.76,0.0,1.61,76.2
2026-01-23,Pomperie,Casablanca,376.3,6.4,98.33,85.41,87.3,99.5,0,0,0,2118.69,0.0,3.39,77.3
2026-01-23,Air comprimé,Tanger,418.3,7.9,98.15,87.62,89.9,99.3,0,0,0,3628.27,0.0,3.76,82.1
2026-01-23,Ventilation,Casablanca,520.6,8.5,98.39,87.25,90.4,98.1,0,0,0,1225.19,0.0,1.57,71.2
2026-01-23,Broyage,Casablanca,285.6,6.4,97.81,89.65,92.3,99.3,0,0,0,3758.1,0.0,4.15,81.0
2026-01-23,Convoyage,Tanger,464.2,7.3,98.45,89.34,92.6,98.0,0,0,2,788.68,14904.62,1.46,78.9
2026-01-24,Pomperie,Casablanca,419.8,6.5,98.48,86.51,91.7,95.8,0,0,0,2097.57,0.0,2.06,82.4
2026-01-24,Air comprimé,Tanger,514.4,6.4,98.77,93.51,97.4,97.2,0,0,0,4269.99,0.0,2.96,82.2
2026-01-24,Ventilation,Casablanca,485.2,6.0,98.78,93.51,96.2,98.4,0,0,0,1149.04,0.0,1.48,78.3
2026-01-24,Broyage,Casablanca,370.3,5.9,98.43,91.07,94.8,97.6,1,0,0,3768.29,0.0,3.59,74.6
2026-01-24,Convoyage,Tanger,454.6,6.8,98.53,93.73,99.2,95.9,0,0,2,912.76,15686.64,1.74,85.6
2026-01-25,Pomperie,Casablanca,378.8,4.4,98.85,85.11,89.5,96.2,0,0,1,2817.13,1572.98,3.05,84.9
2026-01-25,Air comprimé,Tanger,422.0,2.7,99.36,95.62,98.8,97.4,0,0,1,4066.11,2863.66,3.02,88.3
2026-01-25,Ventilation,Casablanca,553.5,5.2,99.07,88.62,91.0,98.3,0,0,0,668.42,0.0,1.02,83.0
2026-01-25,Broyage,Casablanca,339.4,3.2,99.07,93.18,98.9,95.1,0,0,0,4903.21,0.0,4.66,91.6
2026-01-25,Convoyage,Tanger,451.0,6.1,98.67,84.43,89.6,95.5,0,1,0,651.57,0.0,0.92,69.5
2026-01-26,Pomperie,Casablanca,385.1,5.2,98.67,89.02,91.5,98.6,0,0,0,2538.9,0.0,2.69,75.0
2026-01-26,Air comprimé,Tanger,447.2,7.0,98.46,91.77,95.5,97.6,2,2,1,2005.01,2858.22,3.03,96.1
2026-01-26,Ventilation,Casablanca,484.9,5.3,98.92,90.59,91.4,100.2,2,0,0,897.77,0.0,1.83,90.2
2026-01-26,Broyage,Casablanca,368.1,6.0,98.4,87.86,93.4,95.6,0,0,1,3737.27,3336.26,4.4,75.7
2026-01-26,Convoyage,Tanger,468.8,6.1,98.72,92.11,97.7,95.5,0,0,0,567.33,0.0,1.55,93.3
2026-01-27,Pomperie,Casablanca,403.1,5.5,98.65,90.59,92.2,99.6,0,0,1,2575.88,6240.27,2.64,84.1
2026-01-27,Air comprimé,Tanger,439.8,2.9,99.34,94.14,98.1,96.6,0,0,0,2180.23,0.0,3.1,72.9
2026-01-27,Ventilation,Casablanca,513.0,6.4,98.77,85.58,89.6,96.7,0,0,0,1176.13,0.0,2.11,81.3
2026-01-27,Broyage,Casablanca,361.2,2.0,99.45,88.53,91.4,97.4,0,0,1,3103.03,3180.2,4.09,75.5
2026-01-27,Convoyage,Tanger,436.1,6.7,98.49,87.5,91.5,97.1,0,0,0,694.27,0.0,1.95,92.1
2026-01-28,Pomperie,Casablanca,359.0,6.4,98.25,88.21,90.6,99.1,0,1,0,3069.97,0.0,3.24,70.2
2026-01-28,Air comprimé,Tanger,390.7,5.3,98.66,89.26,92.7,97.6,0,0,0,3120.73,0.0,3.56,82.3
2026-01-28,Ventilation,Casablanca,489.8,4.1,99.17,88.8,92.5,96.8,0,0,1,969.0,7577.58,1.62,83.7
2026-01-28,Broyage,Casablanca,385.7,5.1,98.69,90.19,95.2,96.0,0,0,0,2104.44,0.0,4.77,80.5
2026-01-28,Convoyage,Tanger,461.0,5.8,98.76,85.3,88.5,97.6,0,0,2,684.3,5320.73,0.97,67.9
2026-01-29,Pomperie,Casablanca,357.6,5.5,98.49,94.58,98.7,97.3,1,0,2,3511.76,8429.28,2.87,78.2
2026-01-29,Air comprimé,Tanger,406.6,11.3,97.3,90.84,94.3,99.0,2,0,0,5103.05,0.0,3.1,85.6
2026-01-29,Ventilation,Casablanca,519.0,9.1,98.28,93.23,97.8,97.0,0,0,1,1136.67,3875.49,2.74,98.2
2026-01-29,Broyage,Casablanca,335.7,6.6,98.07,91.61,96.4,96.9,0,0,0,4651.21,0.0,4.59,82.7
2026-01-29,Convoyage,Tanger,477.3,6.8,98.6,85.29,90.2,95.9,1,0,0,579.48,0.0,0.98,89.2
2026-01-30,Pomperie,Casablanca,378.6,2.9,99.24,87.04,90.7,96.7,0,0,0,3575.71,0.0,2.81,81.6
2026-01-30,Air comprimé,Tanger,433.7,4.5,98.97,90.51,93.6,97.7,1,0,0,2609.99,0.0,2.69,87.5
2026-01-30,Ventilation,Casablanca,478.5,10.7,97.81,85.02,91.6,94.9,0,0,1,661.22,5638.84,1.83,68.1
2026-01-30,Broyage,Casablanca,285.9,3.4,98.82,85.22,90.3,95.5,0,0,0,3565.07,0.0,4.45,92.9
2026-01-30,Convoyage,Tanger,429.6,4.6,98.94,93.53,95.1,99.4,0,0,0,785.27,0.0,1.18,96.1
2026-01-31,Pomperie,Casablanca,389.3,4.7,98.81,95.08,99.1,97.1,0,0,0,3074.91,0.0,2.46,87.7
2026-01-31,Air comprimé,Tanger,490.1,4.9,99.01,91.31,94.3,97.8,0,0,0,3921.53,0.0,3.05,78.7
2026-01-31,Ventilation,Casablanca,500.5,7.2,98.58,89.71,94.4,96.4,0,0,0,788.1,0.0,1.72,77.9
2026-01-31,Broyage,Casablanca,355.2,5.2,98.56,89.61,95.7,95.0,1,0,0,4344.39,0.0,4.57,71.3
2026-01-31,Convoyage,Tanger,488.3,8.4,98.31,87.86,92.8,96.3,1,0,0,914.21,0.0,1.04,84.7
2026-02-01,Pomperie,Casablanca,325.0,7.0,97.89,87.19,89.7,99.3,1,1,1,2459.94,6156.13,2.51,83.0
2026-02-01,Air comprimé,Tanger,433.1,3.6,99.18,82.87,87.4,95.6,0,0,0,4155.0,0.0,3.08,83.2
2026-02-01,Ventilation,Casablanca,529.3,4.2,99.21,87.27,90.5,97.2,0,1,0,1210.83,0.0,1.22,77.2
2026-02-01,Broyage,Casablanca,304.0,5.3,98.29,91.41,98.1,94.8,0,1,0,4249.65,0.0,4.86,74.5
2026-02-01,Convoyage,Tanger,505.0,4.5,99.12,90.95,97.2,94.4,0,1,0,526.55,0.0,1.2,84.0
2026-02-02,Pomperie,Casablanca,367.3,5.9,98.42,87.5,90.9,97.8,2,1,0,1863.14,0.0,2.78,84.1
2026-02-02,Air comprimé,Tanger,473.1,8.4,98.26,92.36,97.4,96.5,2,0,0,3164.12,0.0,2.65,62.7
2026-02-02,Ventilation,Casablanca,479.4,5.5,98.87,88.04,91.9,96.9,0,0,0,1368.49,0.0,1.55,82.8
2026-02-02,Broyage,Casablanca,331.5,4.2,98.75,87.36,88.2,100.3,0,0,0,4862.48,0.0,4.05,85.5
2026-02-02,Convoyage,Tanger,510.3,7.0,98.65,88.96,91.0,99.1,0,0,1,813.31,7981.95,2.14,83.5
2026-02-03,Pomperie,Casablanca,412.0,6.6,98.42,92.03,96.6,96.8,0,0,1,1983.77,1904.16,2.09,99.2
2026-02-03,Air comprimé,Tanger,485.6,4.0,99.18,88.56,93.7,95.3,0,0,0,4014.37,0.0,3.03,100
2026-02-03,Ventilation,Casablanca,504.0,9.2,98.21,84.53,90.6,95.0,0,0,0,1167.81,0.0,1.2,91.7
2026-02-03,Broyage,Casablanca,346.1,3.8,98.91,87.77,94.8,93.6,0,0,0,3806.4,0.0,3.71,74.7
2026-02-03,Convoyage,Tanger,469.6,4.9,98.97,90.05,94.0,96.8,0,0,0,1029.81,0.0,1.27,85.4
2026-02-04,Pomperie,Casablanca,359.3,8.6,97.66,89.18,92.9,98.3,0,0,0,2691.48,0.0,2.12,74.6
2026-02-04,Air comprimé,Tanger,407.3,5.3,98.72,88.42,93.1,96.2,0,0,0,5002.96,0.0,2.87,86.0
2026-02-04,Ventilation,Casablanca,502.8,7.2,98.59,90.93,94.5,97.6,0,0,0,1059.63,0.0,2.05,80.3
2026-02-04,Broyage,Casablanca,374.3,5.8,98.47,81.97,87.9,94.7,0,0,1,2347.93,3362.79,4.57,94.3
2026-02-04,Convoyage,Tanger,447.6,7.3,98.4,87.22,93.5,94.8,0,0,0,703.2,0.0,1.2,89.7
2026-02-05,Pomperie,Casablanca,374.1,4.7,98.76,81.55,87.2,94.7,0,0,0,2487.24,0.0,2.54,93.0
2026-02-05,Air comprimé,Tanger,424.5,7.2,98.33,86.88,93.7,94.3,0,0,0,3834.75,0.0,3.18,80.9
2026-02-05,Ventilation,Casablanca,508.2,8.4,98.37,86.18,93.1,94.1,1,0,0,1120.96,0.0,1.55,93.5
2026-02-05,Broyage,Casablanca,353.4,3.0,99.16,94.4,95.1,100.1,0,0,2,2130.95,5774.58,3.87,80.0
2026-02-05,Convoyage,Tanger,457.5,4.2,99.09,85.0,88.8,96.6,0,1,0,871.39,0.0,2.01,63.4
2026-02-06,Pomperie,Casablanca,357.2,2.8,99.22,88.67,91.1,98.1,0,0,0,4237.57,0.0,2.67,82.4
2026-02-06,Air comprimé,Tanger,406.3,5.6,98.64,89.76,94.2,96.6,0,1,0,2128.49,0.0,3.47,78.0
2026-02-06,Ventilation,Casablanca,510.0,4.5,99.13,92.11,95.6,97.2,1,0,0,1328.57,0.0,2.11,80.9
2026-02-06,Broyage,Casablanca,360.3,3.8,98.96,92.15,95.7,97.3,0,0,1,5312.93,2097.69,3.81,87.0
2026-02-06,Convoyage,Tanger,455.3,7.8,98.32,85.4,92.4,94.0,0,0,0,771.01,0.0,1.51,79.2
2026-02-07,Pomperie,Casablanca,421.1,2.9,99.32,88.82,89.7,99.7,0,0,0,2298.12,0.0,1.78,83.2
2026-02-07,Air comprimé,Tanger,383.0,4.9,98.74,85.86,90.2,96.4,0,0,0,2782.26,0.0,2.92,92.0
2026-02-07,Ventilation,Casablanca,494.3,10.6,97.9,86.17,91.5,96.2,0,1,0,1488.33,0.0,1.86,79.5
2026-02-07,Broyage,Casablanca,288.3,4.9,98.33,88.54,93.7,96.1,0,0,2,6552.92,5332.92,4.53,79.6
2026-02-07,Convoyage,Tanger,506.4,6.0,98.83,93.01,92.9,101.3,0,0,0,922.34,0.0,1.83,72.8
2026-02-08,Pomperie,Casablanca,424.3,4.3,99.0,87.82,90.7,97.8,0,0,0,3002.25,0.0,2.24,78.3
2026-02-08,Air comprimé,Tanger,438.7,3.0,99.32,91.34,96.1,95.7,1,1,0,2689.05,0.0,3.62,87.8
2026-02-08,Ventilation,Casablanca,467.1,5.9,98.75,90.33,94.5,96.8,1,0,0,857.02,0.0,1.34,84.8
2026-02-08,Broyage,Casablanca,329.9,4.5,98.65,92.89,95.6,98.5,0,0,0,3550.87,0.0,4.22,75.2
2026-02-08,Convoyage,Tanger,513.0,7.7,98.52,90.69,94.9,97.0,1,0,0,1026.87,0.0,2.0,75.0
2026-02-09,Pomperie,Casablanca,394.7,8.0,98.01,86.95,90.9,97.6,2,1,1,3075.79,7299.39,2.27,78.9
2026-02-09,Air comprimé,Tanger,437.3,6.6,98.51,89.18,94.4,95.9,1,1,2,3815.98,9148.64,3.01,73.7
2026-02-09,Ventilation,Casablanca,488.5,7.8,98.43,90.87,91.5,100.9,0,0,0,524.84,0.0,1.87,81.2
2026-02-09,Broyage,Casablanca,356.2,4.1,98.86,88.56,94.0,95.3,1,0,0,4083.78,0.0,4.66,81.1
2026-02-09,Convoyage,Tanger,465.3,7.0,98.52,90.67,94.3,97.6,0,0,0,1011.96,0.0,1.02,82.8
2026-02-10,Pomperie,Casablanca,348.6,5.4,98.47,93.32,97.1,97.6,0,0,0,1790.84,0.0,2.92,73.7
2026-02-10,Air comprimé,Tanger,426.5,3.8,99.12,87.79,91.4,96.9,0,0,0,1556.91,0.0,3.67,78.7
2026-02-10,Ventilation,Casablanca,516.4,7.4,98.59,95.44,96.8,100.0,0,0,0,983.07,0.0,2.09,73.8
2026-02-10,Broyage,Casablanca,300.4,5.0,98.36,86.78,92.0,95.9,0,1,0,3752.59,0.0,3.93,84.7
2026-02-10,Convoyage,Tanger,448.3,4.8,98.94,87.87,90.9,97.7,0,0,0,1120.84,0.0,1.34,78.6
2026-02-11,Pomperie,Casablanca,362.1,6.6,98.21,88.5,93.0,96.9,0,0,0,2976.16,0.0,2.09,96.6
2026-02-11,Air comprimé,Tanger,406.5,8.0,98.07,91.19,94.5,98.4,2,1,1,4430.77,6482.27,2.52,85.1
2026-02-11,Ventilation,Casablanca,527.1,7.1,98.67,90.79,93.7,98.2,0,0,0,1030.91,0.0,2.22,83.8
2026-02-11,Broyage,Casablanca,402.7,3.4,99.16,95.02,96.5,99.3,0,1,0,6123.16,0.0,3.84,83.4
2026-02-11,Convoyage,Tanger,408.4,7.5,98.2,89.93,96.6,94.8,0,1,0,824.13,0.0,1.54,79.5
2026-02-12,Pomperie,Casablanca,358.1,5.1,98.6,82.25,87.9,94.9,0,1,1,2493.71,2634.07,2.34,68.1
2026-02-12,Air comprimé,Tanger,469.7,4.0,99.16,84.42,86.7,98.2,2,0,0,3162.78,0.0,2.23,65.9
2026-02-12,Ventilation,Casablanca,495.2,7.2,98.57,93.57,95.6,99.3,0,0,0,762.8,0.0,1.64,92.6
2026-02-12,Broyage,Casablanca,388.4,3.3,99.16,91.35,94.1,97.9,1,0,0,4075.49,0.0,4.02,90.8
2026-02-12,Convoyage,Tanger,444.9,7.0,98.45,86.34,93.0,94.3,0,0,0,1374.13,0.0,1.14,74.8
2026-02-13,Pomperie,Casablanca,443.9,2.4,99.46,93.76,98.2,96.0,2,0,0,2588.78,0.0,2.39,81.8
2026-02-13,Air comprimé,Tanger,437.6,4.2,99.05,92.99,97.9,95.9,0,0,0,4290.62,0.0,2.74,93.1
2026-02-13,Ventilation,Casablanca,525.9,10.3,98.08,85.07,89.7,96.7,0,0,0,1352.32,0.0,2.21,83.2
2026-02-13,Broyage,Casablanca,360.4,4.4,98.79,87.93,90.0,98.9,0,1,2,3712.27,9891.64,3.56,68.6
2026-02-13,Convoyage,Tanger,415.5,6.0,98.58,91.31,95.2,97.3,0,0,0,840.61,0.0,1.21,89.3
2026-02-14,Pomperie,Casablanca,431.4,3.4,99.22,84.18,86.4,98.2,0,0,0,3907.71,0.0,2.02,92.3
2026-02-14,Air comprimé,Tanger,430.2,4.2,99.03,94.1,95.5,99.5,0,1,0,2060.48,0.0,2.92,83.3
2026-02-14,Ventilation,Casablanca,515.4,7.5,98.57,90.17,96.6,94.7,0,0,0,1372.6,0.0,1.04,74.9
2026-02-14,Broyage,Casablanca,408.8,4.9,98.82,84.15,88.8,95.9,0,0,0,4374.48,0.0,4.11,76.6
2026-02-14,Convoyage,Tanger,509.1,6.4,98.76,88.92,90.4,99.6,2,2,0,895.61,0.0,1.94,69.4
2026-02-15,Pomperie,Casablanca,401.7,5.6,98.63,95.89,98.2,99.0,0,0,0,2410.2,0.0,2.22,82.2
2026-02-15,Air comprimé,Tanger,418.0,5.0,98.82,90.59,95.0,96.5,0,0,0,3106.22,0.0,3.12,74.8
2026-02-15,Ventilation,Casablanca,499.1,8.1,98.4,87.11,90.7,97.6,0,0,0,1389.69,0.0,2.11,89.9
2026-02-15,Broyage,Casablanca,333.6,4.9,98.55,83.9,89.9,94.7,0,0,0,2658.89,0.0,4.64,71.9
2026-02-15,Convoyage,Tanger,525.1,4.6,99.13,89.89,93.2,97.3,0,1,0,866.88,0.0,1.66,79.6
2026-02-16,Pomperie,Casablanca,404.5,4.9,98.8,85.44,88.6,97.6,2,0,1,2425.14,1723.46,1.92,69.2
2026-02-16,Air comprimé,Tanger,462.9,5.4,98.85,89.49,95.7,94.6,2,0,0,3638.75,0.0,2.4,86.6
2026-02-16,Ventilation,Casablanca,503.6,7.6,98.51,92.17,94.7,98.8,0,0,0,1236.08,0.0,1.66,78.8
2026-02-16,Broyage,Casablanca,343.4,2.6,99.25,86.87,89.5,97.8,0,0,1,4033.46,2363.37,3.63,80.5
2026-02-16,Convoyage,Tanger,486.2,6.9,98.6,87.95,91.3,97.7,0,0,0,771.94,0.0,1.91,91.5
2026-02-17,Pomperie,Casablanca,396.4,6.5,98.39,89.95,93.1,98.2,2,0,0,3350.88,0.0,2.4,83.8
2026-02-17,Air comprimé,Tanger,417.7,2.9,99.31,92.86,97.6,95.8,1,0,0,5532.47,0.0,2.34,86.6
2026-02-17,Ventilation,Casablanca,489.9,6.5,98.69,86.12,90.9,96.0,0,1,0,1346.16,0.0,2.06,70.0
2026-02-17,Broyage,Casablanca,338.6,4.0,98.83,92.41,96.8,96.6,0,1,0,4505.99,0.0,4.33,92.4
2026-02-17,Convoyage,Tanger,490.8,8.5,98.3,91.89,95.0,98.4,1,0,2,551.53,10662.66,1.52,88.3
2026-02-18,Pomperie,Casablanca,328.4,6.0,98.21,89.93,94.6,96.8,0,1,1,2442.71,3654.84,1.73,74.5
2026-02-18,Air comprimé,Tanger,413.5,7.6,98.2,90.99,93.4,99.2,0,0,0,2574.77,0.0,3.52,95.1
2026-02-18,Ventilation,Casablanca,471.0,7.2,98.49,86.57,89.6,98.1,0,1,0,1191.5,0.0,1.97,81.1
2026-02-18,Broyage,Casablanca,352.0,5.6,98.43,87.03,92.1,96.0,0,0,0,4251.19,0.0,4.52,82.2
2026-02-18,Convoyage,Tanger,472.0,6.9,98.56,88.11,90.3,99.0,0,0,0,1149.72,0.0,1.27,66.9
2026-02-19,Pomperie,Casablanca,421.8,7.4,98.28,86.92,89.7,98.6,1,0,1,2355.95,5982.53,2.17,79.1
2026-02-19,Air comprimé,Tanger,441.1,8.1,98.2,92.48,96.2,97.9,1,0,2,3439.26,3126.99,3.42,81.3
2026-02-19,Ventilation,Casablanca,503.6,2.5,99.51,90.94,92.5,98.8,0,0,0,1174.32,0.0,1.88,70.4
2026-02-19,Broyage,Casablanca,369.4,3.2,99.14,92.66,94.6,98.8,1,0,0,4385.94,0.0,3.95,82.3
2026-02-19,Convoyage,Tanger,446.5,6.7,98.52,82.81,88.2,95.3,0,0,0,971.17,0.0,2.28,86.4
2026-02-20,Pomperie,Casablanca,418.0,5.2,98.77,87.17,93.2,94.7,0,0,0,1848.76,0.0,2.33,73.0
2026-02-20,Air comprimé,Tanger,476.7,5.3,98.9,86.87,91.5,96.0,0,0,0,3099.46,0.0,3.04,61.2
2026-02-20,Ventilation,Casablanca,541.3,6.7,98.78,86.94,88.9,99.0,0,1,0,1018.12,0.0,1.76,77.5
2026-02-20,Broyage,Casablanca,337.8,3.8,98.89,87.04,91.4,96.3,1,0,0,5201.2,0.0,4.29,79.8
2026-02-20,Convoyage,Tanger,449.4,6.8,98.51,87.59,93.1,95.5,0,0,0,1132.37,0.0,0.95,85.1
2026-02-21,Pomperie,Casablanca,395.0,3.6,99.1,89.74,92.5,97.9,0,0,0,2999.05,0.0,2.54,62.0
2026-02-21,Air comprimé,Tanger,427.9,6.4,98.53,87.71,91.4,97.4,0,0,0,4535.86,0.0,2.78,78.5
2026-02-21,Ventilation,Casablanca,520.2,5.2,99.01,87.88,90.2,98.4,1,0,0,1922.87,0.0,1.53,82.6
2026-02-21,Broyage,Casablanca,359.5,4.9,98.66,93.33,100.0,94.6,1,2,2,3863.35,3729.03,4.27,83.2
2026-02-21,Convoyage,Tanger,465.7,5.6,98.81,84.82,88.5,97.0,1,0,2,862.16,6436.51,0.77,82.3
2026-02-22,Pomperie,Casablanca,380.3,4.0,98.96,84.82,89.0,96.3,0,0,0,2901.12,0.0,2.44,69.6
2026-02-22,Air comprimé,Tanger,449.9,3.0,99.34,86.81,91.5,95.5,0,1,0,3786.61,0.0,3.1,72.5
2026-02-22,Ventilation,Casablanca,489.8,6.2,98.75,88.63,93.2,96.3,1,0,0,1479.99,0.0,1.43,70.9
2026-02-22,Broyage,Casablanca,388.5,3.6,99.08,86.65,89.7,97.5,0,1,0,4971.53,0.0,4.16,79.7
2026-02-22,Convoyage,Tanger,530.8,5.6,98.96,92.37,93.9,99.4,0,0,0,954.3,0.0,1.47,82.3
2026-02-23,Pomperie,Casablanca,369.9,4.3,98.85,86.17,88.5,98.5,1,0,2,2883.54,9447.47,2.35,84.9
2026-02-23,Air comprimé,Tanger,453.2,2.9,99.36,89.47,93.6,96.2,0,0,0,1535.86,0.0,3.67,86.6
2026-02-23,Ventilation,Casablanca,534.6,6.7,98.76,90.35,94.8,96.5,1,1,0,1944.53,0.0,1.8,78.0
2026-02-23,Broyage,Casablanca,372.0,5.0,98.67,98.15,98.1,101.4,0,1,0,3585.76,0.0,4.2,96.1
2026-02-23,Convoyage,Tanger,489.0,9.4,98.11,88.63,91.9,98.3,0,0,0,1260.51,0.0,2.15,83.6
2026-02-24,Pomperie,Casablanca,424.7,5.1,98.81,90.21,95.3,95.8,0,0,1,4177.06,5342.92,2.55,85.6
2026-02-24,Air comprimé,Tanger,443.0,5.2,98.84,87.95,92.3,96.4,0,0,0,2486.77,0.0,3.89,81.9
2026-02-24,Ventilation,Casablanca,454.0,9.1,98.03,86.52,90.8,97.2,1,0,0,1444.61,0.0,1.86,80.8
2026-02-24,Broyage,Casablanca,345.1,4.6,98.68,91.59,94.9,97.8,0,0,2,4036.26,3136.66,3.33,100
2026-02-24,Convoyage,Tanger,501.1,7.7,98.49,91.52,95.4,97.4,0,0,1,920.01,6181.42,1.7,100
2026-02-25,Pomperie,Casablanca,380.5,4.6,98.81,90.49,94.9,96.5,0,0,1,2743.63,2820.4,2.94,71.9
2026-02-25,Air comprimé,Tanger,440.9,3.7,99.17,90.29,93.0,97.9,0,0,1,1821.06,5408.79,3.22,76.0
2026-02-25,Ventilation,Casablanca,534.6,7.3,98.65,87.68,92.2,96.4,0,1,0,1005.96,0.0,2.41,93.7
2026-02-25,Broyage,Casablanca,288.6,2.1,99.28,92.26,96.6,96.2,1,0,1,5052.2,2001.06,3.64,80.6
2026-02-25,Convoyage,Tanger,510.4,7.6,98.53,84.98,90.6,95.2,0,0,0,513.65,0.0,1.14,81.3
2026-02-26,Pomperie,Casablanca,352.4,7.6,97.89,86.54,90.3,97.9,0,0,0,1654.86,0.0,2.24,83.8
2026-02-26,Air comprimé,Tanger,432.8,6.2,98.59,93.15,96.9,97.5,1,0,0,2672.76,0.0,3.02,85.4
2026-02-26,Ventilation,Casablanca,459.3,5.9,98.73,89.77,92.5,98.3,0,0,0,1400.33,0.0,1.76,64.1
2026-02-26,Broyage,Casablanca,335.6,3.4,99.0,79.45,84.3,95.2,2,0,0,3330.14,0.0,4.11,68.3
2026-02-26,Convoyage,Tanger,511.5,4.4,99.15,84.4,87.4,97.4,2,0,0,697.51,0.0,1.43,80.7
2026-02-27,Pomperie,Casablanca,366.9,7.8,97.92,94.37,100.7,95.7,2,1,0,2657.07,0.0,2.35,91.6
2026-02-27,Air comprimé,Tanger,471.8,5.1,98.93,88.41,90.0,99.3,0,0,0,2233.64,0.0,2.48,84.4
2026-02-27,Ventilation,Casablanca,516.5,9.4,98.21,92.4,96.6,97.4,0,0,0,1266.76,0.0,2.2,78.3
2026-02-27,Broyage,Casablanca,415.4,6.9,98.37,84.0,88.4,96.6,0,0,0,5238.23,0.0,3.8,91.6
2026-02-27,Convoyage,Tanger,477.3,2.5,99.48,91.96,95.1,97.2,0,1,0,1132.01,0.0,1.64,89.7
2026-02-28,Pomperie,Casablanca,455.0,6.5,98.59,89.18,92.3,98.0,0,0,0,3781.21,0.0,2.81,86.9
2026-02-28,Air comprimé,Tanger,454.8,6.3,98.63,90.42,96.1,95.4,0,2,0,2440.48,0.0,3.21,74.5
2026-02-28,Ventilation,Casablanca,558.3,8.2,98.55,89.77,92.2,98.8,0,1,0,793.58,0.0,1.83,84.2
2026-02-28,Broyage,Casablanca,346.1,3.9,98.89,85.18,88.8,97.0,0,0,0,3209.16,0.0,4.51,87.5
2026-02-28,Convoyage,Tanger,513.7,4.4,99.15,89.5,92.3,97.8,0,0,0,917.59,0.0,0.74,97.4
2026-03-01,Pomperie,Casablanca,433.6,5.9,98.66,87.86,90.5,98.4,0,0,0,3975.59,0.0,2.72,81.5
2026-03-01,Air comprimé,Tanger,400.9,8.3,97.97,90.57,96.7,95.6,0,2,0,3040.0,0.0,3.11,82.0
2026-03-01,Ventilation,Casablanca,505.4,3.4,99.33,95.19,96.6,99.2,2,1,0,1527.81,0.0,1.31,86.3
2026-03-01,Broyage,Casablanca,368.1,6.1,98.37,88.66,93.4,96.5,1,1,0,4839.31,0.0,4.74,87.5
2026-03-01,Convoyage,Tanger,491.3,5.6,98.87,90.03,91.7,99.3,0,1,1,704.31,2309.59,1.46,86.4
2026-03-02,Pomperie,Casablanca,407.2,6.8,98.36,85.61,88.9,97.9,1,1,0,2743.75,0.0,2.73,74.7
2026-03-02,Air comprimé,Tanger,520.3,5.4,98.97,86.53,90.7,96.4,0,0,1,3659.45,3790.66,3.46,77.2
2026-03-02,Ventilation,Casablanca,525.5,9.2,98.28,95.11,100.7,96.1,0,0,0,1089.03,0.0,2.52,100
2026-03-02,Broyage,Casablanca,378.0,4.6,98.8,86.18,92.3,94.5,1,0,0,4275.23,0.0,4.0,96.9
2026-03-02,Convoyage,Tanger,495.8,4.3,99.14,86.21,90.3,96.3,0,0,1,1202.17,7961.85,1.32,81.1
2026-03-03,Pomperie,Casablanca,383.2,6.4,98.36,85.23,91.4,94.8,1,0,0,3239.04,0.0,2.77,79.5
2026-03-03,Air comprimé,Tanger,382.5,7.7,98.03,88.28,91.8,98.1,0,0,0,3451.81,0.0,3.62,69.4
2026-03-03,Ventilation,Casablanca,512.3,6.9,98.67,90.04,93.4,97.7,0,0,0,673.73,0.0,1.79,85.7
2026-03-03,Broyage,Casablanca,366.0,4.6,98.76,82.56,86.0,97.2,0,0,0,4409.08,0.0,4.56,87.9
2026-03-03,Convoyage,Tanger,444.2,7.4,98.36,89.28,93.1,97.5,1,0,0,1239.58,0.0,1.83,77.2
2026-03-04,Pomperie,Casablanca,382.0,6.1,98.43,84.31,89.5,95.7,0,0,0,2631.22,0.0,1.8,69.7
2026-03-04,Air comprimé,Tanger,434.8,6.2,98.59,86.33,91.4,95.8,1,1,0,4573.72,0.0,2.83,84.1
2026-03-04,Ventilation,Casablanca,524.9,9.5,98.22,89.15,91.5,99.2,1,0,0,1003.37,0.0,1.81,79.8
2026-03-04,Broyage,Casablanca,331.2,5.6,98.34,91.48,96.0,96.9,0,1,0,3234.52,0.0,3.68,84.9
2026-03-04,Convoyage,Tanger,488.1,6.9,98.61,86.95,93.9,93.9,0,0,0,686.03,0.0,1.35,95.9
2026-03-05,Pomperie,Casablanca,382.7,4.0,98.97,96.2,99.8,97.4,0,0,0,3437.67,0.0,2.67,82.8
2026-03-05,Air comprimé,Tanger,495.0,9.4,98.14,90.8,92.8,99.7,0,0,1,2549.18,7632.55,2.77,73.3
2026-03-05,Ventilation,Casablanca,573.2,4.6,99.2,86.08,93.1,93.2,0,1,0,1016.33,0.0,1.88,79.6
2026-03-05,Broyage,Casablanca,410.7,5.3,98.73,81.79,86.2,96.1,0,0,0,3652.71,0.0,4.08,76.2
2026-03-05,Convoyage,Tanger,466.9,8.1,98.29,93.12,95.6,99.1,2,0,0,655.24,0.0,1.63,92.1
2026-03-06,Pomperie,Casablanca,344.5,3.4,99.02,88.0,92.0,96.6,0,1,0,3963.48,0.0,2.73,81.4
2026-03-06,Air comprimé,Tanger,449.4,5.9,98.7,90.58,96.0,95.6,0,0,0,2768.38,0.0,3.63,94.6
2026-03-06,Ventilation,Casablanca,507.0,11.7,97.74,88.65,91.8,98.8,0,1,0,1337.92,0.0,2.19,81.2
2026-03-06,Broyage,Casablanca,348.1,5.4,98.47,84.45,89.8,95.5,0,0,0,3768.92,0.0,4.22,76.4
2026-03-06,Convoyage,Tanger,499.4,5.8,98.85,86.18,87.8,99.3,0,0,0,898.71,0.0,1.94,78.7
2026-03-07,Pomperie,Casablanca,406.0,7.7,98.14,93.57,98.7,96.6,0,0,1,4103.96,6205.81,2.17,78.8
2026-03-07,Air comprimé,Tanger,495.0,3.3,99.34,84.22,86.6,97.9,0,0,0,4247.91,0.0,2.37,78.9
2026-03-07,Ventilation,Casablanca,583.4,6.9,98.83,90.23,95.8,95.3,0,0,0,1275.36,0.0,1.85,85.3
2026-03-07,Broyage,Casablanca,351.7,4.9,98.63,93.28,97.6,96.9,1,0,0,4654.04,0.0,3.96,94.2
2026-03-07,Convoyage,Tanger,462.6,6.4,98.64,90.97,94.3,97.8,0,0,0,565.17,0.0,1.5,90.3
2026-03-08,Pomperie,Casablanca,424.8,6.5,98.49,92.38,97.0,96.7,0,0,1,3563.86,3298.2,2.29,84.6
2026-03-08,Air comprimé,Tanger,496.5,6.8,98.65,85.41,87.9,98.5,0,0,0,3244.14,0.0,3.65,85.5
2026-03-08,Ventilation,Casablanca,490.5,7.7,98.45,93.38,95.9,98.9,0,0,1,1193.72,5385.65,2.18,87.5
2026-03-08,Broyage,Casablanca,375.7,4.2,98.89,94.49,97.5,98.0,0,0,0,4154.4,0.0,3.56,74.3
2026-03-08,Convoyage,Tanger,478.7,6.5,98.66,87.51,92.2,96.2,2,0,0,1042.42,0.0,1.51,92.5
2026-03-09,Pomperie,Casablanca,404.4,4.4,98.92,92.37,94.9,98.4,0,1,0,3333.27,0.0,2.21,93.2
2026-03-09,Air comprimé,Tanger,438.9,3.7,99.16,96.17,100.4,96.6,0,0,0,3294.48,0.0,2.92,87.6
2026-03-09,Ventilation,Casablanca,453.8,8.1,98.25,89.04,94.3,96.1,0,0,0,1184.43,0.0,1.37,77.5
2026-03-09,Broyage,Casablanca,355.9,4.6,98.72,91.14,94.4,97.8,0,0,1,3313.88,6766.18,3.71,67.1
2026-03-09,Convoyage,Tanger,416.3,4.4,98.95,90.43,95.6,95.6,0,0,0,662.72,0.0,1.32,90.9
2026-03-10,Pomperie,Casablanca,372.5,6.9,98.18,87.95,93.8,95.5,2,0,0,3806.74,0.0,2.89,80.9
2026-03-10,Air comprimé,Tanger,453.6,4.5,99.02,88.22,93.1,95.7,0,0,0,4982.29,0.0,2.63,87.2
2026-03-10,Ventilation,Casablanca,563.5,8.5,98.51,92.02,96.4,96.9,2,1,1,1513.16,7191.68,2.01,87.4
2026-03-10,Broyage,Casablanca,426.7,6.4,98.52,94.8,99.0,97.2,0,0,1,4873.09,3065.49,4.06,89.1
2026-03-10,Convoyage,Tanger,466.2,8.4,98.23,90.23,97.0,94.7,0,0,0,718.16,0.0,2.06,82.6
2026-03-11,Pomperie,Casablanca,425.0,5.1,98.81,90.13,92.6,98.5,0,0,0,3404.74,0.0,1.84,93.8
2026-03-11,Air comprimé,Tanger,477.3,8.1,98.33,94.63,97.9,98.3,0,0,0,2989.26,0.0,2.77,81.5
2026-03-11,Ventilation,Casablanca,463.1,10.3,97.82,83.78,88.3,97.0,0,0,1,2032.04,4665.8,1.62,80.7
2026-03-11,Broyage,Casablanca,356.8,2.6,99.28,95.44,98.6,97.5,0,0,0,4333.35,0.0,4.3,100
2026-03-11,Convoyage,Tanger,460.4,5.3,98.86,86.92,91.3,96.3,0,0,1,768.02,4850.91,0.7,89.9
2026-03-12,Pomperie,Casablanca,439.6,5.8,98.7,84.15,87.9,97.0,0,0,0,2935.33,0.0,2.11,89.1
2026-03-12,Air comprimé,Tanger,485.7,8.1,98.36,87.2,90.0,98.5,0,0,0,3192.99,0.0,3.06,82.3
2026-03-12,Ventilation,Casablanca,477.8,9.3,98.09,89.72,94.3,97.0,0,1,0,1686.39,0.0,1.74,83.2
2026-03-12,Broyage,Casablanca,374.0,3.6,99.05,95.91,98.2,98.6,0,0,0,2708.38,0.0,4.3,91.1
2026-03-12,Convoyage,Tanger,492.2,4.8,99.03,95.73,100.7,96.0,0,1,0,847.88,0.0,1.37,94.2
2026-03-13,Pomperie,Casablanca,419.9,3.6,99.15,92.14,96.8,96.0,0,0,0,2579.28,0.0,2.58,84.7
2026-03-13,Air comprimé,Tanger,510.2,5.3,98.97,88.01,94.6,94.0,0,0,0,5908.15,0.0,2.78,84.6
2026-03-13,Ventilation,Casablanca,518.6,7.2,98.63,91.35,94.9,97.6,0,0,2,1272.05,10123.72,1.31,95.9
2026-03-13,Broyage,Casablanca,393.7,4.6,98.85,87.52,93.1,95.1,0,0,1,4249.11,6869.42,4.16,93.7
2026-03-13,Convoyage,Tanger,481.9,6.6,98.65,90.89,94.3,97.7,0,0,0,811.54,0.0,1.11,83.8
2026-03-14,Pomperie,Casablanca,358.9,5.6,98.46,95.8,97.2,100.1,0,0,0,2188.96,0.0,3.38,93.6
2026-03-14,Air comprimé,Tanger,465.9,8.9,98.13,86.49,92.2,95.6,0,0,1,3510.04,4322.84,3.6,83.1
2026-03-14,Ventilation,Casablanca,525.5,4.6,99.13,86.49,89.3,97.7,0,1,0,1017.15,0.0,1.64,88.4
2026-03-14,Broyage,Casablanca,343.1,7.1,97.97,96.59,98.2,100.4,0,0,0,3883.03,0.0,4.35,84.4
2026-03-14,Convoyage,Tanger,500.5,8.9,98.25,85.87,90.1,97.0,0,0,0,595.0,0.0,1.55,77.3
2026-03-15,Pomperie,Casablanca,394.1,3.4,99.14,91.62,94.3,98.0,0,1,0,4776.98,0.0,1.58,78.6
2026-03-15,Air comprimé,Tanger,506.9,5.4,98.95,87.7,93.3,95.0,3,0,0,3379.26,0.0,2.99,75.8
2026-03-15,Ventilation,Casablanca,544.4,9.5,98.28,91.42,96.9,96.0,0,0,0,911.24,0.0,1.84,86.5
2026-03-15,Broyage,Casablanca,356.9,3.8,98.95,90.05,95.0,95.8,3,1,0,3010.81,0.0,4.25,78.1
2026-03-15,Convoyage,Tanger,485.8,1.6,99.67,92.42,95.1,97.5,0,0,0,418.13,0.0,0.41,82.3
2026-03-16,Pomperie,Casablanca,334.1,5.3,98.44,89.21,94.7,95.7,0,1,2,2990.7,4397.81,2.17,81.9
2026-03-16,Air comprimé,Tanger,477.8,3.7,99.23,92.07,92.6,100.2,0,0,0,3271.89,0.0,2.76,79.7
2026-03-16,Ventilation,Casablanca,558.3,7.8,98.62,88.72,91.8,98.0,0,0,0,1608.82,0.0,1.98,79.7
2026-03-16,Broyage,Casablanca,367.9,6.2,98.34,89.68,94.4,96.6,1,0,1,2899.74,4489.14,4.09,94.8
2026-03-16,Convoyage,Tanger,489.9,9.5,98.1,84.62,88.2,97.8,0,0,0,634.06,0.0,1.84,77.4
2026-03-17,Pomperie,Casablanca,418.0,7.8,98.17,91.8,96.7,96.7,0,0,0,1908.92,0.0,2.19,96.9
2026-03-17,Air comprimé,Tanger,507.1,3.2,99.37,84.73,89.1,95.7,0,0,0,3976.39,0.0,2.58,81.7
2026-03-17,Ventilation,Casablanca,549.6,1.5,99.73,84.5,91.5,92.6,0,0,0,1854.83,0.0,2.66,81.6
2026-03-17,Broyage,Casablanca,336.8,7.6,97.79,90.54,92.4,100.2,0,0,1,4099.63,5965.66,4.41,92.7
2026-03-17,Convoyage,Tanger,516.5,3.9,99.25,91.66,95.8,96.4,0,0,0,708.0,0.0,1.59,87.7
2026-03-18,Pomperie,Casablanca,381.0,3.9,98.99,87.54,92.5,95.6,0,0,1,2574.31,4371.43,2.78,80.3
2026-03-18,Air comprimé,Tanger,439.8,6.4,98.57,88.9,92.6,97.4,1,0,0,5505.59,0.0,2.87,97.3
2026-03-18,Ventilation,Casablanca,567.7,6.3,98.9,90.79,93.1,98.6,2,0,0,769.36,0.0,1.69,82.5
2026-03-18,Broyage,Casablanca,354.9,3.9,98.91,88.66,92.6,96.8,0,0,0,3675.25,0.0,4.24,77.2
2026-03-18,Convoyage,Tanger,507.6,5.9,98.85,86.52,89.5,97.8,0,0,1,671.45,4245.68,1.74,83.3
2026-03-19,Pomperie,Casablanca,385.6,5.2,98.67,91.05,93.4,98.8,0,0,0,2749.04,0.0,2.59,72.8
2026-03-19,Air comprimé,Tanger,428.9,6.5,98.51,86.44,91.5,95.9,0,1,0,1897.68,0.0,3.04,93.1
2026-03-19,Ventilation,Casablanca,481.5,10.0,97.97,90.95,96.2,96.5,0,0,0,1238.02,0.0,1.76,79.8
2026-03-19,Broyage,Casablanca,374.1,4.2,98.89,90.53,92.1,99.4,0,0,0,3029.57,0.0,4.27,92.2
2026-03-19,Convoyage,Tanger,444.9,5.9,98.69,89.06,94.1,95.9,0,0,0,1014.87,0.0,1.5,100
2026-03-20,Pomperie,Casablanca,423.3,5.4,98.74,90.8,95.0,96.8,0,0,0,3243.83,0.0,3.21,78.4
2026-03-20,Air comprimé,Tanger,419.8,3.9,99.08,91.86,94.6,98.0,0,1,0,3575.92,0.0,3.2,75.5
2026-03-20,Ventilation,Casablanca,561.4,10.7,98.13,85.41,92.4,94.2,0,0,0,1208.15,0.0,1.27,84.6
2026-03-20,Broyage,Casablanca,342.3,5.7,98.36,89.35,92.5,98.2,0,0,1,3977.07,6965.37,4.36,89.2
2026-03-20,Convoyage,Tanger,457.3,7.5,98.39,90.86,92.9,99.4,0,0,1,435.94,4862.97,1.08,79.8
2026-03-21,Pomperie,Casablanca,445.1,4.3,99.04,89.82,91.7,98.9,0,0,2,3119.02,10768.23,2.74,79.9
2026-03-21,Air comprimé,Tanger,411.5,4.2,98.99,88.26,90.7,98.3,0,0,1,3285.92,6652.55,3.48,85.8
2026-03-21,Ventilation,Casablanca,512.1,6.2,98.8,87.49,91.2,97.1,1,0,2,1242.59,8208.77,1.85,93.6
2026-03-21,Broyage,Casablanca,344.1,5.2,98.51,87.69,93.8,94.9,0,0,0,4542.55,0.0,4.01,85.7
2026-03-21,Convoyage,Tanger,484.9,6.9,98.6,87.87,91.4,97.5,0,0,1,1233.75,3232.66,1.99,65.7
2026-03-22,Pomperie,Casablanca,450.8,4.7,98.97,86.89,93.3,94.1,2,0,1,2401.85,2747.51,1.84,97.6
2026-03-22,Air comprimé,Tanger,478.3,5.6,98.84,85.85,90.2,96.3,0,0,0,2424.3,0.0,3.09,84.5
2026-03-22,Ventilation,Casablanca,504.5,8.5,98.34,81.46,88.4,93.7,0,0,0,1287.32,0.0,2.28,78.5
2026-03-22,Broyage,Casablanca,325.0,8.1,97.57,88.11,93.0,97.1,2,0,0,3537.24,0.0,3.88,80.4
2026-03-22,Convoyage,Tanger,556.0,5.9,98.95,88.23,92.4,96.5,0,0,0,416.17,0.0,1.54,91.2
2026-03-23,Pomperie,Casablanca,388.0,4.9,98.75,93.39,96.5,98.0,0,0,2,2742.46,3904.76,2.72,82.0
2026-03-23,Air comprimé,Tanger,471.0,4.0,99.16,93.1,97.6,96.2,0,0,0,3100.38,0.0,2.98,78.4
2026-03-23,Ventilation,Casablanca,524.2,7.3,98.63,83.93,89.2,95.4,0,1,0,528.09,0.0,2.1,81.6
2026-03-23,Broyage,Casablanca,387.3,4.6,98.83,90.29,92.1,99.2,1,0,0,3498.81,0.0,3.75,73.0
2026-03-23,Convoyage,Tanger,520.9,4.5,99.14,88.0,91.7,96.8,0,0,2,1416.43,8255.25,1.94,80.4
2026-03-24,Pomperie,Casablanca,398.9,4.8,98.81,89.64,94.6,95.9,0,1,0,2773.6,0.0,2.91,95.3
2026-03-24,Air comprimé,Tanger,476.5,7.6,98.43,93.35,95.7,99.1,0,0,0,3679.22,0.0,2.74,100
2026-03-24,Ventilation,Casablanca,485.8,7.0,98.58,87.51,91.7,96.8,0,0,0,1610.64,0.0,1.93,93.9
2026-03-24,Broyage,Casablanca,351.4,5.9,98.35,88.44,92.8,96.9,0,0,0,4458.61,0.0,4.32,58.0
2026-03-24,Convoyage,Tanger,442.9,8.0,98.23,84.93,91.4,94.6,0,0,1,989.09,4426.53,0.78,83.1
2026-03-25,Pomperie,Casablanca,329.3,8.5,97.48,87.08,92.0,97.1,0,0,0,1434.52,0.0,2.13,84.7
2026-03-25,Air comprimé,Tanger,499.3,4.0,99.21,90.3,92.5,98.4,3,0,0,3492.74,0.0,3.1,80.5
2026-03-25,Ventilation,Casablanca,507.3,4.6,99.1,85.28,90.2,95.4,1,0,0,694.89,0.0,1.75,81.7
2026-03-25,Broyage,Casablanca,351.6,4.7,98.68,94.48,97.9,97.8,0,0,0,3485.96,0.0,4.35,71.5
2026-03-25,Convoyage,Tanger,445.7,8.0,98.24,84.64,88.0,97.9,2,0,0,1166.71,0.0,1.08,78.7
2026-03-26,Pomperie,Casablanca,438.6,4.1,99.07,93.97,96.3,98.5,0,0,1,4494.09,3119.0,2.32,82.9
2026-03-26,Air comprimé,Tanger,446.7,5.1,98.87,86.4,90.0,97.1,0,0,0,3283.66,0.0,3.06,83.6
2026-03-26,Ventilation,Casablanca,466.2,7.8,98.35,84.31,91.2,94.0,2,2,0,1381.76,0.0,1.97,90.4
2026-03-26,Broyage,Casablanca,349.0,3.8,98.92,88.34,91.5,97.6,0,0,1,4289.59,2900.61,4.53,76.9
2026-03-26,Convoyage,Tanger,485.8,8.3,98.32,92.51,96.8,97.2,2,0,0,644.04,0.0,1.27,85.3
2026-03-27,Pomperie,Casablanca,399.6,6.4,98.42,85.83,88.9,98.1,0,0,0,3886.17,0.0,2.73,89.2
2026-03-27,Air comprimé,Tanger,439.8,4.7,98.94,82.99,87.1,96.3,0,0,0,3010.28,0.0,3.15,82.4
2026-03-27,Ventilation,Casablanca,492.4,2.0,99.6,90.17,94.8,95.5,0,0,0,704.56,0.0,0.78,85.3
2026-03-27,Broyage,Casablanca,409.2,3.4,99.18,89.72,91.1,99.3,0,0,0,5234.88,0.0,4.76,88.5
2026-03-27,Convoyage,Tanger,482.4,7.8,98.41,93.88,100.0,95.4,0,0,0,958.49,0.0,0.98,78.3
2026-03-28,Pomperie,Casablanca,464.8,4.1,99.13,86.12,89.1,97.5,0,1,0,2981.11,0.0,3.13,77.2
2026-03-28,Air comprimé,Tanger,485.9,5.4,98.9,92.05,94.2,98.8,0,0,0,2324.39,0.0,3.44,86.3
2026-03-28,Ventilation,Casablanca,545.0,3.9,99.29,90.46,95.2,95.7,0,0,0,1541.19,0.0,2.03,93.5
2026-03-28,Broyage,Casablanca,329.6,5.2,98.45,87.99,93.0,96.1,0,1,0,5479.73,0.0,4.26,71.3
2026-03-28,Convoyage,Tanger,501.9,3.5,99.31,94.27,99.5,95.4,1,0,1,1006.12,2802.33,1.39,82.2
2026-03-29,Pomperie,Casablanca,408.6,5.4,98.7,92.18,95.2,98.1,0,0,1,3745.9,7602.65,2.86,100
2026-03-29,Air comprimé,Tanger,417.4,7.5,98.23,89.85,94.3,97.0,2,0,0,2955.34,0.0,3.73,88.2
2026-03-29,Ventilation,Casablanca,496.0,6.6,98.69,83.74,87.3,97.2,2,0,1,1455.05,7296.87,1.29,67.0
2026-03-29,Broyage,Casablanca,411.8,1.6,99.61,89.85,91.3,98.8,0,1,0,5561.66,0.0,4.44,97.0
2026-03-29,Convoyage,Tanger,492.5,5.1,98.98,91.41,96.1,96.1,0,0,0,999.57,0.0,0.92,89.5
2026-03-30,Pomperie,Casablanca,388.1,2.7,99.31,86.65,89.4,97.6,0,1,0,3213.23,0.0,2.44,77.1
2026-03-30,Air comprimé,Tanger,483.1,9.2,98.13,87.44,91.3,97.6,0,0,0,2619.41,0.0,3.29,83.8
2026-03-30,Ventilation,Casablanca,537.3,8.3,98.48,89.42,91.9,98.8,0,1,0,1225.58,0.0,1.92,81.7
2026-03-30,Broyage,Casablanca,433.7,4.1,99.06,82.54,87.8,94.9,0,0,0,2818.28,0.0,4.08,84.7
2026-03-30,Convoyage,Tanger,543.9,5.6,98.98,86.53,89.3,97.9,1,0,1,1132.1,7947.0,1.96,65.4
2026-03-31,Pomperie,Casablanca,437.0,7.6,98.29,89.0,92.4,98.0,0,0,0,3082.05,0.0,2.23,84.5
2026-03-31,Air comprimé,Tanger,430.5,4.2,99.03,85.88,91.0,95.3,0,0,0,3053.04,0.0,2.57,87.1
2026-03-31,Ventilation,Casablanca,531.8,4.0,99.25,88.91,95.1,94.2,0,0,0,1155.85,0.0,1.55,80.2
2026-03-31,Broyage,Casablanca,415.8,5.1,98.79,90.84,94.6,97.2,0,0,1,4918.45,2700.77,3.86,100
2026-03-31,Convoyage,Tanger,503.8,5.6,98.9,93.44,97.0,97.4,0,0,0,894.76,0.0,1.05,87.0
2026-04-01,Pomperie,Casablanca,411.9,10.1,97.61,91.64,95.9,97.9,0,0,0,3647.9,0.0,2.53,81.1
2026-04-01,Air comprimé,Tanger,495.3,4.6,99.08,91.25,93.5,98.5,0,2,0,3522.94,0.0,3.03,84.7
2026-04-01,Ventilation,Casablanca,487.5,3.4,99.31,86.68,91.2,95.7,0,0,0,1359.27,0.0,1.62,90.2
2026-04-01,Broyage,Casablanca,394.0,5.4,98.65,91.81,94.1,98.9,0,0,0,5041.09,0.0,3.92,88.2
2026-04-01,Convoyage,Tanger,469.1,5.4,98.86,89.4,94.2,96.0,0,0,0,588.59,0.0,2.03,82.8
2026-04-02,Pomperie,Casablanca,428.2,6.0,98.62,91.83,95.6,97.4,0,0,0,2577.98,0.0,2.36,90.6
2026-04-02,Air comprimé,Tanger,474.1,8.1,98.32,91.45,95.4,97.5,1,0,0,3007.37,0.0,2.42,86.4
2026-04-02,Ventilation,Casablanca,530.3,8.3,98.46,85.78,88.0,99.0,0,1,0,860.86,0.0,1.65,75.2
2026-04-02,Broyage,Casablanca,371.4,4.5,98.8,88.52,90.5,99.0,0,0,0,3214.69,0.0,3.92,84.1
2026-04-02,Convoyage,Tanger,497.3,5.8,98.85,87.36,89.0,99.3,0,0,2,795.01,15445.85,0.77,84.0
2026-04-03,Pomperie,Casablanca,428.3,7.3,98.32,94.03,98.9,96.7,0,0,0,3280.7,0.0,2.78,87.3
2026-04-03,Air comprimé,Tanger,508.2,6.6,98.72,90.96,94.5,97.5,0,1,0,3336.42,0.0,3.06,84.4
2026-04-03,Ventilation,Casablanca,571.1,7.1,98.77,92.74,96.2,97.6,1,0,0,1156.02,0.0,1.14,71.2
2026-04-03,Broyage,Casablanca,355.5,4.9,98.64,92.5,95.4,98.3,0,2,0,4403.37,0.0,3.99,75.8
2026-04-03,Convoyage,Tanger,496.4,5.6,98.88,91.13,96.2,95.8,0,0,0,913.31,0.0,1.53,86.7
2026-04-04,Pomperie,Casablanca,369.6,6.3,98.32,94.62,98.3,97.9,0,1,0,3338.42,0.0,2.71,77.4
2026-04-04,Air comprimé,Tanger,451.8,7.5,98.37,90.65,94.9,97.1,0,1,1,3531.19,3413.85,3.36,91.1
2026-04-04,Ventilation,Casablanca,546.6,8.0,98.56,85.33,90.0,96.2,1,0,0,1839.46,0.0,1.72,81.4
2026-04-04,Broyage,Casablanca,341.8,4.2,98.79,90.52,93.5,98.0,0,0,0,4880.84,0.0,4.82,94.9
2026-04-04,Convoyage,Tanger,470.7,7.1,98.51,91.8,94.7,98.4,0,0,0,875.6,0.0,1.02,92.5
2026-04-05,Pomperie,Casablanca,380.8,5.3,98.63,90.85,93.8,98.2,0,0,0,3959.96,0.0,2.46,72.2
2026-04-05,Air comprimé,Tanger,508.3,9.6,98.15,88.72,92.8,97.4,0,1,0,4058.89,0.0,2.75,84.8
2026-04-05,Ventilation,Casablanca,480.0,8.2,98.32,94.7,99.6,96.7,0,0,0,965.3,0.0,1.8,79.1
2026-04-05,Broyage,Casablanca,374.8,3.8,99.0,90.1,92.3,98.6,0,1,0,2871.79,0.0,4.02,88.9
2026-04-05,Convoyage,Tanger,464.9,8.9,98.12,88.74,94.7,95.5,2,0,0,591.22,0.0,0.99,78.1
2026-04-06,Pomperie,Casablanca,402.5,7.0,98.29,88.72,90.9,99.3,0,0,1,3435.91,4170.42,1.71,83.5
2026-04-06,Air comprimé,Tanger,493.4,5.5,98.9,93.54,97.4,97.1,2,0,0,1537.03,0.0,3.14,87.4
2026-04-06,Ventilation,Casablanca,473.6,9.1,98.11,90.7,96.4,95.9,0,0,0,1355.23,0.0,2.02,89.4
2026-04-06,Broyage,Casablanca,388.3,2.7,99.31,90.15,93.1,97.5,0,0,0,3738.79,0.0,4.06,97.3
2026-04-06,Convoyage,Tanger,546.4,10.0,98.2,87.72,89.6,99.7,2,1,0,1010.94,0.0,0.99,61.0
2026-04-07,Pomperie,Casablanca,400.8,4.1,98.99,93.14,96.7,97.3,0,0,0,4201.29,0.0,2.44,94.3
2026-04-07,Air comprimé,Tanger,439.7,4.4,99.01,88.05,90.1,98.7,0,0,0,4947.78,0.0,2.95,82.3
2026-04-07,Ventilation,Casablanca,542.4,4.7,99.14,82.66,86.4,96.5,0,0,0,1128.64,0.0,3.13,72.0
2026-04-07,Broyage,Casablanca,359.3,5.5,98.49,87.96,88.6,100.8,0,1,1,2757.53,4389.57,4.35,79.8
2026-04-07,Convoyage,Tanger,478.0,5.6,98.84,87.26,89.9,98.2,0,0,0,768.67,0.0,1.28,89.1
2026-04-08,Pomperie,Casablanca,332.1,3.8,98.87,87.76,91.6,96.9,1,0,1,2431.66,1713.7,2.68,88.6
2026-04-08,Air comprimé,Tanger,473.9,6.8,98.59,93.53,96.8,98.0,0,0,0,3760.62,0.0,2.5,75.9
2026-04-08,Ventilation,Casablanca,588.3,6.9,98.84,84.45,89.0,96.0,0,0,0,1040.4,0.0,1.56,68.8
2026-04-08,Broyage,Casablanca,382.5,6.8,98.25,92.43,96.0,98.0,2,0,0,3954.56,0.0,3.97,91.7
2026-04-08,Convoyage,Tanger,463.2,7.5,98.41,87.79,91.4,97.6,1,0,0,1076.72,0.0,1.49,68.2
2026-04-09,Pomperie,Casablanca,420.8,6.1,98.57,87.27,93.0,95.2,0,0,0,1796.68,0.0,2.56,87.2
2026-04-09,Air comprimé,Tanger,491.8,6.6,98.68,83.83,87.4,97.2,0,0,0,2846.81,0.0,3.29,89.2
2026-04-09,Ventilation,Casablanca,574.2,7.7,98.68,84.38,88.7,96.4,0,0,0,708.34,0.0,1.69,84.3
2026-04-09,Broyage,Casablanca,358.1,1.2,99.67,82.34,84.9,97.3,1,0,0,4467.37,0.0,4.12,80.9
2026-04-09,Convoyage,Tanger,501.5,4.8,99.05,92.48,94.5,98.8,0,0,0,859.79,0.0,1.18,80.4
2026-04-10,Pomperie,Casablanca,393.4,3.6,99.09,89.66,92.8,97.5,0,1,0,2267.99,0.0,2.38,86.3
2026-04-10,Air comprimé,Tanger,462.3,8.4,98.22,87.76,92.5,96.6,0,0,0,3581.12,0.0,2.81,88.6
2026-04-10,Ventilation,Casablanca,501.2,7.8,98.47,88.27,92.6,96.8,1,1,0,1707.06,0.0,1.05,89.1
2026-04-10,Broyage,Casablanca,314.3,4.1,98.71,87.58,92.9,95.5,0,0,0,4472.09,0.0,4.65,84.9
2026-04-10,Convoyage,Tanger,475.7,4.9,98.98,88.02,93.9,94.7,2,0,0,992.8,0.0,1.64,75.8
2026-04-11,Pomperie,Casablanca,427.7,7.0,98.39,86.61,91.5,96.2,0,0,0,3670.87,0.0,2.03,71.9
2026-04-11,Air comprimé,Tanger,471.5,4.7,99.01,93.73,97.7,96.9,0,2,0,1789.2,0.0,2.87,83.5
2026-04-11,Ventilation,Casablanca,557.8,9.2,98.38,88.04,95.2,94.0,0,0,2,859.27,13430.4,1.33,72.6
2026-04-11,Broyage,Casablanca,378.6,4.6,98.8,88.56,92.6,96.8,0,0,0,3941.02,0.0,4.76,71.2
2026-04-11,Convoyage,Tanger,560.8,7.2,98.73,86.5,93.3,93.9,0,1,0,581.77,0.0,2.0,79.0
2026-04-12,Pomperie,Casablanca,436.8,7.5,98.31,91.06,97.6,94.9,0,0,0,2448.77,0.0,3.33,80.1
2026-04-12,Air comprimé,Tanger,434.2,6.5,98.53,84.56,91.3,94.0,2,0,0,2758.65,0.0,2.89,74.1
2026-04-12,Ventilation,Casablanca,460.3,9.3,98.02,84.21,89.4,96.1,0,0,1,1407.53,7770.44,1.55,77.2
2026-04-12,Broyage,Casablanca,345.3,3.4,99.02,88.55,92.0,97.2,0,0,0,3831.61,0.0,3.62,87.8
2026-04-12,Convoyage,Tanger,533.6,4.0,99.26,91.29,95.6,96.2,1,0,2,1022.66,5981.17,1.42,95.1
2026-04-13,Pomperie,Casablanca,383.8,2.8,99.28,89.78,94.0,96.2,1,2,0,2184.79,0.0,2.14,80.8
2026-04-13,Air comprimé,Tanger,470.8,5.1,98.93,89.98,92.9,97.9,0,0,1,3165.46,4488.91,2.47,75.8
2026-04-13,Ventilation,Casablanca,585.1,7.5,98.73,85.33,88.1,98.1,0,0,0,1517.65,0.0,2.16,64.5
2026-04-13,Broyage,Casablanca,406.1,5.5,98.66,89.7,95.1,95.6,1,0,0,2931.56,0.0,4.15,84.2
2026-04-13,Convoyage,Tanger,488.0,6.8,98.63,87.84,90.6,98.3,2,0,0,790.27,0.0,0.96,80.9
2026-04-14,Pomperie,Casablanca,389.7,4.7,98.81,91.25,95.7,96.5,0,1,1,3228.8,1724.46,2.64,93.2
2026-04-14,Air comprimé,Tanger,485.6,6.3,98.72,89.72,93.5,97.2,0,0,1,2983.49,3379.56,2.26,72.0
2026-04-14,Ventilation,Casablanca,489.1,6.1,98.77,90.65,92.8,98.9,0,0,0,1582.02,0.0,2.12,73.1
2026-04-14,Broyage,Casablanca,370.3,1.8,99.52,82.63,86.4,96.1,0,0,0,2083.78,0.0,4.11,84.0
2026-04-14,Convoyage,Tanger,557.1,5.9,98.95,86.51,88.4,98.9,0,0,1,820.86,4754.48,0.95,76.9
2026-04-15,Pomperie,Casablanca,382.9,3.9,98.99,87.94,91.4,97.2,0,1,1,3962.1,7607.81,2.94,82.1
2026-04-15,Air comprimé,Tanger,482.3,4.4,99.1,90.9,93.5,98.1,0,0,0,3653.51,0.0,3.19,94.5
2026-04-15,Ventilation,Casablanca,563.7,6.4,98.88,88.86,95.3,94.3,3,0,0,1358.33,0.0,1.75,75.7
2026-04-15,Broyage,Casablanca,395.9,5.1,98.73,86.83,90.2,97.5,0,0,0,4095.82,0.0,4.32,90.6
2026-04-15,Convoyage,Tanger,513.1,5.2,99.0,91.81,96.9,95.7,1,0,0,582.89,0.0,1.2,81.0
2026-04-16,Pomperie,Casablanca,437.1,3.4,99.23,85.37,88.6,97.1,0,0,0,3534.57,0.0,2.5,72.8
2026-04-16,Air comprimé,Tanger,417.4,6.6,98.44,85.41,90.1,96.3,1,0,0,3862.77,0.0,2.88,88.2
2026-04-16,Ventilation,Casablanca,581.5,5.6,99.05,88.92,94.0,95.5,0,0,1,1409.99,3771.37,1.66,82.7
2026-04-16,Broyage,Casablanca,404.9,3.3,99.19,86.45,90.5,96.3,0,0,0,4947.64,0.0,4.34,88.9
2026-04-16,Convoyage,Tanger,492.3,4.1,99.17,87.88,92.5,95.8,0,2,1,874.97,7452.29,1.25,88.5
2026-04-17,Pomperie,Casablanca,426.8,6.5,98.5,87.4,93.5,94.9,0,0,0,2977.29,0.0,2.6,87.5
2026-04-17,Air comprimé,Tanger,478.2,6.4,98.68,90.84,94.9,97.0,0,0,0,5209.53,0.0,3.54,100
2026-04-17,Ventilation,Casablanca,541.0,8.1,98.52,93.63,96.0,99.0,0,0,0,1318.47,0.0,1.34,96.9
2026-04-17,Broyage,Casablanca,367.6,5.3,98.58,90.64,94.5,97.3,0,1,0,2252.6,0.0,3.73,78.7
2026-04-17,Convoyage,Tanger,505.3,7.7,98.5,90.09,93.9,97.4,0,1,0,1419.87,0.0,1.36,83.1
2026-04-18,Pomperie,Casablanca,441.1,4.2,99.06,93.77,96.4,98.2,0,0,0,1544.9,0.0,2.8,86.9
2026-04-18,Air comprimé,Tanger,447.5,6.4,98.59,92.65,93.6,100.4,1,0,0,4536.83,0.0,3.09,84.1
2026-04-18,Ventilation,Casablanca,551.5,7.3,98.69,87.43,91.8,96.5,2,0,0,1535.33,0.0,1.3,83.0
2026-04-18,Broyage,Casablanca,364.5,4.3,98.83,87.52,89.9,98.5,1,0,0,4913.45,0.0,4.45,84.4
2026-04-18,Convoyage,Tanger,539.4,6.8,98.76,85.3,91.5,94.4,0,1,0,781.84,0.0,1.41,89.3
2026-04-19,Pomperie,Casablanca,447.6,9.1,98.01,85.94,92.4,94.9,0,1,0,2895.87,0.0,2.35,92.7
2026-04-19,Air comprimé,Tanger,473.0,5.7,98.81,88.61,94.1,95.3,0,0,0,2904.31,0.0,2.19,72.7
2026-04-19,Ventilation,Casablanca,524.9,4.7,99.11,87.33,91.6,96.2,0,2,0,1031.04,0.0,2.35,84.6
2026-04-19,Broyage,Casablanca,353.4,6.3,98.25,92.88,95.2,99.3,0,0,0,4318.05,0.0,4.38,73.8
2026-04-19,Convoyage,Tanger,508.9,6.5,98.74,85.91,89.6,97.1,0,1,0,846.91,0.0,1.13,80.0
2026-04-20,Pomperie,Casablanca,461.2,3.6,99.23,88.0,91.8,96.6,0,0,0,2611.65,0.0,2.3,83.0
2026-04-20,Air comprimé,Tanger,427.9,7.1,98.37,89.24,94.4,96.1,0,0,0,4373.94,0.0,2.3,82.7
2026-04-20,Ventilation,Casablanca,559.8,3.9,99.31,87.07,91.9,95.4,0,0,0,1345.87,0.0,2.16,81.6
2026-04-20,Broyage,Casablanca,326.9,5.5,98.35,89.69,94.8,96.2,1,0,0,5037.04,0.0,4.27,77.6
2026-04-20,Convoyage,Tanger,488.8,4.9,99.01,88.36,92.0,97.0,0,1,2,1030.99,9344.35,1.08,79.8
2026-04-21,Pomperie,Casablanca,384.3,7.1,98.19,86.0,92.2,95.0,0,0,2,2504.68,5547.24,1.86,79.6
2026-04-21,Air comprimé,Tanger,492.8,3.5,99.29,90.03,90.4,100.3,0,0,0,3053.56,0.0,2.52,73.2
2026-04-21,Ventilation,Casablanca,522.3,6.1,98.85,92.33,95.9,97.4,0,0,0,1691.96,0.0,2.42,85.8
2026-04-21,Broyage,Casablanca,367.5,3.7,99.0,90.95,96.1,95.6,0,0,0,2703.49,0.0,4.23,92.2
2026-04-21,Convoyage,Tanger,512.8,7.4,98.58,93.33,97.3,97.3,0,0,0,871.64,0.0,1.02,83.7
2026-04-22,Pomperie,Casablanca,399.3,5.8,98.57,88.64,93.0,96.7,0,0,0,3112.66,0.0,2.76,78.6
2026-04-22,Air comprimé,Tanger,476.8,5.3,98.9,89.6,93.5,96.9,0,0,0,2656.3,0.0,2.83,76.0
2026-04-22,Ventilation,Casablanca,568.1,7.0,98.78,82.88,88.6,94.7,0,0,0,756.73,0.0,1.46,68.9
2026-04-22,Broyage,Casablanca,392.4,4.5,98.87,91.08,98.0,94.0,0,0,0,6083.28,0.0,4.18,71.9
2026-04-22,Convoyage,Tanger,501.7,6.2,98.78,85.93,91.0,95.6,0,0,1,824.29,7658.04,0.88,83.6
2026-04-23,Pomperie,Casablanca,428.7,6.7,98.46,88.13,90.6,98.8,0,0,0,3519.58,0.0,3.17,83.9
2026-04-23,Air comprimé,Tanger,450.8,8.1,98.23,90.18,93.3,98.4,0,0,0,3373.09,0.0,2.34,80.4
2026-04-23,Ventilation,Casablanca,529.2,5.4,98.99,96.43,102.0,95.5,0,0,0,1113.4,0.0,1.11,79.2
2026-04-23,Broyage,Casablanca,378.1,4.4,98.85,86.76,90.2,97.3,0,2,1,4387.32,4056.84,4.92,94.8
2026-04-23,Convoyage,Tanger,487.2,11.9,97.62,85.93,91.6,96.1,0,0,1,801.15,7673.9,1.36,89.0
2026-04-24,Pomperie,Casablanca,454.0,7.5,98.37,88.09,92.8,96.5,0,0,1,2833.53,6940.55,3.19,71.4
2026-04-24,Air comprimé,Tanger,458.3,7.0,98.5,82.58,87.6,95.7,0,0,1,3610.27,5160.0,3.01,74.1
2026-04-24,Ventilation,Casablanca,510.2,7.1,98.63,86.29,90.1,97.1,0,0,0,1517.92,0.0,1.86,79.6
2026-04-24,Broyage,Casablanca,366.9,1.5,99.59,88.47,91.3,97.3,0,0,0,4819.15,0.0,4.15,84.6
2026-04-24,Convoyage,Tanger,493.4,8.4,98.33,84.61,90.1,95.5,0,0,0,975.82,0.0,1.53,82.7
2026-04-25,Pomperie,Casablanca,416.8,6.2,98.53,92.99,96.8,97.5,0,0,0,3102.38,0.0,2.6,78.5
2026-04-25,Air comprimé,Tanger,445.1,7.1,98.43,90.55,93.3,98.6,0,0,0,2987.61,0.0,2.94,91.3
2026-04-25,Ventilation,Casablanca,538.6,6.2,98.86,89.75,93.5,97.1,0,0,0,1242.48,0.0,1.93,71.9
2026-04-25,Broyage,Casablanca,360.7,3.4,99.07,90.26,95.4,95.5,0,1,0,3291.95,0.0,4.68,72.8
2026-04-25,Convoyage,Tanger,511.9,4.2,99.19,90.63,94.1,97.1,0,0,0,649.54,0.0,0.91,96.3
2026-04-26,Pomperie,Casablanca,431.5,3.9,99.1,81.01,84.1,97.2,0,1,0,2581.89,0.0,2.21,83.4
2026-04-26,Air comprimé,Tanger,450.2,7.2,98.43,87.89,90.1,99.1,0,0,0,3484.65,0.0,3.1,79.3
2026-04-26,Ventilation,Casablanca,528.6,7.9,98.53,94.4,96.0,99.8,0,0,2,948.44,11341.86,1.75,79.9
2026-04-26,Broyage,Casablanca,332.9,4.5,98.67,91.84,94.4,98.6,0,0,0,4277.1,0.0,3.48,67.3
2026-04-26,Convoyage,Tanger,471.1,6.0,98.74,94.32,99.3,96.2,0,0,0,548.09,0.0,1.48,86.4
2026-04-27,Pomperie,Casablanca,415.6,3.6,99.14,85.1,88.4,97.1,0,0,2,2886.68,7402.63,3.1,81.3
2026-04-27,Air comprimé,Tanger,496.1,9.8,98.06,90.74,95.5,96.9,2,0,0,3528.04,0.0,2.8,88.3
2026-04-27,Ventilation,Casablanca,573.7,5.4,99.07,88.17,92.8,95.9,0,0,0,1157.32,0.0,1.26,89.9
2026-04-27,Broyage,Casablanca,355.3,4.9,98.64,89.96,95.4,95.6,0,0,0,5228.83,0.0,3.84,91.3
2026-04-27,Convoyage,Tanger,551.6,7.8,98.61,90.23,92.9,98.5,0,0,1,664.88,6816.95,0.45,76.3
2026-04-28,Pomperie,Casablanca,424.1,4.5,98.95,89.67,92.1,98.4,0,0,1,2420.14,3700.05,2.33,85.5
2026-04-28,Air comprimé,Tanger,430.9,3.6,99.17,95.92,98.5,98.2,0,0,0,2705.35,0.0,2.82,91.5
2026-04-28,Ventilation,Casablanca,524.1,10.1,98.11,87.5,93.1,95.8,1,0,0,1143.68,0.0,1.88,73.0
2026-04-28,Broyage,Casablanca,331.0,4.7,98.6,90.16,93.5,97.8,0,1,0,5952.8,0.0,4.24,77.9
2026-04-28,Convoyage,Tanger,519.4,6.7,98.73,91.18,95.5,96.7,0,0,0,701.38,0.0,1.38,73.2
2026-04-29,Pomperie,Casablanca,429.9,4.8,98.9,87.95,91.4,97.3,0,2,1,2699.67,1971.0,2.49,81.5
2026-04-29,Air comprimé,Tanger,500.8,5.9,98.84,91.84,95.3,97.5,0,0,0,3752.33,0.0,2.77,97.5
2026-04-29,Ventilation,Casablanca,590.3,5.6,99.06,89.46,91.5,98.7,1,0,1,1613.77,7033.61,1.94,84.2
2026-04-29,Broyage,Casablanca,307.4,7.4,97.65,91.41,96.5,97.0,0,0,0,5171.59,0.0,4.05,91.7
2026-04-29,Convoyage,Tanger,471.4,5.4,98.87,88.38,91.4,97.8,0,0,0,926.67,0.0,1.21,72.2
