timestamp,machine_id,machine_nom,capteur_id,capteur_type,grandeur,unite,valeur_mesuree,seuil_alerte_bas,seuil_alerte_haut,statut,batterie_pct,qualite_signal_pct,frequence_acquisition_hz,passerelle_iot,latence_ms
2026-04-14 00:17:26,P-204,Pompe centrifuge HP,P-204-SEN-01,accelerometre,accelerometre,mm/s,1.5563,0.25,3.36,normal,100.0,97.1,128,GW-OPCUA-02,1.5
2026-04-14 00:17:07,P-204,Pompe centrifuge HP,P-204-SEN-02,accelerometre,accelerometre,g,0.3645,0.05,0.72,normal,100.0,98.8,2000,GW-MQTT-01,0.7
2026-04-14 00:17:08,P-204,Pompe centrifuge HP,P-204-SEN-03,thermique,thermique,°C,26.4245,4.05,54.0,normal,100.0,101.2,5000,GW-OPCUA-02,1.6
2026-04-14 00:17:44,P-204,Pompe centrifuge HP,P-204-SEN-04,sonde_proximite,sonde_proximite,microns,39.7175,5.4,72.0,normal,100.0,98.7,512,GW-Modbus-03,1.3
2026-04-14 00:17:20,P-204,Pompe centrifuge HP,P-204-SEN-05,ultrason,ultrason,dB,26.643,3.78,50.4,normal,100.0,97.5,512,GW-OPCUA-02,0.9
2026-04-14 00:17:33,P-204,Pompe centrifuge HP,P-204-SEN-06,courant,courant,A,54.2488,10.8,144.0,normal,100.0,99.2,5000,GW-Modbus-03,0.7
2026-04-14 00:17:16,P-204,Pompe centrifuge HP,P-204-SEN-07,debit,debit,m3/h,49.5356,7.65,102.0,normal,100.0,96.6,256,GW-OPCUA-02,1.6
2026-04-14 00:17:15,P-204,Pompe centrifuge HP,P-204-SEN-08,pression,pression,bar,4.4856,0.58,7.8,normal,100.0,95.8,1000,GW-OPCUA-02,1.0
2026-04-14 00:17:53,C-118,Compresseur à vis,C-118-SEN-01,accelerometre,accelerometre,mm/s,1.7822,0.31,4.14,normal,100.0,98.8,2000,GW-OPCUA-02,1.6
2026-04-14 00:17:57,C-118,Compresseur à vis,C-118-SEN-02,accelerometre,accelerometre,g,0.4805,0.07,0.89,normal,100.0,98.8,2000,GW-OPCUA-02,0.7
2026-04-14 00:17:20,C-118,Compresseur à vis,C-118-SEN-03,thermique,thermique,°C,32.9008,4.99,66.6,normal,100.0,98.2,128,GW-OPCUA-02,1.4
2026-04-14 00:17:39,C-118,Compresseur à vis,C-118-SEN-04,sonde_proximite,sonde_proximite,microns,43.134,6.66,88.8,normal,100.0,96.4,1000,GW-OPCUA-02,0.7
2026-04-14 00:17:12,C-118,Compresseur à vis,C-118-SEN-05,ultrason,ultrason,dB,25.9754,4.66,62.16,normal,100.0,101.7,2000,GW-Modbus-03,1.2
2026-04-14 00:17:01,C-118,Compresseur à vis,C-118-SEN-06,courant,courant,A,90.6715,13.32,177.6,normal,100.0,96.8,256,GW-Modbus-03,1.7
2026-04-14 00:17:13,C-118,Compresseur à vis,C-118-SEN-07,debit,debit,m3/h,65.217,9.43,125.8,normal,100.0,92.9,256,GW-OPCUA-02,1.3
2026-04-14 00:17:42,C-118,Compresseur à vis,C-118-SEN-08,pression,pression,bar,4.5802,0.72,9.62,normal,100.0,97.1,1000,GW-Modbus-03,0.8
2026-04-14 00:17:53,V-302,Ventilateur tirage,V-302-SEN-01,accelerometre,accelerometre,mm/s,2.3763,0.37,4.93,normal,100.0,100.4,256,GW-Modbus-03,1.1
2026-04-14 00:17:20,V-302,Ventilateur tirage,V-302-SEN-02,accelerometre,accelerometre,g,0.5248,0.08,1.06,normal,100.0,98.6,256,GW-OPCUA-02,0.7
2026-04-14 00:17:23,V-302,Ventilateur tirage,V-302-SEN-03,thermique,thermique,°C,37.1812,5.94,79.2,normal,100.0,98.0,1000,GW-Modbus-03,1.2
2026-04-14 00:17:26,V-302,Ventilateur tirage,V-302-SEN-04,sonde_proximite,sonde_proximite,microns,52.71,7.92,105.6,normal,100.0,98.9,1000,GW-Modbus-03,0.8
2026-04-14 00:17:51,V-302,Ventilateur tirage,V-302-SEN-05,ultrason,ultrason,dB,35.7959,5.54,73.92,normal,100.0,96.6,256,GW-MQTT-01,1.4
2026-04-14 00:17:50,V-302,Ventilateur tirage,V-302-SEN-06,courant,courant,A,106.8812,15.84,211.2,normal,100.0,94.9,1000,GW-Modbus-03,0.6
2026-04-14 00:17:53,V-302,Ventilateur tirage,V-302-SEN-07,debit,debit,m3/h,72.4453,11.22,149.6,normal,100.0,94.5,1000,GW-Modbus-03,0.4
2026-04-14 00:17:36,V-302,Ventilateur tirage,V-302-SEN-08,pression,pression,bar,5.9178,0.86,11.44,normal,100.0,97.0,128,GW-OPCUA-02,1.6
2026-04-14 00:17:44,M-019,Moteur électrique 400kW,M-019-SEN-01,accelerometre,accelerometre,mm/s,2.7988,0.43,5.71,normal,100.0,100.8,512,GW-MQTT-01,1.6
2026-04-14 00:17:08,M-019,Moteur électrique 400kW,M-019-SEN-02,accelerometre,accelerometre,g,0.6159,0.09,1.22,normal,100.0,94.1,1000,GW-Modbus-03,0.8
2026-04-14 00:17:37,M-019,Moteur électrique 400kW,M-019-SEN-03,thermique,thermique,°C,47.0538,6.88,91.8,normal,100.0,93.3,256,GW-Modbus-03,1.2
2026-04-14 00:17:05,M-019,Moteur électrique 400kW,M-019-SEN-04,sonde_proximite,sonde_proximite,microns,55.2354,9.18,122.4,normal,100.0,99.9,512,GW-Modbus-03,1.1
2026-04-14 00:17:55,M-019,Moteur électrique 400kW,M-019-SEN-05,ultrason,ultrason,dB,44.6136,6.43,85.68,normal,100.0,94.6,2000,GW-Modbus-03,1.2
2026-04-14 00:17:49,M-019,Moteur électrique 400kW,M-019-SEN-06,courant,courant,A,114.3333,18.36,244.8,normal,100.0,96.7,128,GW-MQTT-01,1.3
2026-04-14 00:17:34,M-019,Moteur électrique 400kW,M-019-SEN-07,debit,debit,m3/h,92.2505,13.01,173.4,normal,100.0,97.7,2000,GW-OPCUA-02,0.8
2026-04-14 00:17:49,M-019,Moteur électrique 400kW,M-019-SEN-08,pression,pression,bar,7.4006,0.99,13.26,normal,100.0,96.5,1000,GW-OPCUA-02,2.0
2026-04-14 00:17:08,R-077,Réducteur convoyeur,R-077-SEN-01,accelerometre,accelerometre,mm/s,3.0046,0.49,6.5,normal,100.0,97.2,256,GW-Modbus-03,0.8
2026-04-14 00:17:55,R-077,Réducteur convoyeur,R-077-SEN-02,accelerometre,accelerometre,g,0.635,0.1,1.39,normal,100.0,96.1,2000,GW-Modbus-03,1.2
2026-04-14 00:17:56,R-077,Réducteur convoyeur,R-077-SEN-03,thermique,thermique,°C,51.0572,7.83,104.4,normal,100.0,97.6,256,GW-OPCUA-02,2.1
2026-04-14 00:17:33,R-077,Réducteur convoyeur,R-077-SEN-04,sonde_proximite,sonde_proximite,microns,86.4465,10.44,139.2,normal,100.0,98.9,256,GW-OPCUA-02,1.7
2026-04-14 00:17:11,R-077,Réducteur convoyeur,R-077-SEN-05,ultrason,ultrason,dB,52.575,7.31,97.44,normal,100.0,95.0,128,GW-MQTT-01,1.5
2026-04-14 00:17:47,R-077,Réducteur convoyeur,R-077-SEN-06,courant,courant,A,130.0669,20.88,278.4,normal,100.0,94.9,256,GW-OPCUA-02,1.1
2026-04-14 00:17:02,R-077,Réducteur convoyeur,R-077-SEN-07,debit,debit,m3/h,96.3173,14.79,197.2,normal,100.0,98.4,256,GW-Modbus-03,1.1
2026-04-14 00:17:30,R-077,Réducteur convoyeur,R-077-SEN-08,pression,pression,bar,7.8511,1.13,15.08,normal,100.0,93.7,2000,GW-MQTT-01,0.4
2026-04-14 00:17:21,P-311,Pompe centrifuge BP,P-311-SEN-01,accelerometre,accelerometre,mm/s,3.4238,0.55,7.28,normal,100.0,96.2,256,GW-MQTT-01,1.4
2026-04-14 00:17:47,P-311,Pompe centrifuge BP,P-311-SEN-02,accelerometre,accelerometre,g,0.7128,0.12,1.56,normal,100.0,98.4,128,GW-MQTT-01,1.0
2026-04-14 00:17:53,P-311,Pompe centrifuge BP,P-311-SEN-03,thermique,thermique,°C,60.3621,8.78,117.0,normal,100.0,96.1,256,GW-Modbus-03,0.8
2026-04-14 00:17:39,P-311,Pompe centrifuge BP,P-311-SEN-04,sonde_proximite,sonde_proximite,microns,80.8646,11.7,156.0,normal,100.0,97.3,1000,GW-MQTT-01,0.6
2026-04-14 00:17:31,P-311,Pompe centrifuge BP,P-311-SEN-05,ultrason,ultrason,dB,56.2774,8.19,109.2,normal,100.0,97.6,512,GW-OPCUA-02,1.4
2026-04-14 00:17:01,P-311,Pompe centrifuge BP,P-311-SEN-06,courant,courant,A,158.0363,23.4,312.0,normal,100.0,98.7,128,GW-MQTT-01,1.9
2026-04-14 00:17:05,P-311,Pompe centrifuge BP,P-311-SEN-07,debit,debit,m3/h,110.4124,16.57,221.0,normal,100.0,96.9,1000,GW-Modbus-03,0.4
2026-04-14 00:17:59,P-311,Pompe centrifuge BP,P-311-SEN-08,pression,pression,bar,8.9405,1.27,16.9,normal,100.0,95.4,1000,GW-Modbus-03,1.2
2026-04-14 01:43:03,P-204,Pompe centrifuge HP,P-204-SEN-01,accelerometre,accelerometre,mm/s,1.4778,0.25,3.36,normal,99.9,101.0,1000,GW-Modbus-03,1.5
2026-04-14 01:43:10,P-204,Pompe centrifuge HP,P-204-SEN-02,accelerometre,accelerometre,g,0.2592,0.05,0.72,normal,99.9,97.4,5000,GW-OPCUA-02,0.8
2026-04-14 01:43:12,P-204,Pompe centrifuge HP,P-204-SEN-03,thermique,thermique,°C,25.3082,4.05,54.01,normal,99.9,99.6,256,GW-MQTT-01,0.8
2026-04-14 01:43:56,P-204,Pompe centrifuge HP,P-204-SEN-04,sonde_proximite,sonde_proximite,microns,25.1229,5.4,72.02,normal,99.9,93.8,5000,GW-OPCUA-02,1.4
2026-04-14 01:43:30,P-204,Pompe centrifuge HP,P-204-SEN-05,ultrason,ultrason,dB,22.643,3.78,50.41,normal,99.9,94.6,512,GW-MQTT-01,1.4
2026-04-14 01:43:54,P-204,Pompe centrifuge HP,P-204-SEN-06,courant,courant,A,74.8657,10.8,144.01,normal,99.9,94.4,512,GW-MQTT-01,2.1
2026-04-14 01:43:11,P-204,Pompe centrifuge HP,P-204-SEN-07,debit,debit,m3/h,47.7673,7.65,102.0,normal,99.9,97.6,256,GW-MQTT-01,1.1
2026-04-14 01:43:16,P-204,Pompe centrifuge HP,P-204-SEN-08,pression,pression,bar,2.7826,0.58,7.8,normal,99.9,101.0,128,GW-OPCUA-02,0.8
2026-04-14 01:43:42,C-118,Compresseur à vis,C-118-SEN-01,accelerometre,accelerometre,mm/s,2.0171,0.31,4.15,normal,99.9,97.0,2000,GW-MQTT-01,0.8
2026-04-14 01:43:48,C-118,Compresseur à vis,C-118-SEN-02,accelerometre,accelerometre,g,0.5759,0.07,0.89,normal,99.9,100.0,512,GW-MQTT-01,0.7
2026-04-14 01:43:58,C-118,Compresseur à vis,C-118-SEN-03,thermique,thermique,°C,33.505,4.99,66.61,normal,99.9,98.4,1000,GW-MQTT-01,1.1
2026-04-14 01:43:45,C-118,Compresseur à vis,C-118-SEN-04,sonde_proximite,sonde_proximite,microns,38.1537,6.66,88.83,normal,99.9,93.5,256,GW-Modbus-03,0.8
2026-04-14 01:43:10,C-118,Compresseur à vis,C-118-SEN-05,ultrason,ultrason,dB,22.993,4.66,62.17,normal,99.9,97.0,512,GW-Modbus-03,1.6
2026-04-14 01:43:55,C-118,Compresseur à vis,C-118-SEN-06,courant,courant,A,84.1278,13.32,177.61,normal,99.9,96.1,1000,GW-MQTT-01,1.7
2026-04-14 01:43:53,C-118,Compresseur à vis,C-118-SEN-07,debit,debit,m3/h,62.5565,9.43,125.8,normal,99.9,97.1,2000,GW-Modbus-03,1.2
2026-04-14 01:43:56,C-118,Compresseur à vis,C-118-SEN-08,pression,pression,bar,4.2419,0.72,9.62,normal,99.9,95.7,2000,GW-Modbus-03,1.8
2026-04-14 01:43:42,V-302,Ventilateur tirage,V-302-SEN-01,accelerometre,accelerometre,mm/s,2.0127,0.37,4.93,normal,99.9,97.1,512,GW-OPCUA-02,1.3
2026-04-14 01:43:14,V-302,Ventilateur tirage,V-302-SEN-02,accelerometre,accelerometre,g,0.4623,0.08,1.06,normal,99.9,101.6,1000,GW-MQTT-01,0.9
2026-04-14 01:43:25,V-302,Ventilateur tirage,V-302-SEN-03,thermique,thermique,°C,41.5435,5.94,79.21,normal,99.9,98.5,5000,GW-Modbus-03,1.4
2026-04-14 01:43:24,V-302,Ventilateur tirage,V-302-SEN-04,sonde_proximite,sonde_proximite,microns,63.2914,7.92,105.64,normal,99.9,97.4,256,GW-OPCUA-02,0.8
2026-04-14 01:43:35,V-302,Ventilateur tirage,V-302-SEN-05,ultrason,ultrason,dB,32.4623,5.54,73.93,normal,99.9,97.0,256,GW-MQTT-01,1.1
2026-04-14 01:43:22,V-302,Ventilateur tirage,V-302-SEN-06,courant,courant,A,93.6976,15.84,211.22,normal,99.9,97.2,512,GW-OPCUA-02,1.4
2026-04-14 01:43:01,V-302,Ventilateur tirage,V-302-SEN-07,debit,debit,m3/h,73.1172,11.22,149.61,normal,99.9,96.2,128,GW-Modbus-03,1.1
2026-04-14 01:43:06,V-302,Ventilateur tirage,V-302-SEN-08,pression,pression,bar,5.2728,0.86,11.44,normal,99.9,98.5,256,GW-MQTT-01,0.8
2026-04-14 01:43:43,M-019,Moteur électrique 400kW,M-019-SEN-01,accelerometre,accelerometre,mm/s,3.1306,0.43,5.72,normal,99.9,94.3,256,GW-MQTT-01,1.6
2026-04-14 01:43:44,M-019,Moteur électrique 400kW,M-019-SEN-02,accelerometre,accelerometre,g,0.5992,0.09,1.22,normal,99.9,97.1,5000,GW-Modbus-03,0.7
2026-04-14 01:43:11,M-019,Moteur électrique 400kW,M-019-SEN-03,thermique,thermique,°C,43.3049,6.88,91.81,normal,99.9,95.0,256,GW-Modbus-03,0.9
2026-04-14 01:43:54,M-019,Moteur électrique 400kW,M-019-SEN-04,sonde_proximite,sonde_proximite,microns,63.0403,9.18,122.44,normal,99.9,94.4,2000,GW-MQTT-01,1.7
2026-04-14 01:43:21,M-019,Moteur électrique 400kW,M-019-SEN-05,ultrason,ultrason,dB,44.0789,6.43,85.7,normal,99.9,98.5,256,GW-Modbus-03,0.8
2026-04-14 01:43:31,M-019,Moteur électrique 400kW,M-019-SEN-06,courant,courant,A,117.4311,18.36,244.82,normal,99.9,95.4,256,GW-Modbus-03,0.5
2026-04-14 01:43:33,M-019,Moteur électrique 400kW,M-019-SEN-07,debit,debit,m3/h,87.2474,13.01,173.41,normal,99.9,95.3,2000,GW-OPCUA-02,1.5
2026-04-14 01:43:57,M-019,Moteur électrique 400kW,M-019-SEN-08,pression,pression,bar,6.5614,0.99,13.26,normal,99.9,92.8,1000,GW-OPCUA-02,1.4
2026-04-14 01:43:47,R-077,Réducteur convoyeur,R-077-SEN-01,accelerometre,accelerometre,mm/s,3.4015,0.49,6.5,normal,99.9,97.1,512,GW-Modbus-03,1.6
2026-04-14 01:43:17,R-077,Réducteur convoyeur,R-077-SEN-02,accelerometre,accelerometre,g,0.6316,0.1,1.39,normal,99.9,92.3,5000,GW-OPCUA-02,2.1
2026-04-14 01:43:54,R-077,Réducteur convoyeur,R-077-SEN-03,thermique,thermique,°C,55.0727,7.83,104.41,normal,99.9,93.8,256,GW-OPCUA-02,1.8
2026-04-14 01:43:48,R-077,Réducteur convoyeur,R-077-SEN-04,sonde_proximite,sonde_proximite,microns,72.7333,10.44,139.25,normal,99.9,95.1,5000,GW-MQTT-01,1.0
2026-04-14 01:43:09,R-077,Réducteur convoyeur,R-077-SEN-05,ultrason,ultrason,dB,46.7035,7.31,97.46,normal,99.9,96.8,5000,GW-Modbus-03,1.9
2026-04-14 01:43:44,R-077,Réducteur convoyeur,R-077-SEN-06,courant,courant,A,146.7709,20.88,278.42,normal,99.9,95.4,256,GW-Modbus-03,1.6
2026-04-14 01:43:49,R-077,Réducteur convoyeur,R-077-SEN-07,debit,debit,m3/h,92.728,14.79,197.21,normal,99.9,92.8,5000,GW-MQTT-01,0.9
2026-04-14 01:43:34,R-077,Réducteur convoyeur,R-077-SEN-08,pression,pression,bar,7.6079,1.13,15.08,normal,99.9,98.4,512,GW-Modbus-03,2.0
2026-04-14 01:43:33,P-311,Pompe centrifuge BP,P-311-SEN-01,accelerometre,accelerometre,mm/s,3.8564,0.55,7.29,normal,99.9,95.2,256,GW-OPCUA-02,1.0
2026-04-14 01:43:51,P-311,Pompe centrifuge BP,P-311-SEN-02,accelerometre,accelerometre,g,0.6923,0.12,1.56,normal,99.9,97.3,5000,GW-MQTT-01,0.5
2026-04-14 01:43:42,P-311,Pompe centrifuge BP,P-311-SEN-03,thermique,thermique,°C,57.0271,8.78,117.01,normal,99.9,96.8,512,GW-OPCUA-02,1.3
2026-04-14 01:43:25,P-311,Pompe centrifuge BP,P-311-SEN-04,sonde_proximite,sonde_proximite,microns,75.6302,11.7,156.05,normal,99.9,95.1,2000,GW-MQTT-01,1.4
2026-04-14 01:43:45,P-311,Pompe centrifuge BP,P-311-SEN-05,ultrason,ultrason,dB,55.2928,8.19,109.22,normal,99.9,96.4,128,GW-MQTT-01,1.3
2026-04-14 01:43:50,P-311,Pompe centrifuge BP,P-311-SEN-06,courant,courant,A,170.9051,23.4,312.03,normal,99.9,99.5,256,GW-MQTT-01,1.4
2026-04-14 01:43:00,P-311,Pompe centrifuge BP,P-311-SEN-07,debit,debit,m3/h,111.7534,16.57,221.01,normal,99.9,95.4,512,GW-OPCUA-02,1.3
2026-04-14 01:43:50,P-311,Pompe centrifuge BP,P-311-SEN-08,pression,pression,bar,8.6779,1.27,16.9,normal,99.9,95.1,256,GW-MQTT-01,1.6
2026-04-14 02:16:29,P-204,Pompe centrifuge HP,P-204-SEN-01,accelerometre,accelerometre,mm/s,1.4011,0.25,3.36,normal,99.7,96.9,128,GW-OPCUA-02,1.1
2026-04-14 02:16:48,P-204,Pompe centrifuge HP,P-204-SEN-02,accelerometre,accelerometre,g,0.3433,0.05,0.72,normal,99.9,99.0,512,GW-Modbus-03,1.3
2026-04-14 02:16:13,P-204,Pompe centrifuge HP,P-204-SEN-03,thermique,thermique,°C,28.5478,4.05,54.01,normal,99.7,93.6,1000,GW-OPCUA-02,1.2
2026-04-14 02:16:42,P-204,Pompe centrifuge HP,P-204-SEN-04,sonde_proximite,sonde_proximite,microns,41.5598,5.4,72.05,normal,99.8,95.1,1000,GW-Modbus-03,1.4
2026-04-14 02:16:59,P-204,Pompe centrifuge HP,P-204-SEN-05,ultrason,ultrason,dB,23.8204,3.78,50.42,normal,99.8,96.0,2000,GW-MQTT-01,1.3
2026-04-14 02:16:22,P-204,Pompe centrifuge HP,P-204-SEN-06,courant,courant,A,69.5015,10.8,144.02,normal,99.8,99.2,2000,GW-OPCUA-02,0.8
2026-04-14 02:16:11,P-204,Pompe centrifuge HP,P-204-SEN-07,debit,debit,m3/h,52.3461,7.65,102.01,normal,99.7,98.5,2000,GW-MQTT-01,1.7
2026-04-14 02:16:03,P-204,Pompe centrifuge HP,P-204-SEN-08,pression,pression,bar,3.8102,0.58,7.8,normal,99.9,97.3,256,GW-MQTT-01,1.0
2026-04-14 02:16:10,C-118,Compresseur à vis,C-118-SEN-01,accelerometre,accelerometre,mm/s,2.116,0.31,4.15,normal,99.7,96.8,128,GW-MQTT-01,1.2
2026-04-14 02:16:15,C-118,Compresseur à vis,C-118-SEN-02,accelerometre,accelerometre,g,0.4768,0.07,0.89,normal,99.8,99.6,128,GW-OPCUA-02,0.7
2026-04-14 02:16:07,C-118,Compresseur à vis,C-118-SEN-03,thermique,thermique,°C,33.2304,4.99,66.61,normal,99.8,97.6,256,GW-OPCUA-02,1.7
2026-04-14 02:16:22,C-118,Compresseur à vis,C-118-SEN-04,sonde_proximite,sonde_proximite,microns,40.5705,6.66,88.86,normal,99.7,94.7,2000,GW-MQTT-01,1.5
2026-04-14 02:16:33,C-118,Compresseur à vis,C-118-SEN-05,ultrason,ultrason,dB,33.693,4.66,62.18,normal,99.9,98.3,2000,GW-MQTT-01,0.9
2026-04-14 02:16:01,C-118,Compresseur à vis,C-118-SEN-06,courant,courant,A,87.8426,13.32,177.63,normal,99.7,96.0,256,GW-OPCUA-02,0.9
2026-04-14 02:16:06,C-118,Compresseur à vis,C-118-SEN-07,debit,debit,m3/h,62.962,9.43,125.81,normal,99.7,96.7,1000,GW-MQTT-01,0.8
2026-04-14 02:16:32,C-118,Compresseur à vis,C-118-SEN-08,pression,pression,bar,5.0566,0.72,9.62,normal,99.9,99.5,512,GW-OPCUA-02,1.0
2026-04-14 02:16:08,V-302,Ventilateur tirage,V-302-SEN-01,accelerometre,accelerometre,mm/s,2.981,0.37,4.94,normal,99.9,97.2,256,GW-MQTT-01,0.1
2026-04-14 02:16:00,V-302,Ventilateur tirage,V-302-SEN-02,accelerometre,accelerometre,g,0.4656,0.08,1.06,normal,99.8,98.5,128,GW-OPCUA-02,0.9
2026-04-14 02:16:29,V-302,Ventilateur tirage,V-302-SEN-03,thermique,thermique,°C,39.7252,5.94,79.22,normal,99.7,97.8,1000,GW-OPCUA-02,1.6
2026-04-14 02:16:44,V-302,Ventilateur tirage,V-302-SEN-04,sonde_proximite,sonde_proximite,microns,58.6634,7.92,105.67,normal,99.8,98.6,512,GW-MQTT-01,0.8
2026-04-14 02:16:54,V-302,Ventilateur tirage,V-302-SEN-05,ultrason,ultrason,dB,32.6843,5.54,73.95,normal,99.9,97.1,128,GW-Modbus-03,1.4
2026-04-14 02:16:25,V-302,Ventilateur tirage,V-302-SEN-06,courant,courant,A,108.2929,15.84,211.24,normal,99.7,97.6,256,GW-MQTT-01,1.3
2026-04-14 02:16:33,V-302,Ventilateur tirage,V-302-SEN-07,debit,debit,m3/h,71.1016,11.22,149.61,normal,99.9,101.3,5000,GW-Modbus-03,1.5
2026-04-14 02:16:20,V-302,Ventilateur tirage,V-302-SEN-08,pression,pression,bar,6.0486,0.86,11.44,normal,99.7,98.2,2000,GW-MQTT-01,0.4
2026-04-14 02:16:31,M-019,Moteur électrique 400kW,M-019-SEN-01,accelerometre,accelerometre,mm/s,2.7536,0.43,5.72,normal,99.8,98.4,2000,GW-OPCUA-02,1.4
2026-04-14 02:16:22,M-019,Moteur électrique 400kW,M-019-SEN-02,accelerometre,accelerometre,g,0.6534,0.09,1.23,normal,99.8,96.3,256,GW-OPCUA-02,2.0
2026-04-14 02:16:58,M-019,Moteur électrique 400kW,M-019-SEN-03,thermique,thermique,°C,46.6429,6.88,91.82,normal,99.9,96.8,256,GW-MQTT-01,1.1
2026-04-14 02:16:26,M-019,Moteur électrique 400kW,M-019-SEN-04,sonde_proximite,sonde_proximite,microns,74.1599,9.18,122.48,normal,99.7,93.4,2000,GW-Modbus-03,1.2
2026-04-14 02:16:13,M-019,Moteur électrique 400kW,M-019-SEN-05,ultrason,ultrason,dB,42.8022,6.43,85.71,normal,99.7,96.0,128,GW-OPCUA-02,1.4
2026-04-14 02:16:13,M-019,Moteur électrique 400kW,M-019-SEN-06,courant,courant,A,129.2102,18.36,244.84,normal,99.8,94.7,128,GW-Modbus-03,1.3
2026-04-14 02:16:18,M-019,Moteur électrique 400kW,M-019-SEN-07,debit,debit,m3/h,77.4533,13.01,173.41,normal,99.8,99.0,256,GW-MQTT-01,1.9
2026-04-14 02:16:59,M-019,Moteur électrique 400kW,M-019-SEN-08,pression,pression,bar,6.4493,0.99,13.26,normal,99.8,100.2,256,GW-Modbus-03,1.2
2026-04-14 02:16:54,R-077,Réducteur convoyeur,R-077-SEN-01,accelerometre,accelerometre,mm/s,3.1291,0.49,6.51,normal,99.8,99.8,128,GW-MQTT-01,1.0
2026-04-14 02:16:21,R-077,Réducteur convoyeur,R-077-SEN-02,accelerometre,accelerometre,g,0.6626,0.1,1.39,normal,99.7,98.8,128,GW-Modbus-03,0.8
2026-04-14 02:16:54,R-077,Réducteur convoyeur,R-077-SEN-03,thermique,thermique,°C,52.6857,7.83,104.42,normal,99.8,94.2,128,GW-OPCUA-02,1.4
2026-04-14 02:16:04,R-077,Réducteur convoyeur,R-077-SEN-04,sonde_proximite,sonde_proximite,microns,72.2789,10.44,139.29,normal,99.8,97.8,2000,GW-Modbus-03,0.4
2026-04-14 02:16:14,R-077,Réducteur convoyeur,R-077-SEN-05,ultrason,ultrason,dB,48.9729,7.31,97.48,normal,99.9,97.2,1000,GW-Modbus-03,1.0
2026-04-14 02:16:39,R-077,Réducteur convoyeur,R-077-SEN-06,courant,courant,A,150.0009,20.88,278.45,normal,99.8,96.9,1000,GW-OPCUA-02,1.3
2026-04-14 02:16:37,R-077,Réducteur convoyeur,R-077-SEN-07,debit,debit,m3/h,91.5691,14.79,197.21,normal,99.8,98.3,5000,GW-MQTT-01,1.2
2026-04-14 02:16:11,R-077,Réducteur convoyeur,R-077-SEN-08,pression,pression,bar,7.0055,1.13,15.08,normal,99.7,94.5,512,GW-Modbus-03,1.2
2026-04-14 02:16:09,P-311,Pompe centrifuge BP,P-311-SEN-01,accelerometre,accelerometre,mm/s,3.6647,0.55,7.29,normal,99.7,97.3,256,GW-OPCUA-02,0.9
2026-04-14 02:16:30,P-311,Pompe centrifuge BP,P-311-SEN-02,accelerometre,accelerometre,g,0.6409,0.12,1.56,normal,99.7,96.5,2000,GW-MQTT-01,0.4
2026-04-14 02:16:11,P-311,Pompe centrifuge BP,P-311-SEN-03,thermique,thermique,°C,60.6465,8.78,117.03,normal,99.9,93.6,1000,GW-Modbus-03,0.9
2026-04-14 02:16:10,P-311,Pompe centrifuge BP,P-311-SEN-04,sonde_proximite,sonde_proximite,microns,82.9188,11.7,156.1,normal,99.8,96.8,128,GW-Modbus-03,1.5
2026-04-14 02:16:10,P-311,Pompe centrifuge BP,P-311-SEN-05,ultrason,ultrason,dB,57.0105,8.19,109.24,normal,99.9,97.5,128,GW-Modbus-03,1.6
2026-04-14 02:16:03,P-311,Pompe centrifuge BP,P-311-SEN-06,courant,courant,A,159.4662,23.4,312.05,normal,99.8,95.1,256,GW-OPCUA-02,1.2
2026-04-14 02:16:32,P-311,Pompe centrifuge BP,P-311-SEN-07,debit,debit,m3/h,116.9866,16.57,221.02,normal,99.8,95.9,128,GW-OPCUA-02,1.0
2026-04-14 02:16:28,P-311,Pompe centrifuge BP,P-311-SEN-08,pression,pression,bar,8.4172,1.27,16.91,normal,99.9,92.5,1000,GW-Modbus-03,1.9
2026-04-14 03:17:03,P-204,Pompe centrifuge HP,P-204-SEN-01,accelerometre,accelerometre,mm/s,2.3151,0.25,3.37,normal,99.8,98.9,512,GW-Modbus-03,1.3
2026-04-14 03:17:33,P-204,Pompe centrifuge HP,P-204-SEN-02,accelerometre,accelerometre,g,0.5033,0.05,0.72,normal,99.6,98.9,1000,GW-OPCUA-02,1.0
2026-04-14 03:17:52,P-204,Pompe centrifuge HP,P-204-SEN-03,thermique,thermique,°C,25.6066,4.05,54.02,normal,99.8,95.8,256,GW-Modbus-03,1.1
2026-04-14 03:17:16,P-204,Pompe centrifuge HP,P-204-SEN-04,sonde_proximite,sonde_proximite,microns,54.1635,5.4,72.07,normal,99.7,101.6,5000,GW-OPCUA-02,1.8
2026-04-14 03:17:18,P-204,Pompe centrifuge HP,P-204-SEN-05,ultrason,ultrason,dB,26.1232,3.78,50.43,normal,99.6,95.3,1000,GW-MQTT-01,0.8
2026-04-14 03:17:49,P-204,Pompe centrifuge HP,P-204-SEN-06,courant,courant,A,64.2502,10.8,144.04,normal,99.6,94.3,1000,GW-Modbus-03,1.4
2026-04-14 03:17:37,P-204,Pompe centrifuge HP,P-204-SEN-07,debit,debit,m3/h,45.7057,7.65,102.01,normal,99.7,100.0,5000,GW-MQTT-01,0.8
2026-04-14 03:17:18,P-204,Pompe centrifuge HP,P-204-SEN-08,pression,pression,bar,3.7304,0.58,7.8,normal,99.7,96.9,2000,GW-MQTT-01,1.2
2026-04-14 03:17:02,C-118,Compresseur à vis,C-118-SEN-01,accelerometre,accelerometre,mm/s,1.6647,0.31,4.15,normal,99.8,93.9,5000,GW-OPCUA-02,1.1
2026-04-14 03:17:30,C-118,Compresseur à vis,C-118-SEN-02,accelerometre,accelerometre,g,0.5043,0.07,0.89,normal,99.7,96.6,512,GW-Modbus-03,1.7
2026-04-14 03:17:03,C-118,Compresseur à vis,C-118-SEN-03,thermique,thermique,°C,36.6261,4.99,66.62,normal,99.7,97.8,128,GW-MQTT-01,0.9
2026-04-14 03:17:49,C-118,Compresseur à vis,C-118-SEN-04,sonde_proximite,sonde_proximite,microns,42.8997,6.66,88.89,normal,99.6,98.7,512,GW-OPCUA-02,0.5
2026-04-14 03:17:32,C-118,Compresseur à vis,C-118-SEN-05,ultrason,ultrason,dB,26.2267,4.66,62.2,normal,99.6,100.4,256,GW-MQTT-01,1.6
2026-04-14 03:17:24,C-118,Compresseur à vis,C-118-SEN-06,courant,courant,A,86.1208,13.32,177.64,normal,99.6,96.1,1000,GW-OPCUA-02,0.9
2026-04-14 03:17:27,C-118,Compresseur à vis,C-118-SEN-07,debit,debit,m3/h,68.7596,9.43,125.81,normal,99.6,98.9,5000,GW-Modbus-03,1.6
2026-04-14 03:17:00,C-118,Compresseur à vis,C-118-SEN-08,pression,pression,bar,4.8717,0.72,9.62,normal,99.6,95.8,5000,GW-Modbus-03,1.6
2026-04-14 03:17:55,V-302,Ventilateur tirage,V-302-SEN-01,accelerometre,accelerometre,mm/s,2.6397,0.37,4.94,normal,99.7,94.3,256,GW-MQTT-01,1.2
2026-04-14 03:17:09,V-302,Ventilateur tirage,V-302-SEN-02,accelerometre,accelerometre,g,0.4711,0.08,1.06,normal,99.7,98.2,2000,GW-OPCUA-02,1.5
2026-04-14 03:17:18,V-302,Ventilateur tirage,V-302-SEN-03,thermique,thermique,°C,38.5696,5.94,79.23,normal,99.6,99.2,256,GW-Modbus-03,1.0
2026-04-14 03:17:58,V-302,Ventilateur tirage,V-302-SEN-04,sonde_proximite,sonde_proximite,microns,58.7369,7.92,105.71,normal,99.6,97.9,2000,GW-Modbus-03,1.3
2026-04-14 03:17:40,V-302,Ventilateur tirage,V-302-SEN-05,ultrason,ultrason,dB,35.0394,5.54,73.96,normal,99.8,97.5,512,GW-MQTT-01,0.7
2026-04-14 03:17:53,V-302,Ventilateur tirage,V-302-SEN-06,courant,courant,A,110.68,15.84,211.25,normal,99.6,96.4,2000,GW-MQTT-01,1.3
2026-04-14 03:17:16,V-302,Ventilateur tirage,V-302-SEN-07,debit,debit,m3/h,72.0294,11.22,149.62,normal,99.7,96.2,128,GW-OPCUA-02,0.5
2026-04-14 03:17:15,V-302,Ventilateur tirage,V-302-SEN-08,pression,pression,bar,5.995,0.86,11.45,normal,99.6,98.8,128,GW-OPCUA-02,1.3
2026-04-14 03:17:17,M-019,Moteur électrique 400kW,M-019-SEN-01,accelerometre,accelerometre,mm/s,3.1012,0.43,5.72,normal,99.8,92.0,2000,GW-MQTT-01,2.1
2026-04-14 03:17:47,M-019,Moteur électrique 400kW,M-019-SEN-02,accelerometre,accelerometre,g,0.6606,0.09,1.23,normal,99.7,97.6,2000,GW-MQTT-01,1.1
2026-04-14 03:17:34,M-019,Moteur électrique 400kW,M-019-SEN-03,thermique,thermique,°C,45.4319,6.88,91.83,normal,99.6,97.8,512,GW-OPCUA-02,1.0
2026-04-14 03:17:47,M-019,Moteur électrique 400kW,M-019-SEN-04,sonde_proximite,sonde_proximite,microns,77.239,9.18,122.52,normal,99.6,98.5,5000,GW-MQTT-01,1.0
2026-04-14 03:17:33,M-019,Moteur électrique 400kW,M-019-SEN-05,ultrason,ultrason,dB,40.9587,6.43,85.73,normal,99.8,96.9,256,GW-Modbus-03,1.1
2026-04-14 03:17:19,M-019,Moteur électrique 400kW,M-019-SEN-06,courant,courant,A,122.5281,18.36,244.86,normal,99.7,93.7,128,GW-OPCUA-02,1.0
2026-04-14 03:17:20,M-019,Moteur électrique 400kW,M-019-SEN-07,debit,debit,m3/h,86.6563,13.01,173.42,normal,99.7,96.6,512,GW-MQTT-01,0.9
2026-04-14 03:17:44,M-019,Moteur électrique 400kW,M-019-SEN-08,pression,pression,bar,6.0502,0.99,13.27,normal,99.6,96.4,5000,GW-OPCUA-02,1.2
2026-04-14 03:17:59,R-077,Réducteur convoyeur,R-077-SEN-01,accelerometre,accelerometre,mm/s,3.5392,0.49,6.51,normal,99.8,98.5,512,GW-MQTT-01,1.4
2026-04-14 03:17:55,R-077,Réducteur convoyeur,R-077-SEN-02,accelerometre,accelerometre,g,0.6791,0.1,1.39,normal,99.6,99.4,2000,GW-Modbus-03,1.5
2026-04-14 03:17:21,R-077,Réducteur convoyeur,R-077-SEN-03,thermique,thermique,°C,50.55,7.83,104.43,normal,99.8,98.7,256,GW-Modbus-03,0.6
2026-04-14 03:17:52,R-077,Réducteur convoyeur,R-077-SEN-04,sonde_proximite,sonde_proximite,microns,75.2571,10.44,139.34,normal,99.7,99.7,512,GW-Modbus-03,1.5
2026-04-14 03:17:45,R-077,Réducteur convoyeur,R-077-SEN-05,ultrason,ultrason,dB,49.5275,7.31,97.5,normal,99.7,96.7,128,GW-MQTT-01,1.5
2026-04-14 03:17:40,R-077,Réducteur convoyeur,R-077-SEN-06,courant,courant,A,147.0777,20.88,278.47,normal,99.6,95.3,512,GW-MQTT-01,1.3
2026-04-14 03:17:10,R-077,Réducteur convoyeur,R-077-SEN-07,debit,debit,m3/h,93.0074,14.79,197.22,normal,99.8,95.1,1000,GW-MQTT-01,1.4
2026-04-14 03:17:11,R-077,Réducteur convoyeur,R-077-SEN-08,pression,pression,bar,7.727,1.13,15.09,normal,99.7,91.8,128,GW-MQTT-01,0.5
2026-04-14 03:17:17,P-311,Pompe centrifuge BP,P-311-SEN-01,accelerometre,accelerometre,mm/s,3.6783,0.55,7.3,normal,99.8,97.7,5000,GW-Modbus-03,1.2
2026-04-14 03:17:38,P-311,Pompe centrifuge BP,P-311-SEN-02,accelerometre,accelerometre,g,0.8602,0.12,1.56,normal,99.6,97.2,512,GW-Modbus-03,1.5
2026-04-14 03:17:01,P-311,Pompe centrifuge BP,P-311-SEN-03,thermique,thermique,°C,57.8614,8.78,117.04,normal,99.8,97.2,128,GW-MQTT-01,1.1
2026-04-14 03:17:13,P-311,Pompe centrifuge BP,P-311-SEN-04,sonde_proximite,sonde_proximite,microns,80.3683,11.7,156.16,normal,99.6,96.1,128,GW-Modbus-03,0.7
2026-04-14 03:17:09,P-311,Pompe centrifuge BP,P-311-SEN-05,ultrason,ultrason,dB,54.7951,8.19,109.26,normal,99.7,95.9,1000,GW-OPCUA-02,1.5
2026-04-14 03:17:30,P-311,Pompe centrifuge BP,P-311-SEN-06,courant,courant,A,146.556,23.4,312.08,normal,99.8,96.6,2000,GW-Modbus-03,1.4
2026-04-14 03:17:48,P-311,Pompe centrifuge BP,P-311-SEN-07,debit,debit,m3/h,103.2415,16.57,221.02,normal,99.6,94.7,256,GW-OPCUA-02,1.0
2026-04-14 03:17:27,P-311,Pompe centrifuge BP,P-311-SEN-08,pression,pression,bar,8.72,1.27,16.91,normal,99.8,97.7,128,GW-Modbus-03,1.4
2026-04-14 04:18:57,P-204,Pompe centrifuge HP,P-204-SEN-01,accelerometre,accelerometre,mm/s,1.6658,0.25,3.37,normal,99.5,98.2,128,GW-OPCUA-02,0.6
2026-04-14 04:18:25,P-204,Pompe centrifuge HP,P-204-SEN-02,accelerometre,accelerometre,g,0.3217,0.05,0.72,normal,99.7,97.4,512,GW-OPCUA-02,1.3
2026-04-14 04:18:07,P-204,Pompe centrifuge HP,P-204-SEN-03,thermique,thermique,°C,24.821,4.05,54.02,normal,99.4,96.5,256,GW-Modbus-03,1.1
2026-04-14 04:18:28,P-204,Pompe centrifuge HP,P-204-SEN-04,sonde_proximite,sonde_proximite,microns,28.7584,5.4,72.1,normal,99.6,96.8,5000,GW-Modbus-03,1.5
2026-04-14 04:18:31,P-204,Pompe centrifuge HP,P-204-SEN-05,ultrason,ultrason,dB,28.5414,3.78,50.44,normal,99.6,97.7,5000,GW-MQTT-01,1.4
2026-04-14 04:18:21,P-204,Pompe centrifuge HP,P-204-SEN-06,courant,courant,A,56.0523,10.8,144.05,normal,99.7,95.3,128,GW-OPCUA-02,1.6
2026-04-14 04:18:46,P-204,Pompe centrifuge HP,P-204-SEN-07,debit,debit,m3/h,49.6876,7.65,102.01,normal,99.6,99.2,256,GW-OPCUA-02,1.3
2026-04-14 04:18:06,P-204,Pompe centrifuge HP,P-204-SEN-08,pression,pression,bar,4.3306,0.58,7.8,normal,99.5,99.6,128,GW-MQTT-01,0.7
2026-04-14 04:18:36,C-118,Compresseur à vis,C-118-SEN-01,accelerometre,accelerometre,mm/s,1.9071,0.31,4.16,normal,99.8,98.1,5000,GW-Modbus-03,1.0
2026-04-14 04:18:52,C-118,Compresseur à vis,C-118-SEN-02,accelerometre,accelerometre,g,0.4845,0.07,0.89,normal,99.6,92.3,512,GW-OPCUA-02,0.5
2026-04-14 04:18:17,C-118,Compresseur à vis,C-118-SEN-03,thermique,thermique,°C,33.641,4.99,66.63,normal,99.6,96.7,128,GW-MQTT-01,1.3
2026-04-14 04:18:09,C-118,Compresseur à vis,C-118-SEN-04,sonde_proximite,sonde_proximite,microns,48.5837,6.66,88.92,normal,99.8,100.0,5000,GW-MQTT-01,1.6
2026-04-14 04:18:15,C-118,Compresseur à vis,C-118-SEN-05,ultrason,ultrason,dB,31.5515,4.66,62.21,normal,99.6,95.6,2000,GW-OPCUA-02,0.9
2026-04-14 04:18:47,C-118,Compresseur à vis,C-118-SEN-06,courant,courant,A,76.6592,13.32,177.66,normal,99.8,95.7,128,GW-Modbus-03,1.4
2026-04-14 04:18:27,C-118,Compresseur à vis,C-118-SEN-07,debit,debit,m3/h,57.7897,9.43,125.82,normal,99.7,96.0,2000,GW-MQTT-01,1.6
2026-04-14 04:18:18,C-118,Compresseur à vis,C-118-SEN-08,pression,pression,bar,4.373,0.72,9.63,normal,99.6,98.8,1000,GW-MQTT-01,1.4
2026-04-14 04:18:20,V-302,Ventilateur tirage,V-302-SEN-01,accelerometre,accelerometre,mm/s,2.6919,0.37,4.94,normal,99.4,96.7,5000,GW-Modbus-03,1.3
2026-04-14 04:18:46,V-302,Ventilateur tirage,V-302-SEN-02,accelerometre,accelerometre,g,0.4341,0.08,1.06,normal,99.7,98.6,1000,GW-MQTT-01,1.3
2026-04-14 04:18:04,V-302,Ventilateur tirage,V-302-SEN-03,thermique,thermique,°C,39.5517,5.94,79.24,normal,99.7,95.9,256,GW-OPCUA-02,1.3
2026-04-14 04:18:51,V-302,Ventilateur tirage,V-302-SEN-04,sonde_proximite,sonde_proximite,microns,59.626,7.92,105.74,normal,99.6,96.9,256,GW-Modbus-03,1.6
2026-04-14 04:18:35,V-302,Ventilateur tirage,V-302-SEN-05,ultrason,ultrason,dB,31.3529,5.54,73.98,normal,99.7,98.5,128,GW-Modbus-03,0.8
2026-04-14 04:18:50,V-302,Ventilateur tirage,V-302-SEN-06,courant,courant,A,108.4285,15.84,211.27,normal,99.5,98.2,128,GW-OPCUA-02,0.7
2026-04-14 04:18:12,V-302,Ventilateur tirage,V-302-SEN-07,debit,debit,m3/h,73.6787,11.22,149.62,normal,99.5,99.0,128,GW-OPCUA-02,0.7
2026-04-14 04:18:13,V-302,Ventilateur tirage,V-302-SEN-08,pression,pression,bar,6.071,0.86,11.45,normal,99.7,96.6,512,GW-MQTT-01,1.1
2026-04-14 04:18:40,M-019,Moteur électrique 400kW,M-019-SEN-01,accelerometre,accelerometre,mm/s,3.1959,0.43,5.73,normal,99.5,101.0,5000,GW-OPCUA-02,2.1
2026-04-14 04:18:32,M-019,Moteur électrique 400kW,M-019-SEN-02,accelerometre,accelerometre,g,0.612,0.09,1.23,normal,99.8,95.3,512,GW-Modbus-03,1.3
2026-04-14 04:18:38,M-019,Moteur électrique 400kW,M-019-SEN-03,thermique,thermique,°C,44.7962,6.88,91.84,normal,99.5,97.4,128,GW-MQTT-01,1.1
2026-04-14 04:18:48,M-019,Moteur électrique 400kW,M-019-SEN-04,sonde_proximite,sonde_proximite,microns,59.3757,9.18,122.56,normal,99.7,96.6,128,GW-OPCUA-02,1.0
2026-04-14 04:18:11,M-019,Moteur électrique 400kW,M-019-SEN-05,ultrason,ultrason,dB,42.6275,6.43,85.75,normal,99.6,94.2,5000,GW-Modbus-03,1.6
2026-04-14 04:18:32,M-019,Moteur électrique 400kW,M-019-SEN-06,courant,courant,A,132.6147,18.36,244.88,normal,99.6,98.1,128,GW-Modbus-03,1.2
2026-04-14 04:18:00,M-019,Moteur électrique 400kW,M-019-SEN-07,debit,debit,m3/h,82.3583,13.01,173.42,normal,99.4,98.3,1000,GW-Modbus-03,1.1
2026-04-14 04:18:30,M-019,Moteur électrique 400kW,M-019-SEN-08,pression,pression,bar,7.0845,0.99,13.27,normal,99.5,99.2,2000,GW-Modbus-03,1.0
2026-04-14 04:18:46,R-077,Réducteur convoyeur,R-077-SEN-01,accelerometre,accelerometre,mm/s,3.1627,0.49,6.51,normal,99.5,95.9,2000,GW-Modbus-03,1.1
2026-04-14 04:18:57,R-077,Réducteur convoyeur,R-077-SEN-02,accelerometre,accelerometre,g,0.675,0.1,1.4,normal,99.5,99.8,2000,GW-MQTT-01,2.7
2026-04-14 04:18:09,R-077,Réducteur convoyeur,R-077-SEN-03,thermique,thermique,°C,49.9876,7.83,104.45,normal,99.4,95.5,2000,GW-Modbus-03,0.8
2026-04-14 04:18:27,R-077,Réducteur convoyeur,R-077-SEN-04,sonde_proximite,sonde_proximite,microns,72.628,10.44,139.39,normal,99.6,100.1,128,GW-MQTT-01,0.7
2026-04-14 04:18:09,R-077,Réducteur convoyeur,R-077-SEN-05,ultrason,ultrason,dB,38.6812,7.31,97.51,normal,99.7,98.3,256,GW-OPCUA-02,1.2
2026-04-14 04:18:16,R-077,Réducteur convoyeur,R-077-SEN-06,courant,courant,A,141.1543,20.88,278.49,normal,99.7,99.8,128,GW-Modbus-03,0.9
2026-04-14 04:18:17,R-077,Réducteur convoyeur,R-077-SEN-07,debit,debit,m3/h,91.7214,14.79,197.23,normal,99.7,95.6,128,GW-OPCUA-02,1.6
2026-04-14 04:18:44,R-077,Réducteur convoyeur,R-077-SEN-08,pression,pression,bar,7.7978,1.13,15.09,normal,99.8,96.3,512,GW-Modbus-03,1.5
2026-04-14 04:18:59,P-311,Pompe centrifuge BP,P-311-SEN-01,accelerometre,accelerometre,mm/s,3.301,0.55,7.3,normal,99.5,94.4,2000,GW-MQTT-01,1.2
2026-04-14 04:18:27,P-311,Pompe centrifuge BP,P-311-SEN-02,accelerometre,accelerometre,g,0.8201,0.12,1.56,normal,99.7,99.2,5000,GW-Modbus-03,0.8
2026-04-14 04:18:53,P-311,Pompe centrifuge BP,P-311-SEN-03,thermique,thermique,°C,58.8321,8.78,117.05,normal,99.5,96.1,5000,GW-MQTT-01,0.9
2026-04-14 04:18:13,P-311,Pompe centrifuge BP,P-311-SEN-04,sonde_proximite,sonde_proximite,microns,87.171,11.7,156.21,normal,99.5,98.1,128,GW-Modbus-03,0.3
2026-04-14 04:18:54,P-311,Pompe centrifuge BP,P-311-SEN-05,ultrason,ultrason,dB,60.7474,8.19,109.28,normal,99.6,95.2,5000,GW-OPCUA-02,1.3
2026-04-14 04:18:53,P-311,Pompe centrifuge BP,P-311-SEN-06,courant,courant,A,151.4456,23.4,312.1,normal,99.4,98.8,5000,GW-OPCUA-02,0.9
2026-04-14 04:18:33,P-311,Pompe centrifuge BP,P-311-SEN-07,debit,debit,m3/h,113.5786,16.57,221.03,normal,99.7,95.2,256,GW-Modbus-03,1.4
2026-04-14 04:18:40,P-311,Pompe centrifuge BP,P-311-SEN-08,pression,pression,bar,9.1679,1.27,16.91,normal,99.6,98.6,5000,GW-MQTT-01,1.2
2026-04-14 05:06:52,P-204,Pompe centrifuge HP,P-204-SEN-01,accelerometre,accelerometre,mm/s,1.9269,0.25,3.37,normal,99.6,99.4,512,GW-MQTT-01,1.0
2026-04-14 05:06:38,P-204,Pompe centrifuge HP,P-204-SEN-02,accelerometre,accelerometre,g,0.2838,0.05,0.72,normal,99.3,95.1,2000,GW-Modbus-03,1.4
2026-04-14 05:06:01,P-204,Pompe centrifuge HP,P-204-SEN-03,thermique,thermique,°C,27.15,4.05,54.03,normal,99.6,96.9,2000,GW-Modbus-03,1.2
2026-04-14 05:06:48,P-204,Pompe centrifuge HP,P-204-SEN-04,sonde_proximite,sonde_proximite,microns,48.0095,5.4,72.12,normal,99.7,98.6,1000,GW-OPCUA-02,1.3
2026-04-14 05:06:18,P-204,Pompe centrifuge HP,P-204-SEN-05,ultrason,ultrason,dB,31.4612,3.78,50.45,normal,99.7,94.4,2000,GW-Modbus-03,1.0
2026-04-14 05:06:13,P-204,Pompe centrifuge HP,P-204-SEN-06,courant,courant,A,68.4488,10.8,144.06,normal,99.6,95.2,512,GW-Modbus-03,0.5
2026-04-14 05:06:53,P-204,Pompe centrifuge HP,P-204-SEN-07,debit,debit,m3/h,52.9909,7.65,102.02,normal,99.6,93.4,512,GW-Modbus-03,0.9
2026-04-14 05:06:20,P-204,Pompe centrifuge HP,P-204-SEN-08,pression,pression,bar,4.2919,0.58,7.81,normal,99.4,96.3,512,GW-Modbus-03,1.4
2026-04-14 05:06:14,C-118,Compresseur à vis,C-118-SEN-01,accelerometre,accelerometre,mm/s,2.4383,0.31,4.16,normal,99.4,94.1,5000,GW-OPCUA-02,1.7
2026-04-14 05:06:52,C-118,Compresseur à vis,C-118-SEN-02,accelerometre,accelerometre,g,0.4774,0.07,0.89,normal,99.4,97.5,128,GW-MQTT-01,1.5
2026-04-14 05:06:52,C-118,Compresseur à vis,C-118-SEN-03,thermique,thermique,°C,32.6802,4.99,66.64,normal,99.6,96.3,5000,GW-OPCUA-02,1.4
2026-04-14 05:06:51,C-118,Compresseur à vis,C-118-SEN-04,sonde_proximite,sonde_proximite,microns,33.6885,6.66,88.95,normal,99.5,97.2,2000,GW-MQTT-01,1.2
2026-04-14 05:06:34,C-118,Compresseur à vis,C-118-SEN-05,ultrason,ultrason,dB,21.11,4.66,62.22,normal,99.4,101.3,5000,GW-OPCUA-02,2.1
2026-04-14 05:06:26,C-118,Compresseur à vis,C-118-SEN-06,courant,courant,A,95.8372,13.32,177.67,normal,99.5,94.9,5000,GW-OPCUA-02,1.8
2026-04-14 05:06:42,C-118,Compresseur à vis,C-118-SEN-07,debit,debit,m3/h,62.1443,9.43,125.82,normal,99.6,96.5,128,GW-MQTT-01,1.3
2026-04-14 05:06:07,C-118,Compresseur à vis,C-118-SEN-08,pression,pression,bar,4.4457,0.72,9.63,normal,99.3,95.3,512,GW-OPCUA-02,0.7
2026-04-14 05:06:36,V-302,Ventilateur tirage,V-302-SEN-01,accelerometre,accelerometre,mm/s,2.2319,0.37,4.95,normal,99.5,94.6,5000,GW-Modbus-03,1.2
2026-04-14 05:06:06,V-302,Ventilateur tirage,V-302-SEN-02,accelerometre,accelerometre,g,0.4887,0.08,1.06,normal,99.4,95.6,128,GW-Modbus-03,1.1
2026-04-14 05:06:30,V-302,Ventilateur tirage,V-302-SEN-03,thermique,thermique,°C,40.6004,5.94,79.24,normal,99.3,99.8,256,GW-MQTT-01,1.0
2026-04-14 05:06:08,V-302,Ventilateur tirage,V-302-SEN-04,sonde_proximite,sonde_proximite,microns,41.5713,7.92,105.78,normal,99.4,96.2,256,GW-OPCUA-02,0.7
2026-04-14 05:06:00,V-302,Ventilateur tirage,V-302-SEN-05,ultrason,ultrason,dB,36.1456,5.54,73.99,normal,99.3,97.7,128,GW-MQTT-01,0.5
2026-04-14 05:06:40,V-302,Ventilateur tirage,V-302-SEN-06,courant,courant,A,104.2735,15.84,211.29,normal,99.6,94.3,5000,GW-Modbus-03,1.1
2026-04-14 05:06:40,V-302,Ventilateur tirage,V-302-SEN-07,debit,debit,m3/h,73.1597,11.22,149.63,normal,99.5,95.8,5000,GW-OPCUA-02,1.0
2026-04-14 05:06:18,V-302,Ventilateur tirage,V-302-SEN-08,pression,pression,bar,6.2414,0.86,11.45,normal,99.4,94.2,5000,GW-MQTT-01,1.4
2026-04-14 05:06:59,M-019,Moteur électrique 400kW,M-019-SEN-01,accelerometre,accelerometre,mm/s,3.0063,0.43,5.73,normal,99.3,98.6,512,GW-MQTT-01,1.5
2026-04-14 05:06:12,M-019,Moteur électrique 400kW,M-019-SEN-02,accelerometre,accelerometre,g,0.6267,0.09,1.23,normal,99.7,95.0,5000,GW-Modbus-03,1.3
2026-04-14 05:06:06,M-019,Moteur électrique 400kW,M-019-SEN-03,thermique,thermique,°C,46.8623,6.88,91.85,normal,99.4,98.2,5000,GW-OPCUA-02,1.5
2026-04-14 05:06:02,M-019,Moteur électrique 400kW,M-019-SEN-04,sonde_proximite,sonde_proximite,microns,65.7998,9.18,122.6,normal,99.6,97.9,128,GW-MQTT-01,1.4
2026-04-14 05:06:55,M-019,Moteur électrique 400kW,M-019-SEN-05,ultrason,ultrason,dB,41.5053,6.43,85.76,normal,99.7,97.4,128,GW-OPCUA-02,1.6
2026-04-14 05:06:53,M-019,Moteur électrique 400kW,M-019-SEN-06,courant,courant,A,106.9909,18.36,244.9,normal,99.6,94.8,1000,GW-OPCUA-02,0.3
2026-04-14 05:06:27,M-019,Moteur électrique 400kW,M-019-SEN-07,debit,debit,m3/h,84.7756,13.01,173.43,normal,99.3,96.0,5000,GW-Modbus-03,1.7
2026-04-14 05:06:08,M-019,Moteur électrique 400kW,M-019-SEN-08,pression,pression,bar,6.5521,0.99,13.27,normal,99.7,99.8,1000,GW-MQTT-01,1.3
2026-04-14 05:06:50,R-077,Réducteur convoyeur,R-077-SEN-01,accelerometre,accelerometre,mm/s,3.1059,0.49,6.52,normal,99.7,91.9,2000,GW-OPCUA-02,1.3
2026-04-14 05:06:52,R-077,Réducteur convoyeur,R-077-SEN-02,accelerometre,accelerometre,g,0.6114,0.1,1.4,normal,99.3,99.1,256,GW-OPCUA-02,1.7
2026-04-14 05:06:22,R-077,Réducteur convoyeur,R-077-SEN-03,thermique,thermique,°C,50.7268,7.83,104.46,normal,99.6,101.6,256,GW-OPCUA-02,0.8
2026-04-14 05:06:04,R-077,Réducteur convoyeur,R-077-SEN-04,sonde_proximite,sonde_proximite,microns,62.1681,10.44,139.43,normal,99.5,98.2,512,GW-OPCUA-02,1.8
2026-04-14 05:06:46,R-077,Réducteur convoyeur,R-077-SEN-05,ultrason,ultrason,dB,45.4633,7.31,97.53,normal,99.7,97.3,128,GW-Modbus-03,0.7
2026-04-14 05:06:04,R-077,Réducteur convoyeur,R-077-SEN-06,courant,courant,A,159.0757,20.88,278.52,normal,99.3,98.4,2000,GW-Modbus-03,1.4
2026-04-14 05:06:43,R-077,Réducteur convoyeur,R-077-SEN-07,debit,debit,m3/h,100.7923,14.79,197.23,normal,99.5,97.1,5000,GW-MQTT-01,1.4
2026-04-14 05:06:43,R-077,Réducteur convoyeur,R-077-SEN-08,pression,pression,bar,7.2881,1.13,15.09,normal,99.3,96.6,2000,GW-MQTT-01,1.1
2026-04-14 05:06:29,P-311,Pompe centrifuge BP,P-311-SEN-01,accelerometre,accelerometre,mm/s,3.5285,0.55,7.31,normal,99.6,98.8,128,GW-Modbus-03,0.7
2026-04-14 05:06:52,P-311,Pompe centrifuge BP,P-311-SEN-02,accelerometre,accelerometre,g,0.686,0.12,1.57,normal,99.3,97.2,1000,GW-OPCUA-02,1.2
2026-04-14 05:06:30,P-311,Pompe centrifuge BP,P-311-SEN-03,thermique,thermique,°C,56.1206,8.78,117.06,normal,99.7,95.3,1000,GW-MQTT-01,0.3
2026-04-14 05:06:21,P-311,Pompe centrifuge BP,P-311-SEN-04,sonde_proximite,sonde_proximite,microns,71.1771,11.7,156.26,normal,99.5,96.8,5000,GW-OPCUA-02,2.1
2026-04-14 05:06:33,P-311,Pompe centrifuge BP,P-311-SEN-05,ultrason,ultrason,dB,59.2927,8.19,109.3,normal,99.5,95.8,512,GW-Modbus-03,1.0
2026-04-14 05:06:40,P-311,Pompe centrifuge BP,P-311-SEN-06,courant,courant,A,158.8747,23.4,312.13,normal,99.4,94.8,256,GW-Modbus-03,1.1
2026-04-14 05:06:15,P-311,Pompe centrifuge BP,P-311-SEN-07,debit,debit,m3/h,110.1048,16.57,221.04,normal,99.7,98.8,128,GW-OPCUA-02,1.3
2026-04-14 05:06:42,P-311,Pompe centrifuge BP,P-311-SEN-08,pression,pression,bar,8.6945,1.27,16.91,normal,99.4,98.9,512,GW-Modbus-03,1.0
2026-04-14 06:02:30,P-204,Pompe centrifuge HP,P-204-SEN-01,accelerometre,accelerometre,mm/s,2.0809,0.25,3.37,normal,99.5,99.8,5000,GW-Modbus-03,1.4
2026-04-14 06:02:31,P-204,Pompe centrifuge HP,P-204-SEN-02,accelerometre,accelerometre,g,0.4247,0.05,0.72,normal,99.5,100.1,512,GW-OPCUA-02,1.2
2026-04-14 06:02:50,P-204,Pompe centrifuge HP,P-204-SEN-03,thermique,thermique,°C,26.7766,4.05,54.04,normal,99.1,95.5,256,GW-OPCUA-02,1.6
2026-04-14 06:02:05,P-204,Pompe centrifuge HP,P-204-SEN-04,sonde_proximite,sonde_proximite,microns,35.3331,5.4,72.14,normal,99.3,94.8,5000,GW-Modbus-03,0.6
2026-04-14 06:02:15,P-204,Pompe centrifuge HP,P-204-SEN-05,ultrason,ultrason,dB,30.6513,3.78,50.46,normal,99.1,94.6,512,GW-MQTT-01,1.4
2026-04-14 06:02:23,P-204,Pompe centrifuge HP,P-204-SEN-06,courant,courant,A,61.4327,10.8,144.07,normal,99.5,98.7,256,GW-OPCUA-02,1.6
2026-04-14 06:02:15,P-204,Pompe centrifuge HP,P-204-SEN-07,debit,debit,m3/h,55.5684,7.65,102.02,normal,99.7,100.6,1000,GW-OPCUA-02,1.9
2026-04-14 06:02:30,P-204,Pompe centrifuge HP,P-204-SEN-08,pression,pression,bar,3.4026,0.58,7.81,normal,99.2,97.2,1000,GW-MQTT-01,1.1
2026-04-14 06:02:19,C-118,Compresseur à vis,C-118-SEN-01,accelerometre,accelerometre,mm/s,1.9538,0.31,4.16,normal,99.6,93.2,256,GW-OPCUA-02,1.0
2026-04-14 06:02:00,C-118,Compresseur à vis,C-118-SEN-02,accelerometre,accelerometre,g,0.4851,0.07,0.89,normal,99.6,97.5,1000,GW-OPCUA-02,1.6
2026-04-14 06:02:13,C-118,Compresseur à vis,C-118-SEN-03,thermique,thermique,°C,36.1388,4.99,66.64,normal,99.7,99.1,128,GW-MQTT-01,1.0
2026-04-14 06:02:35,C-118,Compresseur à vis,C-118-SEN-04,sonde_proximite,sonde_proximite,microns,39.619,6.66,88.98,normal,99.3,97.9,1000,GW-OPCUA-02,1.7
2026-04-14 06:02:05,C-118,Compresseur à vis,C-118-SEN-05,ultrason,ultrason,dB,34.6118,4.66,62.23,normal,99.6,100.8,256,GW-MQTT-01,1.4
2026-04-14 06:02:22,C-118,Compresseur à vis,C-118-SEN-06,courant,courant,A,86.6047,13.32,177.69,normal,99.6,93.9,128,GW-OPCUA-02,0.8
2026-04-14 06:02:06,C-118,Compresseur à vis,C-118-SEN-07,debit,debit,m3/h,63.5755,9.43,125.83,normal,99.6,96.1,5000,GW-MQTT-01,1.2
2026-04-14 06:02:15,C-118,Compresseur à vis,C-118-SEN-08,pression,pression,bar,4.7428,0.72,9.63,normal,99.5,97.3,2000,GW-MQTT-01,1.1
2026-04-14 06:02:17,V-302,Ventilateur tirage,V-302-SEN-01,accelerometre,accelerometre,mm/s,1.9065,0.37,4.95,normal,99.4,96.8,5000,GW-OPCUA-02,1.6
2026-04-14 06:02:16,V-302,Ventilateur tirage,V-302-SEN-02,accelerometre,accelerometre,g,0.5096,0.08,1.06,normal,99.3,97.2,5000,GW-MQTT-01,1.1
2026-04-14 06:02:44,V-302,Ventilateur tirage,V-302-SEN-03,thermique,thermique,°C,41.1136,5.94,79.25,normal,99.3,96.9,256,GW-MQTT-01,1.1
2026-04-14 06:02:04,V-302,Ventilateur tirage,V-302-SEN-04,sonde_proximite,sonde_proximite,microns,53.813,7.92,105.81,normal,99.6,94.2,256,GW-MQTT-01,1.5
2026-04-14 06:02:09,V-302,Ventilateur tirage,V-302-SEN-05,ultrason,ultrason,dB,39.1059,5.54,74.0,normal,99.7,99.1,2000,GW-Modbus-03,0.9
2026-04-14 06:02:29,V-302,Ventilateur tirage,V-302-SEN-06,courant,courant,A,116.8609,15.84,211.31,normal,99.6,101.1,128,GW-OPCUA-02,1.0
2026-04-14 06:02:22,V-302,Ventilateur tirage,V-302-SEN-07,debit,debit,m3/h,77.1253,11.22,149.63,normal,99.6,98.7,5000,GW-MQTT-01,1.6
2026-04-14 06:02:30,V-302,Ventilateur tirage,V-302-SEN-08,pression,pression,bar,6.0581,0.86,11.45,normal,99.5,95.7,2000,GW-Modbus-03,0.7
2026-04-14 06:02:59,M-019,Moteur électrique 400kW,M-019-SEN-01,accelerometre,accelerometre,mm/s,2.5545,0.43,5.74,normal,99.5,98.2,256,GW-OPCUA-02,1.3
2026-04-14 06:02:45,M-019,Moteur électrique 400kW,M-019-SEN-02,accelerometre,accelerometre,g,0.5292,0.09,1.23,normal,99.2,96.4,128,GW-Modbus-03,0.8
2026-04-14 06:02:16,M-019,Moteur électrique 400kW,M-019-SEN-03,thermique,thermique,°C,44.1814,6.88,91.86,normal,99.1,96.8,2000,GW-OPCUA-02,0.7
2026-04-14 06:02:47,M-019,Moteur électrique 400kW,M-019-SEN-04,sonde_proximite,sonde_proximite,microns,66.1727,9.18,122.64,normal,99.6,98.0,2000,GW-Modbus-03,1.7
2026-04-14 06:02:27,M-019,Moteur électrique 400kW,M-019-SEN-05,ultrason,ultrason,dB,37.7432,6.43,85.78,normal,99.4,97.0,5000,GW-Modbus-03,1.1
2026-04-14 06:02:32,M-019,Moteur électrique 400kW,M-019-SEN-06,courant,courant,A,124.37,18.36,244.92,normal,99.4,94.6,5000,GW-OPCUA-02,1.5
2026-04-14 06:02:01,M-019,Moteur électrique 400kW,M-019-SEN-07,debit,debit,m3/h,89.4336,13.01,173.44,normal,99.4,96.7,1000,GW-OPCUA-02,1.6
2026-04-14 06:02:06,M-019,Moteur électrique 400kW,M-019-SEN-08,pression,pression,bar,6.6076,0.99,13.27,normal,99.1,101.4,512,GW-OPCUA-02,1.0
2026-04-14 06:02:47,R-077,Réducteur convoyeur,R-077-SEN-01,accelerometre,accelerometre,mm/s,3.4102,0.49,6.52,normal,99.1,95.8,1000,GW-MQTT-01,1.2
2026-04-14 06:02:44,R-077,Réducteur convoyeur,R-077-SEN-02,accelerometre,accelerometre,g,0.577,0.1,1.4,normal,99.2,95.0,256,GW-Modbus-03,0.9
2026-04-14 06:02:04,R-077,Réducteur convoyeur,R-077-SEN-03,thermique,thermique,°C,53.3475,7.83,104.47,normal,99.6,99.0,5000,GW-MQTT-01,1.8
2026-04-14 06:02:10,R-077,Réducteur convoyeur,R-077-SEN-04,sonde_proximite,sonde_proximite,microns,84.3769,10.44,139.48,normal,99.6,95.9,2000,GW-Modbus-03,0.7
2026-04-14 06:02:26,R-077,Réducteur convoyeur,R-077-SEN-05,ultrason,ultrason,dB,51.81,7.31,97.55,normal,99.5,97.6,128,GW-MQTT-01,1.7
2026-04-14 06:02:21,R-077,Réducteur convoyeur,R-077-SEN-06,courant,courant,A,138.2007,20.88,278.54,normal,99.5,98.2,256,GW-Modbus-03,1.6
2026-04-14 06:02:41,R-077,Réducteur convoyeur,R-077-SEN-07,debit,debit,m3/h,94.2252,14.79,197.24,normal,99.2,96.6,5000,GW-OPCUA-02,2.0
2026-04-14 06:02:53,R-077,Réducteur convoyeur,R-077-SEN-08,pression,pression,bar,7.3901,1.13,15.09,normal,99.5,98.8,512,GW-Modbus-03,1.0
2026-04-14 06:02:10,P-311,Pompe centrifuge BP,P-311-SEN-01,accelerometre,accelerometre,mm/s,3.7799,0.55,7.31,normal,99.3,100.5,1000,GW-Modbus-03,1.2
2026-04-14 06:02:33,P-311,Pompe centrifuge BP,P-311-SEN-02,accelerometre,accelerometre,g,0.7907,0.12,1.57,normal,99.7,97.3,128,GW-Modbus-03,1.3
2026-04-14 06:02:44,P-311,Pompe centrifuge BP,P-311-SEN-03,thermique,thermique,°C,60.0127,8.78,117.08,normal,99.2,98.1,512,GW-OPCUA-02,0.4
2026-04-14 06:02:45,P-311,Pompe centrifuge BP,P-311-SEN-04,sonde_proximite,sonde_proximite,microns,69.4756,11.7,156.31,normal,99.6,97.3,128,GW-OPCUA-02,1.7
2026-04-14 06:02:07,P-311,Pompe centrifuge BP,P-311-SEN-05,ultrason,ultrason,dB,52.3215,8.19,109.32,normal,99.2,96.7,256,GW-MQTT-01,0.8
2026-04-14 06:02:22,P-311,Pompe centrifuge BP,P-311-SEN-06,courant,courant,A,156.3185,23.4,312.16,normal,99.5,97.3,2000,GW-Modbus-03,1.7
2026-04-14 06:02:10,P-311,Pompe centrifuge BP,P-311-SEN-07,debit,debit,m3/h,102.3247,16.57,221.05,normal,99.3,99.1,128,GW-OPCUA-02,0.5
2026-04-14 06:02:50,P-311,Pompe centrifuge BP,P-311-SEN-08,pression,pression,bar,8.0857,1.27,16.92,normal,99.6,94.8,2000,GW-OPCUA-02,1.4
2026-04-14 07:10:56,P-204,Pompe centrifuge HP,P-204-SEN-01,accelerometre,accelerometre,mm/s,1.7064,0.25,3.38,normal,99.5,97.2,512,GW-MQTT-01,1.8
2026-04-14 07:10:35,P-204,Pompe centrifuge HP,P-204-SEN-02,accelerometre,accelerometre,g,0.3247,0.05,0.72,normal,99.2,95.0,512,GW-MQTT-01,1.9
2026-04-14 07:10:27,P-204,Pompe centrifuge HP,P-204-SEN-03,thermique,thermique,°C,26.9379,4.05,54.04,normal,99.3,97.4,5000,GW-OPCUA-02,0.8
2026-04-14 07:10:30,P-204,Pompe centrifuge HP,P-204-SEN-04,sonde_proximite,sonde_proximite,microns,22.83,5.4,72.17,normal,99.2,100.1,1000,GW-OPCUA-02,0.6
2026-04-14 07:10:30,P-204,Pompe centrifuge HP,P-204-SEN-05,ultrason,ultrason,dB,23.412,3.78,50.47,normal,99.1,100.6,1000,GW-MQTT-01,1.5
2026-04-14 07:10:26,P-204,Pompe centrifuge HP,P-204-SEN-06,courant,courant,A,76.9514,10.8,144.08,normal,99.2,100.6,128,GW-Modbus-03,0.8
2026-04-14 07:10:45,P-204,Pompe centrifuge HP,P-204-SEN-07,debit,debit,m3/h,49.9647,7.65,102.03,normal,99.3,98.5,2000,GW-Modbus-03,1.3
2026-04-14 07:10:42,P-204,Pompe centrifuge HP,P-204-SEN-08,pression,pression,bar,3.7318,0.58,7.81,normal,99.4,98.6,2000,GW-MQTT-01,0.6
2026-04-14 07:10:48,C-118,Compresseur à vis,C-118-SEN-01,accelerometre,accelerometre,mm/s,2.1205,0.31,4.16,normal,99.4,100.3,1000,GW-MQTT-01,1.4
2026-04-14 07:10:10,C-118,Compresseur à vis,C-118-SEN-02,accelerometre,accelerometre,g,0.4171,0.07,0.89,normal,99.3,98.2,128,GW-OPCUA-02,1.2
2026-04-14 07:10:23,C-118,Compresseur à vis,C-118-SEN-03,thermique,thermique,°C,32.2564,4.99,66.65,normal,99.3,98.6,2000,GW-OPCUA-02,1.1
2026-04-14 07:10:29,C-118,Compresseur à vis,C-118-SEN-04,sonde_proximite,sonde_proximite,microns,31.7538,6.66,89.01,normal,99.0,95.9,5000,GW-OPCUA-02,1.6
2026-04-14 07:10:25,C-118,Compresseur à vis,C-118-SEN-05,ultrason,ultrason,dB,30.1117,4.66,62.24,normal,99.3,93.7,5000,GW-MQTT-01,0.8
2026-04-14 07:10:31,C-118,Compresseur à vis,C-118-SEN-06,courant,courant,A,86.3657,13.32,177.7,normal,99.2,93.9,1000,GW-MQTT-01,1.0
2026-04-14 07:10:31,C-118,Compresseur à vis,C-118-SEN-07,debit,debit,m3/h,51.768,9.43,125.83,normal,99.0,97.2,2000,GW-Modbus-03,1.7
2026-04-14 07:10:38,C-118,Compresseur à vis,C-118-SEN-08,pression,pression,bar,4.5714,0.72,9.63,normal,99.4,99.8,5000,GW-OPCUA-02,1.4
2026-04-14 07:10:33,V-302,Ventilateur tirage,V-302-SEN-01,accelerometre,accelerometre,mm/s,2.6043,0.37,4.95,normal,99.2,100.9,256,GW-OPCUA-02,1.4
2026-04-14 07:10:33,V-302,Ventilateur tirage,V-302-SEN-02,accelerometre,accelerometre,g,0.6186,0.08,1.06,normal,99.0,98.7,1000,GW-Modbus-03,1.3
2026-04-14 07:10:01,V-302,Ventilateur tirage,V-302-SEN-03,thermique,thermique,°C,41.9603,5.94,79.26,normal,99.4,100.6,512,GW-MQTT-01,1.3
2026-04-14 07:10:28,V-302,Ventilateur tirage,V-302-SEN-04,sonde_proximite,sonde_proximite,microns,55.1394,7.92,105.85,normal,99.6,94.7,512,GW-Modbus-03,0.8
2026-04-14 07:10:57,V-302,Ventilateur tirage,V-302-SEN-05,ultrason,ultrason,dB,33.3333,5.54,74.02,normal,99.4,96.8,128,GW-Modbus-03,1.3
2026-04-14 07:10:18,V-302,Ventilateur tirage,V-302-SEN-06,courant,courant,A,103.953,15.84,211.32,normal,99.4,98.1,5000,GW-Modbus-03,1.1
2026-04-14 07:10:59,V-302,Ventilateur tirage,V-302-SEN-07,debit,debit,m3/h,74.6683,11.22,149.64,normal,99.0,94.7,256,GW-Modbus-03,1.6
2026-04-14 07:10:43,V-302,Ventilateur tirage,V-302-SEN-08,pression,pression,bar,5.4877,0.86,11.45,normal,99.5,96.8,256,GW-Modbus-03,1.5
2026-04-14 07:10:15,M-019,Moteur électrique 400kW,M-019-SEN-01,accelerometre,accelerometre,mm/s,3.1601,0.43,5.74,normal,99.2,99.2,256,GW-Modbus-03,1.5
2026-04-14 07:10:22,M-019,Moteur électrique 400kW,M-019-SEN-02,accelerometre,accelerometre,g,0.6208,0.09,1.23,normal,99.0,93.8,128,GW-Modbus-03,0.7
2026-04-14 07:10:47,M-019,Moteur électrique 400kW,M-019-SEN-03,thermique,thermique,°C,45.9417,6.88,91.87,normal,99.4,94.3,5000,GW-OPCUA-02,1.9
2026-04-14 07:10:14,M-019,Moteur électrique 400kW,M-019-SEN-04,sonde_proximite,sonde_proximite,microns,63.6661,9.18,122.69,normal,99.2,96.3,256,GW-MQTT-01,1.5
2026-04-14 07:10:09,M-019,Moteur électrique 400kW,M-019-SEN-05,ultrason,ultrason,dB,42.7787,6.43,85.79,normal,99.0,97.6,512,GW-MQTT-01,1.1
2026-04-14 07:10:53,M-019,Moteur électrique 400kW,M-019-SEN-06,courant,courant,A,144.1564,18.36,244.94,normal,99.6,94.1,2000,GW-MQTT-01,1.0
2026-04-14 07:10:05,M-019,Moteur électrique 400kW,M-019-SEN-07,debit,debit,m3/h,84.8384,13.01,173.44,normal,99.4,95.8,1000,GW-OPCUA-02,0.9
2026-04-14 07:10:58,M-019,Moteur électrique 400kW,M-019-SEN-08,pression,pression,bar,6.3938,0.99,13.27,normal,99.3,96.8,2000,GW-OPCUA-02,1.2
2026-04-14 07:10:46,R-077,Réducteur convoyeur,R-077-SEN-01,accelerometre,accelerometre,mm/s,3.5001,0.49,6.53,normal,99.0,100.4,256,GW-MQTT-01,1.3
2026-04-14 07:10:55,R-077,Réducteur convoyeur,R-077-SEN-02,accelerometre,accelerometre,g,0.5594,0.1,1.4,normal,99.0,98.0,512,GW-Modbus-03,1.8
2026-04-14 07:10:55,R-077,Réducteur convoyeur,R-077-SEN-03,thermique,thermique,°C,56.2187,7.83,104.48,normal,99.6,97.8,256,GW-OPCUA-02,0.9
2026-04-14 07:10:55,R-077,Réducteur convoyeur,R-077-SEN-04,sonde_proximite,sonde_proximite,microns,92.4283,10.44,139.52,normal,99.5,100.8,512,GW-MQTT-01,2.0
2026-04-14 07:10:16,R-077,Réducteur convoyeur,R-077-SEN-05,ultrason,ultrason,dB,48.5089,7.31,97.57,normal,99.6,99.5,512,GW-OPCUA-02,0.4
2026-04-14 07:10:47,R-077,Réducteur convoyeur,R-077-SEN-06,courant,courant,A,149.1556,20.88,278.56,normal,99.0,97.1,2000,GW-OPCUA-02,0.5
2026-04-14 07:10:46,R-077,Réducteur convoyeur,R-077-SEN-07,debit,debit,m3/h,100.463,14.79,197.25,normal,99.1,97.2,128,GW-Modbus-03,1.6
2026-04-14 07:10:00,R-077,Réducteur convoyeur,R-077-SEN-08,pression,pression,bar,8.0117,1.13,15.1,normal,99.1,97.6,512,GW-MQTT-01,1.3
2026-04-14 07:10:54,P-311,Pompe centrifuge BP,P-311-SEN-01,accelerometre,accelerometre,mm/s,3.6887,0.55,7.32,normal,99.2,95.3,256,GW-MQTT-01,1.4
2026-04-14 07:10:30,P-311,Pompe centrifuge BP,P-311-SEN-02,accelerometre,accelerometre,g,0.8388,0.12,1.57,normal,99.5,99.0,128,GW-OPCUA-02,1.0
2026-04-14 07:10:13,P-311,Pompe centrifuge BP,P-311-SEN-03,thermique,thermique,°C,57.5706,8.78,117.09,normal,99.2,96.0,2000,GW-Modbus-03,0.9
2026-04-14 07:10:01,P-311,Pompe centrifuge BP,P-311-SEN-04,sonde_proximite,sonde_proximite,microns,77.1454,11.7,156.36,normal,99.3,97.9,512,GW-Modbus-03,1.3
2026-04-14 07:10:04,P-311,Pompe centrifuge BP,P-311-SEN-05,ultrason,ultrason,dB,54.47,8.19,109.35,normal,99.3,99.4,2000,GW-Modbus-03,1.2
2026-04-14 07:10:11,P-311,Pompe centrifuge BP,P-311-SEN-06,courant,courant,A,170.6286,23.4,312.18,normal,99.1,99.5,256,GW-Modbus-03,0.9
2026-04-14 07:10:00,P-311,Pompe centrifuge BP,P-311-SEN-07,debit,debit,m3/h,118.6839,16.57,221.05,normal,99.6,97.2,128,GW-OPCUA-02,1.7
2026-04-14 07:10:57,P-311,Pompe centrifuge BP,P-311-SEN-08,pression,pression,bar,8.7795,1.27,16.92,normal,99.1,94.3,5000,GW-MQTT-01,1.7
2026-04-14 08:33:08,P-204,Pompe centrifuge HP,P-204-SEN-01,accelerometre,accelerometre,mm/s,1.5205,0.25,3.38,normal,99.4,101.0,5000,GW-MQTT-01,1.2
2026-04-14 08:33:36,P-204,Pompe centrifuge HP,P-204-SEN-02,accelerometre,accelerometre,g,0.4225,0.05,0.72,normal,98.9,96.1,128,GW-Modbus-03,1.1
2026-04-14 08:33:47,P-204,Pompe centrifuge HP,P-204-SEN-03,thermique,thermique,°C,24.067,4.05,54.05,normal,98.9,98.1,5000,GW-MQTT-01,1.7
2026-04-14 08:33:56,P-204,Pompe centrifuge HP,P-204-SEN-04,sonde_proximite,sonde_proximite,microns,30.3418,5.4,72.19,normal,99.4,92.6,512,GW-Modbus-03,1.3
2026-04-14 08:33:54,P-204,Pompe centrifuge HP,P-204-SEN-05,ultrason,ultrason,dB,31.7324,3.78,50.48,normal,99.2,96.4,2000,GW-OPCUA-02,1.1
2026-04-14 08:33:30,P-204,Pompe centrifuge HP,P-204-SEN-06,courant,courant,A,72.5477,10.8,144.1,normal,99.4,97.8,5000,GW-OPCUA-02,1.6
2026-04-14 08:33:14,P-204,Pompe centrifuge HP,P-204-SEN-07,debit,debit,m3/h,51.9677,7.65,102.03,normal,99.0,92.1,5000,GW-Modbus-03,1.0
2026-04-14 08:33:41,P-204,Pompe centrifuge HP,P-204-SEN-08,pression,pression,bar,4.1554,0.58,7.81,normal,99.1,96.2,2000,GW-OPCUA-02,0.7
2026-04-14 08:33:28,C-118,Compresseur à vis,C-118-SEN-01,accelerometre,accelerometre,mm/s,1.888,0.31,4.17,normal,99.4,94.7,2000,GW-OPCUA-02,1.6
2026-04-14 08:33:47,C-118,Compresseur à vis,C-118-SEN-02,accelerometre,accelerometre,g,0.4207,0.07,0.89,normal,99.1,93.8,2000,GW-Modbus-03,1.7
2026-04-14 08:33:10,C-118,Compresseur à vis,C-118-SEN-03,thermique,thermique,°C,33.7063,4.99,66.66,normal,99.3,93.2,5000,GW-MQTT-01,1.5
2026-04-14 08:33:46,C-118,Compresseur à vis,C-118-SEN-04,sonde_proximite,sonde_proximite,microns,34.3599,6.66,89.04,normal,99.5,99.3,2000,GW-OPCUA-02,1.4
2026-04-14 08:33:20,C-118,Compresseur à vis,C-118-SEN-05,ultrason,ultrason,dB,33.2842,4.66,62.25,normal,99.0,96.1,1000,GW-Modbus-03,1.7
2026-04-14 08:33:47,C-118,Compresseur à vis,C-118-SEN-06,courant,courant,A,87.8463,13.32,177.72,normal,99.2,96.9,128,GW-OPCUA-02,1.4
2026-04-14 08:33:11,C-118,Compresseur à vis,C-118-SEN-07,debit,debit,m3/h,62.3895,9.43,125.84,normal,99.5,94.8,1000,GW-MQTT-01,1.0
2026-04-14 08:33:40,C-118,Compresseur à vis,C-118-SEN-08,pression,pression,bar,5.1703,0.72,9.63,normal,99.2,96.8,1000,GW-MQTT-01,1.4
2026-04-14 08:33:34,V-302,Ventilateur tirage,V-302-SEN-01,accelerometre,accelerometre,mm/s,2.5895,0.37,4.96,normal,99.1,95.8,512,GW-OPCUA-02,1.2
2026-04-14 08:33:58,V-302,Ventilateur tirage,V-302-SEN-02,accelerometre,accelerometre,g,0.5626,0.08,1.06,normal,99.1,95.3,1000,GW-MQTT-01,0.9
2026-04-14 08:33:04,V-302,Ventilateur tirage,V-302-SEN-03,thermique,thermique,°C,41.2747,5.94,79.27,normal,99.3,95.1,1000,GW-MQTT-01,0.9
2026-04-14 08:33:36,V-302,Ventilateur tirage,V-302-SEN-04,sonde_proximite,sonde_proximite,microns,46.7406,7.92,105.88,normal,99.2,95.8,256,GW-OPCUA-02,1.6
2026-04-14 08:33:51,V-302,Ventilateur tirage,V-302-SEN-05,ultrason,ultrason,dB,30.0654,5.54,74.03,normal,99.3,92.7,128,GW-OPCUA-02,0.8
2026-04-14 08:33:46,V-302,Ventilateur tirage,V-302-SEN-06,courant,courant,A,114.4188,15.84,211.34,normal,99.5,96.3,5000,GW-MQTT-01,1.5
2026-04-14 08:33:03,V-302,Ventilateur tirage,V-302-SEN-07,debit,debit,m3/h,74.0679,11.22,149.64,normal,98.8,94.9,2000,GW-MQTT-01,1.3
2026-04-14 08:33:27,V-302,Ventilateur tirage,V-302-SEN-08,pression,pression,bar,5.824,0.86,11.45,normal,98.8,95.7,128,GW-MQTT-01,0.9
2026-04-14 08:33:45,M-019,Moteur électrique 400kW,M-019-SEN-01,accelerometre,accelerometre,mm/s,2.7797,0.43,5.74,normal,98.8,97.2,1000,GW-OPCUA-02,1.0
2026-04-14 08:33:07,M-019,Moteur électrique 400kW,M-019-SEN-02,accelerometre,accelerometre,g,0.5018,0.09,1.23,normal,99.2,97.9,2000,GW-MQTT-01,1.1
2026-04-14 08:33:57,M-019,Moteur électrique 400kW,M-019-SEN-03,thermique,thermique,°C,43.7576,6.88,91.88,normal,99.1,97.3,512,GW-OPCUA-02,1.8
2026-04-14 08:33:06,M-019,Moteur électrique 400kW,M-019-SEN-04,sonde_proximite,sonde_proximite,microns,36.3304,9.18,122.73,normal,98.9,95.0,512,GW-MQTT-01,1.5
2026-04-14 08:33:24,M-019,Moteur électrique 400kW,M-019-SEN-05,ultrason,ultrason,dB,44.9566,6.43,85.81,normal,99.1,97.5,1000,GW-OPCUA-02,1.0
2026-04-14 08:33:00,M-019,Moteur électrique 400kW,M-019-SEN-06,courant,courant,A,115.1862,18.36,244.96,normal,98.9,97.4,512,GW-Modbus-03,0.9
2026-04-14 08:33:50,M-019,Moteur électrique 400kW,M-019-SEN-07,debit,debit,m3/h,90.1602,13.01,173.45,normal,98.9,97.9,512,GW-MQTT-01,0.8
2026-04-14 08:33:57,M-019,Moteur électrique 400kW,M-019-SEN-08,pression,pression,bar,6.6013,0.99,13.28,normal,99.4,95.0,5000,GW-Modbus-03,1.3
2026-04-14 08:33:09,R-077,Réducteur convoyeur,R-077-SEN-01,accelerometre,accelerometre,mm/s,3.5728,0.49,6.53,normal,99.0,99.0,256,GW-OPCUA-02,0.8
2026-04-14 08:33:57,R-077,Réducteur convoyeur,R-077-SEN-02,accelerometre,accelerometre,g,0.7393,0.1,1.4,normal,99.3,97.0,256,GW-OPCUA-02,1.0
2026-04-14 08:33:25,R-077,Réducteur convoyeur,R-077-SEN-03,thermique,thermique,°C,54.349,7.83,104.49,normal,99.3,98.1,5000,GW-OPCUA-02,1.9
2026-04-14 08:33:07,R-077,Réducteur convoyeur,R-077-SEN-04,sonde_proximite,sonde_proximite,microns,79.2812,10.44,139.57,normal,99.4,98.1,128,GW-OPCUA-02,1.0
2026-04-14 08:33:10,R-077,Réducteur convoyeur,R-077-SEN-05,ultrason,ultrason,dB,50.5637,7.31,97.59,normal,99.1,97.9,512,GW-OPCUA-02,0.7
2026-04-14 08:33:15,R-077,Réducteur convoyeur,R-077-SEN-06,courant,courant,A,149.3254,20.88,278.59,normal,99.2,99.9,256,GW-Modbus-03,0.7
2026-04-14 08:33:45,R-077,Réducteur convoyeur,R-077-SEN-07,debit,debit,m3/h,99.9157,14.79,197.26,normal,98.8,98.7,512,GW-Modbus-03,1.3
2026-04-14 08:33:05,R-077,Réducteur convoyeur,R-077-SEN-08,pression,pression,bar,7.3792,1.13,15.1,normal,99.3,99.2,512,GW-OPCUA-02,0.3
2026-04-14 08:33:57,P-311,Pompe centrifuge BP,P-311-SEN-01,accelerometre,accelerometre,mm/s,3.6452,0.55,7.32,normal,99.1,97.1,512,GW-OPCUA-02,1.1
2026-04-14 08:33:04,P-311,Pompe centrifuge BP,P-311-SEN-02,accelerometre,accelerometre,g,0.7489,0.12,1.57,normal,99.3,96.1,5000,GW-Modbus-03,1.9
2026-04-14 08:33:59,P-311,Pompe centrifuge BP,P-311-SEN-03,thermique,thermique,°C,55.3011,8.78,117.1,normal,99.5,95.6,5000,GW-MQTT-01,1.4
2026-04-14 08:33:02,P-311,Pompe centrifuge BP,P-311-SEN-04,sonde_proximite,sonde_proximite,microns,81.3551,11.7,156.42,normal,98.9,96.3,1000,GW-MQTT-01,0.8
2026-04-14 08:33:38,P-311,Pompe centrifuge BP,P-311-SEN-05,ultrason,ultrason,dB,51.911,8.19,109.37,normal,99.6,96.8,256,GW-OPCUA-02,1.5
2026-04-14 08:33:58,P-311,Pompe centrifuge BP,P-311-SEN-06,courant,courant,A,159.3041,23.4,312.21,normal,99.1,98.8,5000,GW-MQTT-01,0.9
2026-04-14 08:33:47,P-311,Pompe centrifuge BP,P-311-SEN-07,debit,debit,m3/h,121.1051,16.57,221.06,normal,99.1,103.1,5000,GW-OPCUA-02,1.4
2026-04-14 08:33:50,P-311,Pompe centrifuge BP,P-311-SEN-08,pression,pression,bar,8.82,1.27,16.92,normal,99.0,95.8,512,GW-Modbus-03,1.1
2026-04-14 09:53:53,P-204,Pompe centrifuge HP,P-204-SEN-01,accelerometre,accelerometre,mm/s,1.5258,0.25,3.38,normal,99.0,93.3,128,GW-Modbus-03,1.6
2026-04-14 09:53:26,P-204,Pompe centrifuge HP,P-204-SEN-02,accelerometre,accelerometre,g,0.4413,0.05,0.72,normal,98.9,97.0,128,GW-MQTT-01,1.0
2026-04-14 09:53:22,P-204,Pompe centrifuge HP,P-204-SEN-03,thermique,thermique,°C,28.7136,4.05,54.05,normal,98.8,94.9,512,GW-Modbus-03,1.2
2026-04-14 09:53:09,P-204,Pompe centrifuge HP,P-204-SEN-04,sonde_proximite,sonde_proximite,microns,32.8407,5.4,72.22,normal,98.8,97.4,2000,GW-Modbus-03,1.7
2026-04-14 09:53:00,P-204,Pompe centrifuge HP,P-204-SEN-05,ultrason,ultrason,dB,27.7088,3.78,50.49,normal,99.1,96.5,512,GW-Modbus-03,1.5
2026-04-14 09:53:40,P-204,Pompe centrifuge HP,P-204-SEN-06,courant,courant,A,59.4692,10.8,144.11,normal,99.0,93.8,1000,GW-MQTT-01,0.9
2026-04-14 09:53:52,P-204,Pompe centrifuge HP,P-204-SEN-07,debit,debit,m3/h,53.5543,7.65,102.03,normal,98.7,96.6,128,GW-Modbus-03,0.3
2026-04-14 09:53:14,P-204,Pompe centrifuge HP,P-204-SEN-08,pression,pression,bar,4.0583,0.58,7.81,normal,99.2,96.5,5000,GW-MQTT-01,1.6
2026-04-14 09:53:15,C-118,Compresseur à vis,C-118-SEN-01,accelerometre,accelerometre,mm/s,1.9941,0.31,4.17,normal,98.8,96.1,512,GW-Modbus-03,1.4
2026-04-14 09:53:10,C-118,Compresseur à vis,C-118-SEN-02,accelerometre,accelerometre,g,0.4394,0.07,0.89,normal,99.3,93.6,512,GW-Modbus-03,1.0
2026-04-14 09:53:06,C-118,Compresseur à vis,C-118-SEN-03,thermique,thermique,°C,31.156,4.99,66.67,normal,99.4,98.1,512,GW-OPCUA-02,0.7
2026-04-14 09:53:43,C-118,Compresseur à vis,C-118-SEN-04,sonde_proximite,sonde_proximite,microns,40.7896,6.66,89.07,normal,99.5,96.6,5000,GW-MQTT-01,0.5
2026-04-14 09:53:15,C-118,Compresseur à vis,C-118-SEN-05,ultrason,ultrason,dB,32.8415,4.66,62.27,normal,98.7,93.5,512,GW-MQTT-01,1.1
2026-04-14 09:53:15,C-118,Compresseur à vis,C-118-SEN-06,courant,courant,A,76.7777,13.32,177.73,normal,99.4,97.8,1000,GW-OPCUA-02,1.4
2026-04-14 09:53:48,C-118,Compresseur à vis,C-118-SEN-07,debit,debit,m3/h,55.2531,9.43,125.84,normal,99.4,101.5,256,GW-OPCUA-02,1.0
2026-04-14 09:53:15,C-118,Compresseur à vis,C-118-SEN-08,pression,pression,bar,4.9744,0.72,9.63,normal,99.1,97.8,2000,GW-OPCUA-02,1.2
2026-04-14 09:53:41,V-302,Ventilateur tirage,V-302-SEN-01,accelerometre,accelerometre,mm/s,2.181,0.37,4.96,normal,99.2,97.4,5000,GW-OPCUA-02,1.1
2026-04-14 09:53:37,V-302,Ventilateur tirage,V-302-SEN-02,accelerometre,accelerometre,g,0.5726,0.08,1.06,normal,98.7,100.9,2000,GW-OPCUA-02,1.5
2026-04-14 09:53:07,V-302,Ventilateur tirage,V-302-SEN-03,thermique,thermique,°C,38.1768,5.94,79.28,normal,99.0,96.4,5000,GW-OPCUA-02,1.9
2026-04-14 09:53:59,V-302,Ventilateur tirage,V-302-SEN-04,sonde_proximite,sonde_proximite,microns,40.811,7.92,105.92,normal,99.3,98.7,1000,GW-OPCUA-02,0.9
2026-04-14 09:53:00,V-302,Ventilateur tirage,V-302-SEN-05,ultrason,ultrason,dB,38.0091,5.54,74.05,normal,99.0,96.7,2000,GW-Modbus-03,1.3
2026-04-14 09:53:55,V-302,Ventilateur tirage,V-302-SEN-06,courant,courant,A,112.5761,15.84,211.36,normal,99.2,95.6,2000,GW-MQTT-01,0.2
2026-04-14 09:53:05,V-302,Ventilateur tirage,V-302-SEN-07,debit,debit,m3/h,71.5895,11.22,149.65,normal,99.2,95.9,2000,GW-OPCUA-02,0.9
2026-04-14 09:53:46,V-302,Ventilateur tirage,V-302-SEN-08,pression,pression,bar,6.2213,0.86,11.46,normal,99.0,95.7,2000,GW-OPCUA-02,1.1
2026-04-14 09:53:02,M-019,Moteur électrique 400kW,M-019-SEN-01,accelerometre,accelerometre,mm/s,2.9678,0.43,5.75,normal,99.1,97.2,2000,GW-Modbus-03,1.5
2026-04-14 09:53:04,M-019,Moteur électrique 400kW,M-019-SEN-02,accelerometre,accelerometre,g,0.6876,0.09,1.23,normal,99.3,94.6,2000,GW-Modbus-03,1.4
2026-04-14 09:53:58,M-019,Moteur électrique 400kW,M-019-SEN-03,thermique,thermique,°C,42.5096,6.88,91.89,normal,99.2,96.6,512,GW-OPCUA-02,1.6
2026-04-14 09:53:50,M-019,Moteur électrique 400kW,M-019-SEN-04,sonde_proximite,sonde_proximite,microns,59.9476,9.18,122.77,normal,99.3,98.5,128,GW-MQTT-01,1.3
2026-04-14 09:53:36,M-019,Moteur électrique 400kW,M-019-SEN-05,ultrason,ultrason,dB,39.7087,6.43,85.83,normal,99.5,99.1,512,GW-OPCUA-02,1.0
2026-04-14 09:53:50,M-019,Moteur électrique 400kW,M-019-SEN-06,courant,courant,A,113.2073,18.36,244.98,normal,99.0,98.6,256,GW-OPCUA-02,1.9
2026-04-14 09:53:02,M-019,Moteur électrique 400kW,M-019-SEN-07,debit,debit,m3/h,90.9642,13.01,173.46,normal,99.5,91.0,1000,GW-MQTT-01,1.0
2026-04-14 09:53:04,M-019,Moteur électrique 400kW,M-019-SEN-08,pression,pression,bar,6.61,0.99,13.28,normal,99.4,97.5,5000,GW-MQTT-01,1.0
2026-04-14 09:53:32,R-077,Réducteur convoyeur,R-077-SEN-01,accelerometre,accelerometre,mm/s,3.3363,0.49,6.54,normal,99.2,98.1,512,GW-Modbus-03,1.6
2026-04-14 09:53:17,R-077,Réducteur convoyeur,R-077-SEN-02,accelerometre,accelerometre,g,0.6703,0.1,1.4,normal,99.1,97.1,128,GW-OPCUA-02,1.0
2026-04-14 09:53:08,R-077,Réducteur convoyeur,R-077-SEN-03,thermique,thermique,°C,54.1038,7.83,104.5,normal,99.3,95.2,5000,GW-OPCUA-02,1.5
2026-04-14 09:53:39,R-077,Réducteur convoyeur,R-077-SEN-04,sonde_proximite,sonde_proximite,microns,55.9688,10.44,139.62,normal,99.4,99.1,256,GW-OPCUA-02,0.9
2026-04-14 09:53:33,R-077,Réducteur convoyeur,R-077-SEN-05,ultrason,ultrason,dB,50.2033,7.31,97.61,normal,99.5,96.7,256,GW-MQTT-01,1.5
2026-04-14 09:53:24,R-077,Réducteur convoyeur,R-077-SEN-06,courant,courant,A,135.7862,20.88,278.61,normal,99.4,98.9,256,GW-Modbus-03,1.9
2026-04-14 09:53:37,R-077,Réducteur convoyeur,R-077-SEN-07,debit,debit,m3/h,96.4275,14.79,197.26,normal,99.4,97.4,2000,GW-MQTT-01,1.2
2026-04-14 09:53:12,R-077,Réducteur convoyeur,R-077-SEN-08,pression,pression,bar,6.8143,1.13,15.1,normal,99.5,97.3,128,GW-OPCUA-02,0.9
2026-04-14 09:53:31,P-311,Pompe centrifuge BP,P-311-SEN-01,accelerometre,accelerometre,mm/s,3.6721,0.55,7.33,normal,99.4,97.1,2000,GW-MQTT-01,1.2
2026-04-14 09:53:47,P-311,Pompe centrifuge BP,P-311-SEN-02,accelerometre,accelerometre,g,0.7927,0.12,1.57,normal,98.8,95.0,2000,GW-OPCUA-02,1.0
2026-04-14 09:53:04,P-311,Pompe centrifuge BP,P-311-SEN-03,thermique,thermique,°C,61.0338,8.78,117.12,normal,99.5,99.2,1000,GW-MQTT-01,1.2
2026-04-14 09:53:43,P-311,Pompe centrifuge BP,P-311-SEN-04,sonde_proximite,sonde_proximite,microns,67.9432,11.7,156.47,normal,99.5,96.6,128,GW-Modbus-03,1.2
2026-04-14 09:53:12,P-311,Pompe centrifuge BP,P-311-SEN-05,ultrason,ultrason,dB,60.2006,8.19,109.39,normal,99.2,100.0,512,GW-Modbus-03,1.5
2026-04-14 09:53:12,P-311,Pompe centrifuge BP,P-311-SEN-06,courant,courant,A,158.7283,23.4,312.23,normal,98.9,97.9,128,GW-Modbus-03,1.1
2026-04-14 09:53:04,P-311,Pompe centrifuge BP,P-311-SEN-07,debit,debit,m3/h,109.6806,16.57,221.07,normal,99.2,97.8,2000,GW-OPCUA-02,0.2
2026-04-14 09:53:59,P-311,Pompe centrifuge BP,P-311-SEN-08,pression,pression,bar,8.2985,1.27,16.92,normal,98.9,92.8,2000,GW-OPCUA-02,0.9
2026-04-14 10:48:09,P-204,Pompe centrifuge HP,P-204-SEN-01,accelerometre,accelerometre,mm/s,1.795,0.25,3.38,normal,99.4,98.9,1000,GW-OPCUA-02,1.5
2026-04-14 10:48:19,P-204,Pompe centrifuge HP,P-204-SEN-02,accelerometre,accelerometre,g,0.5039,0.05,0.72,normal,99.0,93.4,128,GW-OPCUA-02,1.4
2026-04-14 10:48:21,P-204,Pompe centrifuge HP,P-204-SEN-03,thermique,thermique,°C,25.4014,4.05,54.06,normal,98.6,92.4,128,GW-MQTT-01,2.2
2026-04-14 10:48:06,P-204,Pompe centrifuge HP,P-204-SEN-04,sonde_proximite,sonde_proximite,microns,42.5456,5.4,72.24,normal,98.8,97.1,512,GW-OPCUA-02,1.6
2026-04-14 10:48:46,P-204,Pompe centrifuge HP,P-204-SEN-05,ultrason,ultrason,dB,29.193,3.78,50.5,normal,99.0,95.3,1000,GW-OPCUA-02,1.0
2026-04-14 10:48:40,P-204,Pompe centrifuge HP,P-204-SEN-06,courant,courant,A,69.9015,10.8,144.12,normal,98.7,97.2,512,GW-MQTT-01,1.3
2026-04-14 10:48:48,P-204,Pompe centrifuge HP,P-204-SEN-07,debit,debit,m3/h,54.4966,7.65,102.04,normal,98.9,96.6,1000,GW-MQTT-01,1.4
2026-04-14 10:48:41,P-204,Pompe centrifuge HP,P-204-SEN-08,pression,pression,bar,4.3909,0.58,7.81,normal,99.3,94.8,128,GW-Modbus-03,1.2
2026-04-14 10:48:42,C-118,Compresseur à vis,C-118-SEN-01,accelerometre,accelerometre,mm/s,2.2176,0.31,4.17,normal,98.7,95.0,512,GW-OPCUA-02,1.2
2026-04-14 10:48:37,C-118,Compresseur à vis,C-118-SEN-02,accelerometre,accelerometre,g,0.5562,0.07,0.89,normal,98.7,96.6,1000,GW-MQTT-01,1.3
2026-04-14 10:48:54,C-118,Compresseur à vis,C-118-SEN-03,thermique,thermique,°C,34.7346,4.99,66.67,normal,99.2,95.8,128,GW-OPCUA-02,0.6
2026-04-14 10:48:55,C-118,Compresseur à vis,C-118-SEN-04,sonde_proximite,sonde_proximite,microns,45.4185,6.66,89.1,normal,99.4,93.8,5000,GW-Modbus-03,1.6
2026-04-14 10:48:31,C-118,Compresseur à vis,C-118-SEN-05,ultrason,ultrason,dB,24.7261,4.66,62.28,normal,99.0,91.6,512,GW-MQTT-01,0.9
2026-04-14 10:48:06,C-118,Compresseur à vis,C-118-SEN-06,courant,courant,A,87.4791,13.32,177.75,normal,99.1,97.4,1000,GW-MQTT-01,1.4
2026-04-14 10:48:33,C-118,Compresseur à vis,C-118-SEN-07,debit,debit,m3/h,52.535,9.43,125.84,normal,98.6,95.9,128,GW-OPCUA-02,1.0
2026-04-14 10:48:41,C-118,Compresseur à vis,C-118-SEN-08,pression,pression,bar,5.3218,0.72,9.63,normal,99.4,96.5,512,GW-Modbus-03,0.4
2026-04-14 10:48:23,V-302,Ventilateur tirage,V-302-SEN-01,accelerometre,accelerometre,mm/s,2.4034,0.37,4.96,normal,98.9,99.8,5000,GW-MQTT-01,1.2
2026-04-14 10:48:09,V-302,Ventilateur tirage,V-302-SEN-02,accelerometre,accelerometre,g,0.5198,0.08,1.06,normal,98.9,94.4,128,GW-Modbus-03,0.8
2026-04-14 10:48:05,V-302,Ventilateur tirage,V-302-SEN-03,thermique,thermique,°C,41.1435,5.94,79.29,normal,99.2,99.2,5000,GW-MQTT-01,0.3
2026-04-14 10:48:45,V-302,Ventilateur tirage,V-302-SEN-04,sonde_proximite,sonde_proximite,microns,46.5849,7.92,105.95,normal,98.9,99.6,256,GW-MQTT-01,1.4
2026-04-14 10:48:46,V-302,Ventilateur tirage,V-302-SEN-05,ultrason,ultrason,dB,38.2082,5.54,74.06,normal,99.2,100.9,256,GW-Modbus-03,1.3
2026-04-14 10:48:36,V-302,Ventilateur tirage,V-302-SEN-06,courant,courant,A,108.4169,15.84,211.38,normal,99.0,96.6,2000,GW-MQTT-01,1.6
2026-04-14 10:48:45,V-302,Ventilateur tirage,V-302-SEN-07,debit,debit,m3/h,71.5255,11.22,149.65,normal,99.4,95.5,2000,GW-Modbus-03,1.6
2026-04-14 10:48:31,V-302,Ventilateur tirage,V-302-SEN-08,pression,pression,bar,6.0742,0.86,11.46,normal,99.3,96.6,512,GW-MQTT-01,1.3
2026-04-14 10:48:00,M-019,Moteur électrique 400kW,M-019-SEN-01,accelerometre,accelerometre,mm/s,3.2713,0.43,5.75,normal,98.6,95.7,2000,GW-OPCUA-02,1.8
2026-04-14 10:48:05,M-019,Moteur électrique 400kW,M-019-SEN-02,accelerometre,accelerometre,g,0.6564,0.09,1.23,normal,99.1,99.9,1000,GW-OPCUA-02,1.1
2026-04-14 10:48:21,M-019,Moteur électrique 400kW,M-019-SEN-03,thermique,thermique,°C,42.0281,6.88,91.9,normal,99.5,96.7,512,GW-Modbus-03,1.0
2026-04-14 10:48:18,M-019,Moteur électrique 400kW,M-019-SEN-04,sonde_proximite,sonde_proximite,microns,75.2147,9.18,122.81,normal,98.5,97.7,512,GW-OPCUA-02,0.9
2026-04-14 10:48:46,M-019,Moteur électrique 400kW,M-019-SEN-05,ultrason,ultrason,dB,42.0218,6.43,85.84,normal,99.2,96.9,512,GW-MQTT-01,1.4
2026-04-14 10:48:40,M-019,Moteur électrique 400kW,M-019-SEN-06,courant,courant,A,123.4586,18.36,245.0,normal,99.3,98.7,512,GW-MQTT-01,1.0
2026-04-14 10:48:10,M-019,Moteur électrique 400kW,M-019-SEN-07,debit,debit,m3/h,84.8401,13.01,173.46,normal,99.3,100.6,128,GW-OPCUA-02,1.5
2026-04-14 10:48:01,M-019,Moteur électrique 400kW,M-019-SEN-08,pression,pression,bar,6.3458,0.99,13.28,normal,98.7,96.7,1000,GW-Modbus-03,1.6
2026-04-14 10:48:27,R-077,Réducteur convoyeur,R-077-SEN-01,accelerometre,accelerometre,mm/s,3.2193,0.49,6.54,normal,98.6,93.5,512,GW-MQTT-01,0.9
2026-04-14 10:48:23,R-077,Réducteur convoyeur,R-077-SEN-02,accelerometre,accelerometre,g,0.8471,0.1,1.4,normal,99.1,96.8,2000,GW-OPCUA-02,1.6
2026-04-14 10:48:49,R-077,Réducteur convoyeur,R-077-SEN-03,thermique,thermique,°C,53.5114,7.83,104.52,normal,99.5,98.0,512,GW-MQTT-01,0.7
2026-04-14 10:48:44,R-077,Réducteur convoyeur,R-077-SEN-04,sonde_proximite,sonde_proximite,microns,67.8895,10.44,139.66,normal,99.3,98.1,1000,GW-OPCUA-02,0.8
2026-04-14 10:48:32,R-077,Réducteur convoyeur,R-077-SEN-05,ultrason,ultrason,dB,49.7758,7.31,97.63,normal,98.8,95.8,512,GW-OPCUA-02,1.3
2026-04-14 10:48:48,R-077,Réducteur convoyeur,R-077-SEN-06,courant,courant,A,126.912,20.88,278.63,normal,99.5,100.0,5000,GW-MQTT-01,0.8
2026-04-14 10:48:07,R-077,Réducteur convoyeur,R-077-SEN-07,debit,debit,m3/h,99.3911,14.79,197.27,normal,99.4,99.8,2000,GW-MQTT-01,1.3
2026-04-14 10:48:36,R-077,Réducteur convoyeur,R-077-SEN-08,pression,pression,bar,7.0555,1.13,15.1,normal,99.0,98.1,512,GW-OPCUA-02,0.5
2026-04-14 10:48:18,P-311,Pompe centrifuge BP,P-311-SEN-01,accelerometre,accelerometre,mm/s,3.2976,0.55,7.33,normal,99.0,95.5,5000,GW-OPCUA-02,1.6
2026-04-14 10:48:28,P-311,Pompe centrifuge BP,P-311-SEN-02,accelerometre,accelerometre,g,0.8188,0.12,1.57,normal,99.1,99.1,256,GW-Modbus-03,1.5
2026-04-14 10:48:06,P-311,Pompe centrifuge BP,P-311-SEN-03,thermique,thermique,°C,57.6224,8.78,117.13,normal,99.4,98.7,5000,GW-Modbus-03,1.3
2026-04-14 10:48:00,P-311,Pompe centrifuge BP,P-311-SEN-04,sonde_proximite,sonde_proximite,microns,77.9425,11.7,156.52,normal,98.6,96.3,5000,GW-Modbus-03,1.6
2026-04-14 10:48:15,P-311,Pompe centrifuge BP,P-311-SEN-05,ultrason,ultrason,dB,55.3971,8.19,109.41,normal,99.2,96.1,128,GW-OPCUA-02,1.9
2026-04-14 10:48:11,P-311,Pompe centrifuge BP,P-311-SEN-06,courant,courant,A,154.9099,23.4,312.26,normal,98.9,97.7,128,GW-Modbus-03,1.1
2026-04-14 10:48:12,P-311,Pompe centrifuge BP,P-311-SEN-07,debit,debit,m3/h,110.6878,16.57,221.08,normal,98.5,94.8,256,GW-OPCUA-02,1.9
2026-04-14 10:48:04,P-311,Pompe centrifuge BP,P-311-SEN-08,pression,pression,bar,8.0648,1.27,16.93,normal,99.0,97.2,5000,GW-MQTT-01,0.9
2026-04-14 11:35:40,P-204,Pompe centrifuge HP,P-204-SEN-01,accelerometre,accelerometre,mm/s,1.3745,0.25,3.39,normal,99.4,95.8,5000,GW-Modbus-03,1.7
2026-04-14 11:35:50,P-204,Pompe centrifuge HP,P-204-SEN-02,accelerometre,accelerometre,g,0.2784,0.05,0.73,normal,99.1,98.4,128,GW-MQTT-01,1.4
2026-04-14 11:35:40,P-204,Pompe centrifuge HP,P-204-SEN-03,thermique,thermique,°C,26.2496,4.05,54.07,normal,99.3,97.6,2000,GW-Modbus-03,1.3
2026-04-14 11:35:29,P-204,Pompe centrifuge HP,P-204-SEN-04,sonde_proximite,sonde_proximite,microns,31.362,5.4,72.26,normal,99.1,92.6,1000,GW-Modbus-03,1.0
2026-04-14 11:35:21,P-204,Pompe centrifuge HP,P-204-SEN-05,ultrason,ultrason,dB,24.2335,3.78,50.51,normal,99.1,98.0,1000,GW-MQTT-01,1.7
2026-04-14 11:35:21,P-204,Pompe centrifuge HP,P-204-SEN-06,courant,courant,A,82.8138,10.8,144.13,normal,98.4,96.7,2000,GW-Modbus-03,1.0
2026-04-14 11:35:24,P-204,Pompe centrifuge HP,P-204-SEN-07,debit,debit,m3/h,52.1634,7.65,102.04,normal,98.9,96.3,5000,GW-OPCUA-02,1.5
2026-04-14 11:35:27,P-204,Pompe centrifuge HP,P-204-SEN-08,pression,pression,bar,3.243,0.58,7.81,normal,98.7,99.2,2000,GW-MQTT-01,0.6
2026-04-14 11:35:52,C-118,Compresseur à vis,C-118-SEN-01,accelerometre,accelerometre,mm/s,1.6585,0.31,4.18,normal,99.1,100.3,512,GW-MQTT-01,1.1
2026-04-14 11:35:52,C-118,Compresseur à vis,C-118-SEN-02,accelerometre,accelerometre,g,0.3608,0.07,0.89,normal,99.4,95.3,512,GW-Modbus-03,0.7
2026-04-14 11:35:07,C-118,Compresseur à vis,C-118-SEN-03,thermique,thermique,°C,30.9372,4.99,66.68,normal,98.5,94.5,512,GW-OPCUA-02,1.7
2026-04-14 11:35:36,C-118,Compresseur à vis,C-118-SEN-04,sonde_proximite,sonde_proximite,microns,50.6583,6.66,89.13,normal,98.5,99.8,256,GW-Modbus-03,1.4
2026-04-14 11:35:52,C-118,Compresseur à vis,C-118-SEN-05,ultrason,ultrason,dB,39.9914,4.66,62.29,normal,99.3,96.7,256,GW-Modbus-03,1.9
2026-04-14 11:35:00,C-118,Compresseur à vis,C-118-SEN-06,courant,courant,A,90.7386,13.32,177.76,normal,99.0,99.5,5000,GW-MQTT-01,1.3
2026-04-14 11:35:17,C-118,Compresseur à vis,C-118-SEN-07,debit,debit,m3/h,59.4084,9.43,125.85,normal,98.9,95.1,512,GW-OPCUA-02,1.1
2026-04-14 11:35:24,C-118,Compresseur à vis,C-118-SEN-08,pression,pression,bar,5.0311,0.72,9.64,normal,99.3,98.3,512,GW-MQTT-01,2.6
2026-04-14 11:35:25,V-302,Ventilateur tirage,V-302-SEN-01,accelerometre,accelerometre,mm/s,2.7202,0.37,4.97,normal,99.1,100.3,256,GW-OPCUA-02,1.5
2026-04-14 11:35:32,V-302,Ventilateur tirage,V-302-SEN-02,accelerometre,accelerometre,g,0.3255,0.08,1.06,normal,98.7,96.6,1000,GW-OPCUA-02,0.9
2026-04-14 11:35:30,V-302,Ventilateur tirage,V-302-SEN-03,thermique,thermique,°C,38.0127,5.94,79.3,normal,99.4,95.3,128,GW-MQTT-01,1.0
2026-04-14 11:35:02,V-302,Ventilateur tirage,V-302-SEN-04,sonde_proximite,sonde_proximite,microns,63.1523,7.92,105.99,normal,99.1,98.6,1000,GW-MQTT-01,1.2
2026-04-14 11:35:45,V-302,Ventilateur tirage,V-302-SEN-05,ultrason,ultrason,dB,36.2692,5.54,74.07,normal,98.9,96.5,512,GW-Modbus-03,0.3
2026-04-14 11:35:28,V-302,Ventilateur tirage,V-302-SEN-06,courant,courant,A,98.9889,15.84,211.39,normal,99.2,98.1,5000,GW-Modbus-03,1.6
2026-04-14 11:35:32,V-302,Ventilateur tirage,V-302-SEN-07,debit,debit,m3/h,80.5346,11.22,149.66,normal,98.7,94.9,5000,GW-MQTT-01,1.1
2026-04-14 11:35:54,V-302,Ventilateur tirage,V-302-SEN-08,pression,pression,bar,5.3868,0.86,11.46,normal,99.0,97.8,128,GW-Modbus-03,0.4
2026-04-14 11:35:08,M-019,Moteur électrique 400kW,M-019-SEN-01,accelerometre,accelerometre,mm/s,2.2715,0.43,5.76,normal,98.9,96.3,1000,GW-MQTT-01,0.8
2026-04-14 11:35:15,M-019,Moteur électrique 400kW,M-019-SEN-02,accelerometre,accelerometre,g,0.7574,0.09,1.23,normal,99.4,94.8,512,GW-MQTT-01,0.6
2026-04-14 11:35:02,M-019,Moteur électrique 400kW,M-019-SEN-03,thermique,thermique,°C,44.5808,6.88,91.91,normal,98.4,95.7,512,GW-OPCUA-02,1.0
2026-04-14 11:35:22,M-019,Moteur électrique 400kW,M-019-SEN-04,sonde_proximite,sonde_proximite,microns,56.6084,9.18,122.85,normal,98.4,94.5,128,GW-Modbus-03,1.4
2026-04-14 11:35:56,M-019,Moteur électrique 400kW,M-019-SEN-05,ultrason,ultrason,dB,44.3694,6.43,85.86,normal,99.0,97.1,5000,GW-Modbus-03,1.0
2026-04-14 11:35:41,M-019,Moteur électrique 400kW,M-019-SEN-06,courant,courant,A,117.4454,18.36,245.02,normal,98.6,97.9,1000,GW-OPCUA-02,1.4
2026-04-14 11:35:20,M-019,Moteur électrique 400kW,M-019-SEN-07,debit,debit,m3/h,79.9486,13.01,173.47,normal,98.4,94.8,256,GW-OPCUA-02,1.3
2026-04-14 11:35:28,M-019,Moteur électrique 400kW,M-019-SEN-08,pression,pression,bar,6.9842,0.99,13.28,normal,99.2,96.5,2000,GW-MQTT-01,1.4
2026-04-14 11:35:12,R-077,Réducteur convoyeur,R-077-SEN-01,accelerometre,accelerometre,mm/s,3.5795,0.49,6.55,normal,99.2,97.5,2000,GW-OPCUA-02,1.9
2026-04-14 11:35:19,R-077,Réducteur convoyeur,R-077-SEN-02,accelerometre,accelerometre,g,0.7769,0.1,1.4,normal,98.5,97.5,5000,GW-MQTT-01,0.8
2026-04-14 11:35:46,R-077,Réducteur convoyeur,R-077-SEN-03,thermique,thermique,°C,50.8484,7.83,104.53,normal,98.7,97.8,512,GW-MQTT-01,1.3
2026-04-14 11:35:48,R-077,Réducteur convoyeur,R-077-SEN-04,sonde_proximite,sonde_proximite,microns,68.0556,10.44,139.71,normal,98.6,98.1,512,GW-MQTT-01,1.3
2026-04-14 11:35:25,R-077,Réducteur convoyeur,R-077-SEN-05,ultrason,ultrason,dB,43.2012,7.31,97.64,normal,98.7,97.8,256,GW-Modbus-03,0.6
2026-04-14 11:35:56,R-077,Réducteur convoyeur,R-077-SEN-06,courant,courant,A,163.1642,20.88,278.66,normal,99.0,95.7,5000,GW-OPCUA-02,1.8
2026-04-14 11:35:22,R-077,Réducteur convoyeur,R-077-SEN-07,debit,debit,m3/h,101.1938,14.79,197.28,normal,98.6,95.5,1000,GW-OPCUA-02,0.5
2026-04-14 11:35:10,R-077,Réducteur convoyeur,R-077-SEN-08,pression,pression,bar,7.5568,1.13,15.11,normal,98.8,95.6,512,GW-OPCUA-02,1.3
2026-04-14 11:35:45,P-311,Pompe centrifuge BP,P-311-SEN-01,accelerometre,accelerometre,mm/s,4.2138,0.55,7.34,normal,99.4,97.9,2000,GW-OPCUA-02,0.7
2026-04-14 11:35:37,P-311,Pompe centrifuge BP,P-311-SEN-02,accelerometre,accelerometre,g,0.8759,0.12,1.57,normal,98.8,96.8,5000,GW-OPCUA-02,0.8
2026-04-14 11:35:34,P-311,Pompe centrifuge BP,P-311-SEN-03,thermique,thermique,°C,61.3608,8.78,117.14,normal,99.2,94.1,1000,GW-OPCUA-02,0.7
2026-04-14 11:35:52,P-311,Pompe centrifuge BP,P-311-SEN-04,sonde_proximite,sonde_proximite,microns,81.8092,11.7,156.57,normal,98.6,97.1,256,GW-MQTT-01,1.4
2026-04-14 11:35:46,P-311,Pompe centrifuge BP,P-311-SEN-05,ultrason,ultrason,dB,58.3774,8.19,109.43,normal,98.5,96.9,2000,GW-OPCUA-02,1.2
2026-04-14 11:35:37,P-311,Pompe centrifuge BP,P-311-SEN-06,courant,courant,A,154.3644,23.4,312.29,normal,98.8,99.9,256,GW-Modbus-03,1.2
2026-04-14 11:35:38,P-311,Pompe centrifuge BP,P-311-SEN-07,debit,debit,m3/h,106.251,16.57,221.09,normal,98.7,100.0,1000,GW-MQTT-01,1.3
2026-04-14 11:35:31,P-311,Pompe centrifuge BP,P-311-SEN-08,pression,pression,bar,8.9152,1.27,16.93,normal,99.3,97.7,1000,GW-OPCUA-02,1.1
2026-04-14 12:16:22,P-204,Pompe centrifuge HP,P-204-SEN-01,accelerometre,accelerometre,mm/s,2.0424,0.25,3.39,normal,99.2,95.3,512,GW-Modbus-03,1.1
2026-04-14 12:16:07,P-204,Pompe centrifuge HP,P-204-SEN-02,accelerometre,accelerometre,g,0.3947,0.05,0.73,normal,98.4,96.9,5000,GW-MQTT-01,1.5
2026-04-14 12:16:25,P-204,Pompe centrifuge HP,P-204-SEN-03,thermique,thermique,°C,25.8239,4.05,54.07,normal,98.6,97.3,512,GW-MQTT-01,1.5
2026-04-14 12:16:53,P-204,Pompe centrifuge HP,P-204-SEN-04,sonde_proximite,sonde_proximite,microns,39.9519,5.4,72.29,normal,98.8,96.7,1000,GW-OPCUA-02,1.3
2026-04-14 12:16:04,P-204,Pompe centrifuge HP,P-204-SEN-05,ultrason,ultrason,dB,30.5053,3.78,50.52,normal,99.3,92.2,512,GW-OPCUA-02,1.8
2026-04-14 12:16:45,P-204,Pompe centrifuge HP,P-204-SEN-06,courant,courant,A,76.7649,10.8,144.14,normal,98.5,96.8,5000,GW-OPCUA-02,0.3
2026-04-14 12:16:08,P-204,Pompe centrifuge HP,P-204-SEN-07,debit,debit,m3/h,49.7948,7.65,102.04,normal,98.5,99.7,2000,GW-MQTT-01,1.2
2026-04-14 12:16:25,P-204,Pompe centrifuge HP,P-204-SEN-08,pression,pression,bar,3.2456,0.58,7.81,normal,98.5,94.3,5000,GW-OPCUA-02,1.5
2026-04-14 12:16:15,C-118,Compresseur à vis,C-118-SEN-01,accelerometre,accelerometre,mm/s,2.2194,0.31,4.18,normal,98.4,96.8,5000,GW-OPCUA-02,1.0
2026-04-14 12:16:13,C-118,Compresseur à vis,C-118-SEN-02,accelerometre,accelerometre,g,0.4978,0.07,0.9,normal,98.7,93.0,2000,GW-Modbus-03,1.1
2026-04-14 12:16:40,C-118,Compresseur à vis,C-118-SEN-03,thermique,thermique,°C,31.9848,4.99,66.69,normal,98.4,98.5,2000,GW-OPCUA-02,1.3
2026-04-14 12:16:25,C-118,Compresseur à vis,C-118-SEN-04,sonde_proximite,sonde_proximite,microns,42.9764,6.66,89.16,normal,99.3,97.5,1000,GW-MQTT-01,1.4
2026-04-14 12:16:01,C-118,Compresseur à vis,C-118-SEN-05,ultrason,ultrason,dB,34.1591,4.66,62.3,normal,99.2,97.5,1000,GW-OPCUA-02,1.0
2026-04-14 12:16:57,C-118,Compresseur à vis,C-118-SEN-06,courant,courant,A,95.6268,13.32,177.78,normal,98.3,97.0,1000,GW-MQTT-01,0.9
2026-04-14 12:16:10,C-118,Compresseur à vis,C-118-SEN-07,debit,debit,m3/h,63.1315,9.43,125.85,normal,99.2,94.6,2000,GW-OPCUA-02,0.9
2026-04-14 12:16:34,C-118,Compresseur à vis,C-118-SEN-08,pression,pression,bar,4.8317,0.72,9.64,normal,99.3,94.8,512,GW-Modbus-03,1.6
2026-04-14 12:16:39,V-302,Ventilateur tirage,V-302-SEN-01,accelerometre,accelerometre,mm/s,2.2804,0.37,4.97,normal,99.3,96.3,128,GW-MQTT-01,0.2
2026-04-14 12:16:14,V-302,Ventilateur tirage,V-302-SEN-02,accelerometre,accelerometre,g,0.624,0.08,1.06,normal,99.4,98.0,512,GW-OPCUA-02,1.2
2026-04-14 12:16:33,V-302,Ventilateur tirage,V-302-SEN-03,thermique,thermique,°C,39.8594,5.94,79.31,normal,98.6,97.1,256,GW-OPCUA-02,0.5
2026-04-14 12:16:28,V-302,Ventilateur tirage,V-302-SEN-04,sonde_proximite,sonde_proximite,microns,46.9068,7.92,106.02,normal,98.7,96.8,128,GW-MQTT-01,0.7
2026-04-14 12:16:19,V-302,Ventilateur tirage,V-302-SEN-05,ultrason,ultrason,dB,43.2403,5.54,74.09,normal,98.9,94.9,5000,GW-Modbus-03,1.6
2026-04-14 12:16:37,V-302,Ventilateur tirage,V-302-SEN-06,courant,courant,A,103.9354,15.84,211.41,normal,99.2,94.2,2000,GW-MQTT-01,1.2
2026-04-14 12:16:53,V-302,Ventilateur tirage,V-302-SEN-07,debit,debit,m3/h,68.4686,11.22,149.66,normal,99.0,99.9,128,GW-OPCUA-02,0.9
2026-04-14 12:16:50,V-302,Ventilateur tirage,V-302-SEN-08,pression,pression,bar,5.3493,0.86,11.46,normal,98.6,93.9,256,GW-MQTT-01,0.8
2026-04-14 12:16:37,M-019,Moteur électrique 400kW,M-019-SEN-01,accelerometre,accelerometre,mm/s,2.6765,0.43,5.76,normal,98.9,97.7,5000,GW-MQTT-01,1.1
2026-04-14 12:16:18,M-019,Moteur électrique 400kW,M-019-SEN-02,accelerometre,accelerometre,g,0.5285,0.09,1.23,normal,98.5,91.2,256,GW-MQTT-01,0.7
2026-04-14 12:16:23,M-019,Moteur électrique 400kW,M-019-SEN-03,thermique,thermique,°C,45.0638,6.88,91.92,normal,99.4,93.7,256,GW-Modbus-03,1.7
2026-04-14 12:16:10,M-019,Moteur électrique 400kW,M-019-SEN-04,sonde_proximite,sonde_proximite,microns,46.4723,9.18,122.89,normal,99.0,96.1,256,GW-MQTT-01,1.1
2026-04-14 12:16:17,M-019,Moteur électrique 400kW,M-019-SEN-05,ultrason,ultrason,dB,48.2442,6.43,85.88,normal,99.2,95.3,256,GW-OPCUA-02,0.9
2026-04-14 12:16:06,M-019,Moteur électrique 400kW,M-019-SEN-06,courant,courant,A,117.0681,18.36,245.04,normal,98.5,94.2,128,GW-MQTT-01,1.5
2026-04-14 12:16:08,M-019,Moteur électrique 400kW,M-019-SEN-07,debit,debit,m3/h,90.1722,13.01,173.47,normal,98.8,99.3,512,GW-Modbus-03,0.7
2026-04-14 12:16:04,M-019,Moteur électrique 400kW,M-019-SEN-08,pression,pression,bar,6.5006,0.99,13.28,normal,99.1,94.8,1000,GW-OPCUA-02,1.0
2026-04-14 12:16:53,R-077,Réducteur convoyeur,R-077-SEN-01,accelerometre,accelerometre,mm/s,3.4233,0.49,6.55,normal,98.3,98.5,2000,GW-OPCUA-02,1.9
2026-04-14 12:16:27,R-077,Réducteur convoyeur,R-077-SEN-02,accelerometre,accelerometre,g,0.5671,0.1,1.4,normal,98.9,96.9,5000,GW-Modbus-03,0.4
2026-04-14 12:16:43,R-077,Réducteur convoyeur,R-077-SEN-03,thermique,thermique,°C,52.4974,7.83,104.54,normal,98.4,97.6,256,GW-MQTT-01,1.0
2026-04-14 12:16:57,R-077,Réducteur convoyeur,R-077-SEN-04,sonde_proximite,sonde_proximite,microns,60.7419,10.44,139.76,normal,98.8,98.0,512,GW-Modbus-03,0.9
2026-04-14 12:16:23,R-077,Réducteur convoyeur,R-077-SEN-05,ultrason,ultrason,dB,58.0579,7.31,97.66,normal,99.4,94.9,5000,GW-MQTT-01,1.0
2026-04-14 12:16:59,R-077,Réducteur convoyeur,R-077-SEN-06,courant,courant,A,151.4914,20.88,278.68,normal,98.5,98.8,512,GW-OPCUA-02,1.5
2026-04-14 12:16:29,R-077,Réducteur convoyeur,R-077-SEN-07,debit,debit,m3/h,103.7933,14.79,197.28,normal,99.3,95.4,128,GW-Modbus-03,1.7
2026-04-14 12:16:45,R-077,Réducteur convoyeur,R-077-SEN-08,pression,pression,bar,7.9021,1.13,15.11,normal,98.6,96.9,2000,GW-OPCUA-02,1.3
2026-04-14 12:16:27,P-311,Pompe centrifuge BP,P-311-SEN-01,accelerometre,accelerometre,mm/s,3.8616,0.55,7.34,normal,98.7,93.6,1000,GW-OPCUA-02,1.2
2026-04-14 12:16:42,P-311,Pompe centrifuge BP,P-311-SEN-02,accelerometre,accelerometre,g,0.9298,0.12,1.57,normal,99.3,98.1,1000,GW-MQTT-01,1.0
2026-04-14 12:16:40,P-311,Pompe centrifuge BP,P-311-SEN-03,thermique,thermique,°C,55.3764,8.78,117.16,normal,98.9,99.0,256,GW-OPCUA-02,1.2
2026-04-14 12:16:14,P-311,Pompe centrifuge BP,P-311-SEN-04,sonde_proximite,sonde_proximite,microns,82.8192,11.7,156.62,normal,98.5,95.2,256,GW-Modbus-03,0.5
2026-04-14 12:16:42,P-311,Pompe centrifuge BP,P-311-SEN-05,ultrason,ultrason,dB,57.4441,8.19,109.45,normal,99.0,99.4,512,GW-Modbus-03,0.9
2026-04-14 12:16:12,P-311,Pompe centrifuge BP,P-311-SEN-06,courant,courant,A,156.8319,23.4,312.31,normal,99.4,97.7,2000,GW-MQTT-01,1.3
2026-04-14 12:16:27,P-311,Pompe centrifuge BP,P-311-SEN-07,debit,debit,m3/h,119.2094,16.57,221.09,normal,98.3,96.3,2000,GW-OPCUA-02,1.6
2026-04-14 12:16:00,P-311,Pompe centrifuge BP,P-311-SEN-08,pression,pression,bar,8.4756,1.27,16.93,normal,99.1,95.5,2000,GW-MQTT-01,0.9
2026-04-14 13:26:42,P-204,Pompe centrifuge HP,P-204-SEN-01,accelerometre,accelerometre,mm/s,1.5076,0.25,3.39,normal,99.3,95.7,5000,GW-OPCUA-02,1.2
2026-04-14 13:26:55,P-204,Pompe centrifuge HP,P-204-SEN-02,accelerometre,accelerometre,g,0.2007,0.05,0.73,normal,98.3,97.3,128,GW-Modbus-03,0.6
2026-04-14 13:26:22,P-204,Pompe centrifuge HP,P-204-SEN-03,thermique,thermique,°C,32.3454,4.05,54.08,normal,99.2,96.5,512,GW-OPCUA-02,1.0
2026-04-14 13:26:01,P-204,Pompe centrifuge HP,P-204-SEN-04,sonde_proximite,sonde_proximite,microns,42.2646,5.4,72.31,normal,98.1,96.7,5000,GW-OPCUA-02,0.9
2026-04-14 13:26:59,P-204,Pompe centrifuge HP,P-204-SEN-05,ultrason,ultrason,dB,24.1319,3.78,50.52,normal,99.1,95.7,128,GW-OPCUA-02,1.2
2026-04-14 13:26:43,P-204,Pompe centrifuge HP,P-204-SEN-06,courant,courant,A,76.8286,10.8,144.16,normal,98.8,98.0,1000,GW-OPCUA-02,0.8
2026-04-14 13:26:59,P-204,Pompe centrifuge HP,P-204-SEN-07,debit,debit,m3/h,45.6918,7.65,102.05,normal,98.8,97.5,2000,GW-Modbus-03,1.6
2026-04-14 13:26:32,P-204,Pompe centrifuge HP,P-204-SEN-08,pression,pression,bar,4.7761,0.58,7.82,normal,98.4,95.5,2000,GW-Modbus-03,1.5
2026-04-14 13:26:05,C-118,Compresseur à vis,C-118-SEN-01,accelerometre,accelerometre,mm/s,1.8827,0.31,4.18,normal,99.3,96.0,512,GW-OPCUA-02,0.1
2026-04-14 13:26:22,C-118,Compresseur à vis,C-118-SEN-02,accelerometre,accelerometre,g,0.3546,0.07,0.9,normal,98.7,97.1,128,GW-Modbus-03,1.1
2026-04-14 13:26:12,C-118,Compresseur à vis,C-118-SEN-03,thermique,thermique,°C,33.5613,4.99,66.7,normal,99.1,95.8,512,GW-MQTT-01,1.9
2026-04-14 13:26:13,C-118,Compresseur à vis,C-118-SEN-04,sonde_proximite,sonde_proximite,microns,50.518,6.66,89.18,normal,98.2,97.7,1000,GW-Modbus-03,0.9
2026-04-14 13:26:39,C-118,Compresseur à vis,C-118-SEN-05,ultrason,ultrason,dB,31.6445,4.66,62.31,normal,98.7,93.2,128,GW-OPCUA-02,1.7
2026-04-14 13:26:54,C-118,Compresseur à vis,C-118-SEN-06,courant,courant,A,83.3981,13.32,177.79,normal,99.3,99.5,128,GW-MQTT-01,1.3
2026-04-14 13:26:20,C-118,Compresseur à vis,C-118-SEN-07,debit,debit,m3/h,63.6781,9.43,125.86,normal,99.1,91.9,512,GW-OPCUA-02,1.2
2026-04-14 13:26:57,C-118,Compresseur à vis,C-118-SEN-08,pression,pression,bar,4.7316,0.72,9.64,normal,98.1,100.3,128,GW-Modbus-03,1.7
2026-04-14 13:26:42,V-302,Ventilateur tirage,V-302-SEN-01,accelerometre,accelerometre,mm/s,2.3946,0.37,4.97,normal,98.1,96.4,2000,GW-Modbus-03,1.4
2026-04-14 13:26:57,V-302,Ventilateur tirage,V-302-SEN-02,accelerometre,accelerometre,g,0.4029,0.08,1.07,normal,99.3,98.0,5000,GW-OPCUA-02,0.9
2026-04-14 13:26:57,V-302,Ventilateur tirage,V-302-SEN-03,thermique,thermique,°C,38.2999,5.94,79.31,normal,99.3,96.0,1000,GW-MQTT-01,1.4
2026-04-14 13:26:53,V-302,Ventilateur tirage,V-302-SEN-04,sonde_proximite,sonde_proximite,microns,54.0345,7.92,106.06,normal,98.5,97.9,512,GW-OPCUA-02,1.2
2026-04-14 13:26:37,V-302,Ventilateur tirage,V-302-SEN-05,ultrason,ultrason,dB,41.5244,5.54,74.1,normal,99.1,97.4,5000,GW-MQTT-01,1.4
2026-04-14 13:26:32,V-302,Ventilateur tirage,V-302-SEN-06,courant,courant,A,106.2526,15.84,211.43,normal,99.0,97.2,2000,GW-MQTT-01,0.8
2026-04-14 13:26:52,V-302,Ventilateur tirage,V-302-SEN-07,debit,debit,m3/h,71.9621,11.22,149.67,normal,99.3,98.1,256,GW-OPCUA-02,0.6
2026-04-14 13:26:26,V-302,Ventilateur tirage,V-302-SEN-08,pression,pression,bar,5.4751,0.86,11.46,normal,98.3,99.6,128,GW-Modbus-03,1.5
2026-04-14 13:26:31,M-019,Moteur électrique 400kW,M-019-SEN-01,accelerometre,accelerometre,mm/s,2.7803,0.43,5.77,normal,98.3,96.5,512,GW-MQTT-01,0.9
2026-04-14 13:26:08,M-019,Moteur électrique 400kW,M-019-SEN-02,accelerometre,accelerometre,g,0.7311,0.09,1.23,normal,99.1,100.3,512,GW-MQTT-01,1.5
2026-04-14 13:26:46,M-019,Moteur électrique 400kW,M-019-SEN-03,thermique,thermique,°C,44.091,6.88,91.93,normal,99.1,96.9,512,GW-OPCUA-02,0.5
2026-04-14 13:26:33,M-019,Moteur électrique 400kW,M-019-SEN-04,sonde_proximite,sonde_proximite,microns,58.3026,9.18,122.93,normal,99.2,96.5,512,GW-MQTT-01,1.2
2026-04-14 13:26:56,M-019,Moteur électrique 400kW,M-019-SEN-05,ultrason,ultrason,dB,49.6478,6.43,85.89,normal,99.1,95.1,512,GW-OPCUA-02,0.9
2026-04-14 13:26:13,M-019,Moteur électrique 400kW,M-019-SEN-06,courant,courant,A,131.0832,18.36,245.07,normal,98.7,95.9,512,GW-OPCUA-02,0.8
2026-04-14 13:26:10,M-019,Moteur électrique 400kW,M-019-SEN-07,debit,debit,m3/h,78.2299,13.01,173.48,normal,98.9,99.1,5000,GW-MQTT-01,1.7
2026-04-14 13:26:48,M-019,Moteur électrique 400kW,M-019-SEN-08,pression,pression,bar,6.4919,0.99,13.29,normal,98.4,95.8,2000,GW-MQTT-01,1.4
2026-04-14 13:26:50,R-077,Réducteur convoyeur,R-077-SEN-01,accelerometre,accelerometre,mm/s,2.9984,0.49,6.56,normal,98.7,96.5,1000,GW-Modbus-03,0.8
2026-04-14 13:26:16,R-077,Réducteur convoyeur,R-077-SEN-02,accelerometre,accelerometre,g,0.632,0.1,1.4,normal,98.6,99.4,256,GW-OPCUA-02,1.1
2026-04-14 13:26:49,R-077,Réducteur convoyeur,R-077-SEN-03,thermique,thermique,°C,51.606,7.83,104.55,normal,98.7,95.3,5000,GW-MQTT-01,0.6
2026-04-14 13:26:08,R-077,Réducteur convoyeur,R-077-SEN-04,sonde_proximite,sonde_proximite,microns,74.215,10.44,139.8,normal,98.8,93.4,2000,GW-MQTT-01,1.8
2026-04-14 13:26:59,R-077,Réducteur convoyeur,R-077-SEN-05,ultrason,ultrason,dB,51.5994,7.31,97.68,normal,98.1,98.5,128,GW-OPCUA-02,1.1
2026-04-14 13:26:50,R-077,Réducteur convoyeur,R-077-SEN-06,courant,courant,A,131.4948,20.88,278.7,normal,98.5,94.7,2000,GW-Modbus-03,1.4
2026-04-14 13:26:44,R-077,Réducteur convoyeur,R-077-SEN-07,debit,debit,m3/h,111.8795,14.79,197.29,normal,98.1,98.3,5000,GW-OPCUA-02,0.3
2026-04-14 13:26:18,R-077,Réducteur convoyeur,R-077-SEN-08,pression,pression,bar,8.0687,1.13,15.11,normal,99.1,97.4,128,GW-Modbus-03,0.5
2026-04-14 13:26:41,P-311,Pompe centrifuge BP,P-311-SEN-01,accelerometre,accelerometre,mm/s,3.7649,0.55,7.35,normal,98.7,95.9,512,GW-OPCUA-02,1.7
2026-04-14 13:26:59,P-311,Pompe centrifuge BP,P-311-SEN-02,accelerometre,accelerometre,g,0.7286,0.12,1.57,normal,98.8,94.6,5000,GW-Modbus-03,1.7
2026-04-14 13:26:40,P-311,Pompe centrifuge BP,P-311-SEN-03,thermique,thermique,°C,54.216,8.78,117.17,normal,98.8,94.3,128,GW-MQTT-01,0.9
2026-04-14 13:26:53,P-311,Pompe centrifuge BP,P-311-SEN-04,sonde_proximite,sonde_proximite,microns,81.2486,11.7,156.68,normal,98.7,99.4,128,GW-MQTT-01,0.9
2026-04-14 13:26:35,P-311,Pompe centrifuge BP,P-311-SEN-05,ultrason,ultrason,dB,51.7664,8.19,109.47,normal,99.0,97.5,512,GW-MQTT-01,1.0
2026-04-14 13:26:41,P-311,Pompe centrifuge BP,P-311-SEN-06,courant,courant,A,161.3354,23.4,312.34,normal,98.5,93.6,256,GW-Modbus-03,1.2
2026-04-14 13:26:05,P-311,Pompe centrifuge BP,P-311-SEN-07,debit,debit,m3/h,101.1111,16.57,221.1,normal,98.9,96.4,5000,GW-MQTT-01,1.4
2026-04-14 13:26:03,P-311,Pompe centrifuge BP,P-311-SEN-08,pression,pression,bar,8.5373,1.27,16.93,normal,99.1,97.0,1000,GW-MQTT-01,1.2
2026-04-14 14:07:53,P-204,Pompe centrifuge HP,P-204-SEN-01,accelerometre,accelerometre,mm/s,2.4204,0.25,3.39,normal,99.0,94.2,256,GW-Modbus-03,0.2
2026-04-14 14:07:27,P-204,Pompe centrifuge HP,P-204-SEN-02,accelerometre,accelerometre,g,0.2979,0.05,0.73,normal,98.7,96.8,256,GW-Modbus-03,1.0
2026-04-14 14:07:04,P-204,Pompe centrifuge HP,P-204-SEN-03,thermique,thermique,°C,25.2671,4.05,54.08,normal,98.8,94.9,512,GW-MQTT-01,1.9
2026-04-14 14:07:47,P-204,Pompe centrifuge HP,P-204-SEN-04,sonde_proximite,sonde_proximite,microns,30.8172,5.4,72.34,normal,98.0,95.8,128,GW-MQTT-01,1.4
2026-04-14 14:07:22,P-204,Pompe centrifuge HP,P-204-SEN-05,ultrason,ultrason,dB,30.22,3.78,50.53,normal,98.9,99.3,256,GW-Modbus-03,1.7
2026-04-14 14:07:39,P-204,Pompe centrifuge HP,P-204-SEN-06,courant,courant,A,50.4101,10.8,144.17,normal,99.2,99.4,5000,GW-Modbus-03,1.4
2026-04-14 14:07:05,P-204,Pompe centrifuge HP,P-204-SEN-07,debit,debit,m3/h,47.2227,7.65,102.05,normal,98.5,96.6,512,GW-OPCUA-02,0.8
2026-04-14 14:07:05,P-204,Pompe centrifuge HP,P-204-SEN-08,pression,pression,bar,4.4293,0.58,7.82,normal,98.8,98.9,5000,GW-OPCUA-02,1.2
2026-04-14 14:07:49,C-118,Compresseur à vis,C-118-SEN-01,accelerometre,accelerometre,mm/s,1.9553,0.31,4.19,normal,98.7,98.8,2000,GW-Modbus-03,0.8
2026-04-14 14:07:03,C-118,Compresseur à vis,C-118-SEN-02,accelerometre,accelerometre,g,0.4614,0.07,0.9,normal,99.3,98.6,5000,GW-Modbus-03,0.3
2026-04-14 14:07:25,C-118,Compresseur à vis,C-118-SEN-03,thermique,thermique,°C,35.1556,4.99,66.7,normal,99.2,94.9,2000,GW-Modbus-03,1.0
2026-04-14 14:07:37,C-118,Compresseur à vis,C-118-SEN-04,sonde_proximite,sonde_proximite,microns,38.2744,6.66,89.21,normal,98.2,94.1,512,GW-OPCUA-02,1.1
2026-04-14 14:07:55,C-118,Compresseur à vis,C-118-SEN-05,ultrason,ultrason,dB,34.7625,4.66,62.33,normal,99.0,97.0,512,GW-MQTT-01,0.7
2026-04-14 14:07:53,C-118,Compresseur à vis,C-118-SEN-06,courant,courant,A,89.9,13.32,177.81,normal,98.5,101.2,256,GW-OPCUA-02,0.7
2026-04-14 14:07:48,C-118,Compresseur à vis,C-118-SEN-07,debit,debit,m3/h,66.3467,9.43,125.86,normal,98.3,97.1,5000,GW-OPCUA-02,1.5
2026-04-14 14:07:47,C-118,Compresseur à vis,C-118-SEN-08,pression,pression,bar,4.7979,0.72,9.64,normal,98.4,92.2,1000,GW-MQTT-01,1.3
2026-04-14 14:07:57,V-302,Ventilateur tirage,V-302-SEN-01,accelerometre,accelerometre,mm/s,2.147,0.37,4.98,normal,99.1,95.9,5000,GW-MQTT-01,1.7
2026-04-14 14:07:32,V-302,Ventilateur tirage,V-302-SEN-02,accelerometre,accelerometre,g,0.5896,0.08,1.07,normal,98.2,96.1,1000,GW-OPCUA-02,1.7
2026-04-14 14:07:39,V-302,Ventilateur tirage,V-302-SEN-03,thermique,thermique,°C,42.356,5.94,79.32,normal,98.2,99.7,256,GW-Modbus-03,0.5
2026-04-14 14:07:09,V-302,Ventilateur tirage,V-302-SEN-04,sonde_proximite,sonde_proximite,microns,51.0508,7.92,106.09,normal,98.0,97.9,256,GW-Modbus-03,0.7
2026-04-14 14:07:57,V-302,Ventilateur tirage,V-302-SEN-05,ultrason,ultrason,dB,34.6594,5.54,74.12,normal,98.1,97.7,5000,GW-OPCUA-02,1.2
2026-04-14 14:07:25,V-302,Ventilateur tirage,V-302-SEN-06,courant,courant,A,95.5151,15.84,211.45,normal,98.8,97.2,1000,GW-MQTT-01,1.0
2026-04-14 14:07:34,V-302,Ventilateur tirage,V-302-SEN-07,debit,debit,m3/h,82.9447,11.22,149.67,normal,98.7,95.9,2000,GW-MQTT-01,0.8
2026-04-14 14:07:29,V-302,Ventilateur tirage,V-302-SEN-08,pression,pression,bar,5.1738,0.86,11.46,normal,98.1,95.1,5000,GW-MQTT-01,1.9
2026-04-14 14:07:37,M-019,Moteur électrique 400kW,M-019-SEN-01,accelerometre,accelerometre,mm/s,2.8912,0.43,5.77,normal,98.5,96.1,512,GW-MQTT-01,1.1
2026-04-14 14:07:05,M-019,Moteur électrique 400kW,M-019-SEN-02,accelerometre,accelerometre,g,0.627,0.09,1.24,normal,98.9,95.9,5000,GW-MQTT-01,1.4
2026-04-14 14:07:52,M-019,Moteur électrique 400kW,M-019-SEN-03,thermique,thermique,°C,39.035,6.88,91.94,normal,98.3,97.4,1000,GW-OPCUA-02,1.6
2026-04-14 14:07:51,M-019,Moteur électrique 400kW,M-019-SEN-04,sonde_proximite,sonde_proximite,microns,63.4896,9.18,122.97,normal,98.2,95.3,1000,GW-Modbus-03,1.7
2026-04-14 14:07:24,M-019,Moteur électrique 400kW,M-019-SEN-05,ultrason,ultrason,dB,43.2083,6.43,85.91,normal,98.3,100.4,512,GW-OPCUA-02,1.2
2026-04-14 14:07:36,M-019,Moteur électrique 400kW,M-019-SEN-06,courant,courant,A,125.8186,18.36,245.09,normal,98.6,96.5,1000,GW-OPCUA-02,0.9
2026-04-14 14:07:13,M-019,Moteur électrique 400kW,M-019-SEN-07,debit,debit,m3/h,96.9727,13.01,173.49,normal,98.4,97.3,5000,GW-Modbus-03,1.1
2026-04-14 14:07:57,M-019,Moteur électrique 400kW,M-019-SEN-08,pression,pression,bar,6.5774,0.99,13.29,normal,98.2,98.9,2000,GW-MQTT-01,1.2
2026-04-14 14:07:15,R-077,Réducteur convoyeur,R-077-SEN-01,accelerometre,accelerometre,mm/s,3.2203,0.49,6.56,normal,98.3,96.7,5000,GW-Modbus-03,1.2
2026-04-14 14:07:52,R-077,Réducteur convoyeur,R-077-SEN-02,accelerometre,accelerometre,g,0.6251,0.1,1.4,normal,98.6,94.6,512,GW-OPCUA-02,0.8
2026-04-14 14:07:15,R-077,Réducteur convoyeur,R-077-SEN-03,thermique,thermique,°C,53.6832,7.83,104.56,normal,98.0,100.5,2000,GW-MQTT-01,1.6
2026-04-14 14:07:35,R-077,Réducteur convoyeur,R-077-SEN-04,sonde_proximite,sonde_proximite,microns,69.3261,10.44,139.85,normal,98.9,97.1,1000,GW-MQTT-01,1.0
2026-04-14 14:07:42,R-077,Réducteur convoyeur,R-077-SEN-05,ultrason,ultrason,dB,51.2594,7.31,97.7,normal,99.2,95.8,512,GW-OPCUA-02,1.4
2026-04-14 14:07:25,R-077,Réducteur convoyeur,R-077-SEN-06,courant,courant,A,151.0161,20.88,278.72,normal,98.9,93.7,1000,GW-OPCUA-02,1.3
2026-04-14 14:07:24,R-077,Réducteur convoyeur,R-077-SEN-07,debit,debit,m3/h,97.2944,14.79,197.3,normal,98.3,97.2,256,GW-Modbus-03,1.2
2026-04-14 14:07:53,R-077,Réducteur convoyeur,R-077-SEN-08,pression,pression,bar,7.2547,1.13,15.11,normal,98.8,95.6,512,GW-OPCUA-02,2.1
2026-04-14 14:07:08,P-311,Pompe centrifuge BP,P-311-SEN-01,accelerometre,accelerometre,mm/s,3.5303,0.55,7.35,normal,98.9,96.7,2000,GW-Modbus-03,1.1
2026-04-14 14:07:54,P-311,Pompe centrifuge BP,P-311-SEN-02,accelerometre,accelerometre,g,0.7247,0.12,1.57,normal,98.6,94.8,2000,GW-Modbus-03,1.1
2026-04-14 14:07:51,P-311,Pompe centrifuge BP,P-311-SEN-03,thermique,thermique,°C,56.3059,8.78,117.18,normal,98.1,98.3,128,GW-OPCUA-02,1.3
2026-04-14 14:07:45,P-311,Pompe centrifuge BP,P-311-SEN-04,sonde_proximite,sonde_proximite,microns,84.6247,11.7,156.73,normal,98.0,98.7,256,GW-OPCUA-02,1.6
2026-04-14 14:07:55,P-311,Pompe centrifuge BP,P-311-SEN-05,ultrason,ultrason,dB,52.0695,8.19,109.49,normal,98.9,94.0,1000,GW-Modbus-03,1.2
2026-04-14 14:07:14,P-311,Pompe centrifuge BP,P-311-SEN-06,courant,courant,A,154.9133,23.4,312.36,normal,98.7,96.5,128,GW-Modbus-03,0.7
2026-04-14 14:07:34,P-311,Pompe centrifuge BP,P-311-SEN-07,debit,debit,m3/h,108.3506,16.57,221.11,normal,98.8,97.8,512,GW-OPCUA-02,0.3
2026-04-14 14:07:36,P-311,Pompe centrifuge BP,P-311-SEN-08,pression,pression,bar,8.2748,1.27,16.94,normal,98.6,98.6,256,GW-OPCUA-02,1.2
2026-04-14 15:09:17,P-204,Pompe centrifuge HP,P-204-SEN-01,accelerometre,accelerometre,mm/s,1.7331,0.25,3.4,normal,98.7,92.5,5000,GW-OPCUA-02,0.4
2026-04-14 15:09:11,P-204,Pompe centrifuge HP,P-204-SEN-02,accelerometre,accelerometre,g,0.2698,0.05,0.73,normal,99.0,96.3,256,GW-OPCUA-02,0.8
2026-04-14 15:09:27,P-204,Pompe centrifuge HP,P-204-SEN-03,thermique,thermique,°C,27.4187,4.05,54.09,normal,98.6,94.9,2000,GW-Modbus-03,1.7
2026-04-14 15:09:30,P-204,Pompe centrifuge HP,P-204-SEN-04,sonde_proximite,sonde_proximite,microns,41.3431,5.4,72.36,normal,99.2,97.9,256,GW-OPCUA-02,2.0
2026-04-14 15:09:08,P-204,Pompe centrifuge HP,P-204-SEN-05,ultrason,ultrason,dB,28.2468,3.78,50.54,normal,98.9,100.1,256,GW-Modbus-03,1.3
2026-04-14 15:09:41,P-204,Pompe centrifuge HP,P-204-SEN-06,courant,courant,A,62.602,10.8,144.18,normal,98.9,100.0,5000,GW-Modbus-03,0.9
2026-04-14 15:09:23,P-204,Pompe centrifuge HP,P-204-SEN-07,debit,debit,m3/h,47.9915,7.65,102.05,normal,98.3,96.3,2000,GW-MQTT-01,1.9
2026-04-14 15:09:51,P-204,Pompe centrifuge HP,P-204-SEN-08,pression,pression,bar,4.6523,0.58,7.82,normal,98.1,96.1,5000,GW-MQTT-01,0.7
2026-04-14 15:09:27,C-118,Compresseur à vis,C-118-SEN-01,accelerometre,accelerometre,mm/s,1.5733,0.31,4.19,normal,98.1,92.6,2000,GW-OPCUA-02,1.8
2026-04-14 15:09:49,C-118,Compresseur à vis,C-118-SEN-02,accelerometre,accelerometre,g,0.4427,0.07,0.9,normal,99.0,95.1,5000,GW-OPCUA-02,0.9
2026-04-14 15:09:47,C-118,Compresseur à vis,C-118-SEN-03,thermique,thermique,°C,33.2785,4.99,66.71,normal,99.0,96.9,128,GW-OPCUA-02,1.5
2026-04-14 15:09:40,C-118,Compresseur à vis,C-118-SEN-04,sonde_proximite,sonde_proximite,microns,34.7105,6.66,89.24,normal,98.8,95.2,5000,GW-Modbus-03,1.1
2026-04-14 15:09:06,C-118,Compresseur à vis,C-118-SEN-05,ultrason,ultrason,dB,30.3262,4.66,62.34,normal,98.8,100.0,512,GW-MQTT-01,1.1
2026-04-14 15:09:00,C-118,Compresseur à vis,C-118-SEN-06,courant,courant,A,98.9166,13.32,177.82,normal,99.2,98.1,2000,GW-OPCUA-02,1.2
2026-04-14 15:09:19,C-118,Compresseur à vis,C-118-SEN-07,debit,debit,m3/h,56.7972,9.43,125.87,normal,98.8,96.4,256,GW-OPCUA-02,1.6
2026-04-14 15:09:16,C-118,Compresseur à vis,C-118-SEN-08,pression,pression,bar,4.6827,0.72,9.64,normal,98.4,99.6,512,GW-Modbus-03,1.7
2026-04-14 15:09:49,V-302,Ventilateur tirage,V-302-SEN-01,accelerometre,accelerometre,mm/s,2.9082,0.37,4.98,normal,98.4,98.9,512,GW-OPCUA-02,1.8
2026-04-14 15:09:15,V-302,Ventilateur tirage,V-302-SEN-02,accelerometre,accelerometre,g,0.6263,0.08,1.07,normal,98.8,95.1,128,GW-MQTT-01,0.6
2026-04-14 15:09:12,V-302,Ventilateur tirage,V-302-SEN-03,thermique,thermique,°C,39.475,5.94,79.33,normal,98.4,97.8,512,GW-Modbus-03,1.5
2026-04-14 15:09:22,V-302,Ventilateur tirage,V-302-SEN-04,sonde_proximite,sonde_proximite,microns,43.5135,7.92,106.13,normal,98.1,99.4,128,GW-Modbus-03,1.2
2026-04-14 15:09:39,V-302,Ventilateur tirage,V-302-SEN-05,ultrason,ultrason,dB,38.0342,5.54,74.13,normal,97.8,95.5,128,GW-Modbus-03,1.0
2026-04-14 15:09:35,V-302,Ventilateur tirage,V-302-SEN-06,courant,courant,A,117.6068,15.84,211.46,normal,99.2,100.7,2000,GW-MQTT-01,0.8
2026-04-14 15:09:05,V-302,Ventilateur tirage,V-302-SEN-07,debit,debit,m3/h,79.517,11.22,149.68,normal,98.5,97.5,512,GW-MQTT-01,1.4
2026-04-14 15:09:22,V-302,Ventilateur tirage,V-302-SEN-08,pression,pression,bar,5.8931,0.86,11.47,normal,97.8,99.2,5000,GW-Modbus-03,2.0
2026-04-14 15:09:45,M-019,Moteur électrique 400kW,M-019-SEN-01,accelerometre,accelerometre,mm/s,2.9648,0.43,5.77,normal,98.5,95.0,2000,GW-MQTT-01,1.9
2026-04-14 15:09:54,M-019,Moteur électrique 400kW,M-019-SEN-02,accelerometre,accelerometre,g,0.4783,0.09,1.24,normal,98.4,97.9,512,GW-OPCUA-02,0.8
2026-04-14 15:09:38,M-019,Moteur électrique 400kW,M-019-SEN-03,thermique,thermique,°C,44.7006,6.88,91.95,normal,98.7,95.7,512,GW-OPCUA-02,1.4
2026-04-14 15:09:09,M-019,Moteur électrique 400kW,M-019-SEN-04,sonde_proximite,sonde_proximite,microns,68.3551,9.18,123.01,normal,99.0,101.3,5000,GW-Modbus-03,1.6
2026-04-14 15:09:32,M-019,Moteur électrique 400kW,M-019-SEN-05,ultrason,ultrason,dB,46.3725,6.43,85.92,normal,99.0,97.2,128,GW-Modbus-03,1.1
2026-04-14 15:09:14,M-019,Moteur électrique 400kW,M-019-SEN-06,courant,courant,A,134.9651,18.36,245.11,normal,98.0,96.6,128,GW-OPCUA-02,1.6
2026-04-14 15:09:18,M-019,Moteur électrique 400kW,M-019-SEN-07,debit,debit,m3/h,90.8655,13.01,173.49,normal,98.6,97.0,128,GW-Modbus-03,1.3
2026-04-14 15:09:51,M-019,Moteur électrique 400kW,M-019-SEN-08,pression,pression,bar,6.7197,0.99,13.29,normal,98.7,98.4,2000,GW-MQTT-01,1.3
2026-04-14 15:09:17,R-077,Réducteur convoyeur,R-077-SEN-01,accelerometre,accelerometre,mm/s,2.9509,0.49,6.57,normal,98.5,99.3,128,GW-Modbus-03,1.3
2026-04-14 15:09:12,R-077,Réducteur convoyeur,R-077-SEN-02,accelerometre,accelerometre,g,0.6912,0.1,1.41,normal,97.9,98.1,512,GW-MQTT-01,0.7
2026-04-14 15:09:49,R-077,Réducteur convoyeur,R-077-SEN-03,thermique,thermique,°C,53.0971,7.83,104.57,normal,99.0,100.4,5000,GW-MQTT-01,1.4
2026-04-14 15:09:19,R-077,Réducteur convoyeur,R-077-SEN-04,sonde_proximite,sonde_proximite,microns,69.1408,10.44,139.9,normal,98.4,98.5,128,GW-OPCUA-02,0.9
2026-04-14 15:09:55,R-077,Réducteur convoyeur,R-077-SEN-05,ultrason,ultrason,dB,60.555,7.31,97.72,normal,99.2,94.8,128,GW-Modbus-03,1.4
2026-04-14 15:09:19,R-077,Réducteur convoyeur,R-077-SEN-06,courant,courant,A,140.1893,20.88,278.75,normal,99.1,96.5,256,GW-MQTT-01,1.0
2026-04-14 15:09:51,R-077,Réducteur convoyeur,R-077-SEN-07,debit,debit,m3/h,99.2835,14.79,197.3,normal,98.2,96.9,1000,GW-OPCUA-02,1.5
2026-04-14 15:09:42,R-077,Réducteur convoyeur,R-077-SEN-08,pression,pression,bar,7.4319,1.13,15.11,normal,99.1,97.0,5000,GW-Modbus-03,1.2
2026-04-14 15:09:41,P-311,Pompe centrifuge BP,P-311-SEN-01,accelerometre,accelerometre,mm/s,3.7568,0.55,7.36,normal,98.1,96.9,1000,GW-OPCUA-02,1.3
2026-04-14 15:09:41,P-311,Pompe centrifuge BP,P-311-SEN-02,accelerometre,accelerometre,g,0.8857,0.12,1.58,normal,98.9,91.5,512,GW-OPCUA-02,0.9
2026-04-14 15:09:12,P-311,Pompe centrifuge BP,P-311-SEN-03,thermique,thermique,°C,56.2741,8.78,117.19,normal,97.9,100.0,128,GW-Modbus-03,0.7
2026-04-14 15:09:07,P-311,Pompe centrifuge BP,P-311-SEN-04,sonde_proximite,sonde_proximite,microns,88.7988,11.7,156.78,normal,98.6,96.2,1000,GW-OPCUA-02,0.3
2026-04-14 15:09:39,P-311,Pompe centrifuge BP,P-311-SEN-05,ultrason,ultrason,dB,54.3379,8.19,109.51,normal,98.7,97.5,512,GW-OPCUA-02,1.3
2026-04-14 15:09:23,P-311,Pompe centrifuge BP,P-311-SEN-06,courant,courant,A,153.5411,23.4,312.39,normal,98.3,96.5,256,GW-MQTT-01,0.7
2026-04-14 15:09:37,P-311,Pompe centrifuge BP,P-311-SEN-07,debit,debit,m3/h,115.6814,16.57,221.12,normal,99.2,95.2,2000,GW-Modbus-03,0.9
2026-04-14 15:09:22,P-311,Pompe centrifuge BP,P-311-SEN-08,pression,pression,bar,8.3198,1.27,16.94,normal,98.4,97.8,128,GW-OPCUA-02,1.2
2026-04-14 16:29:36,P-204,Pompe centrifuge HP,P-204-SEN-01,accelerometre,accelerometre,mm/s,2.122,0.25,3.4,normal,97.8,94.1,1000,GW-Modbus-03,1.1
2026-04-14 16:29:36,P-204,Pompe centrifuge HP,P-204-SEN-02,accelerometre,accelerometre,g,0.2849,0.05,0.73,normal,98.6,96.1,512,GW-Modbus-03,2.1
2026-04-14 16:29:43,P-204,Pompe centrifuge HP,P-204-SEN-03,thermique,thermique,°C,25.0277,4.05,54.1,normal,98.0,97.3,2000,GW-Modbus-03,1.7
2026-04-14 16:29:40,P-204,Pompe centrifuge HP,P-204-SEN-04,sonde_proximite,sonde_proximite,microns,26.7197,5.4,72.38,normal,97.7,96.3,1000,GW-Modbus-03,1.9
2026-04-14 16:29:43,P-204,Pompe centrifuge HP,P-204-SEN-05,ultrason,ultrason,dB,21.235,3.78,50.55,normal,98.2,97.1,1000,GW-Modbus-03,1.0
2026-04-14 16:29:39,P-204,Pompe centrifuge HP,P-204-SEN-06,courant,courant,A,70.8189,10.8,144.19,normal,98.4,95.6,512,GW-OPCUA-02,1.5
2026-04-14 16:29:07,P-204,Pompe centrifuge HP,P-204-SEN-07,debit,debit,m3/h,54.4033,7.65,102.06,normal,98.3,95.2,2000,GW-OPCUA-02,0.7
2026-04-14 16:29:44,P-204,Pompe centrifuge HP,P-204-SEN-08,pression,pression,bar,4.2677,0.58,7.82,normal,98.7,96.0,256,GW-Modbus-03,1.1
2026-04-14 16:29:21,C-118,Compresseur à vis,C-118-SEN-01,accelerometre,accelerometre,mm/s,1.9284,0.31,4.19,normal,98.1,93.1,5000,GW-Modbus-03,1.6
2026-04-14 16:29:40,C-118,Compresseur à vis,C-118-SEN-02,accelerometre,accelerometre,g,0.4454,0.07,0.9,normal,98.1,95.8,5000,GW-MQTT-01,0.8
2026-04-14 16:29:23,C-118,Compresseur à vis,C-118-SEN-03,thermique,thermique,°C,31.8177,4.99,66.72,normal,97.7,97.7,256,GW-Modbus-03,1.0
2026-04-14 16:29:56,C-118,Compresseur à vis,C-118-SEN-04,sonde_proximite,sonde_proximite,microns,44.7553,6.66,89.27,normal,99.0,99.0,2000,GW-MQTT-01,1.0
2026-04-14 16:29:15,C-118,Compresseur à vis,C-118-SEN-05,ultrason,ultrason,dB,27.9841,4.66,62.35,normal,97.8,96.3,128,GW-Modbus-03,1.1
2026-04-14 16:29:24,C-118,Compresseur à vis,C-118-SEN-06,courant,courant,A,85.0762,13.32,177.84,normal,97.8,92.5,256,GW-Modbus-03,1.3
2026-04-14 16:29:57,C-118,Compresseur à vis,C-118-SEN-07,debit,debit,m3/h,71.7933,9.43,125.87,normal,98.0,97.8,256,GW-OPCUA-02,0.8
2026-04-14 16:29:17,C-118,Compresseur à vis,C-118-SEN-08,pression,pression,bar,4.8234,0.72,9.64,normal,97.9,95.1,128,GW-OPCUA-02,1.1
2026-04-14 16:29:15,V-302,Ventilateur tirage,V-302-SEN-01,accelerometre,accelerometre,mm/s,2.5131,0.37,4.98,normal,98.2,97.5,1000,GW-MQTT-01,0.6
2026-04-14 16:29:48,V-302,Ventilateur tirage,V-302-SEN-02,accelerometre,accelerometre,g,0.4192,0.08,1.07,normal,99.2,94.9,1000,GW-MQTT-01,1.3
2026-04-14 16:29:47,V-302,Ventilateur tirage,V-302-SEN-03,thermique,thermique,°C,42.2813,5.94,79.34,normal,98.6,98.6,5000,GW-OPCUA-02,1.3
2026-04-14 16:29:06,V-302,Ventilateur tirage,V-302-SEN-04,sonde_proximite,sonde_proximite,microns,61.0502,7.92,106.16,normal,97.6,95.6,128,GW-OPCUA-02,1.2
2026-04-14 16:29:15,V-302,Ventilateur tirage,V-302-SEN-05,ultrason,ultrason,dB,36.3195,5.54,74.15,normal,98.8,98.8,1000,GW-Modbus-03,1.0
2026-04-14 16:29:27,V-302,Ventilateur tirage,V-302-SEN-06,courant,courant,A,97.9973,15.84,211.48,normal,98.1,93.7,5000,GW-Modbus-03,1.0
2026-04-14 16:29:13,V-302,Ventilateur tirage,V-302-SEN-07,debit,debit,m3/h,67.4381,11.22,149.68,normal,98.9,95.1,512,GW-Modbus-03,2.0
2026-04-14 16:29:45,V-302,Ventilateur tirage,V-302-SEN-08,pression,pression,bar,5.8427,0.86,11.47,normal,99.0,96.9,128,GW-MQTT-01,0.8
2026-04-14 16:29:34,M-019,Moteur électrique 400kW,M-019-SEN-01,accelerometre,accelerometre,mm/s,2.8933,0.43,5.78,normal,97.8,98.8,256,GW-OPCUA-02,1.1
2026-04-14 16:29:55,M-019,Moteur électrique 400kW,M-019-SEN-02,accelerometre,accelerometre,g,0.6052,0.09,1.24,normal,99.0,95.9,512,GW-Modbus-03,0.8
2026-04-14 16:29:35,M-019,Moteur électrique 400kW,M-019-SEN-03,thermique,thermique,°C,47.9789,6.88,91.96,normal,98.3,97.4,2000,GW-Modbus-03,1.0
2026-04-14 16:29:11,M-019,Moteur électrique 400kW,M-019-SEN-04,sonde_proximite,sonde_proximite,microns,47.5035,9.18,123.05,normal,97.7,97.4,5000,GW-Modbus-03,1.2
2026-04-14 16:29:27,M-019,Moteur électrique 400kW,M-019-SEN-05,ultrason,ultrason,dB,46.9266,6.43,85.94,normal,98.2,100.7,1000,GW-MQTT-01,1.1
2026-04-14 16:29:53,M-019,Moteur électrique 400kW,M-019-SEN-06,courant,courant,A,133.9039,18.36,245.13,normal,98.1,98.9,128,GW-Modbus-03,1.3
2026-04-14 16:29:06,M-019,Moteur électrique 400kW,M-019-SEN-07,debit,debit,m3/h,81.8774,13.01,173.5,normal,97.9,99.1,1000,GW-MQTT-01,1.2
2026-04-14 16:29:25,M-019,Moteur électrique 400kW,M-019-SEN-08,pression,pression,bar,6.6983,0.99,13.29,normal,98.0,99.6,1000,GW-MQTT-01,1.3
2026-04-14 16:29:35,R-077,Réducteur convoyeur,R-077-SEN-01,accelerometre,accelerometre,mm/s,3.3561,0.49,6.57,normal,98.3,98.6,1000,GW-MQTT-01,1.0
2026-04-14 16:29:28,R-077,Réducteur convoyeur,R-077-SEN-02,accelerometre,accelerometre,g,0.8441,0.1,1.41,normal,99.1,100.3,2000,GW-Modbus-03,1.1
2026-04-14 16:29:28,R-077,Réducteur convoyeur,R-077-SEN-03,thermique,thermique,°C,48.0376,7.83,104.59,normal,97.9,100.2,1000,GW-OPCUA-02,1.3
2026-04-14 16:29:37,R-077,Réducteur convoyeur,R-077-SEN-04,sonde_proximite,sonde_proximite,microns,75.3106,10.44,139.94,normal,97.7,96.5,512,GW-OPCUA-02,1.0
2026-04-14 16:29:40,R-077,Réducteur convoyeur,R-077-SEN-05,ultrason,ultrason,dB,52.3839,7.31,97.74,normal,98.3,93.6,1000,GW-Modbus-03,1.3
2026-04-14 16:29:00,R-077,Réducteur convoyeur,R-077-SEN-06,courant,courant,A,153.6741,20.88,278.77,normal,98.0,93.2,2000,GW-MQTT-01,1.4
2026-04-14 16:29:50,R-077,Réducteur convoyeur,R-077-SEN-07,debit,debit,m3/h,88.1745,14.79,197.31,normal,98.8,99.4,256,GW-Modbus-03,0.7
2026-04-14 16:29:30,R-077,Réducteur convoyeur,R-077-SEN-08,pression,pression,bar,7.5442,1.13,15.12,normal,98.9,95.8,256,GW-Modbus-03,1.7
2026-04-14 16:29:15,P-311,Pompe centrifuge BP,P-311-SEN-01,accelerometre,accelerometre,mm/s,3.6933,0.55,7.36,normal,97.6,100.1,2000,GW-MQTT-01,0.3
2026-04-14 16:29:51,P-311,Pompe centrifuge BP,P-311-SEN-02,accelerometre,accelerometre,g,0.7595,0.12,1.58,normal,98.6,95.3,128,GW-OPCUA-02,1.8
2026-04-14 16:29:01,P-311,Pompe centrifuge BP,P-311-SEN-03,thermique,thermique,°C,59.0939,8.78,117.21,normal,98.7,100.2,5000,GW-OPCUA-02,0.9
2026-04-14 16:29:24,P-311,Pompe centrifuge BP,P-311-SEN-04,sonde_proximite,sonde_proximite,microns,75.1516,11.7,156.83,normal,98.5,96.7,2000,GW-OPCUA-02,1.8
2026-04-14 16:29:36,P-311,Pompe centrifuge BP,P-311-SEN-05,ultrason,ultrason,dB,58.4289,8.19,109.53,normal,98.7,96.1,1000,GW-Modbus-03,1.3
2026-04-14 16:29:19,P-311,Pompe centrifuge BP,P-311-SEN-06,courant,courant,A,146.8748,23.4,312.42,normal,98.0,95.8,1000,GW-Modbus-03,1.2
2026-04-14 16:29:03,P-311,Pompe centrifuge BP,P-311-SEN-07,debit,debit,m3/h,120.2521,16.57,221.12,normal,98.9,96.5,1000,GW-Modbus-03,1.0
2026-04-14 16:29:19,P-311,Pompe centrifuge BP,P-311-SEN-08,pression,pression,bar,8.7505,1.27,16.94,normal,98.6,97.7,2000,GW-MQTT-01,1.8
2026-04-14 17:28:01,P-204,Pompe centrifuge HP,P-204-SEN-01,accelerometre,accelerometre,mm/s,1.9858,0.25,3.4,normal,98.2,97.1,512,GW-Modbus-03,1.4
2026-04-14 17:28:56,P-204,Pompe centrifuge HP,P-204-SEN-02,accelerometre,accelerometre,g,0.3467,0.05,0.73,normal,98.8,100.2,256,GW-Modbus-03,1.0
2026-04-14 17:28:12,P-204,Pompe centrifuge HP,P-204-SEN-03,thermique,thermique,°C,26.7018,4.05,54.1,normal,97.9,97.7,256,GW-Modbus-03,1.4
2026-04-14 17:28:08,P-204,Pompe centrifuge HP,P-204-SEN-04,sonde_proximite,sonde_proximite,microns,42.8165,5.4,72.41,normal,98.6,97.4,512,GW-OPCUA-02,1.1
2026-04-14 17:28:07,P-204,Pompe centrifuge HP,P-204-SEN-05,ultrason,ultrason,dB,28.938,3.78,50.56,normal,98.1,97.5,1000,GW-OPCUA-02,1.7
2026-04-14 17:28:25,P-204,Pompe centrifuge HP,P-204-SEN-06,courant,courant,A,85.1726,10.8,144.2,normal,98.3,94.1,2000,GW-OPCUA-02,1.3
2026-04-14 17:28:46,P-204,Pompe centrifuge HP,P-204-SEN-07,debit,debit,m3/h,49.905,7.65,102.06,normal,98.1,99.8,512,GW-MQTT-01,0.7
2026-04-14 17:28:11,P-204,Pompe centrifuge HP,P-204-SEN-08,pression,pression,bar,4.7695,0.58,7.82,normal,98.0,98.6,256,GW-OPCUA-02,1.0
2026-04-14 17:28:29,C-118,Compresseur à vis,C-118-SEN-01,accelerometre,accelerometre,mm/s,2.0846,0.31,4.19,normal,97.6,99.6,128,GW-MQTT-01,0.7
2026-04-14 17:28:13,C-118,Compresseur à vis,C-118-SEN-02,accelerometre,accelerometre,g,0.4744,0.07,0.9,normal,98.0,98.1,1000,GW-MQTT-01,0.8
2026-04-14 17:28:53,C-118,Compresseur à vis,C-118-SEN-03,thermique,thermique,°C,36.8781,4.99,66.73,normal,98.3,97.4,5000,GW-MQTT-01,1.2
2026-04-14 17:28:46,C-118,Compresseur à vis,C-118-SEN-04,sonde_proximite,sonde_proximite,microns,35.0425,6.66,89.3,normal,97.5,94.9,512,GW-OPCUA-02,1.6
2026-04-14 17:28:02,C-118,Compresseur à vis,C-118-SEN-05,ultrason,ultrason,dB,31.7956,4.66,62.36,normal,97.8,95.9,128,GW-MQTT-01,0.3
2026-04-14 17:28:32,C-118,Compresseur à vis,C-118-SEN-06,courant,courant,A,101.56,13.32,177.85,normal,97.5,98.9,256,GW-MQTT-01,0.7
2026-04-14 17:28:38,C-118,Compresseur à vis,C-118-SEN-07,debit,debit,m3/h,65.7336,9.43,125.88,normal,98.7,96.9,512,GW-Modbus-03,1.6
2026-04-14 17:28:02,C-118,Compresseur à vis,C-118-SEN-08,pression,pression,bar,4.479,0.72,9.65,normal,98.0,98.3,5000,GW-OPCUA-02,1.4
2026-04-14 17:28:26,V-302,Ventilateur tirage,V-302-SEN-01,accelerometre,accelerometre,mm/s,2.6337,0.37,4.99,normal,98.2,97.3,5000,GW-MQTT-01,0.4
2026-04-14 17:28:21,V-302,Ventilateur tirage,V-302-SEN-02,accelerometre,accelerometre,g,0.5054,0.08,1.07,normal,97.9,96.3,5000,GW-MQTT-01,1.8
2026-04-14 17:28:57,V-302,Ventilateur tirage,V-302-SEN-03,thermique,thermique,°C,38.8431,5.94,79.35,normal,98.4,95.8,2000,GW-Modbus-03,0.5
2026-04-14 17:28:12,V-302,Ventilateur tirage,V-302-SEN-04,sonde_proximite,sonde_proximite,microns,56.381,7.92,106.2,normal,97.6,97.7,128,GW-OPCUA-02,1.1
2026-04-14 17:28:49,V-302,Ventilateur tirage,V-302-SEN-05,ultrason,ultrason,dB,35.2207,5.54,74.16,normal,97.5,95.3,1000,GW-Modbus-03,1.2
2026-04-14 17:28:27,V-302,Ventilateur tirage,V-302-SEN-06,courant,courant,A,97.1458,15.84,211.5,normal,98.7,97.7,256,GW-OPCUA-02,1.2
2026-04-14 17:28:53,V-302,Ventilateur tirage,V-302-SEN-07,debit,debit,m3/h,72.8915,11.22,149.69,normal,99.0,97.6,2000,GW-MQTT-01,1.0
2026-04-14 17:28:16,V-302,Ventilateur tirage,V-302-SEN-08,pression,pression,bar,6.0866,0.86,11.47,normal,97.9,98.7,128,GW-Modbus-03,1.5
2026-04-14 17:28:07,M-019,Moteur électrique 400kW,M-019-SEN-01,accelerometre,accelerometre,mm/s,3.5266,0.43,5.78,normal,97.7,95.9,5000,GW-MQTT-01,0.6
2026-04-14 17:28:09,M-019,Moteur électrique 400kW,M-019-SEN-02,accelerometre,accelerometre,g,0.6516,0.09,1.24,normal,97.9,93.6,1000,GW-MQTT-01,2.0
2026-04-14 17:28:46,M-019,Moteur électrique 400kW,M-019-SEN-03,thermique,thermique,°C,44.1322,6.88,91.97,normal,98.3,93.0,128,GW-OPCUA-02,1.4
2026-04-14 17:28:04,M-019,Moteur électrique 400kW,M-019-SEN-04,sonde_proximite,sonde_proximite,microns,62.7704,9.18,123.09,normal,98.2,95.3,256,GW-MQTT-01,1.1
2026-04-14 17:28:27,M-019,Moteur électrique 400kW,M-019-SEN-05,ultrason,ultrason,dB,32.6213,6.43,85.96,normal,97.8,98.4,128,GW-MQTT-01,1.0
2026-04-14 17:28:57,M-019,Moteur électrique 400kW,M-019-SEN-06,courant,courant,A,120.1373,18.36,245.15,normal,98.0,100.0,1000,GW-MQTT-01,1.0
2026-04-14 17:28:07,M-019,Moteur électrique 400kW,M-019-SEN-07,debit,debit,m3/h,85.6085,13.01,173.5,normal,97.9,99.8,512,GW-Modbus-03,0.8
2026-04-14 17:28:37,M-019,Moteur électrique 400kW,M-019-SEN-08,pression,pression,bar,6.1959,0.99,13.29,normal,98.3,96.8,128,GW-OPCUA-02,1.3
2026-04-14 17:28:49,R-077,Réducteur convoyeur,R-077-SEN-01,accelerometre,accelerometre,mm/s,3.9311,0.49,6.57,normal,98.2,95.6,128,GW-Modbus-03,1.6
2026-04-14 17:28:23,R-077,Réducteur convoyeur,R-077-SEN-02,accelerometre,accelerometre,g,0.6104,0.1,1.41,normal,97.8,95.6,2000,GW-OPCUA-02,1.4
2026-04-14 17:28:55,R-077,Réducteur convoyeur,R-077-SEN-03,thermique,thermique,°C,55.2786,7.83,104.6,normal,98.7,99.7,1000,GW-Modbus-03,1.1
2026-04-14 17:28:01,R-077,Réducteur convoyeur,R-077-SEN-04,sonde_proximite,sonde_proximite,microns,77.2809,10.44,139.99,normal,97.6,96.3,128,GW-Modbus-03,0.7
2026-04-14 17:28:17,R-077,Réducteur convoyeur,R-077-SEN-05,ultrason,ultrason,dB,50.0337,7.31,97.76,normal,97.9,95.3,5000,GW-MQTT-01,0.9
2026-04-14 17:28:51,R-077,Réducteur convoyeur,R-077-SEN-06,courant,courant,A,136.6748,20.88,278.79,normal,98.6,94.5,1000,GW-MQTT-01,1.4
2026-04-14 17:28:18,R-077,Réducteur convoyeur,R-077-SEN-07,debit,debit,m3/h,101.061,14.79,197.32,normal,98.6,92.9,256,GW-MQTT-01,1.5
2026-04-14 17:28:25,R-077,Réducteur convoyeur,R-077-SEN-08,pression,pression,bar,8.0696,1.13,15.12,normal,98.8,96.6,5000,GW-OPCUA-02,1.7
2026-04-14 17:28:32,P-311,Pompe centrifuge BP,P-311-SEN-01,accelerometre,accelerometre,mm/s,3.503,0.55,7.37,normal,99.0,96.9,256,GW-Modbus-03,2.3
2026-04-14 17:28:05,P-311,Pompe centrifuge BP,P-311-SEN-02,accelerometre,accelerometre,g,0.791,0.12,1.58,normal,97.7,95.4,1000,GW-MQTT-01,1.6
2026-04-14 17:28:02,P-311,Pompe centrifuge BP,P-311-SEN-03,thermique,thermique,°C,56.9832,8.78,117.22,normal,98.1,97.0,512,GW-MQTT-01,0.6
2026-04-14 17:28:55,P-311,Pompe centrifuge BP,P-311-SEN-04,sonde_proximite,sonde_proximite,microns,86.4095,11.7,156.88,normal,98.0,95.8,5000,GW-MQTT-01,0.8
2026-04-14 17:28:58,P-311,Pompe centrifuge BP,P-311-SEN-05,ultrason,ultrason,dB,56.9349,8.19,109.55,normal,97.6,99.2,256,GW-Modbus-03,1.5
2026-04-14 17:28:51,P-311,Pompe centrifuge BP,P-311-SEN-06,courant,courant,A,148.1174,23.4,312.44,normal,98.1,99.1,128,GW-MQTT-01,0.9
2026-04-14 17:28:04,P-311,Pompe centrifuge BP,P-311-SEN-07,debit,debit,m3/h,103.8791,16.57,221.13,normal,97.8,94.5,512,GW-Modbus-03,1.2
2026-04-14 17:28:42,P-311,Pompe centrifuge BP,P-311-SEN-08,pression,pression,bar,8.6088,1.27,16.94,normal,97.7,96.4,512,GW-MQTT-01,1.9
2026-04-14 18:45:50,P-204,Pompe centrifuge HP,P-204-SEN-01,accelerometre,accelerometre,mm/s,1.4337,0.25,3.4,normal,97.6,98.6,128,GW-Modbus-03,0.8
2026-04-14 18:45:57,P-204,Pompe centrifuge HP,P-204-SEN-02,accelerometre,accelerometre,g,0.437,0.05,0.73,normal,97.5,95.7,256,GW-Modbus-03,1.6
2026-04-14 18:45:02,P-204,Pompe centrifuge HP,P-204-SEN-03,thermique,thermique,°C,26.7857,4.05,54.11,normal,98.9,97.4,128,GW-Modbus-03,1.5
2026-04-14 18:45:53,P-204,Pompe centrifuge HP,P-204-SEN-04,sonde_proximite,sonde_proximite,microns,33.4783,5.4,72.43,normal,98.1,97.5,256,GW-Modbus-03,1.4
2026-04-14 18:45:30,P-204,Pompe centrifuge HP,P-204-SEN-05,ultrason,ultrason,dB,22.4076,3.78,50.57,normal,97.4,94.0,2000,GW-MQTT-01,0.9
2026-04-14 18:45:33,P-204,Pompe centrifuge HP,P-204-SEN-06,courant,courant,A,63.2726,10.8,144.22,normal,97.7,101.6,128,GW-OPCUA-02,1.0
2026-04-14 18:45:30,P-204,Pompe centrifuge HP,P-204-SEN-07,debit,debit,m3/h,48.1259,7.65,102.06,normal,98.8,96.2,2000,GW-MQTT-01,1.5
2026-04-14 18:45:52,P-204,Pompe centrifuge HP,P-204-SEN-08,pression,pression,bar,4.5063,0.58,7.82,normal,98.4,95.4,512,GW-OPCUA-02,1.1
2026-04-14 18:45:00,C-118,Compresseur à vis,C-118-SEN-01,accelerometre,accelerometre,mm/s,2.2996,0.31,4.2,normal,98.8,98.6,5000,GW-MQTT-01,1.9
2026-04-14 18:45:01,C-118,Compresseur à vis,C-118-SEN-02,accelerometre,accelerometre,g,0.4535,0.07,0.9,normal,97.4,95.6,512,GW-OPCUA-02,1.1
2026-04-14 18:45:51,C-118,Compresseur à vis,C-118-SEN-03,thermique,thermique,°C,35.2797,4.99,66.73,normal,97.6,99.0,5000,GW-OPCUA-02,0.8
2026-04-14 18:45:48,C-118,Compresseur à vis,C-118-SEN-04,sonde_proximite,sonde_proximite,microns,52.783,6.66,89.33,normal,98.0,99.0,5000,GW-MQTT-01,1.9
2026-04-14 18:45:27,C-118,Compresseur à vis,C-118-SEN-05,ultrason,ultrason,dB,27.5461,4.66,62.37,normal,97.5,96.6,1000,GW-MQTT-01,1.0
2026-04-14 18:45:45,C-118,Compresseur à vis,C-118-SEN-06,courant,courant,A,98.8653,13.32,177.87,normal,98.8,97.1,128,GW-MQTT-01,0.1
2026-04-14 18:45:08,C-118,Compresseur à vis,C-118-SEN-07,debit,debit,m3/h,68.8996,9.43,125.88,normal,98.3,98.6,256,GW-MQTT-01,1.7
2026-04-14 18:45:59,C-118,Compresseur à vis,C-118-SEN-08,pression,pression,bar,4.634,0.72,9.65,normal,99.0,96.6,256,GW-OPCUA-02,1.1
2026-04-14 18:45:12,V-302,Ventilateur tirage,V-302-SEN-01,accelerometre,accelerometre,mm/s,2.5321,0.37,4.99,normal,98.5,100.3,256,GW-Modbus-03,1.2
2026-04-14 18:45:31,V-302,Ventilateur tirage,V-302-SEN-02,accelerometre,accelerometre,g,0.4587,0.08,1.07,normal,97.9,100.1,2000,GW-OPCUA-02,1.0
2026-04-14 18:45:09,V-302,Ventilateur tirage,V-302-SEN-03,thermique,thermique,°C,41.4732,5.94,79.36,normal,98.4,98.3,128,GW-OPCUA-02,1.0
2026-04-14 18:45:01,V-302,Ventilateur tirage,V-302-SEN-04,sonde_proximite,sonde_proximite,microns,64.819,7.92,106.23,normal,99.0,98.2,128,GW-OPCUA-02,1.3
2026-04-14 18:45:02,V-302,Ventilateur tirage,V-302-SEN-05,ultrason,ultrason,dB,38.9057,5.54,74.17,normal,97.3,98.5,256,GW-MQTT-01,1.3
2026-04-14 18:45:11,V-302,Ventilateur tirage,V-302-SEN-06,courant,courant,A,112.6818,15.84,211.52,normal,97.8,98.3,2000,GW-OPCUA-02,1.1
2026-04-14 18:45:30,V-302,Ventilateur tirage,V-302-SEN-07,debit,debit,m3/h,73.7152,11.22,149.7,normal,98.4,101.3,512,GW-Modbus-03,1.2
2026-04-14 18:45:15,V-302,Ventilateur tirage,V-302-SEN-08,pression,pression,bar,6.3395,0.86,11.47,normal,98.4,96.2,128,GW-MQTT-01,1.3
2026-04-14 18:45:39,M-019,Moteur électrique 400kW,M-019-SEN-01,accelerometre,accelerometre,mm/s,3.164,0.43,5.79,normal,97.6,98.7,5000,GW-Modbus-03,1.2
2026-04-14 18:45:51,M-019,Moteur électrique 400kW,M-019-SEN-02,accelerometre,accelerometre,g,0.6164,0.09,1.24,normal,98.8,96.9,1000,GW-Modbus-03,1.0
2026-04-14 18:45:19,M-019,Moteur électrique 400kW,M-019-SEN-03,thermique,thermique,°C,47.5785,6.88,91.98,normal,98.4,96.0,128,GW-Modbus-03,0.6
2026-04-14 18:45:30,M-019,Moteur électrique 400kW,M-019-SEN-04,sonde_proximite,sonde_proximite,microns,59.116,9.18,123.13,normal,97.3,99.2,256,GW-MQTT-01,0.8
2026-04-14 18:45:28,M-019,Moteur électrique 400kW,M-019-SEN-05,ultrason,ultrason,dB,41.0818,6.43,85.97,normal,98.8,96.1,128,GW-OPCUA-02,0.9
2026-04-14 18:45:47,M-019,Moteur électrique 400kW,M-019-SEN-06,courant,courant,A,122.7922,18.36,245.17,normal,98.4,99.4,1000,GW-Modbus-03,0.5
2026-04-14 18:45:33,M-019,Moteur électrique 400kW,M-019-SEN-07,debit,debit,m3/h,89.3107,13.01,173.51,normal,98.9,94.3,256,GW-OPCUA-02,1.5
2026-04-14 18:45:43,M-019,Moteur électrique 400kW,M-019-SEN-08,pression,pression,bar,6.4719,0.99,13.3,normal,98.0,98.2,1000,GW-Modbus-03,1.4
2026-04-14 18:45:32,R-077,Réducteur convoyeur,R-077-SEN-01,accelerometre,accelerometre,mm/s,3.1443,0.49,6.58,normal,98.8,97.2,128,GW-MQTT-01,0.9
2026-04-14 18:45:55,R-077,Réducteur convoyeur,R-077-SEN-02,accelerometre,accelerometre,g,0.6987,0.1,1.41,normal,97.3,95.9,1000,GW-Modbus-03,1.0
2026-04-14 18:45:42,R-077,Réducteur convoyeur,R-077-SEN-03,thermique,thermique,°C,51.04,7.83,104.61,normal,98.1,95.7,128,GW-MQTT-01,1.7
2026-04-14 18:45:29,R-077,Réducteur convoyeur,R-077-SEN-04,sonde_proximite,sonde_proximite,microns,73.9494,10.44,140.04,normal,97.8,99.1,2000,GW-OPCUA-02,1.2
2026-04-14 18:45:33,R-077,Réducteur convoyeur,R-077-SEN-05,ultrason,ultrason,dB,50.6031,7.31,97.77,normal,98.9,97.7,2000,GW-Modbus-03,0.2
2026-04-14 18:45:17,R-077,Réducteur convoyeur,R-077-SEN-06,courant,courant,A,135.6548,20.88,278.82,normal,98.3,98.1,5000,GW-MQTT-01,1.7
2026-04-14 18:45:24,R-077,Réducteur convoyeur,R-077-SEN-07,debit,debit,m3/h,99.9869,14.79,197.33,normal,97.7,98.0,5000,GW-OPCUA-02,1.4
2026-04-14 18:45:41,R-077,Réducteur convoyeur,R-077-SEN-08,pression,pression,bar,7.812,1.13,15.12,normal,98.6,100.0,128,GW-OPCUA-02,1.2
2026-04-14 18:45:33,P-311,Pompe centrifuge BP,P-311-SEN-01,accelerometre,accelerometre,mm/s,3.5747,0.55,7.37,normal,98.0,102.7,2000,GW-OPCUA-02,1.7
2026-04-14 18:45:34,P-311,Pompe centrifuge BP,P-311-SEN-02,accelerometre,accelerometre,g,0.6977,0.12,1.58,normal,97.7,97.2,2000,GW-Modbus-03,0.6
2026-04-14 18:45:37,P-311,Pompe centrifuge BP,P-311-SEN-03,thermique,thermique,°C,60.1438,8.78,117.23,normal,98.9,94.4,256,GW-OPCUA-02,1.2
2026-04-14 18:45:10,P-311,Pompe centrifuge BP,P-311-SEN-04,sonde_proximite,sonde_proximite,microns,75.5024,11.7,156.94,normal,98.9,97.2,1000,GW-Modbus-03,0.7
2026-04-14 18:45:14,P-311,Pompe centrifuge BP,P-311-SEN-05,ultrason,ultrason,dB,61.2569,8.19,109.57,normal,97.6,96.7,256,GW-Modbus-03,1.2
2026-04-14 18:45:35,P-311,Pompe centrifuge BP,P-311-SEN-06,courant,courant,A,151.5471,23.4,312.47,normal,97.9,100.0,2000,GW-Modbus-03,0.8
2026-04-14 18:45:34,P-311,Pompe centrifuge BP,P-311-SEN-07,debit,debit,m3/h,109.0056,16.57,221.14,normal,97.8,95.3,1000,GW-MQTT-01,1.5
2026-04-14 18:45:19,P-311,Pompe centrifuge BP,P-311-SEN-08,pression,pression,bar,8.2879,1.27,16.95,normal,97.3,97.9,1000,GW-MQTT-01,0.6
2026-04-14 19:41:32,P-204,Pompe centrifuge HP,P-204-SEN-01,accelerometre,accelerometre,mm/s,1.9534,0.25,3.41,normal,97.8,96.0,128,GW-Modbus-03,1.1
2026-04-14 19:41:02,P-204,Pompe centrifuge HP,P-204-SEN-02,accelerometre,accelerometre,g,0.2376,0.05,0.73,normal,98.3,93.3,512,GW-Modbus-03,0.1
2026-04-14 19:41:17,P-204,Pompe centrifuge HP,P-204-SEN-03,thermique,thermique,°C,26.7367,4.05,54.11,normal,98.8,97.5,128,GW-MQTT-01,1.4
2026-04-14 19:41:24,P-204,Pompe centrifuge HP,P-204-SEN-04,sonde_proximite,sonde_proximite,microns,35.6898,5.4,72.46,normal,98.1,97.0,128,GW-Modbus-03,1.7
2026-04-14 19:41:40,P-204,Pompe centrifuge HP,P-204-SEN-05,ultrason,ultrason,dB,21.4678,3.78,50.58,normal,98.3,96.9,512,GW-OPCUA-02,0.5
2026-04-14 19:41:44,P-204,Pompe centrifuge HP,P-204-SEN-06,courant,courant,A,76.8188,10.8,144.23,normal,97.3,98.3,1000,GW-OPCUA-02,0.9
2026-04-14 19:41:38,P-204,Pompe centrifuge HP,P-204-SEN-07,debit,debit,m3/h,51.507,7.65,102.07,normal,98.2,96.8,512,GW-Modbus-03,1.0
2026-04-14 19:41:44,P-204,Pompe centrifuge HP,P-204-SEN-08,pression,pression,bar,3.933,0.58,7.82,normal,97.6,96.7,256,GW-MQTT-01,1.5
2026-04-14 19:41:58,C-118,Compresseur à vis,C-118-SEN-01,accelerometre,accelerometre,mm/s,2.0101,0.31,4.2,normal,98.0,95.9,128,GW-Modbus-03,1.2
2026-04-14 19:41:28,C-118,Compresseur à vis,C-118-SEN-02,accelerometre,accelerometre,g,0.446,0.07,0.9,normal,98.8,97.1,2000,GW-MQTT-01,1.6
2026-04-14 19:41:39,C-118,Compresseur à vis,C-118-SEN-03,thermique,thermique,°C,31.5616,4.99,66.74,normal,97.7,98.2,256,GW-OPCUA-02,1.1
2026-04-14 19:41:13,C-118,Compresseur à vis,C-118-SEN-04,sonde_proximite,sonde_proximite,microns,43.4378,6.66,89.36,normal,97.5,99.5,128,GW-Modbus-03,1.4
2026-04-14 19:41:18,C-118,Compresseur à vis,C-118-SEN-05,ultrason,ultrason,dB,35.4818,4.66,62.38,normal,97.2,97.3,256,GW-Modbus-03,0.9
2026-04-14 19:41:32,C-118,Compresseur à vis,C-118-SEN-06,courant,courant,A,83.7158,13.32,177.88,normal,99.0,92.8,1000,GW-OPCUA-02,1.0
2026-04-14 19:41:53,C-118,Compresseur à vis,C-118-SEN-07,debit,debit,m3/h,62.6913,9.43,125.88,normal,98.2,98.1,256,GW-OPCUA-02,1.0
2026-04-14 19:41:21,C-118,Compresseur à vis,C-118-SEN-08,pression,pression,bar,4.9092,0.72,9.65,normal,97.5,93.3,2000,GW-MQTT-01,0.8
2026-04-14 19:41:51,V-302,Ventilateur tirage,V-302-SEN-01,accelerometre,accelerometre,mm/s,2.6406,0.37,4.99,normal,97.7,98.6,256,GW-MQTT-01,0.9
2026-04-14 19:41:50,V-302,Ventilateur tirage,V-302-SEN-02,accelerometre,accelerometre,g,0.6757,0.08,1.07,normal,98.2,97.3,512,GW-OPCUA-02,2.0
2026-04-14 19:41:15,V-302,Ventilateur tirage,V-302-SEN-03,thermique,thermique,°C,40.7089,5.94,79.37,normal,98.5,101.2,2000,GW-Modbus-03,0.9
2026-04-14 19:41:31,V-302,Ventilateur tirage,V-302-SEN-04,sonde_proximite,sonde_proximite,microns,61.7861,7.92,106.27,normal,97.5,95.5,512,GW-Modbus-03,1.7
2026-04-14 19:41:51,V-302,Ventilateur tirage,V-302-SEN-05,ultrason,ultrason,dB,35.8655,5.54,74.19,normal,97.7,94.6,1000,GW-Modbus-03,1.8
2026-04-14 19:41:22,V-302,Ventilateur tirage,V-302-SEN-06,courant,courant,A,99.5286,15.84,211.53,normal,98.1,99.4,2000,GW-Modbus-03,1.4
2026-04-14 19:41:56,V-302,Ventilateur tirage,V-302-SEN-07,debit,debit,m3/h,71.5861,11.22,149.7,normal,98.2,95.5,1000,GW-MQTT-01,1.4
2026-04-14 19:41:59,V-302,Ventilateur tirage,V-302-SEN-08,pression,pression,bar,6.3499,0.86,11.47,normal,98.8,100.0,2000,GW-Modbus-03,1.1
2026-04-14 19:41:03,M-019,Moteur électrique 400kW,M-019-SEN-01,accelerometre,accelerometre,mm/s,2.8121,0.43,5.79,normal,97.2,98.1,128,GW-Modbus-03,1.4
2026-04-14 19:41:44,M-019,Moteur électrique 400kW,M-019-SEN-02,accelerometre,accelerometre,g,0.5029,0.09,1.24,normal,97.4,94.6,256,GW-Modbus-03,1.4
2026-04-14 19:41:48,M-019,Moteur électrique 400kW,M-019-SEN-03,thermique,thermique,°C,46.1686,6.88,91.99,normal,97.2,99.3,2000,GW-OPCUA-02,1.2
2026-04-14 19:41:15,M-019,Moteur électrique 400kW,M-019-SEN-04,sonde_proximite,sonde_proximite,microns,53.1708,9.18,123.18,normal,98.9,97.9,256,GW-Modbus-03,1.3
2026-04-14 19:41:16,M-019,Moteur électrique 400kW,M-019-SEN-05,ultrason,ultrason,dB,46.4451,6.43,85.99,normal,97.3,100.6,128,GW-Modbus-03,1.7
2026-04-14 19:41:54,M-019,Moteur électrique 400kW,M-019-SEN-06,courant,courant,A,125.1352,18.36,245.19,normal,97.6,97.3,256,GW-OPCUA-02,1.4
2026-04-14 19:41:05,M-019,Moteur électrique 400kW,M-019-SEN-07,debit,debit,m3/h,86.038,13.01,173.52,normal,97.6,96.5,5000,GW-OPCUA-02,0.9
2026-04-14 19:41:27,M-019,Moteur électrique 400kW,M-019-SEN-08,pression,pression,bar,5.9254,0.99,13.3,normal,98.8,96.3,512,GW-Modbus-03,0.8
2026-04-14 19:41:49,R-077,Réducteur convoyeur,R-077-SEN-01,accelerometre,accelerometre,mm/s,3.1918,0.49,6.58,normal,97.5,93.8,512,GW-MQTT-01,0.7
2026-04-14 19:41:00,R-077,Réducteur convoyeur,R-077-SEN-02,accelerometre,accelerometre,g,0.7344,0.1,1.41,normal,98.0,96.2,5000,GW-OPCUA-02,1.1
2026-04-14 19:41:38,R-077,Réducteur convoyeur,R-077-SEN-03,thermique,thermique,°C,51.0065,7.83,104.62,normal,97.6,99.6,256,GW-MQTT-01,0.0
2026-04-14 19:41:29,R-077,Réducteur convoyeur,R-077-SEN-04,sonde_proximite,sonde_proximite,microns,75.4251,10.44,140.08,normal,98.6,98.7,1000,GW-MQTT-01,1.2
2026-04-14 19:41:02,R-077,Réducteur convoyeur,R-077-SEN-05,ultrason,ultrason,dB,48.8164,7.31,97.79,normal,97.8,97.0,2000,GW-MQTT-01,0.7
2026-04-14 19:41:35,R-077,Réducteur convoyeur,R-077-SEN-06,courant,courant,A,138.7791,20.88,278.84,normal,98.7,97.9,1000,GW-OPCUA-02,1.4
2026-04-14 19:41:31,R-077,Réducteur convoyeur,R-077-SEN-07,debit,debit,m3/h,99.7985,14.79,197.33,normal,97.8,97.5,5000,GW-MQTT-01,1.4
2026-04-14 19:41:05,R-077,Réducteur convoyeur,R-077-SEN-08,pression,pression,bar,7.2452,1.13,15.12,normal,97.3,98.9,128,GW-MQTT-01,0.6
2026-04-14 19:41:57,P-311,Pompe centrifuge BP,P-311-SEN-01,accelerometre,accelerometre,mm/s,3.7367,0.55,7.38,normal,97.9,95.9,2000,GW-OPCUA-02,1.2
2026-04-14 19:41:30,P-311,Pompe centrifuge BP,P-311-SEN-02,accelerometre,accelerometre,g,0.8573,0.12,1.58,normal,97.3,96.3,1000,GW-OPCUA-02,1.0
2026-04-14 19:41:48,P-311,Pompe centrifuge BP,P-311-SEN-03,thermique,thermique,°C,56.4932,8.78,117.25,normal,98.0,95.7,128,GW-OPCUA-02,1.2
2026-04-14 19:41:19,P-311,Pompe centrifuge BP,P-311-SEN-04,sonde_proximite,sonde_proximite,microns,81.9495,11.7,156.99,normal,98.8,97.2,5000,GW-MQTT-01,1.5
2026-04-14 19:41:55,P-311,Pompe centrifuge BP,P-311-SEN-05,ultrason,ultrason,dB,58.1983,8.19,109.6,normal,97.9,97.0,512,GW-OPCUA-02,1.1
2026-04-14 19:41:17,P-311,Pompe centrifuge BP,P-311-SEN-06,courant,courant,A,149.8802,23.4,312.49,normal,97.6,96.4,512,GW-MQTT-01,1.6
2026-04-14 19:41:21,P-311,Pompe centrifuge BP,P-311-SEN-07,debit,debit,m3/h,107.1923,16.57,221.15,normal,99.0,99.2,512,GW-OPCUA-02,1.0
2026-04-14 19:41:31,P-311,Pompe centrifuge BP,P-311-SEN-08,pression,pression,bar,8.6171,1.27,16.95,normal,98.5,99.2,512,GW-Modbus-03,1.1
2026-04-14 20:39:36,P-204,Pompe centrifuge HP,P-204-SEN-01,accelerometre,accelerometre,mm/s,1.6482,0.25,3.41,normal,98.9,98.3,256,GW-OPCUA-02,1.7
2026-04-14 20:39:59,P-204,Pompe centrifuge HP,P-204-SEN-02,accelerometre,accelerometre,g,0.3702,0.05,0.73,normal,97.3,97.4,1000,GW-MQTT-01,1.2
2026-04-14 20:39:10,P-204,Pompe centrifuge HP,P-204-SEN-03,thermique,thermique,°C,27.6605,4.05,54.12,normal,98.3,97.4,256,GW-OPCUA-02,1.5
2026-04-14 20:39:42,P-204,Pompe centrifuge HP,P-204-SEN-04,sonde_proximite,sonde_proximite,microns,35.9573,5.4,72.48,normal,97.2,96.8,512,GW-OPCUA-02,1.6
2026-04-14 20:39:04,P-204,Pompe centrifuge HP,P-204-SEN-05,ultrason,ultrason,dB,30.561,3.78,50.59,normal,97.9,99.9,2000,GW-MQTT-01,2.0
2026-04-14 20:39:22,P-204,Pompe centrifuge HP,P-204-SEN-06,courant,courant,A,77.6437,10.8,144.24,normal,97.0,97.2,1000,GW-Modbus-03,2.0
2026-04-14 20:39:15,P-204,Pompe centrifuge HP,P-204-SEN-07,debit,debit,m3/h,52.3542,7.65,102.07,normal,97.6,98.4,5000,GW-OPCUA-02,0.6
2026-04-14 20:39:06,P-204,Pompe centrifuge HP,P-204-SEN-08,pression,pression,bar,4.2104,0.58,7.82,normal,98.5,98.7,256,GW-MQTT-01,1.7
2026-04-14 20:39:29,C-118,Compresseur à vis,C-118-SEN-01,accelerometre,accelerometre,mm/s,2.2341,0.31,4.2,normal,98.9,100.2,1000,GW-MQTT-01,1.0
2026-04-14 20:39:24,C-118,Compresseur à vis,C-118-SEN-02,accelerometre,accelerometre,g,0.4979,0.07,0.9,normal,97.2,98.9,256,GW-Modbus-03,0.5
2026-04-14 20:39:14,C-118,Compresseur à vis,C-118-SEN-03,thermique,thermique,°C,37.5999,4.99,66.75,normal,98.8,95.2,2000,GW-Modbus-03,1.1
2026-04-14 20:39:22,C-118,Compresseur à vis,C-118-SEN-04,sonde_proximite,sonde_proximite,microns,47.4534,6.66,89.39,normal,98.3,97.2,128,GW-Modbus-03,1.6
2026-04-14 20:39:08,C-118,Compresseur à vis,C-118-SEN-05,ultrason,ultrason,dB,27.8635,4.66,62.4,normal,97.7,98.7,512,GW-Modbus-03,0.8
2026-04-14 20:39:49,C-118,Compresseur à vis,C-118-SEN-06,courant,courant,A,90.7068,13.32,177.9,normal,98.1,95.9,2000,GW-OPCUA-02,1.2
2026-04-14 20:39:58,C-118,Compresseur à vis,C-118-SEN-07,debit,debit,m3/h,67.1307,9.43,125.89,normal,98.4,103.1,128,GW-OPCUA-02,1.4
2026-04-14 20:39:07,C-118,Compresseur à vis,C-118-SEN-08,pression,pression,bar,5.3713,0.72,9.65,normal,97.5,95.3,512,GW-OPCUA-02,1.0
2026-04-14 20:39:36,V-302,Ventilateur tirage,V-302-SEN-01,accelerometre,accelerometre,mm/s,2.7439,0.37,5.0,normal,98.0,95.8,1000,GW-MQTT-01,1.0
2026-04-14 20:39:43,V-302,Ventilateur tirage,V-302-SEN-02,accelerometre,accelerometre,g,0.5238,0.08,1.07,normal,97.8,97.4,5000,GW-Modbus-03,1.1
2026-04-14 20:39:18,V-302,Ventilateur tirage,V-302-SEN-03,thermique,thermique,°C,41.5168,5.94,79.38,normal,98.0,95.7,256,GW-MQTT-01,0.9
2026-04-14 20:39:07,V-302,Ventilateur tirage,V-302-SEN-04,sonde_proximite,sonde_proximite,microns,51.8035,7.92,106.3,normal,98.3,97.6,2000,GW-Modbus-03,1.4
2026-04-14 20:39:18,V-302,Ventilateur tirage,V-302-SEN-05,ultrason,ultrason,dB,41.5891,5.54,74.2,normal,97.9,95.4,256,GW-Modbus-03,1.2
2026-04-14 20:39:13,V-302,Ventilateur tirage,V-302-SEN-06,courant,courant,A,94.2993,15.84,211.55,normal,98.9,98.9,5000,GW-MQTT-01,0.9
2026-04-14 20:39:06,V-302,Ventilateur tirage,V-302-SEN-07,debit,debit,m3/h,89.4995,11.22,149.71,normal,97.2,95.2,256,GW-Modbus-03,1.2
2026-04-14 20:39:27,V-302,Ventilateur tirage,V-302-SEN-08,pression,pression,bar,6.8423,0.86,11.48,normal,97.4,98.4,128,GW-MQTT-01,1.2
2026-04-14 20:39:50,M-019,Moteur électrique 400kW,M-019-SEN-01,accelerometre,accelerometre,mm/s,2.8236,0.43,5.79,normal,98.6,98.2,128,GW-OPCUA-02,0.7
2026-04-14 20:39:34,M-019,Moteur électrique 400kW,M-019-SEN-02,accelerometre,accelerometre,g,0.4575,0.09,1.24,normal,97.9,94.9,2000,GW-MQTT-01,1.6
2026-04-14 20:39:34,M-019,Moteur électrique 400kW,M-019-SEN-03,thermique,thermique,°C,47.8512,6.88,92.0,normal,98.4,92.4,128,GW-OPCUA-02,1.9
2026-04-14 20:39:27,M-019,Moteur électrique 400kW,M-019-SEN-04,sonde_proximite,sonde_proximite,microns,72.7626,9.18,123.22,normal,99.0,96.9,128,GW-OPCUA-02,0.8
2026-04-14 20:39:52,M-019,Moteur électrique 400kW,M-019-SEN-05,ultrason,ultrason,dB,42.8824,6.43,86.01,normal,98.9,97.8,1000,GW-Modbus-03,0.6
2026-04-14 20:39:10,M-019,Moteur électrique 400kW,M-019-SEN-06,courant,courant,A,120.1989,18.36,245.21,normal,99.0,98.3,512,GW-Modbus-03,1.2
2026-04-14 20:39:37,M-019,Moteur électrique 400kW,M-019-SEN-07,debit,debit,m3/h,85.4413,13.01,173.52,normal,97.5,96.1,5000,GW-OPCUA-02,0.7
2026-04-14 20:39:40,M-019,Moteur électrique 400kW,M-019-SEN-08,pression,pression,bar,6.8589,0.99,13.3,normal,98.1,95.5,128,GW-Modbus-03,1.8
2026-04-14 20:39:50,R-077,Réducteur convoyeur,R-077-SEN-01,accelerometre,accelerometre,mm/s,3.3806,0.49,6.59,normal,98.2,97.7,512,GW-Modbus-03,1.1
2026-04-14 20:39:13,R-077,Réducteur convoyeur,R-077-SEN-02,accelerometre,accelerometre,g,0.5911,0.1,1.41,normal,98.6,96.3,1000,GW-MQTT-01,0.5
2026-04-14 20:39:30,R-077,Réducteur convoyeur,R-077-SEN-03,thermique,thermique,°C,53.3128,7.83,104.63,normal,98.1,97.4,5000,GW-OPCUA-02,1.5
2026-04-14 20:39:55,R-077,Réducteur convoyeur,R-077-SEN-04,sonde_proximite,sonde_proximite,microns,70.8711,10.44,140.13,normal,97.7,93.8,1000,GW-Modbus-03,0.9
2026-04-14 20:39:36,R-077,Réducteur convoyeur,R-077-SEN-05,ultrason,ultrason,dB,45.074,7.31,97.81,normal,98.7,94.6,128,GW-MQTT-01,1.7
2026-04-14 20:39:19,R-077,Réducteur convoyeur,R-077-SEN-06,courant,courant,A,145.0109,20.88,278.86,normal,98.2,98.1,1000,GW-OPCUA-02,0.6
2026-04-14 20:39:11,R-077,Réducteur convoyeur,R-077-SEN-07,debit,debit,m3/h,97.261,14.79,197.34,normal,97.8,97.7,2000,GW-Modbus-03,1.6
2026-04-14 20:39:47,R-077,Réducteur convoyeur,R-077-SEN-08,pression,pression,bar,8.1085,1.13,15.13,normal,98.9,93.7,512,GW-Modbus-03,1.3
2026-04-14 20:39:48,P-311,Pompe centrifuge BP,P-311-SEN-01,accelerometre,accelerometre,mm/s,3.7064,0.55,7.38,normal,98.2,96.6,1000,GW-OPCUA-02,1.5
2026-04-14 20:39:53,P-311,Pompe centrifuge BP,P-311-SEN-02,accelerometre,accelerometre,g,0.7763,0.12,1.58,normal,97.1,97.1,256,GW-Modbus-03,1.5
2026-04-14 20:39:00,P-311,Pompe centrifuge BP,P-311-SEN-03,thermique,thermique,°C,55.0432,8.78,117.26,normal,98.3,95.7,1000,GW-Modbus-03,1.2
2026-04-14 20:39:08,P-311,Pompe centrifuge BP,P-311-SEN-04,sonde_proximite,sonde_proximite,microns,83.0496,11.7,157.04,normal,98.3,96.3,1000,GW-MQTT-01,1.6
2026-04-14 20:39:42,P-311,Pompe centrifuge BP,P-311-SEN-05,ultrason,ultrason,dB,48.5772,8.19,109.62,normal,98.1,96.4,1000,GW-OPCUA-02,1.3
2026-04-14 20:39:44,P-311,Pompe centrifuge BP,P-311-SEN-06,courant,courant,A,155.4657,23.4,312.52,normal,97.5,97.3,256,GW-MQTT-01,1.1
2026-04-14 20:39:32,P-311,Pompe centrifuge BP,P-311-SEN-07,debit,debit,m3/h,103.5456,16.57,221.16,normal,97.7,93.5,1000,GW-Modbus-03,1.5
2026-04-14 20:39:59,P-311,Pompe centrifuge BP,P-311-SEN-08,pression,pression,bar,8.5742,1.27,16.95,normal,98.1,94.7,256,GW-MQTT-01,1.0
2026-04-14 21:24:53,P-204,Pompe centrifuge HP,P-204-SEN-01,accelerometre,accelerometre,mm/s,1.1903,0.25,3.41,normal,97.8,94.4,512,GW-OPCUA-02,1.1
2026-04-14 21:24:46,P-204,Pompe centrifuge HP,P-204-SEN-02,accelerometre,accelerometre,g,0.3792,0.05,0.73,normal,97.6,98.0,5000,GW-OPCUA-02,0.8
2026-04-14 21:24:26,P-204,Pompe centrifuge HP,P-204-SEN-03,thermique,thermique,°C,24.535,4.05,54.13,normal,98.8,97.1,2000,GW-OPCUA-02,1.6
2026-04-14 21:24:25,P-204,Pompe centrifuge HP,P-204-SEN-04,sonde_proximite,sonde_proximite,microns,35.8548,5.4,72.5,normal,96.9,97.1,2000,GW-MQTT-01,0.6
2026-04-14 21:24:59,P-204,Pompe centrifuge HP,P-204-SEN-05,ultrason,ultrason,dB,28.4857,3.78,50.6,normal,97.8,97.4,128,GW-MQTT-01,1.6
2026-04-14 21:24:45,P-204,Pompe centrifuge HP,P-204-SEN-06,courant,courant,A,75.7525,10.8,144.25,normal,98.2,96.5,2000,GW-OPCUA-02,0.4
2026-04-14 21:24:25,P-204,Pompe centrifuge HP,P-204-SEN-07,debit,debit,m3/h,49.4213,7.65,102.08,normal,98.6,98.7,2000,GW-OPCUA-02,1.4
2026-04-14 21:24:50,P-204,Pompe centrifuge HP,P-204-SEN-08,pression,pression,bar,4.0125,0.58,7.83,normal,98.6,99.0,5000,GW-MQTT-01,1.6
2026-04-14 21:24:33,C-118,Compresseur à vis,C-118-SEN-01,accelerometre,accelerometre,mm/s,2.4391,0.31,4.21,normal,98.0,96.7,5000,GW-OPCUA-02,2.0
2026-04-14 21:24:33,C-118,Compresseur à vis,C-118-SEN-02,accelerometre,accelerometre,g,0.3912,0.07,0.9,normal,97.6,97.0,256,GW-Modbus-03,0.8
2026-04-14 21:24:36,C-118,Compresseur à vis,C-118-SEN-03,thermique,thermique,°C,31.5322,4.99,66.76,normal,98.8,95.4,128,GW-MQTT-01,1.4
2026-04-14 21:24:42,C-118,Compresseur à vis,C-118-SEN-04,sonde_proximite,sonde_proximite,microns,41.8759,6.66,89.42,normal,98.6,97.3,512,GW-OPCUA-02,1.1
2026-04-14 21:24:15,C-118,Compresseur à vis,C-118-SEN-05,ultrason,ultrason,dB,26.2122,4.66,62.41,normal,98.5,102.1,512,GW-Modbus-03,1.1
2026-04-14 21:24:48,C-118,Compresseur à vis,C-118-SEN-06,courant,courant,A,88.6065,13.32,177.91,normal,98.6,99.3,5000,GW-MQTT-01,1.1
2026-04-14 21:24:41,C-118,Compresseur à vis,C-118-SEN-07,debit,debit,m3/h,67.0593,9.43,125.89,normal,98.8,99.4,256,GW-OPCUA-02,1.3
2026-04-14 21:24:32,C-118,Compresseur à vis,C-118-SEN-08,pression,pression,bar,5.1845,0.72,9.65,normal,97.6,100.9,256,GW-MQTT-01,0.5
2026-04-14 21:24:07,V-302,Ventilateur tirage,V-302-SEN-01,accelerometre,accelerometre,mm/s,2.1194,0.37,5.0,normal,98.3,99.9,5000,GW-Modbus-03,1.6
2026-04-14 21:24:54,V-302,Ventilateur tirage,V-302-SEN-02,accelerometre,accelerometre,g,0.7311,0.08,1.07,normal,98.8,99.4,2000,GW-Modbus-03,0.9
2026-04-14 21:24:01,V-302,Ventilateur tirage,V-302-SEN-03,thermique,thermique,°C,39.4526,5.94,79.38,normal,97.0,94.1,128,GW-OPCUA-02,0.9
2026-04-14 21:24:38,V-302,Ventilateur tirage,V-302-SEN-04,sonde_proximite,sonde_proximite,microns,51.9505,7.92,106.34,normal,98.9,95.4,1000,GW-OPCUA-02,1.2
2026-04-14 21:24:15,V-302,Ventilateur tirage,V-302-SEN-05,ultrason,ultrason,dB,40.7214,5.54,74.22,normal,98.6,96.6,2000,GW-OPCUA-02,1.2
2026-04-14 21:24:39,V-302,Ventilateur tirage,V-302-SEN-06,courant,courant,A,90.236,15.84,211.57,normal,97.5,97.2,2000,GW-Modbus-03,1.7
2026-04-14 21:24:39,V-302,Ventilateur tirage,V-302-SEN-07,debit,debit,m3/h,73.981,11.22,149.71,normal,97.5,97.8,5000,GW-Modbus-03,1.8
2026-04-14 21:24:15,V-302,Ventilateur tirage,V-302-SEN-08,pression,pression,bar,6.1943,0.86,11.48,normal,96.9,97.1,256,GW-OPCUA-02,1.3
2026-04-14 21:24:38,M-019,Moteur électrique 400kW,M-019-SEN-01,accelerometre,accelerometre,mm/s,2.6768,0.43,5.8,normal,97.0,93.5,256,GW-OPCUA-02,1.0
2026-04-14 21:24:25,M-019,Moteur électrique 400kW,M-019-SEN-02,accelerometre,accelerometre,g,0.7085,0.09,1.24,normal,98.8,96.1,2000,GW-Modbus-03,0.5
2026-04-14 21:24:32,M-019,Moteur électrique 400kW,M-019-SEN-03,thermique,thermique,°C,46.3419,6.88,92.01,normal,97.3,96.8,256,GW-OPCUA-02,0.8
2026-04-14 21:24:42,M-019,Moteur électrique 400kW,M-019-SEN-04,sonde_proximite,sonde_proximite,microns,56.8538,9.18,123.26,normal,98.0,97.1,128,GW-MQTT-01,0.4
2026-04-14 21:24:16,M-019,Moteur électrique 400kW,M-019-SEN-05,ultrason,ultrason,dB,36.1502,6.43,86.02,normal,97.5,98.3,128,GW-MQTT-01,1.3
2026-04-14 21:24:21,M-019,Moteur électrique 400kW,M-019-SEN-06,courant,courant,A,114.2409,18.36,245.23,normal,96.9,98.9,2000,GW-Modbus-03,0.3
2026-04-14 21:24:47,M-019,Moteur électrique 400kW,M-019-SEN-07,debit,debit,m3/h,88.2569,13.01,173.53,normal,97.6,96.9,128,GW-MQTT-01,1.1
2026-04-14 21:24:40,M-019,Moteur électrique 400kW,M-019-SEN-08,pression,pression,bar,6.9951,0.99,13.3,normal,98.7,97.8,128,GW-Modbus-03,1.5
2026-04-14 21:24:12,R-077,Réducteur convoyeur,R-077-SEN-01,accelerometre,accelerometre,mm/s,3.2211,0.49,6.59,normal,97.9,100.1,5000,GW-Modbus-03,0.6
2026-04-14 21:24:52,R-077,Réducteur convoyeur,R-077-SEN-02,accelerometre,accelerometre,g,0.6775,0.1,1.41,normal,98.1,94.1,1000,GW-MQTT-01,1.5
2026-04-14 21:24:23,R-077,Réducteur convoyeur,R-077-SEN-03,thermique,thermique,°C,49.7849,7.83,104.64,normal,97.2,96.8,512,GW-OPCUA-02,1.0
2026-04-14 21:24:17,R-077,Réducteur convoyeur,R-077-SEN-04,sonde_proximite,sonde_proximite,microns,65.0774,10.44,140.17,normal,97.6,95.0,1000,GW-OPCUA-02,1.1
2026-04-14 21:24:51,R-077,Réducteur convoyeur,R-077-SEN-05,ultrason,ultrason,dB,54.7456,7.31,97.83,normal,98.7,97.5,512,GW-OPCUA-02,1.3
2026-04-14 21:24:04,R-077,Réducteur convoyeur,R-077-SEN-06,courant,courant,A,143.6532,20.88,278.89,normal,98.3,97.2,128,GW-Modbus-03,1.2
2026-04-14 21:24:58,R-077,Réducteur convoyeur,R-077-SEN-07,debit,debit,m3/h,99.3196,14.79,197.35,normal,97.2,98.7,2000,GW-Modbus-03,-0.1
2026-04-14 21:24:37,R-077,Réducteur convoyeur,R-077-SEN-08,pression,pression,bar,7.1837,1.13,15.13,normal,98.3,96.2,5000,GW-Modbus-03,1.6
2026-04-14 21:24:58,P-311,Pompe centrifuge BP,P-311-SEN-01,accelerometre,accelerometre,mm/s,3.3557,0.55,7.39,normal,98.7,94.9,256,GW-Modbus-03,1.2
2026-04-14 21:24:34,P-311,Pompe centrifuge BP,P-311-SEN-02,accelerometre,accelerometre,g,0.7812,0.12,1.58,normal,98.6,99.5,2000,GW-MQTT-01,0.8
2026-04-14 21:24:33,P-311,Pompe centrifuge BP,P-311-SEN-03,thermique,thermique,°C,56.0697,8.78,117.27,normal,98.4,99.7,128,GW-Modbus-03,1.1
2026-04-14 21:24:44,P-311,Pompe centrifuge BP,P-311-SEN-04,sonde_proximite,sonde_proximite,microns,82.3043,11.7,157.09,normal,96.9,99.3,2000,GW-OPCUA-02,1.0
2026-04-14 21:24:11,P-311,Pompe centrifuge BP,P-311-SEN-05,ultrason,ultrason,dB,54.3938,8.19,109.64,normal,97.7,97.2,512,GW-OPCUA-02,1.4
2026-04-14 21:24:03,P-311,Pompe centrifuge BP,P-311-SEN-06,courant,courant,A,161.4285,23.4,312.55,normal,98.5,97.3,1000,GW-MQTT-01,1.5
2026-04-14 21:24:05,P-311,Pompe centrifuge BP,P-311-SEN-07,debit,debit,m3/h,105.6012,16.57,221.16,normal,98.5,96.5,512,GW-MQTT-01,0.9
2026-04-14 21:24:08,P-311,Pompe centrifuge BP,P-311-SEN-08,pression,pression,bar,8.2694,1.27,16.95,normal,97.8,99.8,5000,GW-OPCUA-02,1.4
2026-04-14 22:36:51,P-204,Pompe centrifuge HP,P-204-SEN-01,accelerometre,accelerometre,mm/s,2.4784,0.25,3.41,normal,97.6,96.6,256,GW-Modbus-03,1.1
2026-04-14 22:36:25,P-204,Pompe centrifuge HP,P-204-SEN-02,accelerometre,accelerometre,g,0.2851,0.05,0.73,normal,97.8,100.3,512,GW-Modbus-03,1.2
2026-04-14 22:36:43,P-204,Pompe centrifuge HP,P-204-SEN-03,thermique,thermique,°C,26.453,4.05,54.13,normal,97.3,98.7,5000,GW-OPCUA-02,0.2
2026-04-14 22:36:07,P-204,Pompe centrifuge HP,P-204-SEN-04,sonde_proximite,sonde_proximite,microns,42.0775,5.4,72.53,normal,98.7,99.7,512,GW-MQTT-01,0.6
2026-04-14 22:36:19,P-204,Pompe centrifuge HP,P-204-SEN-05,ultrason,ultrason,dB,23.2773,3.78,50.61,normal,98.2,94.4,5000,GW-Modbus-03,1.0
2026-04-14 22:36:29,P-204,Pompe centrifuge HP,P-204-SEN-06,courant,courant,A,79.375,10.8,144.26,normal,97.4,101.7,512,GW-Modbus-03,0.8
2026-04-14 22:36:29,P-204,Pompe centrifuge HP,P-204-SEN-07,debit,debit,m3/h,50.7598,7.65,102.08,normal,97.0,96.9,512,GW-MQTT-01,0.8
2026-04-14 22:36:46,P-204,Pompe centrifuge HP,P-204-SEN-08,pression,pression,bar,3.9283,0.58,7.83,normal,97.6,95.1,128,GW-MQTT-01,1.4
2026-04-14 22:36:12,C-118,Compresseur à vis,C-118-SEN-01,accelerometre,accelerometre,mm/s,1.7663,0.31,4.21,normal,97.0,99.3,2000,GW-Modbus-03,0.7
2026-04-14 22:36:40,C-118,Compresseur à vis,C-118-SEN-02,accelerometre,accelerometre,g,0.4921,0.07,0.9,normal,97.7,101.4,2000,GW-MQTT-01,0.7
2026-04-14 22:36:08,C-118,Compresseur à vis,C-118-SEN-03,thermique,thermique,°C,35.4041,4.99,66.76,normal,98.7,99.8,512,GW-MQTT-01,1.6
2026-04-14 22:36:27,C-118,Compresseur à vis,C-118-SEN-04,sonde_proximite,sonde_proximite,microns,61.6979,6.66,89.45,normal,96.9,99.4,512,GW-Modbus-03,1.4
2026-04-14 22:36:42,C-118,Compresseur à vis,C-118-SEN-05,ultrason,ultrason,dB,30.3428,4.66,62.42,normal,98.5,98.5,256,GW-OPCUA-02,1.9
2026-04-14 22:36:17,C-118,Compresseur à vis,C-118-SEN-06,courant,courant,A,80.2198,13.32,177.93,normal,98.3,94.0,512,GW-Modbus-03,1.1
2026-04-14 22:36:44,C-118,Compresseur à vis,C-118-SEN-07,debit,debit,m3/h,54.6236,9.43,125.9,normal,97.2,95.6,5000,GW-Modbus-03,0.3
2026-04-14 22:36:33,C-118,Compresseur à vis,C-118-SEN-08,pression,pression,bar,4.9892,0.72,9.65,normal,98.0,100.2,128,GW-Modbus-03,1.8
2026-04-14 22:36:02,V-302,Ventilateur tirage,V-302-SEN-01,accelerometre,accelerometre,mm/s,2.0576,0.37,5.01,normal,96.9,94.4,1000,GW-Modbus-03,0.7
2026-04-14 22:36:20,V-302,Ventilateur tirage,V-302-SEN-02,accelerometre,accelerometre,g,0.5819,0.08,1.07,normal,97.7,98.2,1000,GW-MQTT-01,1.2
2026-04-14 22:36:48,V-302,Ventilateur tirage,V-302-SEN-03,thermique,thermique,°C,39.7141,5.94,79.39,normal,97.0,101.0,128,GW-MQTT-01,1.1
2026-04-14 22:36:38,V-302,Ventilateur tirage,V-302-SEN-04,sonde_proximite,sonde_proximite,microns,64.0483,7.92,106.37,normal,98.7,96.7,5000,GW-OPCUA-02,2.1
2026-04-14 22:36:28,V-302,Ventilateur tirage,V-302-SEN-05,ultrason,ultrason,dB,41.8583,5.54,74.23,normal,98.6,97.2,1000,GW-MQTT-01,0.9
2026-04-14 22:36:31,V-302,Ventilateur tirage,V-302-SEN-06,courant,courant,A,109.129,15.84,211.59,normal,97.6,97.7,512,GW-Modbus-03,0.6
2026-04-14 22:36:55,V-302,Ventilateur tirage,V-302-SEN-07,debit,debit,m3/h,81.7115,11.22,149.72,normal,96.8,98.8,1000,GW-Modbus-03,1.5
2026-04-14 22:36:13,V-302,Ventilateur tirage,V-302-SEN-08,pression,pression,bar,5.3515,0.86,11.48,normal,97.2,92.2,512,GW-Modbus-03,1.3
2026-04-14 22:36:15,M-019,Moteur électrique 400kW,M-019-SEN-01,accelerometre,accelerometre,mm/s,3.197,0.43,5.8,normal,98.0,99.6,256,GW-Modbus-03,1.4
2026-04-14 22:36:12,M-019,Moteur électrique 400kW,M-019-SEN-02,accelerometre,accelerometre,g,0.608,0.09,1.24,normal,98.4,94.4,2000,GW-MQTT-01,0.6
2026-04-14 22:36:16,M-019,Moteur électrique 400kW,M-019-SEN-03,thermique,thermique,°C,49.3243,6.88,92.02,normal,98.5,93.4,5000,GW-Modbus-03,0.9
2026-04-14 22:36:21,M-019,Moteur électrique 400kW,M-019-SEN-04,sonde_proximite,sonde_proximite,microns,45.3446,9.18,123.3,normal,96.8,97.7,256,GW-Modbus-03,0.7
2026-04-14 22:36:14,M-019,Moteur électrique 400kW,M-019-SEN-05,ultrason,ultrason,dB,39.0487,6.43,86.04,normal,97.8,97.1,512,GW-MQTT-01,1.6
2026-04-14 22:36:04,M-019,Moteur électrique 400kW,M-019-SEN-06,courant,courant,A,129.621,18.36,245.25,normal,98.7,95.4,256,GW-Modbus-03,1.5
2026-04-14 22:36:39,M-019,Moteur électrique 400kW,M-019-SEN-07,debit,debit,m3/h,89.0455,13.01,173.53,normal,98.1,94.0,128,GW-Modbus-03,1.2
2026-04-14 22:36:07,M-019,Moteur électrique 400kW,M-019-SEN-08,pression,pression,bar,6.9017,0.99,13.3,normal,97.6,97.7,2000,GW-OPCUA-02,1.4
2026-04-14 22:36:41,R-077,Réducteur convoyeur,R-077-SEN-01,accelerometre,accelerometre,mm/s,2.9708,0.49,6.6,normal,97.7,97.3,1000,GW-MQTT-01,1.1
2026-04-14 22:36:40,R-077,Réducteur convoyeur,R-077-SEN-02,accelerometre,accelerometre,g,0.7628,0.1,1.41,normal,98.8,93.1,1000,GW-MQTT-01,1.3
2026-04-14 22:36:21,R-077,Réducteur convoyeur,R-077-SEN-03,thermique,thermique,°C,51.5642,7.83,104.66,normal,98.1,95.4,2000,GW-MQTT-01,1.6
2026-04-14 22:36:43,R-077,Réducteur convoyeur,R-077-SEN-04,sonde_proximite,sonde_proximite,microns,68.4735,10.44,140.22,normal,97.3,97.8,1000,GW-Modbus-03,1.2
2026-04-14 22:36:33,R-077,Réducteur convoyeur,R-077-SEN-05,ultrason,ultrason,dB,54.4389,7.31,97.85,normal,96.7,96.2,2000,GW-MQTT-01,0.9
2026-04-14 22:36:59,R-077,Réducteur convoyeur,R-077-SEN-06,courant,courant,A,137.3928,20.88,278.91,normal,96.7,96.9,5000,GW-Modbus-03,1.0
2026-04-14 22:36:44,R-077,Réducteur convoyeur,R-077-SEN-07,debit,debit,m3/h,107.8954,14.79,197.35,normal,97.6,96.8,128,GW-OPCUA-02,1.1
2026-04-14 22:36:56,R-077,Réducteur convoyeur,R-077-SEN-08,pression,pression,bar,8.1,1.13,15.13,normal,97.9,101.6,5000,GW-MQTT-01,1.1
2026-04-14 22:36:53,P-311,Pompe centrifuge BP,P-311-SEN-01,accelerometre,accelerometre,mm/s,3.3237,0.55,7.39,normal,97.5,98.7,128,GW-OPCUA-02,0.8
2026-04-14 22:36:40,P-311,Pompe centrifuge BP,P-311-SEN-02,accelerometre,accelerometre,g,0.841,0.12,1.58,normal,97.7,99.4,2000,GW-MQTT-01,1.2
2026-04-14 22:36:08,P-311,Pompe centrifuge BP,P-311-SEN-03,thermique,thermique,°C,60.0092,8.78,117.29,normal,98.3,95.5,5000,GW-OPCUA-02,1.5
2026-04-14 22:36:18,P-311,Pompe centrifuge BP,P-311-SEN-04,sonde_proximite,sonde_proximite,microns,68.4287,11.7,157.14,normal,98.2,97.7,512,GW-Modbus-03,2.0
2026-04-14 22:36:08,P-311,Pompe centrifuge BP,P-311-SEN-05,ultrason,ultrason,dB,54.0534,8.19,109.66,normal,98.6,100.8,128,GW-OPCUA-02,1.2
2026-04-14 22:36:26,P-311,Pompe centrifuge BP,P-311-SEN-06,courant,courant,A,159.9962,23.4,312.57,normal,97.5,96.8,256,GW-Modbus-03,0.9
2026-04-14 22:36:24,P-311,Pompe centrifuge BP,P-311-SEN-07,debit,debit,m3/h,117.0357,16.57,221.17,normal,98.0,97.5,512,GW-MQTT-01,0.5
2026-04-14 22:36:37,P-311,Pompe centrifuge BP,P-311-SEN-08,pression,pression,bar,8.6593,1.27,16.96,normal,96.7,98.6,256,GW-Modbus-03,0.8
2026-04-14 23:26:19,P-204,Pompe centrifuge HP,P-204-SEN-01,accelerometre,accelerometre,mm/s,1.403,0.25,3.42,normal,97.9,97.9,1000,GW-OPCUA-02,1.5
2026-04-14 23:26:56,P-204,Pompe centrifuge HP,P-204-SEN-02,accelerometre,accelerometre,g,0.4555,0.05,0.73,normal,97.7,96.0,128,GW-OPCUA-02,0.9
2026-04-14 23:26:33,P-204,Pompe centrifuge HP,P-204-SEN-03,thermique,thermique,°C,28.3122,4.05,54.14,normal,98.4,96.3,128,GW-MQTT-01,1.7
2026-04-14 23:26:48,P-204,Pompe centrifuge HP,P-204-SEN-04,sonde_proximite,sonde_proximite,microns,41.0226,5.4,72.55,normal,97.6,96.2,5000,GW-Modbus-03,1.2
2026-04-14 23:26:15,P-204,Pompe centrifuge HP,P-204-SEN-05,ultrason,ultrason,dB,24.743,3.78,50.62,normal,98.6,99.2,512,GW-OPCUA-02,0.5
2026-04-14 23:26:15,P-204,Pompe centrifuge HP,P-204-SEN-06,courant,courant,A,76.7679,10.8,144.28,normal,96.9,97.0,512,GW-Modbus-03,0.6
2026-04-14 23:26:17,P-204,Pompe centrifuge HP,P-204-SEN-07,debit,debit,m3/h,47.8238,7.65,102.08,normal,97.5,94.6,5000,GW-MQTT-01,1.5
2026-04-14 23:26:08,P-204,Pompe centrifuge HP,P-204-SEN-08,pression,pression,bar,3.6179,0.58,7.83,normal,97.4,96.1,1000,GW-Modbus-03,0.9
2026-04-14 23:26:08,C-118,Compresseur à vis,C-118-SEN-01,accelerometre,accelerometre,mm/s,1.4197,0.31,4.21,normal,98.5,97.3,1000,GW-MQTT-01,1.4
2026-04-14 23:26:52,C-118,Compresseur à vis,C-118-SEN-02,accelerometre,accelerometre,g,0.3649,0.07,0.9,normal,98.6,98.3,1000,GW-Modbus-03,0.9
2026-04-14 23:26:22,C-118,Compresseur à vis,C-118-SEN-03,thermique,thermique,°C,34.7694,4.99,66.77,normal,96.6,94.7,2000,GW-MQTT-01,1.1
2026-04-14 23:26:42,C-118,Compresseur à vis,C-118-SEN-04,sonde_proximite,sonde_proximite,microns,49.6177,6.66,89.48,normal,97.4,97.0,512,GW-Modbus-03,1.5
2026-04-14 23:26:17,C-118,Compresseur à vis,C-118-SEN-05,ultrason,ultrason,dB,26.67,4.66,62.43,normal,97.6,98.4,5000,GW-MQTT-01,1.5
2026-04-14 23:26:15,C-118,Compresseur à vis,C-118-SEN-06,courant,courant,A,92.6555,13.32,177.94,normal,97.5,97.1,5000,GW-Modbus-03,0.8
2026-04-14 23:26:24,C-118,Compresseur à vis,C-118-SEN-07,debit,debit,m3/h,61.1401,9.43,125.9,normal,97.4,93.8,512,GW-OPCUA-02,2.3
2026-04-14 23:26:26,C-118,Compresseur à vis,C-118-SEN-08,pression,pression,bar,4.4145,0.72,9.65,normal,98.3,96.9,5000,GW-OPCUA-02,1.1
2026-04-14 23:26:36,V-302,Ventilateur tirage,V-302-SEN-01,accelerometre,accelerometre,mm/s,2.3711,0.37,5.01,normal,98.5,97.2,1000,GW-Modbus-03,1.2
2026-04-14 23:26:36,V-302,Ventilateur tirage,V-302-SEN-02,accelerometre,accelerometre,g,0.4933,0.08,1.07,normal,98.6,94.6,512,GW-Modbus-03,0.9
2026-04-14 23:26:40,V-302,Ventilateur tirage,V-302-SEN-03,thermique,thermique,°C,40.5087,5.94,79.4,normal,98.4,94.5,256,GW-MQTT-01,0.7
2026-04-14 23:26:31,V-302,Ventilateur tirage,V-302-SEN-04,sonde_proximite,sonde_proximite,microns,49.3966,7.92,106.41,normal,98.0,96.0,2000,GW-OPCUA-02,1.0
2026-04-14 23:26:11,V-302,Ventilateur tirage,V-302-SEN-05,ultrason,ultrason,dB,36.908,5.54,74.24,normal,97.9,93.5,128,GW-MQTT-01,1.1
2026-04-14 23:26:49,V-302,Ventilateur tirage,V-302-SEN-06,courant,courant,A,98.2583,15.84,211.6,normal,97.9,97.4,128,GW-Modbus-03,1.3
2026-04-14 23:26:15,V-302,Ventilateur tirage,V-302-SEN-07,debit,debit,m3/h,73.3915,11.22,149.72,normal,98.3,95.8,512,GW-OPCUA-02,1.5
2026-04-14 23:26:47,V-302,Ventilateur tirage,V-302-SEN-08,pression,pression,bar,5.1262,0.86,11.48,normal,97.5,94.2,512,GW-Modbus-03,1.2
2026-04-14 23:26:55,M-019,Moteur électrique 400kW,M-019-SEN-01,accelerometre,accelerometre,mm/s,3.5068,0.43,5.81,normal,96.7,95.0,256,GW-OPCUA-02,1.0
2026-04-14 23:26:42,M-019,Moteur électrique 400kW,M-019-SEN-02,accelerometre,accelerometre,g,0.687,0.09,1.24,normal,97.1,97.7,5000,GW-MQTT-01,0.8
2026-04-14 23:26:26,M-019,Moteur électrique 400kW,M-019-SEN-03,thermique,thermique,°C,44.9812,6.88,92.03,normal,96.7,96.6,1000,GW-OPCUA-02,1.5
2026-04-14 23:26:17,M-019,Moteur électrique 400kW,M-019-SEN-04,sonde_proximite,sonde_proximite,microns,67.6462,9.18,123.34,normal,98.4,93.2,5000,GW-Modbus-03,1.6
2026-04-14 23:26:05,M-019,Moteur électrique 400kW,M-019-SEN-05,ultrason,ultrason,dB,46.9391,6.43,86.06,normal,96.9,99.9,128,GW-OPCUA-02,1.2
2026-04-14 23:26:26,M-019,Moteur électrique 400kW,M-019-SEN-06,courant,courant,A,116.0016,18.36,245.27,normal,96.9,96.0,256,GW-OPCUA-02,1.6
2026-04-14 23:26:57,M-019,Moteur électrique 400kW,M-019-SEN-07,debit,debit,m3/h,86.631,13.01,173.54,normal,98.8,97.9,5000,GW-OPCUA-02,0.7
2026-04-14 23:26:16,M-019,Moteur électrique 400kW,M-019-SEN-08,pression,pression,bar,7.2757,0.99,13.31,normal,97.2,97.1,2000,GW-OPCUA-02,1.7
2026-04-14 23:26:48,R-077,Réducteur convoyeur,R-077-SEN-01,accelerometre,accelerometre,mm/s,3.7866,0.49,6.6,normal,98.4,100.1,5000,GW-Modbus-03,-0.3
2026-04-14 23:26:21,R-077,Réducteur convoyeur,R-077-SEN-02,accelerometre,accelerometre,g,0.6288,0.1,1.41,normal,97.9,97.2,512,GW-OPCUA-02,1.6
2026-04-14 23:26:35,R-077,Réducteur convoyeur,R-077-SEN-03,thermique,thermique,°C,50.9798,7.83,104.67,normal,96.8,102.0,2000,GW-MQTT-01,1.5
2026-04-14 23:26:27,R-077,Réducteur convoyeur,R-077-SEN-04,sonde_proximite,sonde_proximite,microns,78.9752,10.44,140.27,normal,97.0,95.9,512,GW-Modbus-03,0.8
2026-04-14 23:26:04,R-077,Réducteur convoyeur,R-077-SEN-05,ultrason,ultrason,dB,50.3533,7.31,97.87,normal,97.5,96.4,512,GW-Modbus-03,0.8
2026-04-14 23:26:31,R-077,Réducteur convoyeur,R-077-SEN-06,courant,courant,A,142.3012,20.88,278.93,normal,97.6,98.8,256,GW-OPCUA-02,0.6
2026-04-14 23:26:21,R-077,Réducteur convoyeur,R-077-SEN-07,debit,debit,m3/h,98.7006,14.79,197.36,normal,96.7,95.6,128,GW-MQTT-01,1.6
2026-04-14 23:26:00,R-077,Réducteur convoyeur,R-077-SEN-08,pression,pression,bar,7.3083,1.13,15.13,normal,97.6,97.1,1000,GW-OPCUA-02,1.2
2026-04-14 23:26:59,P-311,Pompe centrifuge BP,P-311-SEN-01,accelerometre,accelerometre,mm/s,3.5504,0.55,7.4,normal,97.8,96.6,5000,GW-Modbus-03,0.6
2026-04-14 23:26:47,P-311,Pompe centrifuge BP,P-311-SEN-02,accelerometre,accelerometre,g,0.8554,0.12,1.58,normal,98.6,96.5,2000,GW-Modbus-03,1.0
2026-04-14 23:26:00,P-311,Pompe centrifuge BP,P-311-SEN-03,thermique,thermique,°C,58.1122,8.78,117.3,normal,98.6,97.5,2000,GW-MQTT-01,1.8
2026-04-14 23:26:49,P-311,Pompe centrifuge BP,P-311-SEN-04,sonde_proximite,sonde_proximite,microns,85.7377,11.7,157.2,normal,98.0,97.1,1000,GW-MQTT-01,1.4
2026-04-14 23:26:04,P-311,Pompe centrifuge BP,P-311-SEN-05,ultrason,ultrason,dB,53.7682,8.19,109.68,normal,96.6,98.5,5000,GW-MQTT-01,1.7
2026-04-14 23:26:56,P-311,Pompe centrifuge BP,P-311-SEN-06,courant,courant,A,149.7134,23.4,312.6,normal,98.3,96.3,2000,GW-MQTT-01,1.2
2026-04-14 23:26:36,P-311,Pompe centrifuge BP,P-311-SEN-07,debit,debit,m3/h,113.3499,16.57,221.18,normal,96.8,99.2,5000,GW-OPCUA-02,1.6
2026-04-14 23:26:03,P-311,Pompe centrifuge BP,P-311-SEN-08,pression,pression,bar,8.9243,1.27,16.96,normal,97.5,97.8,256,GW-Modbus-03,0.7
2026-04-15 00:30:46,P-204,Pompe centrifuge HP,P-204-SEN-01,accelerometre,accelerometre,mm/s,1.6056,0.25,3.42,normal,98.0,96.4,1000,GW-OPCUA-02,1.2
2026-04-15 00:30:49,P-204,Pompe centrifuge HP,P-204-SEN-02,accelerometre,accelerometre,g,0.2922,0.05,0.73,normal,98.6,98.8,1000,GW-MQTT-01,1.1
2026-04-15 00:30:45,P-204,Pompe centrifuge HP,P-204-SEN-03,thermique,thermique,°C,23.2793,4.05,54.14,normal,98.8,97.6,512,GW-OPCUA-02,0.7
2026-04-15 00:30:19,P-204,Pompe centrifuge HP,P-204-SEN-04,sonde_proximite,sonde_proximite,microns,32.0562,5.4,72.58,normal,98.5,97.4,512,GW-OPCUA-02,1.0
2026-04-15 00:30:50,P-204,Pompe centrifuge HP,P-204-SEN-05,ultrason,ultrason,dB,15.3303,3.78,50.63,normal,97.0,101.2,1000,GW-MQTT-01,1.6
2026-04-15 00:30:21,P-204,Pompe centrifuge HP,P-204-SEN-06,courant,courant,A,81.9358,10.8,144.29,normal,97.5,101.2,512,GW-MQTT-01,0.9
2026-04-15 00:30:23,P-204,Pompe centrifuge HP,P-204-SEN-07,debit,debit,m3/h,41.6224,7.65,102.09,normal,97.1,93.6,512,GW-OPCUA-02,1.0
2026-04-15 00:30:59,P-204,Pompe centrifuge HP,P-204-SEN-08,pression,pression,bar,4.2878,0.58,7.83,normal,97.4,98.5,512,GW-Modbus-03,1.8
2026-04-15 00:30:50,C-118,Compresseur à vis,C-118-SEN-01,accelerometre,accelerometre,mm/s,1.9005,0.31,4.22,normal,96.6,97.1,1000,GW-Modbus-03,0.9
2026-04-15 00:30:13,C-118,Compresseur à vis,C-118-SEN-02,accelerometre,accelerometre,g,0.4698,0.07,0.9,normal,98.4,95.6,5000,GW-Modbus-03,1.2
2026-04-15 00:30:09,C-118,Compresseur à vis,C-118-SEN-03,thermique,thermique,°C,33.8216,4.99,66.78,normal,97.3,96.9,512,GW-OPCUA-02,1.0
2026-04-15 00:30:11,C-118,Compresseur à vis,C-118-SEN-04,sonde_proximite,sonde_proximite,microns,23.9357,6.66,89.51,normal,97.0,98.4,2000,GW-Modbus-03,1.1
2026-04-15 00:30:28,C-118,Compresseur à vis,C-118-SEN-05,ultrason,ultrason,dB,27.68,4.66,62.44,normal,98.6,98.4,256,GW-Modbus-03,1.6
2026-04-15 00:30:52,C-118,Compresseur à vis,C-118-SEN-06,courant,courant,A,88.279,13.32,177.96,normal,98.7,96.9,512,GW-Modbus-03,1.6
2026-04-15 00:30:14,C-118,Compresseur à vis,C-118-SEN-07,debit,debit,m3/h,62.6879,9.43,125.91,normal,96.9,94.4,2000,GW-Modbus-03,1.6
2026-04-15 00:30:23,C-118,Compresseur à vis,C-118-SEN-08,pression,pression,bar,5.2041,0.72,9.66,normal,96.4,99.5,256,GW-MQTT-01,1.4
2026-04-15 00:30:32,V-302,Ventilateur tirage,V-302-SEN-01,accelerometre,accelerometre,mm/s,2.8785,0.37,5.01,normal,98.3,98.7,2000,GW-Modbus-03,0.5
2026-04-15 00:30:27,V-302,Ventilateur tirage,V-302-SEN-02,accelerometre,accelerometre,g,0.4166,0.08,1.07,normal,97.3,96.2,5000,GW-OPCUA-02,1.1
2026-04-15 00:30:18,V-302,Ventilateur tirage,V-302-SEN-03,thermique,thermique,°C,39.1285,5.94,79.41,normal,97.8,96.3,128,GW-MQTT-01,1.7
2026-04-15 00:30:48,V-302,Ventilateur tirage,V-302-SEN-04,sonde_proximite,sonde_proximite,microns,48.1146,7.92,106.44,normal,97.8,99.2,128,GW-OPCUA-02,1.1
2026-04-15 00:30:44,V-302,Ventilateur tirage,V-302-SEN-05,ultrason,ultrason,dB,41.0391,5.54,74.26,normal,96.9,95.2,1000,GW-OPCUA-02,0.6
2026-04-15 00:30:02,V-302,Ventilateur tirage,V-302-SEN-06,courant,courant,A,106.6023,15.84,211.62,normal,98.5,94.4,2000,GW-OPCUA-02,0.9
2026-04-15 00:30:36,V-302,Ventilateur tirage,V-302-SEN-07,debit,debit,m3/h,76.5621,11.22,149.73,normal,96.5,98.6,128,GW-Modbus-03,1.1
2026-04-15 00:30:25,V-302,Ventilateur tirage,V-302-SEN-08,pression,pression,bar,6.0412,0.86,11.48,normal,98.0,95.5,5000,GW-OPCUA-02,1.1
2026-04-15 00:30:10,M-019,Moteur électrique 400kW,M-019-SEN-01,accelerometre,accelerometre,mm/s,2.9496,0.43,5.81,normal,96.5,98.4,5000,GW-MQTT-01,1.5
2026-04-15 00:30:45,M-019,Moteur électrique 400kW,M-019-SEN-02,accelerometre,accelerometre,g,0.5629,0.09,1.24,normal,97.3,97.5,256,GW-MQTT-01,1.7
2026-04-15 00:30:54,M-019,Moteur électrique 400kW,M-019-SEN-03,thermique,thermique,°C,44.3676,6.88,92.04,normal,96.7,95.9,1000,GW-OPCUA-02,0.9
2026-04-15 00:30:13,M-019,Moteur électrique 400kW,M-019-SEN-04,sonde_proximite,sonde_proximite,microns,63.0596,9.18,123.38,normal,98.4,97.0,512,GW-OPCUA-02,1.0
2026-04-15 00:30:57,M-019,Moteur électrique 400kW,M-019-SEN-05,ultrason,ultrason,dB,47.4517,6.43,86.07,normal,97.4,98.1,5000,GW-OPCUA-02,1.5
2026-04-15 00:30:24,M-019,Moteur électrique 400kW,M-019-SEN-06,courant,courant,A,131.412,18.36,245.29,normal,98.1,93.9,256,GW-MQTT-01,1.3
2026-04-15 00:30:31,M-019,Moteur électrique 400kW,M-019-SEN-07,debit,debit,m3/h,87.5195,13.01,173.55,normal,96.5,96.7,256,GW-MQTT-01,1.3
2026-04-15 00:30:45,M-019,Moteur électrique 400kW,M-019-SEN-08,pression,pression,bar,7.3485,0.99,13.31,normal,98.1,98.8,1000,GW-MQTT-01,1.4
2026-04-15 00:30:22,R-077,Réducteur convoyeur,R-077-SEN-01,accelerometre,accelerometre,mm/s,3.3104,0.49,6.61,normal,97.0,94.8,2000,GW-Modbus-03,1.3
2026-04-15 00:30:24,R-077,Réducteur convoyeur,R-077-SEN-02,accelerometre,accelerometre,g,0.7973,0.1,1.41,normal,97.5,97.8,2000,GW-OPCUA-02,0.7
2026-04-15 00:30:03,R-077,Réducteur convoyeur,R-077-SEN-03,thermique,thermique,°C,51.7703,7.83,104.68,normal,97.5,93.9,5000,GW-OPCUA-02,1.9
2026-04-15 00:30:42,R-077,Réducteur convoyeur,R-077-SEN-04,sonde_proximite,sonde_proximite,microns,77.6132,10.44,140.31,normal,98.2,96.2,2000,GW-OPCUA-02,1.6
2026-04-15 00:30:30,R-077,Réducteur convoyeur,R-077-SEN-05,ultrason,ultrason,dB,53.184,7.31,97.89,normal,97.8,97.7,2000,GW-MQTT-01,1.3
2026-04-15 00:30:08,R-077,Réducteur convoyeur,R-077-SEN-06,courant,courant,A,147.0385,20.88,278.96,normal,96.9,98.6,256,GW-MQTT-01,0.9
2026-04-15 00:30:12,R-077,Réducteur convoyeur,R-077-SEN-07,debit,debit,m3/h,95.8367,14.79,197.37,normal,98.2,97.7,512,GW-OPCUA-02,1.5
2026-04-15 00:30:04,R-077,Réducteur convoyeur,R-077-SEN-08,pression,pression,bar,8.0764,1.13,15.14,normal,96.5,95.8,128,GW-OPCUA-02,1.7
2026-04-15 00:30:02,P-311,Pompe centrifuge BP,P-311-SEN-01,accelerometre,accelerometre,mm/s,3.677,0.55,7.4,normal,98.0,96.7,256,GW-MQTT-01,1.3
2026-04-15 00:30:17,P-311,Pompe centrifuge BP,P-311-SEN-02,accelerometre,accelerometre,g,0.7691,0.12,1.58,normal,98.5,97.2,1000,GW-OPCUA-02,1.1
2026-04-15 00:30:49,P-311,Pompe centrifuge BP,P-311-SEN-03,thermique,thermique,°C,54.8245,8.78,117.31,normal,96.5,98.7,1000,GW-Modbus-03,1.7
2026-04-15 00:30:02,P-311,Pompe centrifuge BP,P-311-SEN-04,sonde_proximite,sonde_proximite,microns,65.2905,11.7,157.25,normal,96.5,96.6,256,GW-MQTT-01,1.3
2026-04-15 00:30:18,P-311,Pompe centrifuge BP,P-311-SEN-05,ultrason,ultrason,dB,55.5533,8.19,109.7,normal,97.8,97.5,512,GW-OPCUA-02,1.6
2026-04-15 00:30:41,P-311,Pompe centrifuge BP,P-311-SEN-06,courant,courant,A,170.9382,23.4,312.62,normal,97.0,97.8,128,GW-OPCUA-02,0.7
2026-04-15 00:30:27,P-311,Pompe centrifuge BP,P-311-SEN-07,debit,debit,m3/h,110.0818,16.57,221.19,normal,98.8,95.0,1000,GW-MQTT-01,1.0
2026-04-15 00:30:45,P-311,Pompe centrifuge BP,P-311-SEN-08,pression,pression,bar,7.9603,1.27,16.96,normal,97.9,96.7,1000,GW-MQTT-01,1.1
2026-04-15 01:26:28,P-204,Pompe centrifuge HP,P-204-SEN-01,accelerometre,accelerometre,mm/s,1.1844,0.25,3.42,normal,98.5,98.0,1000,GW-MQTT-01,0.9
2026-04-15 01:26:21,P-204,Pompe centrifuge HP,P-204-SEN-02,accelerometre,accelerometre,g,0.3345,0.05,0.73,normal,97.0,99.7,1000,GW-MQTT-01,1.1
2026-04-15 01:26:23,P-204,Pompe centrifuge HP,P-204-SEN-03,thermique,thermique,°C,23.7545,4.05,54.15,normal,98.1,98.4,1000,GW-OPCUA-02,1.2
2026-04-15 01:26:10,P-204,Pompe centrifuge HP,P-204-SEN-04,sonde_proximite,sonde_proximite,microns,36.0475,5.4,72.6,normal,98.5,96.2,5000,GW-OPCUA-02,1.1
2026-04-15 01:26:03,P-204,Pompe centrifuge HP,P-204-SEN-05,ultrason,ultrason,dB,20.1634,3.78,50.64,normal,96.7,98.6,1000,GW-OPCUA-02,0.6
2026-04-15 01:26:02,P-204,Pompe centrifuge HP,P-204-SEN-06,courant,courant,A,77.3683,10.8,144.3,normal,97.9,95.6,128,GW-Modbus-03,1.5
2026-04-15 01:26:09,P-204,Pompe centrifuge HP,P-204-SEN-07,debit,debit,m3/h,49.2015,7.65,102.09,normal,98.0,97.9,2000,GW-OPCUA-02,1.7
2026-04-15 01:26:13,P-204,Pompe centrifuge HP,P-204-SEN-08,pression,pression,bar,3.6159,0.58,7.83,normal,97.8,101.4,512,GW-MQTT-01,0.7
2026-04-15 01:26:07,C-118,Compresseur à vis,C-118-SEN-01,accelerometre,accelerometre,mm/s,1.9562,0.31,4.22,normal,98.1,97.8,512,GW-MQTT-01,1.2
2026-04-15 01:26:23,C-118,Compresseur à vis,C-118-SEN-02,accelerometre,accelerometre,g,0.5086,0.07,0.9,normal,98.5,96.1,5000,GW-OPCUA-02,0.8
2026-04-15 01:26:16,C-118,Compresseur à vis,C-118-SEN-03,thermique,thermique,°C,34.1234,4.99,66.78,normal,96.7,96.5,5000,GW-OPCUA-02,1.2
2026-04-15 01:26:10,C-118,Compresseur à vis,C-118-SEN-04,sonde_proximite,sonde_proximite,microns,38.7608,6.66,89.54,normal,98.3,100.7,5000,GW-OPCUA-02,1.3
2026-04-15 01:26:08,C-118,Compresseur à vis,C-118-SEN-05,ultrason,ultrason,dB,25.0743,4.66,62.46,normal,98.7,97.9,5000,GW-Modbus-03,0.1
2026-04-15 01:26:51,C-118,Compresseur à vis,C-118-SEN-06,courant,courant,A,96.1722,13.32,177.97,normal,96.9,96.9,2000,GW-Modbus-03,0.6
2026-04-15 01:26:06,C-118,Compresseur à vis,C-118-SEN-07,debit,debit,m3/h,58.5357,9.43,125.91,normal,98.7,97.4,128,GW-MQTT-01,1.2
2026-04-15 01:26:25,C-118,Compresseur à vis,C-118-SEN-08,pression,pression,bar,4.8373,0.72,9.66,normal,97.7,97.2,512,GW-MQTT-01,0.3
2026-04-15 01:26:33,V-302,Ventilateur tirage,V-302-SEN-01,accelerometre,accelerometre,mm/s,2.5643,0.37,5.02,normal,97.0,96.2,128,GW-MQTT-01,1.3
2026-04-15 01:26:53,V-302,Ventilateur tirage,V-302-SEN-02,accelerometre,accelerometre,g,0.5517,0.08,1.07,normal,97.8,98.2,2000,GW-Modbus-03,1.4
2026-04-15 01:26:54,V-302,Ventilateur tirage,V-302-SEN-03,thermique,thermique,°C,37.25,5.94,79.42,normal,96.4,95.9,512,GW-MQTT-01,1.5
2026-04-15 01:26:10,V-302,Ventilateur tirage,V-302-SEN-04,sonde_proximite,sonde_proximite,microns,50.6074,7.92,106.48,normal,96.5,94.5,128,GW-MQTT-01,0.7
2026-04-15 01:26:16,V-302,Ventilateur tirage,V-302-SEN-05,ultrason,ultrason,dB,43.7277,5.54,74.27,normal,97.1,99.1,1000,GW-Modbus-03,1.2
2026-04-15 01:26:34,V-302,Ventilateur tirage,V-302-SEN-06,courant,courant,A,109.3646,15.84,211.64,normal,98.2,98.4,5000,GW-Modbus-03,0.9
2026-04-15 01:26:53,V-302,Ventilateur tirage,V-302-SEN-07,debit,debit,m3/h,72.7851,11.22,149.73,normal,97.6,99.6,2000,GW-MQTT-01,1.3
2026-04-15 01:26:00,V-302,Ventilateur tirage,V-302-SEN-08,pression,pression,bar,6.1117,0.86,11.48,normal,98.0,99.0,1000,GW-Modbus-03,1.2
2026-04-15 01:26:02,M-019,Moteur électrique 400kW,M-019-SEN-01,accelerometre,accelerometre,mm/s,2.8777,0.43,5.81,normal,96.5,94.3,5000,GW-MQTT-01,0.9
2026-04-15 01:26:33,M-019,Moteur électrique 400kW,M-019-SEN-02,accelerometre,accelerometre,g,0.6674,0.09,1.24,normal,98.4,98.3,512,GW-MQTT-01,1.0
2026-04-15 01:26:14,M-019,Moteur électrique 400kW,M-019-SEN-03,thermique,thermique,°C,45.3061,6.88,92.05,normal,98.4,95.6,2000,GW-MQTT-01,1.6
2026-04-15 01:26:19,M-019,Moteur électrique 400kW,M-019-SEN-04,sonde_proximite,sonde_proximite,microns,64.5891,9.18,123.42,normal,98.4,98.3,512,GW-Modbus-03,1.4
2026-04-15 01:26:49,M-019,Moteur électrique 400kW,M-019-SEN-05,ultrason,ultrason,dB,42.435,6.43,86.09,normal,98.6,98.5,128,GW-OPCUA-02,1.0
2026-04-15 01:26:39,M-019,Moteur électrique 400kW,M-019-SEN-06,courant,courant,A,129.1455,18.36,245.31,normal,98.4,96.0,128,GW-Modbus-03,1.7
2026-04-15 01:26:52,M-019,Moteur électrique 400kW,M-019-SEN-07,debit,debit,m3/h,81.8091,13.01,173.55,normal,98.5,95.2,5000,GW-Modbus-03,1.6
2026-04-15 01:26:42,M-019,Moteur électrique 400kW,M-019-SEN-08,pression,pression,bar,6.3748,0.99,13.31,normal,97.9,99.7,256,GW-OPCUA-02,1.1
2026-04-15 01:26:35,R-077,Réducteur convoyeur,R-077-SEN-01,accelerometre,accelerometre,mm/s,3.2129,0.49,6.61,normal,97.0,99.3,1000,GW-MQTT-01,0.9
2026-04-15 01:26:16,R-077,Réducteur convoyeur,R-077-SEN-02,accelerometre,accelerometre,g,0.8247,0.1,1.42,normal,97.8,95.6,512,GW-OPCUA-02,1.8
2026-04-15 01:26:39,R-077,Réducteur convoyeur,R-077-SEN-03,thermique,thermique,°C,52.0628,7.83,104.69,normal,96.7,98.8,128,GW-Modbus-03,0.8
2026-04-15 01:26:49,R-077,Réducteur convoyeur,R-077-SEN-04,sonde_proximite,sonde_proximite,microns,70.9326,10.44,140.36,normal,98.3,100.0,2000,GW-OPCUA-02,1.2
2026-04-15 01:26:37,R-077,Réducteur convoyeur,R-077-SEN-05,ultrason,ultrason,dB,44.7847,7.31,97.9,normal,98.0,99.5,512,GW-OPCUA-02,0.7
2026-04-15 01:26:09,R-077,Réducteur convoyeur,R-077-SEN-06,courant,courant,A,128.919,20.88,278.98,normal,96.6,95.8,5000,GW-MQTT-01,1.9
2026-04-15 01:26:25,R-077,Réducteur convoyeur,R-077-SEN-07,debit,debit,m3/h,101.198,14.79,197.37,normal,98.0,96.9,2000,GW-OPCUA-02,0.8
2026-04-15 01:26:24,R-077,Réducteur convoyeur,R-077-SEN-08,pression,pression,bar,7.1558,1.13,15.14,normal,97.5,98.3,512,GW-MQTT-01,0.6
2026-04-15 01:26:30,P-311,Pompe centrifuge BP,P-311-SEN-01,accelerometre,accelerometre,mm/s,4.0132,0.55,7.41,normal,98.3,98.1,2000,GW-Modbus-03,1.7
2026-04-15 01:26:44,P-311,Pompe centrifuge BP,P-311-SEN-02,accelerometre,accelerometre,g,0.85,0.12,1.59,normal,97.9,98.5,512,GW-OPCUA-02,1.2
2026-04-15 01:26:51,P-311,Pompe centrifuge BP,P-311-SEN-03,thermique,thermique,°C,56.5494,8.78,117.33,normal,96.6,95.0,128,GW-MQTT-01,1.1
2026-04-15 01:26:02,P-311,Pompe centrifuge BP,P-311-SEN-04,sonde_proximite,sonde_proximite,microns,79.8896,11.7,157.3,normal,98.1,97.4,128,GW-MQTT-01,1.1
2026-04-15 01:26:45,P-311,Pompe centrifuge BP,P-311-SEN-05,ultrason,ultrason,dB,54.0704,8.19,109.72,normal,97.1,99.0,2000,GW-OPCUA-02,2.0
2026-04-15 01:26:54,P-311,Pompe centrifuge BP,P-311-SEN-06,courant,courant,A,165.6759,23.4,312.65,normal,97.9,100.5,5000,GW-Modbus-03,1.6
2026-04-15 01:26:15,P-311,Pompe centrifuge BP,P-311-SEN-07,debit,debit,m3/h,106.2451,16.57,221.19,normal,97.0,98.1,2000,GW-Modbus-03,1.7
2026-04-15 01:26:20,P-311,Pompe centrifuge BP,P-311-SEN-08,pression,pression,bar,8.6258,1.27,16.97,normal,97.6,94.1,256,GW-MQTT-01,1.7
2026-04-15 02:41:06,P-204,Pompe centrifuge HP,P-204-SEN-01,accelerometre,accelerometre,mm/s,1.2214,0.25,3.42,normal,96.1,94.5,1000,GW-OPCUA-02,0.9
2026-04-15 02:41:13,P-204,Pompe centrifuge HP,P-204-SEN-02,accelerometre,accelerometre,g,0.4098,0.05,0.73,normal,96.9,101.4,128,GW-OPCUA-02,1.2
2026-04-15 02:41:17,P-204,Pompe centrifuge HP,P-204-SEN-03,thermique,thermique,°C,24.6459,4.05,54.16,normal,96.9,96.8,5000,GW-MQTT-01,0.9
2026-04-15 02:41:18,P-204,Pompe centrifuge HP,P-204-SEN-04,sonde_proximite,sonde_proximite,microns,52.7734,5.4,72.62,normal,98.0,98.6,256,GW-Modbus-03,1.3
2026-04-15 02:41:24,P-204,Pompe centrifuge HP,P-204-SEN-05,ultrason,ultrason,dB,27.1165,3.78,50.65,normal,98.4,94.0,2000,GW-Modbus-03,0.7
2026-04-15 02:41:45,P-204,Pompe centrifuge HP,P-204-SEN-06,courant,courant,A,82.0969,10.8,144.31,normal,98.0,97.9,2000,GW-OPCUA-02,1.3
2026-04-15 02:41:07,P-204,Pompe centrifuge HP,P-204-SEN-07,debit,debit,m3/h,57.6444,7.65,102.09,normal,98.1,97.8,1000,GW-Modbus-03,1.3
2026-04-15 02:41:03,P-204,Pompe centrifuge HP,P-204-SEN-08,pression,pression,bar,4.3694,0.58,7.83,normal,98.3,100.3,128,GW-OPCUA-02,0.9
2026-04-15 02:41:10,C-118,Compresseur à vis,C-118-SEN-01,accelerometre,accelerometre,mm/s,2.5075,0.31,4.22,normal,97.7,98.1,1000,GW-MQTT-01,0.9
2026-04-15 02:41:18,C-118,Compresseur à vis,C-118-SEN-02,accelerometre,accelerometre,g,0.5749,0.07,0.9,normal,96.3,96.5,5000,GW-OPCUA-02,1.5
2026-04-15 02:41:05,C-118,Compresseur à vis,C-118-SEN-03,thermique,thermique,°C,33.1885,4.99,66.79,normal,97.6,100.4,5000,GW-OPCUA-02,2.0
2026-04-15 02:41:34,C-118,Compresseur à vis,C-118-SEN-04,sonde_proximite,sonde_proximite,microns,21.7106,6.66,89.57,normal,96.6,97.2,512,GW-MQTT-01,1.1
2026-04-15 02:41:22,C-118,Compresseur à vis,C-118-SEN-05,ultrason,ultrason,dB,34.2252,4.66,62.47,normal,97.8,95.2,256,GW-MQTT-01,1.3
2026-04-15 02:41:43,C-118,Compresseur à vis,C-118-SEN-06,courant,courant,A,97.7394,13.32,177.98,normal,97.1,98.9,128,GW-Modbus-03,1.4
2026-04-15 02:41:59,C-118,Compresseur à vis,C-118-SEN-07,debit,debit,m3/h,63.794,9.43,125.92,normal,98.5,98.0,2000,GW-OPCUA-02,1.7
2026-04-15 02:41:07,C-118,Compresseur à vis,C-118-SEN-08,pression,pression,bar,4.9572,0.72,9.66,normal,96.9,98.7,256,GW-MQTT-01,1.4
2026-04-15 02:41:42,V-302,Ventilateur tirage,V-302-SEN-01,accelerometre,accelerometre,mm/s,2.3476,0.37,5.02,normal,98.1,99.4,5000,GW-Modbus-03,1.2
2026-04-15 02:41:06,V-302,Ventilateur tirage,V-302-SEN-02,accelerometre,accelerometre,g,0.5454,0.08,1.07,normal,96.5,99.5,128,GW-OPCUA-02,0.9
2026-04-15 02:41:42,V-302,Ventilateur tirage,V-302-SEN-03,thermique,thermique,°C,40.1944,5.94,79.43,normal,97.4,95.5,2000,GW-Modbus-03,1.2
2026-04-15 02:41:39,V-302,Ventilateur tirage,V-302-SEN-04,sonde_proximite,sonde_proximite,microns,51.3203,7.92,106.52,normal,98.6,94.9,128,GW-MQTT-01,0.8
2026-04-15 02:41:22,V-302,Ventilateur tirage,V-302-SEN-05,ultrason,ultrason,dB,38.2263,5.54,74.29,normal,96.5,96.1,2000,GW-OPCUA-02,1.4
2026-04-15 02:41:20,V-302,Ventilateur tirage,V-302-SEN-06,courant,courant,A,103.8555,15.84,211.66,normal,98.3,98.7,2000,GW-MQTT-01,1.4
2026-04-15 02:41:25,V-302,Ventilateur tirage,V-302-SEN-07,debit,debit,m3/h,82.1943,11.22,149.74,normal,96.9,101.4,1000,GW-Modbus-03,0.9
2026-04-15 02:41:54,V-302,Ventilateur tirage,V-302-SEN-08,pression,pression,bar,6.112,0.86,11.49,normal,96.3,95.0,5000,GW-Modbus-03,1.4
2026-04-15 02:41:38,M-019,Moteur électrique 400kW,M-019-SEN-01,accelerometre,accelerometre,mm/s,2.6275,0.43,5.82,normal,96.9,98.2,512,GW-Modbus-03,1.2
2026-04-15 02:41:05,M-019,Moteur électrique 400kW,M-019-SEN-02,accelerometre,accelerometre,g,0.6239,0.09,1.25,normal,96.8,93.5,512,GW-MQTT-01,0.7
2026-04-15 02:41:41,M-019,Moteur électrique 400kW,M-019-SEN-03,thermique,thermique,°C,48.335,6.88,92.07,normal,96.3,97.2,5000,GW-MQTT-01,0.8
2026-04-15 02:41:40,M-019,Moteur électrique 400kW,M-019-SEN-04,sonde_proximite,sonde_proximite,microns,61.3963,9.18,123.46,normal,98.0,96.0,5000,GW-MQTT-01,0.8
2026-04-15 02:41:03,M-019,Moteur électrique 400kW,M-019-SEN-05,ultrason,ultrason,dB,49.1449,6.43,86.1,normal,98.3,97.5,512,GW-OPCUA-02,1.0
2026-04-15 02:41:52,M-019,Moteur électrique 400kW,M-019-SEN-06,courant,courant,A,120.7049,18.36,245.33,normal,96.5,98.2,256,GW-MQTT-01,0.9
2026-04-15 02:41:41,M-019,Moteur électrique 400kW,M-019-SEN-07,debit,debit,m3/h,84.9902,13.01,173.56,normal,98.1,98.0,2000,GW-MQTT-01,1.1
2026-04-15 02:41:54,M-019,Moteur électrique 400kW,M-019-SEN-08,pression,pression,bar,6.5762,0.99,13.31,normal,97.2,93.0,512,GW-Modbus-03,0.9
2026-04-15 02:41:29,R-077,Réducteur convoyeur,R-077-SEN-01,accelerometre,accelerometre,mm/s,3.1281,0.49,6.62,normal,96.9,96.1,128,GW-MQTT-01,0.5
2026-04-15 02:41:23,R-077,Réducteur convoyeur,R-077-SEN-02,accelerometre,accelerometre,g,0.7151,0.1,1.42,normal,98.6,95.8,256,GW-OPCUA-02,0.7
2026-04-15 02:41:39,R-077,Réducteur convoyeur,R-077-SEN-03,thermique,thermique,°C,53.0252,7.83,104.7,normal,97.5,97.0,2000,GW-MQTT-01,1.0
2026-04-15 02:41:00,R-077,Réducteur convoyeur,R-077-SEN-04,sonde_proximite,sonde_proximite,microns,72.1817,10.44,140.41,normal,96.4,99.1,5000,GW-MQTT-01,1.0
2026-04-15 02:41:38,R-077,Réducteur convoyeur,R-077-SEN-05,ultrason,ultrason,dB,51.5123,7.31,97.92,normal,98.3,98.6,1000,GW-OPCUA-02,1.2
2026-04-15 02:41:26,R-077,Réducteur convoyeur,R-077-SEN-06,courant,courant,A,130.9204,20.88,279.0,normal,98.4,99.4,128,GW-OPCUA-02,1.7
2026-04-15 02:41:12,R-077,Réducteur convoyeur,R-077-SEN-07,debit,debit,m3/h,98.9585,14.79,197.38,normal,97.9,98.5,256,GW-Modbus-03,1.3
2026-04-15 02:41:34,R-077,Réducteur convoyeur,R-077-SEN-08,pression,pression,bar,7.7332,1.13,15.14,normal,97.3,100.1,5000,GW-Modbus-03,2.5
2026-04-15 02:41:34,P-311,Pompe centrifuge BP,P-311-SEN-01,accelerometre,accelerometre,mm/s,4.0179,0.55,7.42,normal,97.6,97.3,256,GW-OPCUA-02,1.2
2026-04-15 02:41:52,P-311,Pompe centrifuge BP,P-311-SEN-02,accelerometre,accelerometre,g,0.7433,0.12,1.59,normal,96.6,96.2,256,GW-MQTT-01,1.3
2026-04-15 02:41:04,P-311,Pompe centrifuge BP,P-311-SEN-03,thermique,thermique,°C,60.7422,8.78,117.34,normal,97.8,98.3,1000,GW-OPCUA-02,1.0
2026-04-15 02:41:42,P-311,Pompe centrifuge BP,P-311-SEN-04,sonde_proximite,sonde_proximite,microns,88.23,11.7,157.35,normal,96.5,94.4,2000,GW-OPCUA-02,1.0
2026-04-15 02:41:12,P-311,Pompe centrifuge BP,P-311-SEN-05,ultrason,ultrason,dB,48.8861,8.19,109.74,normal,98.3,92.8,128,GW-OPCUA-02,2.2
2026-04-15 02:41:16,P-311,Pompe centrifuge BP,P-311-SEN-06,courant,courant,A,162.7614,23.4,312.68,normal,96.4,96.7,2000,GW-Modbus-03,1.4
2026-04-15 02:41:35,P-311,Pompe centrifuge BP,P-311-SEN-07,debit,debit,m3/h,112.0531,16.57,221.2,normal,96.9,97.3,512,GW-MQTT-01,1.3
2026-04-15 02:41:33,P-311,Pompe centrifuge BP,P-311-SEN-08,pression,pression,bar,8.3742,1.27,16.97,normal,98.4,94.9,128,GW-OPCUA-02,1.2
2026-04-15 03:05:04,P-204,Pompe centrifuge HP,P-204-SEN-01,accelerometre,accelerometre,mm/s,1.8015,0.25,3.42,normal,96.6,96.8,128,GW-Modbus-03,1.0
2026-04-15 03:05:10,P-204,Pompe centrifuge HP,P-204-SEN-02,accelerometre,accelerometre,g,0.3573,0.05,0.73,normal,96.9,98.8,5000,GW-OPCUA-02,0.8
2026-04-15 03:05:02,P-204,Pompe centrifuge HP,P-204-SEN-03,thermique,thermique,°C,28.2337,4.05,54.16,normal,98.2,98.8,512,GW-MQTT-01,0.9
2026-04-15 03:05:12,P-204,Pompe centrifuge HP,P-204-SEN-04,sonde_proximite,sonde_proximite,microns,22.9948,5.4,72.65,normal,96.4,96.0,1000,GW-MQTT-01,1.2
2026-04-15 03:05:59,P-204,Pompe centrifuge HP,P-204-SEN-05,ultrason,ultrason,dB,23.6121,3.78,50.66,normal,98.1,101.2,256,GW-Modbus-03,1.4
2026-04-15 03:05:54,P-204,Pompe centrifuge HP,P-204-SEN-06,courant,courant,A,68.6769,10.8,144.32,normal,97.2,100.0,2000,GW-OPCUA-02,1.6
2026-04-15 03:05:47,P-204,Pompe centrifuge HP,P-204-SEN-07,debit,debit,m3/h,45.4182,7.65,102.1,normal,96.7,100.4,2000,GW-OPCUA-02,0.6
2026-04-15 03:05:44,P-204,Pompe centrifuge HP,P-204-SEN-08,pression,pression,bar,3.5135,0.58,7.83,normal,97.0,98.1,1000,GW-Modbus-03,1.2
2026-04-15 03:05:17,C-118,Compresseur à vis,C-118-SEN-01,accelerometre,accelerometre,mm/s,2.3736,0.31,4.22,normal,96.7,98.3,256,GW-Modbus-03,0.6
2026-04-15 03:05:30,C-118,Compresseur à vis,C-118-SEN-02,accelerometre,accelerometre,g,0.5015,0.07,0.9,normal,97.1,95.1,5000,GW-Modbus-03,1.5
2026-04-15 03:05:35,C-118,Compresseur à vis,C-118-SEN-03,thermique,thermique,°C,32.1191,4.99,66.8,normal,97.2,95.7,512,GW-Modbus-03,1.3
2026-04-15 03:05:48,C-118,Compresseur à vis,C-118-SEN-04,sonde_proximite,sonde_proximite,microns,43.6268,6.66,89.6,normal,96.1,98.3,2000,GW-OPCUA-02,1.4
2026-04-15 03:05:13,C-118,Compresseur à vis,C-118-SEN-05,ultrason,ultrason,dB,30.8216,4.66,62.48,normal,96.3,101.7,5000,GW-Modbus-03,2.1
2026-04-15 03:05:42,C-118,Compresseur à vis,C-118-SEN-06,courant,courant,A,84.265,13.32,178.0,normal,98.4,95.1,2000,GW-MQTT-01,0.9
2026-04-15 03:05:06,C-118,Compresseur à vis,C-118-SEN-07,debit,debit,m3/h,64.5639,9.43,125.92,normal,97.6,96.9,1000,GW-MQTT-01,1.7
2026-04-15 03:05:27,C-118,Compresseur à vis,C-118-SEN-08,pression,pression,bar,4.6713,0.72,9.66,normal,97.8,97.6,2000,GW-OPCUA-02,1.1
2026-04-15 03:05:35,V-302,Ventilateur tirage,V-302-SEN-01,accelerometre,accelerometre,mm/s,2.2675,0.37,5.02,normal,97.4,97.1,256,GW-MQTT-01,1.5
2026-04-15 03:05:48,V-302,Ventilateur tirage,V-302-SEN-02,accelerometre,accelerometre,g,0.5298,0.08,1.08,normal,97.2,98.9,512,GW-Modbus-03,1.4
2026-04-15 03:05:06,V-302,Ventilateur tirage,V-302-SEN-03,thermique,thermique,°C,40.4629,5.94,79.44,normal,97.0,98.0,256,GW-Modbus-03,1.4
2026-04-15 03:05:48,V-302,Ventilateur tirage,V-302-SEN-04,sonde_proximite,sonde_proximite,microns,57.1242,7.92,106.55,normal,96.0,99.4,2000,GW-Modbus-03,1.8
2026-04-15 03:05:16,V-302,Ventilateur tirage,V-302-SEN-05,ultrason,ultrason,dB,27.2626,5.54,74.3,normal,97.4,100.4,512,GW-OPCUA-02,1.2
2026-04-15 03:05:36,V-302,Ventilateur tirage,V-302-SEN-06,courant,courant,A,104.7915,15.84,211.68,normal,97.9,96.8,5000,GW-Modbus-03,1.1
2026-04-15 03:05:51,V-302,Ventilateur tirage,V-302-SEN-07,debit,debit,m3/h,75.0153,11.22,149.74,normal,97.7,99.3,5000,GW-MQTT-01,0.7
2026-04-15 03:05:01,V-302,Ventilateur tirage,V-302-SEN-08,pression,pression,bar,5.9281,0.86,11.49,normal,96.7,95.5,256,GW-OPCUA-02,1.2
2026-04-15 03:05:50,M-019,Moteur électrique 400kW,M-019-SEN-01,accelerometre,accelerometre,mm/s,2.9816,0.43,5.82,normal,96.6,95.4,2000,GW-MQTT-01,2.2
2026-04-15 03:05:33,M-019,Moteur électrique 400kW,M-019-SEN-02,accelerometre,accelerometre,g,0.5831,0.09,1.25,normal,97.3,101.0,128,GW-OPCUA-02,1.2
2026-04-15 03:05:31,M-019,Moteur électrique 400kW,M-019-SEN-03,thermique,thermique,°C,43.1351,6.88,92.08,normal,97.9,95.6,512,GW-Modbus-03,0.9
2026-04-15 03:05:55,M-019,Moteur électrique 400kW,M-019-SEN-04,sonde_proximite,sonde_proximite,microns,70.4723,9.18,123.5,normal,96.4,95.8,1000,GW-OPCUA-02,0.9
2026-04-15 03:05:05,M-019,Moteur électrique 400kW,M-019-SEN-05,ultrason,ultrason,dB,44.3922,6.43,86.12,normal,96.5,99.8,2000,GW-MQTT-01,0.7
2026-04-15 03:05:46,M-019,Moteur électrique 400kW,M-019-SEN-06,courant,courant,A,121.8029,18.36,245.35,normal,97.9,96.9,5000,GW-OPCUA-02,0.6
2026-04-15 03:05:10,M-019,Moteur électrique 400kW,M-019-SEN-07,debit,debit,m3/h,83.5685,13.01,173.57,normal,96.8,95.0,256,GW-MQTT-01,1.0
2026-04-15 03:05:14,M-019,Moteur électrique 400kW,M-019-SEN-08,pression,pression,bar,6.919,0.99,13.32,normal,97.0,98.8,128,GW-MQTT-01,1.7
2026-04-15 03:05:01,R-077,Réducteur convoyeur,R-077-SEN-01,accelerometre,accelerometre,mm/s,3.7523,0.49,6.62,normal,97.3,98.0,256,GW-MQTT-01,1.8
2026-04-15 03:05:11,R-077,Réducteur convoyeur,R-077-SEN-02,accelerometre,accelerometre,g,0.6722,0.1,1.42,normal,97.6,99.1,256,GW-Modbus-03,1.0
2026-04-15 03:05:17,R-077,Réducteur convoyeur,R-077-SEN-03,thermique,thermique,°C,51.8695,7.83,104.71,normal,97.8,96.1,256,GW-OPCUA-02,1.3
2026-04-15 03:05:08,R-077,Réducteur convoyeur,R-077-SEN-04,sonde_proximite,sonde_proximite,microns,71.4062,10.44,140.45,normal,98.4,102.3,2000,GW-OPCUA-02,0.7
2026-04-15 03:05:35,R-077,Réducteur convoyeur,R-077-SEN-05,ultrason,ultrason,dB,44.5362,7.31,97.94,normal,98.0,95.6,512,GW-Modbus-03,0.6
2026-04-15 03:05:36,R-077,Réducteur convoyeur,R-077-SEN-06,courant,courant,A,140.6851,20.88,279.03,normal,97.3,97.7,256,GW-MQTT-01,0.9
2026-04-15 03:05:56,R-077,Réducteur convoyeur,R-077-SEN-07,debit,debit,m3/h,97.6771,14.79,197.39,normal,97.1,100.8,128,GW-OPCUA-02,0.9
2026-04-15 03:05:43,R-077,Réducteur convoyeur,R-077-SEN-08,pression,pression,bar,7.7031,1.13,15.14,normal,96.6,99.2,128,GW-OPCUA-02,1.1
2026-04-15 03:05:15,P-311,Pompe centrifuge BP,P-311-SEN-01,accelerometre,accelerometre,mm/s,3.9901,0.55,7.42,normal,97.2,93.4,5000,GW-MQTT-01,1.5
2026-04-15 03:05:50,P-311,Pompe centrifuge BP,P-311-SEN-02,accelerometre,accelerometre,g,0.7648,0.12,1.59,normal,98.1,99.7,256,GW-OPCUA-02,0.4
2026-04-15 03:05:18,P-311,Pompe centrifuge BP,P-311-SEN-03,thermique,thermique,°C,58.3069,8.78,117.35,normal,97.2,95.9,256,GW-OPCUA-02,1.8
2026-04-15 03:05:26,P-311,Pompe centrifuge BP,P-311-SEN-04,sonde_proximite,sonde_proximite,microns,89.6548,11.7,157.4,normal,96.0,96.2,512,GW-OPCUA-02,1.7
2026-04-15 03:05:22,P-311,Pompe centrifuge BP,P-311-SEN-05,ultrason,ultrason,dB,54.0799,8.19,109.76,normal,97.1,98.6,256,GW-OPCUA-02,1.2
2026-04-15 03:05:15,P-311,Pompe centrifuge BP,P-311-SEN-06,courant,courant,A,153.2055,23.4,312.7,normal,97.1,100.2,5000,GW-Modbus-03,1.5
2026-04-15 03:05:07,P-311,Pompe centrifuge BP,P-311-SEN-07,debit,debit,m3/h,108.832,16.57,221.21,normal,97.9,101.3,128,GW-OPCUA-02,1.4
2026-04-15 03:05:56,P-311,Pompe centrifuge BP,P-311-SEN-08,pression,pression,bar,8.4692,1.27,16.97,normal,96.8,93.8,128,GW-MQTT-01,1.3
2026-04-15 04:54:32,P-204,Pompe centrifuge HP,P-204-SEN-01,accelerometre,accelerometre,mm/s,1.6718,0.25,3.43,normal,97.9,94.3,128,GW-MQTT-01,1.4
2026-04-15 04:54:57,P-204,Pompe centrifuge HP,P-204-SEN-02,accelerometre,accelerometre,g,0.3425,0.05,0.73,normal,97.3,94.7,512,GW-MQTT-01,0.8
2026-04-15 04:54:09,P-204,Pompe centrifuge HP,P-204-SEN-03,thermique,thermique,°C,25.2571,4.05,54.17,normal,95.9,99.4,1000,GW-OPCUA-02,1.9
2026-04-15 04:54:20,P-204,Pompe centrifuge HP,P-204-SEN-04,sonde_proximite,sonde_proximite,microns,32.9436,5.4,72.67,normal,97.1,97.7,1000,GW-OPCUA-02,1.7
2026-04-15 04:54:26,P-204,Pompe centrifuge HP,P-204-SEN-05,ultrason,ultrason,dB,19.6555,3.78,50.67,normal,96.5,97.9,1000,GW-Modbus-03,1.1
2026-04-15 04:54:45,P-204,Pompe centrifuge HP,P-204-SEN-06,courant,courant,A,67.8654,10.8,144.34,normal,96.6,96.0,512,GW-Modbus-03,1.1
2026-04-15 04:54:41,P-204,Pompe centrifuge HP,P-204-SEN-07,debit,debit,m3/h,47.6332,7.65,102.1,normal,97.2,95.7,128,GW-Modbus-03,0.2
2026-04-15 04:54:00,P-204,Pompe centrifuge HP,P-204-SEN-08,pression,pression,bar,4.0083,0.58,7.83,normal,96.6,95.2,512,GW-OPCUA-02,1.2
2026-04-15 04:54:35,C-118,Compresseur à vis,C-118-SEN-01,accelerometre,accelerometre,mm/s,2.2135,0.31,4.23,normal,96.0,96.8,2000,GW-MQTT-01,1.4
2026-04-15 04:54:35,C-118,Compresseur à vis,C-118-SEN-02,accelerometre,accelerometre,g,0.4912,0.07,0.9,normal,97.3,98.7,5000,GW-MQTT-01,1.4
2026-04-15 04:54:21,C-118,Compresseur à vis,C-118-SEN-03,thermique,thermique,°C,30.6454,4.99,66.81,normal,97.1,96.2,5000,GW-MQTT-01,1.3
2026-04-15 04:54:27,C-118,Compresseur à vis,C-118-SEN-04,sonde_proximite,sonde_proximite,microns,49.2342,6.66,89.63,normal,96.2,100.8,512,GW-MQTT-01,1.2
2026-04-15 04:54:04,C-118,Compresseur à vis,C-118-SEN-05,ultrason,ultrason,dB,31.395,4.66,62.49,normal,98.5,95.5,512,GW-Modbus-03,0.8
2026-04-15 04:54:27,C-118,Compresseur à vis,C-118-SEN-06,courant,courant,A,87.8449,13.32,178.01,normal,96.0,96.3,512,GW-Modbus-03,1.5
2026-04-15 04:54:11,C-118,Compresseur à vis,C-118-SEN-07,debit,debit,m3/h,60.6009,9.43,125.92,normal,97.9,97.8,1000,GW-OPCUA-02,0.1
2026-04-15 04:54:50,C-118,Compresseur à vis,C-118-SEN-08,pression,pression,bar,4.5448,0.72,9.66,normal,98.1,93.6,512,GW-Modbus-03,1.6
2026-04-15 04:54:18,V-302,Ventilateur tirage,V-302-SEN-01,accelerometre,accelerometre,mm/s,2.2636,0.37,5.03,normal,96.5,94.3,1000,GW-OPCUA-02,1.5
2026-04-15 04:54:49,V-302,Ventilateur tirage,V-302-SEN-02,accelerometre,accelerometre,g,0.5504,0.08,1.08,normal,97.6,95.4,512,GW-OPCUA-02,1.5
2026-04-15 04:54:15,V-302,Ventilateur tirage,V-302-SEN-03,thermique,thermique,°C,36.0501,5.94,79.45,normal,97.6,95.3,1000,GW-Modbus-03,0.8
2026-04-15 04:54:56,V-302,Ventilateur tirage,V-302-SEN-04,sonde_proximite,sonde_proximite,microns,40.1314,7.92,106.59,normal,96.1,97.0,5000,GW-MQTT-01,1.9
2026-04-15 04:54:53,V-302,Ventilateur tirage,V-302-SEN-05,ultrason,ultrason,dB,35.5352,5.54,74.31,normal,98.5,101.7,5000,GW-MQTT-01,1.5
2026-04-15 04:54:55,V-302,Ventilateur tirage,V-302-SEN-06,courant,courant,A,111.6635,15.84,211.69,normal,98.2,96.6,5000,GW-MQTT-01,0.7
2026-04-15 04:54:30,V-302,Ventilateur tirage,V-302-SEN-07,debit,debit,m3/h,71.76,11.22,149.75,normal,97.7,96.4,5000,GW-MQTT-01,1.5
2026-04-15 04:54:44,V-302,Ventilateur tirage,V-302-SEN-08,pression,pression,bar,5.3325,0.86,11.49,normal,98.6,97.5,2000,GW-MQTT-01,0.7
2026-04-15 04:54:35,M-019,Moteur électrique 400kW,M-019-SEN-01,accelerometre,accelerometre,mm/s,3.2988,0.43,5.83,normal,97.3,95.5,256,GW-MQTT-01,0.7
2026-04-15 04:54:08,M-019,Moteur électrique 400kW,M-019-SEN-02,accelerometre,accelerometre,g,0.6678,0.09,1.25,normal,96.8,96.3,1000,GW-Modbus-03,1.0
2026-04-15 04:54:16,M-019,Moteur électrique 400kW,M-019-SEN-03,thermique,thermique,°C,45.4887,6.88,92.09,normal,97.0,98.9,1000,GW-Modbus-03,1.3
2026-04-15 04:54:09,M-019,Moteur électrique 400kW,M-019-SEN-04,sonde_proximite,sonde_proximite,microns,63.5111,9.18,123.54,normal,96.0,99.7,1000,GW-MQTT-01,1.2
2026-04-15 04:54:50,M-019,Moteur électrique 400kW,M-019-SEN-05,ultrason,ultrason,dB,42.2054,6.43,86.14,normal,96.3,98.6,128,GW-Modbus-03,1.0
2026-04-15 04:54:08,M-019,Moteur électrique 400kW,M-019-SEN-06,courant,courant,A,118.3126,18.36,245.37,normal,96.4,96.7,2000,GW-Modbus-03,1.8
2026-04-15 04:54:32,M-019,Moteur électrique 400kW,M-019-SEN-07,debit,debit,m3/h,94.4097,13.01,173.57,normal,98.5,94.6,128,GW-OPCUA-02,1.3
2026-04-15 04:54:21,M-019,Moteur électrique 400kW,M-019-SEN-08,pression,pression,bar,6.1955,0.99,13.32,normal,98.2,96.7,256,GW-MQTT-01,1.3
2026-04-15 04:54:02,R-077,Réducteur convoyeur,R-077-SEN-01,accelerometre,accelerometre,mm/s,3.9143,0.49,6.63,normal,96.8,95.8,128,GW-MQTT-01,1.5
2026-04-15 04:54:03,R-077,Réducteur convoyeur,R-077-SEN-02,accelerometre,accelerometre,g,0.8505,0.1,1.42,normal,96.2,97.7,2000,GW-Modbus-03,2.3
2026-04-15 04:54:59,R-077,Réducteur convoyeur,R-077-SEN-03,thermique,thermique,°C,51.1306,7.83,104.72,normal,96.1,99.5,128,GW-Modbus-03,1.4
2026-04-15 04:54:14,R-077,Réducteur convoyeur,R-077-SEN-04,sonde_proximite,sonde_proximite,microns,72.3904,10.44,140.5,normal,95.9,99.0,512,GW-MQTT-01,1.4
2026-04-15 04:54:40,R-077,Réducteur convoyeur,R-077-SEN-05,ultrason,ultrason,dB,48.5518,7.31,97.96,normal,98.0,96.6,512,GW-Modbus-03,1.5
2026-04-15 04:54:14,R-077,Réducteur convoyeur,R-077-SEN-06,courant,courant,A,138.6403,20.88,279.05,normal,97.4,94.3,1000,GW-Modbus-03,0.9
2026-04-15 04:54:28,R-077,Réducteur convoyeur,R-077-SEN-07,debit,debit,m3/h,103.0248,14.79,197.39,normal,97.4,94.1,256,GW-MQTT-01,1.7
2026-04-15 04:54:50,R-077,Réducteur convoyeur,R-077-SEN-08,pression,pression,bar,7.2998,1.13,15.14,normal,97.4,96.1,512,GW-MQTT-01,0.9
2026-04-15 04:54:04,P-311,Pompe centrifuge BP,P-311-SEN-01,accelerometre,accelerometre,mm/s,3.7251,0.55,7.43,normal,98.0,95.5,5000,GW-OPCUA-02,1.8
2026-04-15 04:54:37,P-311,Pompe centrifuge BP,P-311-SEN-02,accelerometre,accelerometre,g,0.8269,0.12,1.59,normal,96.9,97.0,5000,GW-Modbus-03,1.4
2026-04-15 04:54:51,P-311,Pompe centrifuge BP,P-311-SEN-03,thermique,thermique,°C,55.1422,8.78,117.36,normal,97.6,97.2,2000,GW-MQTT-01,0.7
2026-04-15 04:54:06,P-311,Pompe centrifuge BP,P-311-SEN-04,sonde_proximite,sonde_proximite,microns,92.1766,11.7,157.46,normal,98.1,100.1,256,GW-OPCUA-02,1.0
2026-04-15 04:54:16,P-311,Pompe centrifuge BP,P-311-SEN-05,ultrason,ultrason,dB,57.7667,8.19,109.78,normal,97.2,99.0,2000,GW-Modbus-03,0.7
2026-04-15 04:54:41,P-311,Pompe centrifuge BP,P-311-SEN-06,courant,courant,A,149.4543,23.4,312.73,normal,97.0,96.9,512,GW-Modbus-03,1.9
2026-04-15 04:54:48,P-311,Pompe centrifuge BP,P-311-SEN-07,debit,debit,m3/h,117.8472,16.57,221.22,normal,97.9,95.6,5000,GW-OPCUA-02,1.7
2026-04-15 04:54:44,P-311,Pompe centrifuge BP,P-311-SEN-08,pression,pression,bar,8.181,1.27,16.97,normal,97.7,94.2,128,GW-OPCUA-02,1.1
2026-04-15 05:22:25,P-204,Pompe centrifuge HP,P-204-SEN-01,accelerometre,accelerometre,mm/s,2.0944,0.25,3.43,normal,98.2,100.8,512,GW-MQTT-01,1.4
2026-04-15 05:22:43,P-204,Pompe centrifuge HP,P-204-SEN-02,accelerometre,accelerometre,g,0.3758,0.05,0.73,normal,97.5,96.1,2000,GW-Modbus-03,1.3
2026-04-15 05:22:13,P-204,Pompe centrifuge HP,P-204-SEN-03,thermique,thermique,°C,31.8723,4.05,54.17,normal,97.3,92.4,2000,GW-MQTT-01,0.8
2026-04-15 05:22:25,P-204,Pompe centrifuge HP,P-204-SEN-04,sonde_proximite,sonde_proximite,microns,35.6508,5.4,72.7,normal,96.2,97.1,512,GW-OPCUA-02,1.2
2026-04-15 05:22:35,P-204,Pompe centrifuge HP,P-204-SEN-05,ultrason,ultrason,dB,25.8866,3.78,50.68,normal,96.2,99.5,128,GW-Modbus-03,1.7
2026-04-15 05:22:14,P-204,Pompe centrifuge HP,P-204-SEN-06,courant,courant,A,66.2503,10.8,144.35,normal,96.7,94.9,5000,GW-Modbus-03,0.7
2026-04-15 05:22:17,P-204,Pompe centrifuge HP,P-204-SEN-07,debit,debit,m3/h,41.7773,7.65,102.1,normal,98.1,97.5,1000,GW-Modbus-03,1.7
2026-04-15 05:22:28,P-204,Pompe centrifuge HP,P-204-SEN-08,pression,pression,bar,3.276,0.58,7.83,normal,96.6,94.9,128,GW-MQTT-01,1.2
2026-04-15 05:22:24,C-118,Compresseur à vis,C-118-SEN-01,accelerometre,accelerometre,mm/s,1.9554,0.31,4.23,normal,98.4,95.0,512,GW-Modbus-03,2.0
2026-04-15 05:22:11,C-118,Compresseur à vis,C-118-SEN-02,accelerometre,accelerometre,g,0.4766,0.07,0.91,normal,98.2,100.7,2000,GW-Modbus-03,1.2
2026-04-15 05:22:03,C-118,Compresseur à vis,C-118-SEN-03,thermique,thermique,°C,35.5748,4.99,66.81,normal,97.6,97.4,1000,GW-MQTT-01,1.2
2026-04-15 05:22:04,C-118,Compresseur à vis,C-118-SEN-04,sonde_proximite,sonde_proximite,microns,38.731,6.66,89.66,normal,95.8,98.0,512,GW-MQTT-01,1.2
2026-04-15 05:22:32,C-118,Compresseur à vis,C-118-SEN-05,ultrason,ultrason,dB,30.1858,4.66,62.5,normal,97.0,97.2,5000,GW-MQTT-01,1.1
2026-04-15 05:22:15,C-118,Compresseur à vis,C-118-SEN-06,courant,courant,A,82.6413,13.32,178.03,normal,96.3,98.4,1000,GW-MQTT-01,1.3
2026-04-15 05:22:25,C-118,Compresseur à vis,C-118-SEN-07,debit,debit,m3/h,58.8264,9.43,125.93,normal,97.2,94.3,1000,GW-OPCUA-02,1.6
2026-04-15 05:22:59,C-118,Compresseur à vis,C-118-SEN-08,pression,pression,bar,5.125,0.72,9.66,normal,96.8,93.8,256,GW-OPCUA-02,0.7
2026-04-15 05:22:07,V-302,Ventilateur tirage,V-302-SEN-01,accelerometre,accelerometre,mm/s,2.4176,0.37,5.03,normal,98.2,96.8,5000,GW-OPCUA-02,1.0
2026-04-15 05:22:39,V-302,Ventilateur tirage,V-302-SEN-02,accelerometre,accelerometre,g,0.6467,0.08,1.08,normal,95.7,97.9,2000,GW-Modbus-03,1.0
2026-04-15 05:22:18,V-302,Ventilateur tirage,V-302-SEN-03,thermique,thermique,°C,41.691,5.94,79.46,normal,98.2,98.0,1000,GW-MQTT-01,1.2
2026-04-15 05:22:11,V-302,Ventilateur tirage,V-302-SEN-04,sonde_proximite,sonde_proximite,microns,50.1225,7.92,106.62,normal,98.5,94.7,2000,GW-Modbus-03,0.4
2026-04-15 05:22:11,V-302,Ventilateur tirage,V-302-SEN-05,ultrason,ultrason,dB,35.7589,5.54,74.33,normal,96.8,98.6,512,GW-MQTT-01,1.3
2026-04-15 05:22:41,V-302,Ventilateur tirage,V-302-SEN-06,courant,courant,A,117.0699,15.84,211.71,normal,97.1,95.6,256,GW-Modbus-03,0.9
2026-04-15 05:22:09,V-302,Ventilateur tirage,V-302-SEN-07,debit,debit,m3/h,70.7228,11.22,149.75,normal,96.0,97.5,256,GW-MQTT-01,1.4
2026-04-15 05:22:30,V-302,Ventilateur tirage,V-302-SEN-08,pression,pression,bar,5.8519,0.86,11.49,normal,96.7,95.9,1000,GW-Modbus-03,1.2
2026-04-15 05:22:46,M-019,Moteur électrique 400kW,M-019-SEN-01,accelerometre,accelerometre,mm/s,3.4005,0.43,5.83,normal,95.8,95.6,512,GW-MQTT-01,1.6
2026-04-15 05:22:03,M-019,Moteur électrique 400kW,M-019-SEN-02,accelerometre,accelerometre,g,0.5415,0.09,1.25,normal,95.7,96.3,1000,GW-OPCUA-02,1.2
2026-04-15 05:22:26,M-019,Moteur électrique 400kW,M-019-SEN-03,thermique,thermique,°C,43.0605,6.88,92.1,normal,96.1,98.2,5000,GW-Modbus-03,1.3
2026-04-15 05:22:10,M-019,Moteur électrique 400kW,M-019-SEN-04,sonde_proximite,sonde_proximite,microns,60.979,9.18,123.58,normal,97.5,96.1,2000,GW-Modbus-03,1.7
2026-04-15 05:22:02,M-019,Moteur électrique 400kW,M-019-SEN-05,ultrason,ultrason,dB,41.3602,6.43,86.15,normal,96.2,96.7,1000,GW-OPCUA-02,1.0
2026-04-15 05:22:28,M-019,Moteur électrique 400kW,M-019-SEN-06,courant,courant,A,125.1976,18.36,245.39,normal,96.5,96.9,1000,GW-Modbus-03,0.6
2026-04-15 05:22:44,M-019,Moteur électrique 400kW,M-019-SEN-07,debit,debit,m3/h,85.2953,13.01,173.58,normal,97.1,94.7,128,GW-MQTT-01,1.1
2026-04-15 05:22:02,M-019,Moteur électrique 400kW,M-019-SEN-08,pression,pression,bar,6.4673,0.99,13.32,normal,96.8,95.9,5000,GW-Modbus-03,0.9
2026-04-15 05:22:21,R-077,Réducteur convoyeur,R-077-SEN-01,accelerometre,accelerometre,mm/s,3.3603,0.49,6.63,normal,96.9,96.4,5000,GW-Modbus-03,1.1
2026-04-15 05:22:46,R-077,Réducteur convoyeur,R-077-SEN-02,accelerometre,accelerometre,g,0.803,0.1,1.42,normal,97.2,94.8,1000,GW-Modbus-03,0.9
2026-04-15 05:22:29,R-077,Réducteur convoyeur,R-077-SEN-03,thermique,thermique,°C,50.01,7.83,104.74,normal,97.0,97.1,128,GW-OPCUA-02,1.2
2026-04-15 05:22:53,R-077,Réducteur convoyeur,R-077-SEN-04,sonde_proximite,sonde_proximite,microns,73.4102,10.44,140.55,normal,97.5,98.1,128,GW-Modbus-03,1.3
2026-04-15 05:22:03,R-077,Réducteur convoyeur,R-077-SEN-05,ultrason,ultrason,dB,44.2098,7.31,97.98,normal,96.0,99.6,5000,GW-MQTT-01,1.3
2026-04-15 05:22:41,R-077,Réducteur convoyeur,R-077-SEN-06,courant,courant,A,148.6684,20.88,279.07,normal,96.8,94.8,256,GW-Modbus-03,1.6
2026-04-15 05:22:22,R-077,Réducteur convoyeur,R-077-SEN-07,debit,debit,m3/h,93.8271,14.79,197.4,normal,97.4,95.3,1000,GW-Modbus-03,1.0
2026-04-15 05:22:52,R-077,Réducteur convoyeur,R-077-SEN-08,pression,pression,bar,8.0723,1.13,15.15,normal,97.9,96.0,256,GW-MQTT-01,1.7
2026-04-15 05:22:41,P-311,Pompe centrifuge BP,P-311-SEN-01,accelerometre,accelerometre,mm/s,3.5972,0.55,7.43,normal,98.5,96.1,512,GW-OPCUA-02,0.6
2026-04-15 05:22:38,P-311,Pompe centrifuge BP,P-311-SEN-02,accelerometre,accelerometre,g,0.8357,0.12,1.59,normal,96.7,95.8,512,GW-OPCUA-02,1.4
2026-04-15 05:22:10,P-311,Pompe centrifuge BP,P-311-SEN-03,thermique,thermique,°C,59.8805,8.78,117.38,normal,97.0,96.7,256,GW-MQTT-01,0.9
2026-04-15 05:22:50,P-311,Pompe centrifuge BP,P-311-SEN-04,sonde_proximite,sonde_proximite,microns,93.4781,11.7,157.51,normal,97.4,99.6,512,GW-OPCUA-02,1.1
2026-04-15 05:22:19,P-311,Pompe centrifuge BP,P-311-SEN-05,ultrason,ultrason,dB,62.461,8.19,109.8,normal,96.8,100.6,5000,GW-OPCUA-02,1.1
2026-04-15 05:22:19,P-311,Pompe centrifuge BP,P-311-SEN-06,courant,courant,A,154.3383,23.4,312.75,normal,97.4,98.1,512,GW-Modbus-03,1.3
2026-04-15 05:22:47,P-311,Pompe centrifuge BP,P-311-SEN-07,debit,debit,m3/h,110.524,16.57,221.23,normal,97.5,95.2,2000,GW-OPCUA-02,0.5
2026-04-15 05:22:27,P-311,Pompe centrifuge BP,P-311-SEN-08,pression,pression,bar,8.3909,1.27,16.98,normal,97.1,95.3,2000,GW-MQTT-01,1.1
2026-04-15 06:56:46,P-204,Pompe centrifuge HP,P-204-SEN-01,accelerometre,accelerometre,mm/s,1.1757,0.25,3.43,normal,96.9,97.1,512,GW-MQTT-01,1.5
2026-04-15 06:56:40,P-204,Pompe centrifuge HP,P-204-SEN-02,accelerometre,accelerometre,g,0.2772,0.05,0.73,normal,96.7,98.1,2000,GW-Modbus-03,1.5
2026-04-15 06:56:09,P-204,Pompe centrifuge HP,P-204-SEN-03,thermique,thermique,°C,25.9069,4.05,54.18,normal,96.9,99.0,128,GW-Modbus-03,1.3
2026-04-15 06:56:01,P-204,Pompe centrifuge HP,P-204-SEN-04,sonde_proximite,sonde_proximite,microns,44.0592,5.4,72.72,normal,98.4,97.1,512,GW-MQTT-01,1.6
2026-04-15 06:56:47,P-204,Pompe centrifuge HP,P-204-SEN-05,ultrason,ultrason,dB,21.0649,3.78,50.69,normal,96.9,95.2,512,GW-Modbus-03,2.0
2026-04-15 06:56:48,P-204,Pompe centrifuge HP,P-204-SEN-06,courant,courant,A,75.75,10.8,144.36,normal,96.9,98.4,256,GW-MQTT-01,1.6
2026-04-15 06:56:20,P-204,Pompe centrifuge HP,P-204-SEN-07,debit,debit,m3/h,55.4551,7.65,102.11,normal,97.8,95.3,5000,GW-MQTT-01,1.4
2026-04-15 06:56:43,P-204,Pompe centrifuge HP,P-204-SEN-08,pression,pression,bar,4.5362,0.58,7.84,normal,97.1,99.1,1000,GW-MQTT-01,1.4
2026-04-15 06:56:13,C-118,Compresseur à vis,C-118-SEN-01,accelerometre,accelerometre,mm/s,2.328,0.31,4.23,normal,96.4,96.3,256,GW-Modbus-03,0.8
2026-04-15 06:56:16,C-118,Compresseur à vis,C-118-SEN-02,accelerometre,accelerometre,g,0.2966,0.07,0.91,normal,97.3,99.9,256,GW-Modbus-03,1.6
2026-04-15 06:56:07,C-118,Compresseur à vis,C-118-SEN-03,thermique,thermique,°C,36.6147,4.99,66.82,normal,96.7,96.4,128,GW-MQTT-01,0.7
2026-04-15 06:56:40,C-118,Compresseur à vis,C-118-SEN-04,sonde_proximite,sonde_proximite,microns,46.0592,6.66,89.69,normal,97.9,94.8,5000,GW-OPCUA-02,1.1
2026-04-15 06:56:03,C-118,Compresseur à vis,C-118-SEN-05,ultrason,ultrason,dB,34.503,4.66,62.52,normal,96.6,97.1,256,GW-MQTT-01,1.2
2026-04-15 06:56:58,C-118,Compresseur à vis,C-118-SEN-06,courant,courant,A,95.2155,13.32,178.04,normal,98.0,97.4,1000,GW-MQTT-01,1.6
2026-04-15 06:56:42,C-118,Compresseur à vis,C-118-SEN-07,debit,debit,m3/h,56.2002,9.43,125.93,normal,97.0,93.7,512,GW-MQTT-01,1.6
2026-04-15 06:56:35,C-118,Compresseur à vis,C-118-SEN-08,pression,pression,bar,5.3143,0.72,9.66,normal,96.0,95.7,5000,GW-Modbus-03,0.9
2026-04-15 06:56:26,V-302,Ventilateur tirage,V-302-SEN-01,accelerometre,accelerometre,mm/s,2.4192,0.37,5.03,normal,95.6,95.7,1000,GW-MQTT-01,0.9
2026-04-15 06:56:28,V-302,Ventilateur tirage,V-302-SEN-02,accelerometre,accelerometre,g,0.5144,0.08,1.08,normal,97.8,97.1,2000,GW-OPCUA-02,1.4
2026-04-15 06:56:02,V-302,Ventilateur tirage,V-302-SEN-03,thermique,thermique,°C,37.6308,5.94,79.46,normal,97.1,97.7,512,GW-MQTT-01,1.8
2026-04-15 06:56:58,V-302,Ventilateur tirage,V-302-SEN-04,sonde_proximite,sonde_proximite,microns,56.9287,7.92,106.66,normal,98.4,93.2,2000,GW-MQTT-01,1.1
2026-04-15 06:56:03,V-302,Ventilateur tirage,V-302-SEN-05,ultrason,ultrason,dB,43.9611,5.54,74.34,normal,98.4,100.1,2000,GW-Modbus-03,1.2
2026-04-15 06:56:01,V-302,Ventilateur tirage,V-302-SEN-06,courant,courant,A,106.1349,15.84,211.73,normal,96.9,97.8,512,GW-Modbus-03,0.9
2026-04-15 06:56:47,V-302,Ventilateur tirage,V-302-SEN-07,debit,debit,m3/h,78.5539,11.22,149.76,normal,97.8,97.2,256,GW-OPCUA-02,0.9
2026-04-15 06:56:46,V-302,Ventilateur tirage,V-302-SEN-08,pression,pression,bar,5.6104,0.86,11.49,normal,96.3,98.2,1000,GW-Modbus-03,1.4
2026-04-15 06:56:27,M-019,Moteur électrique 400kW,M-019-SEN-01,accelerometre,accelerometre,mm/s,2.7962,0.43,5.83,normal,98.1,95.2,1000,GW-MQTT-01,1.2
2026-04-15 06:56:51,M-019,Moteur électrique 400kW,M-019-SEN-02,accelerometre,accelerometre,g,0.6441,0.09,1.25,normal,96.9,98.9,2000,GW-OPCUA-02,0.9
2026-04-15 06:56:55,M-019,Moteur électrique 400kW,M-019-SEN-03,thermique,thermique,°C,46.4469,6.88,92.11,normal,97.9,97.0,2000,GW-OPCUA-02,1.4
2026-04-15 06:56:51,M-019,Moteur électrique 400kW,M-019-SEN-04,sonde_proximite,sonde_proximite,microns,71.2251,9.18,123.62,normal,98.2,94.1,1000,GW-OPCUA-02,1.0
2026-04-15 06:56:20,M-019,Moteur électrique 400kW,M-019-SEN-05,ultrason,ultrason,dB,44.6022,6.43,86.17,normal,96.7,98.1,128,GW-MQTT-01,0.9
2026-04-15 06:56:20,M-019,Moteur électrique 400kW,M-019-SEN-06,courant,courant,A,130.2287,18.36,245.41,normal,98.2,99.0,128,GW-Modbus-03,1.6
2026-04-15 06:56:47,M-019,Moteur électrique 400kW,M-019-SEN-07,debit,debit,m3/h,85.6059,13.01,173.58,normal,95.7,95.5,5000,GW-OPCUA-02,0.7
2026-04-15 06:56:43,M-019,Moteur électrique 400kW,M-019-SEN-08,pression,pression,bar,7.1476,0.99,13.32,normal,98.1,97.7,512,GW-MQTT-01,1.2
2026-04-15 06:56:21,R-077,Réducteur convoyeur,R-077-SEN-01,accelerometre,accelerometre,mm/s,3.2707,0.49,6.64,normal,96.6,97.6,1000,GW-MQTT-01,1.9
2026-04-15 06:56:40,R-077,Réducteur convoyeur,R-077-SEN-02,accelerometre,accelerometre,g,0.778,0.1,1.42,normal,97.6,97.3,1000,GW-Modbus-03,1.7
2026-04-15 06:56:33,R-077,Réducteur convoyeur,R-077-SEN-03,thermique,thermique,°C,53.5827,7.83,104.75,normal,97.1,95.2,2000,GW-Modbus-03,1.0
2026-04-15 06:56:36,R-077,Réducteur convoyeur,R-077-SEN-04,sonde_proximite,sonde_proximite,microns,71.5491,10.44,140.59,normal,96.2,97.1,256,GW-MQTT-01,1.3
2026-04-15 06:56:37,R-077,Réducteur convoyeur,R-077-SEN-05,ultrason,ultrason,dB,48.9726,7.31,98.0,normal,96.2,98.8,128,GW-OPCUA-02,1.0
2026-04-15 06:56:48,R-077,Réducteur convoyeur,R-077-SEN-06,courant,courant,A,150.2329,20.88,279.1,normal,96.9,98.5,1000,GW-Modbus-03,2.0
2026-04-15 06:56:09,R-077,Réducteur convoyeur,R-077-SEN-07,debit,debit,m3/h,93.4192,14.79,197.41,normal,97.7,96.9,512,GW-Modbus-03,1.1
2026-04-15 06:56:12,R-077,Réducteur convoyeur,R-077-SEN-08,pression,pression,bar,7.9535,1.13,15.15,normal,98.4,96.5,5000,GW-MQTT-01,2.0
2026-04-15 06:56:30,P-311,Pompe centrifuge BP,P-311-SEN-01,accelerometre,accelerometre,mm/s,3.6901,0.55,7.44,normal,95.5,99.0,512,GW-Modbus-03,1.3
2026-04-15 06:56:19,P-311,Pompe centrifuge BP,P-311-SEN-02,accelerometre,accelerometre,g,0.7766,0.12,1.59,normal,97.4,99.7,2000,GW-OPCUA-02,1.1
2026-04-15 06:56:03,P-311,Pompe centrifuge BP,P-311-SEN-03,thermique,thermique,°C,56.4142,8.78,117.39,normal,96.0,97.0,256,GW-OPCUA-02,0.9
2026-04-15 06:56:58,P-311,Pompe centrifuge BP,P-311-SEN-04,sonde_proximite,sonde_proximite,microns,74.072,11.7,157.56,normal,97.2,94.7,256,GW-Modbus-03,1.3
2026-04-15 06:56:33,P-311,Pompe centrifuge BP,P-311-SEN-05,ultrason,ultrason,dB,55.2988,8.19,109.82,normal,96.4,98.6,2000,GW-OPCUA-02,1.6
2026-04-15 06:56:36,P-311,Pompe centrifuge BP,P-311-SEN-06,courant,courant,A,143.3291,23.4,312.78,normal,96.1,95.0,2000,GW-MQTT-01,1.5
2026-04-15 06:56:41,P-311,Pompe centrifuge BP,P-311-SEN-07,debit,debit,m3/h,113.5634,16.57,221.23,normal,96.1,102.0,2000,GW-Modbus-03,0.9
2026-04-15 06:56:21,P-311,Pompe centrifuge BP,P-311-SEN-08,pression,pression,bar,8.9171,1.27,16.98,normal,95.7,98.8,5000,GW-MQTT-01,1.1
2026-04-15 07:51:34,P-204,Pompe centrifuge HP,P-204-SEN-01,accelerometre,accelerometre,mm/s,1.4344,0.25,3.43,normal,96.3,95.9,1000,GW-MQTT-01,1.1
2026-04-15 07:51:48,P-204,Pompe centrifuge HP,P-204-SEN-02,accelerometre,accelerometre,g,0.4664,0.05,0.73,normal,97.8,97.7,2000,GW-Modbus-03,1.6
2026-04-15 07:51:31,P-204,Pompe centrifuge HP,P-204-SEN-03,thermique,thermique,°C,25.8157,4.05,54.19,normal,96.3,96.0,128,GW-OPCUA-02,1.5
2026-04-15 07:51:47,P-204,Pompe centrifuge HP,P-204-SEN-04,sonde_proximite,sonde_proximite,microns,30.4392,5.4,72.74,normal,95.4,96.9,512,GW-MQTT-01,1.4
2026-04-15 07:51:17,P-204,Pompe centrifuge HP,P-204-SEN-05,ultrason,ultrason,dB,26.7875,3.78,50.7,normal,97.4,95.6,2000,GW-OPCUA-02,2.4
2026-04-15 07:51:33,P-204,Pompe centrifuge HP,P-204-SEN-06,courant,courant,A,65.3917,10.8,144.37,normal,97.0,95.8,512,GW-MQTT-01,0.6
2026-04-15 07:51:29,P-204,Pompe centrifuge HP,P-204-SEN-07,debit,debit,m3/h,52.2699,7.65,102.11,normal,96.1,92.5,1000,GW-MQTT-01,1.2
2026-04-15 07:51:32,P-204,Pompe centrifuge HP,P-204-SEN-08,pression,pression,bar,2.9705,0.58,7.84,normal,98.0,94.4,256,GW-Modbus-03,2.0
2026-04-15 07:51:23,C-118,Compresseur à vis,C-118-SEN-01,accelerometre,accelerometre,mm/s,2.1822,0.31,4.24,normal,98.3,98.3,128,GW-OPCUA-02,0.3
2026-04-15 07:51:41,C-118,Compresseur à vis,C-118-SEN-02,accelerometre,accelerometre,g,0.2523,0.07,0.91,normal,95.7,96.2,5000,GW-Modbus-03,1.2
2026-04-15 07:51:14,C-118,Compresseur à vis,C-118-SEN-03,thermique,thermique,°C,36.3487,4.99,66.83,normal,98.0,95.9,128,GW-Modbus-03,1.9
2026-04-15 07:51:51,C-118,Compresseur à vis,C-118-SEN-04,sonde_proximite,sonde_proximite,microns,32.2944,6.66,89.72,normal,96.5,97.3,2000,GW-Modbus-03,0.7
2026-04-15 07:51:19,C-118,Compresseur à vis,C-118-SEN-05,ultrason,ultrason,dB,26.8641,4.66,62.53,normal,97.4,100.8,128,GW-Modbus-03,1.5
2026-04-15 07:51:59,C-118,Compresseur à vis,C-118-SEN-06,courant,courant,A,95.3072,13.32,178.06,normal,98.0,97.3,1000,GW-Modbus-03,1.0
2026-04-15 07:51:37,C-118,Compresseur à vis,C-118-SEN-07,debit,debit,m3/h,61.7516,9.43,125.94,normal,96.1,92.8,128,GW-Modbus-03,1.9
2026-04-15 07:51:41,C-118,Compresseur à vis,C-118-SEN-08,pression,pression,bar,4.9668,0.72,9.67,normal,95.5,97.9,2000,GW-OPCUA-02,1.9
2026-04-15 07:51:31,V-302,Ventilateur tirage,V-302-SEN-01,accelerometre,accelerometre,mm/s,2.9068,0.37,5.04,normal,96.9,99.3,512,GW-Modbus-03,1.2
2026-04-15 07:51:57,V-302,Ventilateur tirage,V-302-SEN-02,accelerometre,accelerometre,g,0.574,0.08,1.08,normal,97.9,94.7,256,GW-Modbus-03,1.4
2026-04-15 07:51:39,V-302,Ventilateur tirage,V-302-SEN-03,thermique,thermique,°C,38.284,5.94,79.47,normal,97.4,95.3,1000,GW-MQTT-01,1.2
2026-04-15 07:51:44,V-302,Ventilateur tirage,V-302-SEN-04,sonde_proximite,sonde_proximite,microns,42.924,7.92,106.69,normal,97.6,95.8,128,GW-OPCUA-02,1.2
2026-04-15 07:51:47,V-302,Ventilateur tirage,V-302-SEN-05,ultrason,ultrason,dB,37.0476,5.54,74.36,normal,97.8,98.7,2000,GW-Modbus-03,1.1
2026-04-15 07:51:04,V-302,Ventilateur tirage,V-302-SEN-06,courant,courant,A,110.1247,15.84,211.75,normal,96.9,94.7,128,GW-OPCUA-02,1.3
2026-04-15 07:51:38,V-302,Ventilateur tirage,V-302-SEN-07,debit,debit,m3/h,72.2892,11.22,149.76,normal,95.8,96.1,5000,GW-MQTT-01,1.6
2026-04-15 07:51:39,V-302,Ventilateur tirage,V-302-SEN-08,pression,pression,bar,5.8704,0.86,11.49,normal,95.6,95.8,5000,GW-OPCUA-02,1.1
2026-04-15 07:51:59,M-019,Moteur électrique 400kW,M-019-SEN-01,accelerometre,accelerometre,mm/s,2.6114,0.43,5.84,normal,96.9,95.4,1000,GW-Modbus-03,0.9
2026-04-15 07:51:36,M-019,Moteur électrique 400kW,M-019-SEN-02,accelerometre,accelerometre,g,0.5352,0.09,1.25,normal,95.6,95.6,5000,GW-Modbus-03,1.3
2026-04-15 07:51:39,M-019,Moteur électrique 400kW,M-019-SEN-03,thermique,thermique,°C,46.2581,6.88,92.12,normal,96.8,95.0,5000,GW-OPCUA-02,0.9
2026-04-15 07:51:44,M-019,Moteur électrique 400kW,M-019-SEN-04,sonde_proximite,sonde_proximite,microns,67.997,9.18,123.66,normal,98.4,96.5,1000,GW-OPCUA-02,1.3
2026-04-15 07:51:12,M-019,Moteur électrique 400kW,M-019-SEN-05,ultrason,ultrason,dB,46.8677,6.43,86.19,normal,97.5,99.0,512,GW-MQTT-01,1.6
2026-04-15 07:51:35,M-019,Moteur électrique 400kW,M-019-SEN-06,courant,courant,A,124.2932,18.36,245.43,normal,95.4,101.5,2000,GW-OPCUA-02,0.3
2026-04-15 07:51:40,M-019,Moteur électrique 400kW,M-019-SEN-07,debit,debit,m3/h,95.3342,13.01,173.59,normal,95.9,96.5,2000,GW-Modbus-03,0.7
2026-04-15 07:51:46,M-019,Moteur électrique 400kW,M-019-SEN-08,pression,pression,bar,7.0051,0.99,13.32,normal,95.9,97.8,128,GW-MQTT-01,1.0
2026-04-15 07:51:47,R-077,Réducteur convoyeur,R-077-SEN-01,accelerometre,accelerometre,mm/s,4.0398,0.49,6.64,normal,95.9,98.8,256,GW-OPCUA-02,1.8
2026-04-15 07:51:47,R-077,Réducteur convoyeur,R-077-SEN-02,accelerometre,accelerometre,g,0.6992,0.1,1.42,normal,96.7,96.9,1000,GW-Modbus-03,1.3
2026-04-15 07:51:11,R-077,Réducteur convoyeur,R-077-SEN-03,thermique,thermique,°C,55.7848,7.83,104.76,normal,95.6,97.8,5000,GW-OPCUA-02,1.2
2026-04-15 07:51:08,R-077,Réducteur convoyeur,R-077-SEN-04,sonde_proximite,sonde_proximite,microns,61.3119,10.44,140.64,normal,97.4,95.4,128,GW-MQTT-01,1.2
2026-04-15 07:51:34,R-077,Réducteur convoyeur,R-077-SEN-05,ultrason,ultrason,dB,50.804,7.31,98.02,normal,96.8,98.0,512,GW-OPCUA-02,0.8
2026-04-15 07:51:51,R-077,Réducteur convoyeur,R-077-SEN-06,courant,courant,A,126.8867,20.88,279.12,normal,97.3,97.9,256,GW-Modbus-03,1.3
2026-04-15 07:51:17,R-077,Réducteur convoyeur,R-077-SEN-07,debit,debit,m3/h,98.1686,14.79,197.42,normal,97.2,101.0,512,GW-MQTT-01,1.1
2026-04-15 07:51:06,R-077,Réducteur convoyeur,R-077-SEN-08,pression,pression,bar,6.9846,1.13,15.15,normal,97.3,95.4,128,GW-OPCUA-02,0.8
2026-04-15 07:51:52,P-311,Pompe centrifuge BP,P-311-SEN-01,accelerometre,accelerometre,mm/s,3.2988,0.55,7.44,normal,98.0,97.2,1000,GW-MQTT-01,0.7
2026-04-15 07:51:35,P-311,Pompe centrifuge BP,P-311-SEN-02,accelerometre,accelerometre,g,0.7739,0.12,1.59,normal,96.2,99.1,256,GW-Modbus-03,1.1
2026-04-15 07:51:31,P-311,Pompe centrifuge BP,P-311-SEN-03,thermique,thermique,°C,60.2766,8.78,117.4,normal,97.0,97.8,128,GW-OPCUA-02,1.0
2026-04-15 07:51:14,P-311,Pompe centrifuge BP,P-311-SEN-04,sonde_proximite,sonde_proximite,microns,76.1565,11.7,157.61,normal,97.0,95.9,2000,GW-Modbus-03,1.2
2026-04-15 07:51:17,P-311,Pompe centrifuge BP,P-311-SEN-05,ultrason,ultrason,dB,60.859,8.19,109.84,normal,97.2,93.6,256,GW-OPCUA-02,1.9
2026-04-15 07:51:31,P-311,Pompe centrifuge BP,P-311-SEN-06,courant,courant,A,154.9393,23.4,312.81,normal,95.8,98.8,5000,GW-OPCUA-02,1.3
2026-04-15 07:51:08,P-311,Pompe centrifuge BP,P-311-SEN-07,debit,debit,m3/h,113.2051,16.57,221.24,normal,96.4,99.7,512,GW-OPCUA-02,0.7
2026-04-15 07:51:31,P-311,Pompe centrifuge BP,P-311-SEN-08,pression,pression,bar,8.5571,1.27,16.98,normal,98.1,101.3,2000,GW-MQTT-01,1.7
2026-04-15 08:37:09,P-204,Pompe centrifuge HP,P-204-SEN-01,accelerometre,accelerometre,mm/s,2.2397,0.25,3.44,normal,95.8,97.1,128,GW-Modbus-03,1.6
2026-04-15 08:37:19,P-204,Pompe centrifuge HP,P-204-SEN-02,accelerometre,accelerometre,g,0.5952,0.05,0.74,normal,96.2,96.5,512,GW-MQTT-01,1.4
2026-04-15 08:37:58,P-204,Pompe centrifuge HP,P-204-SEN-03,thermique,thermique,°C,24.2139,4.05,54.19,normal,98.0,96.1,2000,GW-Modbus-03,1.2
2026-04-15 08:37:43,P-204,Pompe centrifuge HP,P-204-SEN-04,sonde_proximite,sonde_proximite,microns,44.0877,5.4,72.77,normal,95.9,97.7,256,GW-Modbus-03,1.1
2026-04-15 08:37:33,P-204,Pompe centrifuge HP,P-204-SEN-05,ultrason,ultrason,dB,19.2225,3.78,50.71,normal,97.4,101.0,512,GW-MQTT-01,1.1
2026-04-15 08:37:07,P-204,Pompe centrifuge HP,P-204-SEN-06,courant,courant,A,70.4928,10.8,144.38,normal,95.3,94.7,256,GW-Modbus-03,0.5
2026-04-15 08:37:00,P-204,Pompe centrifuge HP,P-204-SEN-07,debit,debit,m3/h,43.0343,7.65,102.12,normal,96.0,100.4,1000,GW-OPCUA-02,1.1
2026-04-15 08:37:44,P-204,Pompe centrifuge HP,P-204-SEN-08,pression,pression,bar,3.7194,0.58,7.84,normal,97.4,97.6,1000,GW-OPCUA-02,0.9
2026-04-15 08:37:54,C-118,Compresseur à vis,C-118-SEN-01,accelerometre,accelerometre,mm/s,2.1274,0.31,4.24,normal,98.4,96.9,2000,GW-Modbus-03,1.2
2026-04-15 08:37:12,C-118,Compresseur à vis,C-118-SEN-02,accelerometre,accelerometre,g,0.3319,0.07,0.91,normal,96.4,96.7,128,GW-OPCUA-02,1.3
2026-04-15 08:37:15,C-118,Compresseur à vis,C-118-SEN-03,thermique,thermique,°C,35.1114,4.99,66.84,normal,97.8,96.4,5000,GW-MQTT-01,1.4
2026-04-15 08:37:38,C-118,Compresseur à vis,C-118-SEN-04,sonde_proximite,sonde_proximite,microns,60.1167,6.66,89.75,normal,95.8,97.6,512,GW-OPCUA-02,1.2
2026-04-15 08:37:43,C-118,Compresseur à vis,C-118-SEN-05,ultrason,ultrason,dB,27.3907,4.66,62.54,normal,96.8,97.8,256,GW-MQTT-01,1.0
2026-04-15 08:37:17,C-118,Compresseur à vis,C-118-SEN-06,courant,courant,A,82.9481,13.32,178.07,normal,96.0,97.6,128,GW-MQTT-01,0.7
2026-04-15 08:37:24,C-118,Compresseur à vis,C-118-SEN-07,debit,debit,m3/h,59.2501,9.43,125.94,normal,95.2,96.8,1000,GW-OPCUA-02,0.8
2026-04-15 08:37:48,C-118,Compresseur à vis,C-118-SEN-08,pression,pression,bar,4.5611,0.72,9.67,normal,98.2,95.3,2000,GW-OPCUA-02,1.4
2026-04-15 08:37:50,V-302,Ventilateur tirage,V-302-SEN-01,accelerometre,accelerometre,mm/s,2.7042,0.37,5.04,normal,95.3,98.0,5000,GW-MQTT-01,1.4
2026-04-15 08:37:42,V-302,Ventilateur tirage,V-302-SEN-02,accelerometre,accelerometre,g,0.5498,0.08,1.08,normal,95.3,97.6,1000,GW-Modbus-03,0.8
2026-04-15 08:37:45,V-302,Ventilateur tirage,V-302-SEN-03,thermique,thermique,°C,39.5894,5.94,79.48,normal,98.1,98.5,512,GW-OPCUA-02,1.2
2026-04-15 08:37:22,V-302,Ventilateur tirage,V-302-SEN-04,sonde_proximite,sonde_proximite,microns,28.3806,7.92,106.73,normal,97.2,96.9,128,GW-OPCUA-02,1.2
2026-04-15 08:37:19,V-302,Ventilateur tirage,V-302-SEN-05,ultrason,ultrason,dB,36.3822,5.54,74.37,normal,95.7,99.3,5000,GW-MQTT-01,0.7
2026-04-15 08:37:41,V-302,Ventilateur tirage,V-302-SEN-06,courant,courant,A,106.6387,15.84,211.76,normal,98.2,96.2,1000,GW-MQTT-01,1.3
2026-04-15 08:37:38,V-302,Ventilateur tirage,V-302-SEN-07,debit,debit,m3/h,70.4329,11.22,149.77,normal,96.9,96.2,256,GW-MQTT-01,0.8
2026-04-15 08:37:45,V-302,Ventilateur tirage,V-302-SEN-08,pression,pression,bar,5.4425,0.86,11.5,normal,97.8,94.6,1000,GW-OPCUA-02,1.0
2026-04-15 08:37:27,M-019,Moteur électrique 400kW,M-019-SEN-01,accelerometre,accelerometre,mm/s,2.6944,0.43,5.84,normal,95.6,96.7,128,GW-MQTT-01,0.8
2026-04-15 08:37:41,M-019,Moteur électrique 400kW,M-019-SEN-02,accelerometre,accelerometre,g,0.5998,0.09,1.25,normal,96.4,94.1,2000,GW-MQTT-01,0.9
2026-04-15 08:37:22,M-019,Moteur électrique 400kW,M-019-SEN-03,thermique,thermique,°C,44.4591,6.88,92.13,normal,97.1,96.1,2000,GW-OPCUA-02,2.1
2026-04-15 08:37:05,M-019,Moteur électrique 400kW,M-019-SEN-04,sonde_proximite,sonde_proximite,microns,65.1414,9.18,123.71,normal,95.3,97.2,512,GW-OPCUA-02,1.6
2026-04-15 08:37:26,M-019,Moteur électrique 400kW,M-019-SEN-05,ultrason,ultrason,dB,41.8291,6.43,86.2,normal,96.1,95.6,5000,GW-MQTT-01,1.9
2026-04-15 08:37:57,M-019,Moteur électrique 400kW,M-019-SEN-06,courant,courant,A,101.7724,18.36,245.45,normal,96.8,94.5,2000,GW-MQTT-01,1.1
2026-04-15 08:37:44,M-019,Moteur électrique 400kW,M-019-SEN-07,debit,debit,m3/h,87.472,13.01,173.6,normal,97.2,95.1,1000,GW-OPCUA-02,1.4
2026-04-15 08:37:42,M-019,Moteur électrique 400kW,M-019-SEN-08,pression,pression,bar,6.7011,0.99,13.33,normal,95.5,102.0,128,GW-OPCUA-02,1.1
2026-04-15 08:37:56,R-077,Réducteur convoyeur,R-077-SEN-01,accelerometre,accelerometre,mm/s,3.3579,0.49,6.64,normal,95.3,99.4,1000,GW-OPCUA-02,1.9
2026-04-15 08:37:43,R-077,Réducteur convoyeur,R-077-SEN-02,accelerometre,accelerometre,g,0.7761,0.1,1.42,normal,96.0,101.4,1000,GW-OPCUA-02,1.0
2026-04-15 08:37:59,R-077,Réducteur convoyeur,R-077-SEN-03,thermique,thermique,°C,50.8238,7.83,104.77,normal,96.7,100.2,256,GW-MQTT-01,2.0
2026-04-15 08:37:37,R-077,Réducteur convoyeur,R-077-SEN-04,sonde_proximite,sonde_proximite,microns,86.2315,10.44,140.68,normal,96.2,94.6,2000,GW-OPCUA-02,1.1
2026-04-15 08:37:12,R-077,Réducteur convoyeur,R-077-SEN-05,ultrason,ultrason,dB,55.0242,7.31,98.03,normal,98.3,101.3,1000,GW-Modbus-03,1.0
2026-04-15 08:37:47,R-077,Réducteur convoyeur,R-077-SEN-06,courant,courant,A,137.1908,20.88,279.14,normal,97.5,92.5,1000,GW-OPCUA-02,1.9
2026-04-15 08:37:26,R-077,Réducteur convoyeur,R-077-SEN-07,debit,debit,m3/h,102.3249,14.79,197.42,normal,97.5,96.4,5000,GW-Modbus-03,2.1
2026-04-15 08:37:28,R-077,Réducteur convoyeur,R-077-SEN-08,pression,pression,bar,7.4955,1.13,15.15,normal,95.5,99.8,256,GW-MQTT-01,0.9
2026-04-15 08:37:56,P-311,Pompe centrifuge BP,P-311-SEN-01,accelerometre,accelerometre,mm/s,3.5326,0.55,7.45,normal,96.2,94.1,256,GW-MQTT-01,1.4
2026-04-15 08:37:05,P-311,Pompe centrifuge BP,P-311-SEN-02,accelerometre,accelerometre,g,0.8282,0.12,1.59,normal,95.5,97.6,2000,GW-MQTT-01,1.7
2026-04-15 08:37:31,P-311,Pompe centrifuge BP,P-311-SEN-03,thermique,thermique,°C,60.3285,8.78,117.42,normal,96.2,97.8,512,GW-Modbus-03,1.0
2026-04-15 08:37:42,P-311,Pompe centrifuge BP,P-311-SEN-04,sonde_proximite,sonde_proximite,microns,74.992,11.7,157.66,normal,97.7,98.4,128,GW-Modbus-03,1.2
2026-04-15 08:37:36,P-311,Pompe centrifuge BP,P-311-SEN-05,ultrason,ultrason,dB,55.7193,8.19,109.87,normal,96.3,96.0,512,GW-OPCUA-02,1.1
2026-04-15 08:37:09,P-311,Pompe centrifuge BP,P-311-SEN-06,courant,courant,A,176.568,23.4,312.83,normal,95.4,95.3,512,GW-Modbus-03,1.0
2026-04-15 08:37:06,P-311,Pompe centrifuge BP,P-311-SEN-07,debit,debit,m3/h,111.1093,16.57,221.25,normal,97.7,98.2,256,GW-Modbus-03,0.3
2026-04-15 08:37:30,P-311,Pompe centrifuge BP,P-311-SEN-08,pression,pression,bar,8.4424,1.27,16.98,normal,97.8,97.3,1000,GW-OPCUA-02,1.0
2026-04-15 09:10:26,P-204,Pompe centrifuge HP,P-204-SEN-01,accelerometre,accelerometre,mm/s,1.7578,0.25,3.44,normal,97.0,97.0,256,GW-MQTT-01,1.0
2026-04-15 09:10:04,P-204,Pompe centrifuge HP,P-204-SEN-02,accelerometre,accelerometre,g,0.3474,0.05,0.74,normal,95.5,94.9,1000,GW-MQTT-01,1.5
2026-04-15 09:10:15,P-204,Pompe centrifuge HP,P-204-SEN-03,thermique,thermique,°C,25.4087,4.05,54.2,normal,96.9,93.8,128,GW-Modbus-03,0.9
2026-04-15 09:10:44,P-204,Pompe centrifuge HP,P-204-SEN-04,sonde_proximite,sonde_proximite,microns,42.2605,5.4,72.79,normal,96.1,96.4,1000,GW-Modbus-03,1.3
2026-04-15 09:10:13,P-204,Pompe centrifuge HP,P-204-SEN-05,ultrason,ultrason,dB,20.2847,3.78,50.72,normal,96.5,98.7,128,GW-MQTT-01,0.8
2026-04-15 09:10:27,P-204,Pompe centrifuge HP,P-204-SEN-06,courant,courant,A,76.2096,10.8,144.4,normal,96.9,99.3,2000,GW-Modbus-03,1.4
2026-04-15 09:10:18,P-204,Pompe centrifuge HP,P-204-SEN-07,debit,debit,m3/h,53.6191,7.65,102.12,normal,97.3,97.2,5000,GW-Modbus-03,0.8
2026-04-15 09:10:14,P-204,Pompe centrifuge HP,P-204-SEN-08,pression,pression,bar,4.1268,0.58,7.84,normal,95.1,98.9,256,GW-Modbus-03,0.8
2026-04-15 09:10:22,C-118,Compresseur à vis,C-118-SEN-01,accelerometre,accelerometre,mm/s,1.9714,0.31,4.24,normal,96.8,96.9,1000,GW-Modbus-03,1.6
2026-04-15 09:10:24,C-118,Compresseur à vis,C-118-SEN-02,accelerometre,accelerometre,g,0.4235,0.07,0.91,normal,98.1,102.1,128,GW-OPCUA-02,0.7
2026-04-15 09:10:46,C-118,Compresseur à vis,C-118-SEN-03,thermique,thermique,°C,29.8608,4.99,66.84,normal,98.3,98.2,128,GW-MQTT-01,1.5
2026-04-15 09:10:45,C-118,Compresseur à vis,C-118-SEN-04,sonde_proximite,sonde_proximite,microns,48.3434,6.66,89.78,normal,97.4,96.9,5000,GW-MQTT-01,0.8
2026-04-15 09:10:51,C-118,Compresseur à vis,C-118-SEN-05,ultrason,ultrason,dB,34.1058,4.66,62.55,normal,96.2,96.9,128,GW-OPCUA-02,1.4
2026-04-15 09:10:12,C-118,Compresseur à vis,C-118-SEN-06,courant,courant,A,77.1093,13.32,178.09,normal,96.9,96.9,1000,GW-OPCUA-02,0.5
2026-04-15 09:10:44,C-118,Compresseur à vis,C-118-SEN-07,debit,debit,m3/h,61.9232,9.43,125.95,normal,96.1,96.3,128,GW-Modbus-03,1.1
2026-04-15 09:10:19,C-118,Compresseur à vis,C-118-SEN-08,pression,pression,bar,4.5391,0.72,9.67,normal,97.4,95.2,2000,GW-Modbus-03,1.7
2026-04-15 09:10:01,V-302,Ventilateur tirage,V-302-SEN-01,accelerometre,accelerometre,mm/s,2.6122,0.37,5.04,normal,97.5,98.7,128,GW-OPCUA-02,1.4
2026-04-15 09:10:21,V-302,Ventilateur tirage,V-302-SEN-02,accelerometre,accelerometre,g,0.5972,0.08,1.08,normal,98.2,95.5,5000,GW-OPCUA-02,1.4
2026-04-15 09:10:04,V-302,Ventilateur tirage,V-302-SEN-03,thermique,thermique,°C,41.7127,5.94,79.49,normal,96.3,97.8,2000,GW-Modbus-03,1.4
2026-04-15 09:10:03,V-302,Ventilateur tirage,V-302-SEN-04,sonde_proximite,sonde_proximite,microns,52.7653,7.92,106.76,normal,95.6,94.2,512,GW-MQTT-01,1.3
2026-04-15 09:10:20,V-302,Ventilateur tirage,V-302-SEN-05,ultrason,ultrason,dB,38.0645,5.54,74.38,normal,96.3,96.6,5000,GW-OPCUA-02,1.9
2026-04-15 09:10:01,V-302,Ventilateur tirage,V-302-SEN-06,courant,courant,A,98.5358,15.84,211.78,normal,97.6,98.0,256,GW-OPCUA-02,1.6
2026-04-15 09:10:58,V-302,Ventilateur tirage,V-302-SEN-07,debit,debit,m3/h,76.6761,11.22,149.77,normal,95.7,96.5,5000,GW-Modbus-03,1.5
2026-04-15 09:10:17,V-302,Ventilateur tirage,V-302-SEN-08,pression,pression,bar,5.8454,0.86,11.5,normal,96.3,96.1,2000,GW-Modbus-03,1.3
2026-04-15 09:10:39,M-019,Moteur électrique 400kW,M-019-SEN-01,accelerometre,accelerometre,mm/s,2.8449,0.43,5.85,normal,97.6,93.6,128,GW-OPCUA-02,1.6
2026-04-15 09:10:26,M-019,Moteur électrique 400kW,M-019-SEN-02,accelerometre,accelerometre,g,0.8549,0.09,1.25,normal,96.7,97.8,256,GW-Modbus-03,1.4
2026-04-15 09:10:32,M-019,Moteur électrique 400kW,M-019-SEN-03,thermique,thermique,°C,47.5196,6.88,92.14,normal,96.5,93.3,1000,GW-MQTT-01,1.8
2026-04-15 09:10:27,M-019,Moteur électrique 400kW,M-019-SEN-04,sonde_proximite,sonde_proximite,microns,52.8266,9.18,123.75,normal,97.0,96.5,128,GW-MQTT-01,1.4
2026-04-15 09:10:27,M-019,Moteur électrique 400kW,M-019-SEN-05,ultrason,ultrason,dB,45.243,6.43,86.22,normal,96.5,98.3,1000,GW-OPCUA-02,0.4
2026-04-15 09:10:23,M-019,Moteur électrique 400kW,M-019-SEN-06,courant,courant,A,126.1857,18.36,245.47,normal,96.1,96.4,2000,GW-MQTT-01,0.9
2026-04-15 09:10:01,M-019,Moteur électrique 400kW,M-019-SEN-07,debit,debit,m3/h,89.9661,13.01,173.6,normal,95.8,97.0,2000,GW-MQTT-01,0.9
2026-04-15 09:10:14,M-019,Moteur électrique 400kW,M-019-SEN-08,pression,pression,bar,6.1828,0.99,13.33,normal,97.2,99.8,5000,GW-OPCUA-02,0.5
2026-04-15 09:10:41,R-077,Réducteur convoyeur,R-077-SEN-01,accelerometre,accelerometre,mm/s,3.1964,0.49,6.65,normal,98.0,95.2,128,GW-OPCUA-02,1.8
2026-04-15 09:10:54,R-077,Réducteur convoyeur,R-077-SEN-02,accelerometre,accelerometre,g,0.6643,0.1,1.42,normal,97.2,97.4,256,GW-MQTT-01,1.3
2026-04-15 09:10:50,R-077,Réducteur convoyeur,R-077-SEN-03,thermique,thermique,°C,49.6559,7.83,104.78,normal,97.5,98.6,256,GW-OPCUA-02,0.7
2026-04-15 09:10:25,R-077,Réducteur convoyeur,R-077-SEN-04,sonde_proximite,sonde_proximite,microns,78.1831,10.44,140.73,normal,96.8,97.6,1000,GW-Modbus-03,0.8
2026-04-15 09:10:17,R-077,Réducteur convoyeur,R-077-SEN-05,ultrason,ultrason,dB,43.5723,7.31,98.05,normal,97.0,97.3,512,GW-MQTT-01,1.4
2026-04-15 09:10:55,R-077,Réducteur convoyeur,R-077-SEN-06,courant,courant,A,143.8508,20.88,279.17,normal,96.9,95.6,5000,GW-MQTT-01,1.1
2026-04-15 09:10:38,R-077,Réducteur convoyeur,R-077-SEN-07,debit,debit,m3/h,109.9283,14.79,197.43,normal,96.1,97.1,256,GW-OPCUA-02,1.9
2026-04-15 09:10:20,R-077,Réducteur convoyeur,R-077-SEN-08,pression,pression,bar,7.6128,1.13,15.16,normal,97.5,97.5,1000,GW-MQTT-01,1.3
2026-04-15 09:10:48,P-311,Pompe centrifuge BP,P-311-SEN-01,accelerometre,accelerometre,mm/s,3.651,0.55,7.45,normal,98.3,99.9,256,GW-OPCUA-02,1.3
2026-04-15 09:10:14,P-311,Pompe centrifuge BP,P-311-SEN-02,accelerometre,accelerometre,g,0.769,0.12,1.59,normal,98.3,97.7,5000,GW-OPCUA-02,1.6
2026-04-15 09:10:04,P-311,Pompe centrifuge BP,P-311-SEN-03,thermique,thermique,°C,59.9029,8.78,117.43,normal,97.4,97.9,128,GW-MQTT-01,1.8
2026-04-15 09:10:24,P-311,Pompe centrifuge BP,P-311-SEN-04,sonde_proximite,sonde_proximite,microns,81.2823,11.7,157.72,normal,97.8,98.1,128,GW-Modbus-03,0.8
2026-04-15 09:10:01,P-311,Pompe centrifuge BP,P-311-SEN-05,ultrason,ultrason,dB,51.9718,8.19,109.89,normal,95.4,95.6,1000,GW-Modbus-03,1.3
2026-04-15 09:10:46,P-311,Pompe centrifuge BP,P-311-SEN-06,courant,courant,A,163.5211,23.4,312.86,normal,98.3,94.7,5000,GW-Modbus-03,0.7
2026-04-15 09:10:14,P-311,Pompe centrifuge BP,P-311-SEN-07,debit,debit,m3/h,102.9822,16.57,221.26,normal,96.5,99.2,1000,GW-Modbus-03,1.1
2026-04-15 09:10:34,P-311,Pompe centrifuge BP,P-311-SEN-08,pression,pression,bar,9.2824,1.27,16.99,normal,95.2,95.4,128,GW-MQTT-01,0.8
2026-04-15 10:03:09,P-204,Pompe centrifuge HP,P-204-SEN-01,accelerometre,accelerometre,mm/s,1.9042,0.25,3.44,normal,97.2,98.3,128,GW-OPCUA-02,1.5
2026-04-15 10:03:06,P-204,Pompe centrifuge HP,P-204-SEN-02,accelerometre,accelerometre,g,0.3882,0.05,0.74,normal,97.7,92.4,1000,GW-MQTT-01,2.1
2026-04-15 10:03:18,P-204,Pompe centrifuge HP,P-204-SEN-03,thermique,thermique,°C,26.6566,4.05,54.2,normal,98.3,95.8,128,GW-MQTT-01,1.3
2026-04-15 10:03:12,P-204,Pompe centrifuge HP,P-204-SEN-04,sonde_proximite,sonde_proximite,microns,30.656,5.4,72.82,normal,95.4,99.3,256,GW-MQTT-01,1.2
2026-04-15 10:03:21,P-204,Pompe centrifuge HP,P-204-SEN-05,ultrason,ultrason,dB,34.1001,3.78,50.73,normal,96.3,99.4,128,GW-Modbus-03,0.6
2026-04-15 10:03:07,P-204,Pompe centrifuge HP,P-204-SEN-06,courant,courant,A,73.9997,10.8,144.41,normal,97.7,96.4,2000,GW-Modbus-03,0.7
2026-04-15 10:03:20,P-204,Pompe centrifuge HP,P-204-SEN-07,debit,debit,m3/h,48.8558,7.65,102.12,normal,98.3,99.5,128,GW-OPCUA-02,1.0
2026-04-15 10:03:11,P-204,Pompe centrifuge HP,P-204-SEN-08,pression,pression,bar,3.5749,0.58,7.84,normal,96.6,98.1,512,GW-Modbus-03,1.7
2026-04-15 10:03:39,C-118,Compresseur à vis,C-118-SEN-01,accelerometre,accelerometre,mm/s,2.3499,0.31,4.24,normal,97.7,100.6,1000,GW-OPCUA-02,0.8
2026-04-15 10:03:02,C-118,Compresseur à vis,C-118-SEN-02,accelerometre,accelerometre,g,0.5161,0.07,0.91,normal,96.7,98.3,256,GW-OPCUA-02,0.9
2026-04-15 10:03:33,C-118,Compresseur à vis,C-118-SEN-03,thermique,thermique,°C,34.7355,4.99,66.85,normal,94.9,95.8,5000,GW-MQTT-01,1.9
2026-04-15 10:03:18,C-118,Compresseur à vis,C-118-SEN-04,sonde_proximite,sonde_proximite,microns,51.0074,6.66,89.81,normal,97.2,97.1,1000,GW-Modbus-03,1.6
2026-04-15 10:03:09,C-118,Compresseur à vis,C-118-SEN-05,ultrason,ultrason,dB,27.4361,4.66,62.56,normal,96.4,96.2,256,GW-MQTT-01,1.4
2026-04-15 10:03:41,C-118,Compresseur à vis,C-118-SEN-06,courant,courant,A,81.6209,13.32,178.1,normal,97.8,97.1,512,GW-OPCUA-02,0.9
2026-04-15 10:03:39,C-118,Compresseur à vis,C-118-SEN-07,debit,debit,m3/h,64.3207,9.43,125.95,normal,96.2,98.1,5000,GW-MQTT-01,1.0
2026-04-15 10:03:12,C-118,Compresseur à vis,C-118-SEN-08,pression,pression,bar,4.3942,0.72,9.67,normal,98.2,96.8,512,GW-OPCUA-02,1.9
2026-04-15 10:03:41,V-302,Ventilateur tirage,V-302-SEN-01,accelerometre,accelerometre,mm/s,2.259,0.37,5.05,normal,98.2,96.0,5000,GW-MQTT-01,0.9
2026-04-15 10:03:54,V-302,Ventilateur tirage,V-302-SEN-02,accelerometre,accelerometre,g,0.5187,0.08,1.08,normal,96.1,99.5,128,GW-OPCUA-02,1.0
2026-04-15 10:03:39,V-302,Ventilateur tirage,V-302-SEN-03,thermique,thermique,°C,38.5914,5.94,79.5,normal,94.9,94.9,128,GW-Modbus-03,1.0
2026-04-15 10:03:02,V-302,Ventilateur tirage,V-302-SEN-04,sonde_proximite,sonde_proximite,microns,54.0105,7.92,106.8,normal,97.2,95.4,128,GW-MQTT-01,1.0
2026-04-15 10:03:57,V-302,Ventilateur tirage,V-302-SEN-05,ultrason,ultrason,dB,31.9749,5.54,74.4,normal,98.2,93.9,5000,GW-Modbus-03,1.2
2026-04-15 10:03:22,V-302,Ventilateur tirage,V-302-SEN-06,courant,courant,A,117.9878,15.84,211.8,normal,98.0,97.9,256,GW-MQTT-01,0.9
2026-04-15 10:03:12,V-302,Ventilateur tirage,V-302-SEN-07,debit,debit,m3/h,64.904,11.22,149.78,normal,98.0,93.4,1000,GW-OPCUA-02,1.3
2026-04-15 10:03:18,V-302,Ventilateur tirage,V-302-SEN-08,pression,pression,bar,5.9889,0.86,11.5,normal,98.1,97.9,5000,GW-MQTT-01,1.6
2026-04-15 10:03:06,M-019,Moteur électrique 400kW,M-019-SEN-01,accelerometre,accelerometre,mm/s,3.3618,0.43,5.85,normal,96.2,97.9,256,GW-Modbus-03,1.5
2026-04-15 10:03:54,M-019,Moteur électrique 400kW,M-019-SEN-02,accelerometre,accelerometre,g,0.4456,0.09,1.25,normal,97.3,98.1,256,GW-MQTT-01,2.1
2026-04-15 10:03:38,M-019,Moteur électrique 400kW,M-019-SEN-03,thermique,thermique,°C,44.008,6.88,92.15,normal,96.7,98.3,2000,GW-MQTT-01,1.5
2026-04-15 10:03:58,M-019,Moteur électrique 400kW,M-019-SEN-04,sonde_proximite,sonde_proximite,microns,68.8603,9.18,123.79,normal,97.8,96.7,512,GW-Modbus-03,1.8
2026-04-15 10:03:57,M-019,Moteur électrique 400kW,M-019-SEN-05,ultrason,ultrason,dB,39.3774,6.43,86.23,normal,95.9,94.1,256,GW-Modbus-03,1.0
2026-04-15 10:03:43,M-019,Moteur électrique 400kW,M-019-SEN-06,courant,courant,A,132.1131,18.36,245.49,normal,97.2,99.4,5000,GW-MQTT-01,1.0
2026-04-15 10:03:45,M-019,Moteur électrique 400kW,M-019-SEN-07,debit,debit,m3/h,92.444,13.01,173.61,normal,96.4,100.0,5000,GW-Modbus-03,1.2
2026-04-15 10:03:03,M-019,Moteur électrique 400kW,M-019-SEN-08,pression,pression,bar,6.7725,0.99,13.33,normal,97.3,92.1,128,GW-Modbus-03,1.1
2026-04-15 10:03:29,R-077,Réducteur convoyeur,R-077-SEN-01,accelerometre,accelerometre,mm/s,3.3687,0.49,6.65,normal,95.1,94.1,512,GW-MQTT-01,0.9
2026-04-15 10:03:31,R-077,Réducteur convoyeur,R-077-SEN-02,accelerometre,accelerometre,g,0.7469,0.1,1.42,normal,95.3,98.6,2000,GW-OPCUA-02,1.5
2026-04-15 10:03:57,R-077,Réducteur convoyeur,R-077-SEN-03,thermique,thermique,°C,53.1058,7.83,104.79,normal,98.1,96.1,2000,GW-MQTT-01,1.0
2026-04-15 10:03:51,R-077,Réducteur convoyeur,R-077-SEN-04,sonde_proximite,sonde_proximite,microns,56.8217,10.44,140.78,normal,98.0,99.4,512,GW-Modbus-03,0.5
2026-04-15 10:03:03,R-077,Réducteur convoyeur,R-077-SEN-05,ultrason,ultrason,dB,44.5986,7.31,98.07,normal,98.0,95.6,128,GW-OPCUA-02,1.2
2026-04-15 10:03:58,R-077,Réducteur convoyeur,R-077-SEN-06,courant,courant,A,143.5158,20.88,279.19,normal,96.1,97.5,512,GW-MQTT-01,1.6
2026-04-15 10:03:05,R-077,Réducteur convoyeur,R-077-SEN-07,debit,debit,m3/h,112.4901,14.79,197.44,normal,96.5,94.5,512,GW-OPCUA-02,1.4
2026-04-15 10:03:31,R-077,Réducteur convoyeur,R-077-SEN-08,pression,pression,bar,6.9441,1.13,15.16,normal,95.8,94.7,5000,GW-Modbus-03,1.8
2026-04-15 10:03:53,P-311,Pompe centrifuge BP,P-311-SEN-01,accelerometre,accelerometre,mm/s,3.5235,0.55,7.46,normal,96.8,95.2,128,GW-MQTT-01,1.3
2026-04-15 10:03:41,P-311,Pompe centrifuge BP,P-311-SEN-02,accelerometre,accelerometre,g,0.824,0.12,1.6,normal,96.5,99.8,5000,GW-OPCUA-02,1.3
2026-04-15 10:03:31,P-311,Pompe centrifuge BP,P-311-SEN-03,thermique,thermique,°C,57.7647,8.78,117.44,normal,95.9,96.9,2000,GW-OPCUA-02,1.0
2026-04-15 10:03:12,P-311,Pompe centrifuge BP,P-311-SEN-04,sonde_proximite,sonde_proximite,microns,92.5155,11.7,157.77,normal,96.4,96.9,512,GW-Modbus-03,1.5
2026-04-15 10:03:06,P-311,Pompe centrifuge BP,P-311-SEN-05,ultrason,ultrason,dB,50.0243,8.19,109.91,normal,96.5,98.7,5000,GW-OPCUA-02,1.1
2026-04-15 10:03:53,P-311,Pompe centrifuge BP,P-311-SEN-06,courant,courant,A,155.151,23.4,312.88,normal,98.2,98.2,2000,GW-MQTT-01,1.2
2026-04-15 10:03:43,P-311,Pompe centrifuge BP,P-311-SEN-07,debit,debit,m3/h,107.1637,16.57,221.27,normal,95.2,94.8,128,GW-OPCUA-02,0.7
2026-04-15 10:03:09,P-311,Pompe centrifuge BP,P-311-SEN-08,pression,pression,bar,8.3761,1.27,16.99,normal,96.9,96.9,512,GW-OPCUA-02,0.6
2026-04-15 11:04:54,P-204,Pompe centrifuge HP,P-204-SEN-01,accelerometre,accelerometre,mm/s,1.6534,0.25,3.44,normal,96.5,98.8,256,GW-Modbus-03,1.2
2026-04-15 11:04:39,P-204,Pompe centrifuge HP,P-204-SEN-02,accelerometre,accelerometre,g,0.2938,0.05,0.74,normal,96.9,98.3,2000,GW-Modbus-03,1.0
2026-04-15 11:04:09,P-204,Pompe centrifuge HP,P-204-SEN-03,thermique,thermique,°C,26.7452,4.05,54.21,normal,98.1,98.6,5000,GW-Modbus-03,1.6
2026-04-15 11:04:07,P-204,Pompe centrifuge HP,P-204-SEN-04,sonde_proximite,sonde_proximite,microns,25.8488,5.4,72.84,normal,96.9,95.7,128,GW-Modbus-03,1.4
2026-04-15 11:04:26,P-204,Pompe centrifuge HP,P-204-SEN-05,ultrason,ultrason,dB,17.1309,3.78,50.74,normal,96.3,97.1,512,GW-OPCUA-02,1.1
2026-04-15 11:04:54,P-204,Pompe centrifuge HP,P-204-SEN-06,courant,courant,A,78.6687,10.8,144.42,normal,97.4,98.0,128,GW-Modbus-03,1.4
2026-04-15 11:04:47,P-204,Pompe centrifuge HP,P-204-SEN-07,debit,debit,m3/h,45.9715,7.65,102.13,normal,97.2,97.5,512,GW-MQTT-01,1.4
2026-04-15 11:04:14,P-204,Pompe centrifuge HP,P-204-SEN-08,pression,pression,bar,4.2254,0.58,7.84,normal,96.4,95.4,256,GW-MQTT-01,0.5
2026-04-15 11:04:45,C-118,Compresseur à vis,C-118-SEN-01,accelerometre,accelerometre,mm/s,2.3563,0.31,4.25,normal,94.8,99.4,5000,GW-Modbus-03,1.1
2026-04-15 11:04:55,C-118,Compresseur à vis,C-118-SEN-02,accelerometre,accelerometre,g,0.4275,0.07,0.91,normal,96.6,99.0,2000,GW-MQTT-01,0.9
2026-04-15 11:04:59,C-118,Compresseur à vis,C-118-SEN-03,thermique,thermique,°C,34.6351,4.99,66.86,normal,96.8,94.4,128,GW-OPCUA-02,1.0
2026-04-15 11:04:17,C-118,Compresseur à vis,C-118-SEN-04,sonde_proximite,sonde_proximite,microns,39.8387,6.66,89.84,normal,95.0,97.4,5000,GW-Modbus-03,0.9
2026-04-15 11:04:43,C-118,Compresseur à vis,C-118-SEN-05,ultrason,ultrason,dB,31.5533,4.66,62.57,normal,98.2,96.7,512,GW-OPCUA-02,1.3
2026-04-15 11:04:18,C-118,Compresseur à vis,C-118-SEN-06,courant,courant,A,91.2421,13.32,178.12,normal,98.1,94.2,1000,GW-MQTT-01,1.1
2026-04-15 11:04:43,C-118,Compresseur à vis,C-118-SEN-07,debit,debit,m3/h,64.7169,9.43,125.96,normal,96.2,91.1,2000,GW-Modbus-03,1.0
2026-04-15 11:04:43,C-118,Compresseur à vis,C-118-SEN-08,pression,pression,bar,4.9677,0.72,9.67,normal,98.2,101.6,2000,GW-MQTT-01,1.3
2026-04-15 11:04:36,V-302,Ventilateur tirage,V-302-SEN-01,accelerometre,accelerometre,mm/s,2.4495,0.37,5.05,normal,95.4,99.5,128,GW-MQTT-01,0.8
2026-04-15 11:04:54,V-302,Ventilateur tirage,V-302-SEN-02,accelerometre,accelerometre,g,0.4727,0.08,1.08,normal,97.9,95.3,1000,GW-Modbus-03,1.0
2026-04-15 11:04:20,V-302,Ventilateur tirage,V-302-SEN-03,thermique,thermique,°C,36.6693,5.94,79.51,normal,96.7,95.5,256,GW-Modbus-03,1.0
2026-04-15 11:04:22,V-302,Ventilateur tirage,V-302-SEN-04,sonde_proximite,sonde_proximite,microns,58.8026,7.92,106.83,normal,96.9,95.5,1000,GW-OPCUA-02,1.0
2026-04-15 11:04:03,V-302,Ventilateur tirage,V-302-SEN-05,ultrason,ultrason,dB,34.2056,5.54,74.41,normal,96.6,97.5,256,GW-Modbus-03,1.0
2026-04-15 11:04:06,V-302,Ventilateur tirage,V-302-SEN-06,courant,courant,A,113.8656,15.84,211.82,normal,96.8,97.2,5000,GW-MQTT-01,1.6
2026-04-15 11:04:23,V-302,Ventilateur tirage,V-302-SEN-07,debit,debit,m3/h,68.7456,11.22,149.78,normal,96.7,98.8,256,GW-Modbus-03,0.8
2026-04-15 11:04:40,V-302,Ventilateur tirage,V-302-SEN-08,pression,pression,bar,5.9763,0.86,11.5,normal,97.7,95.6,512,GW-OPCUA-02,1.2
2026-04-15 11:04:50,M-019,Moteur électrique 400kW,M-019-SEN-01,accelerometre,accelerometre,mm/s,2.9612,0.43,5.85,normal,97.9,93.2,512,GW-OPCUA-02,1.1
2026-04-15 11:04:16,M-019,Moteur électrique 400kW,M-019-SEN-02,accelerometre,accelerometre,g,0.6858,0.09,1.25,normal,96.6,96.1,2000,GW-MQTT-01,1.3
2026-04-15 11:04:15,M-019,Moteur électrique 400kW,M-019-SEN-03,thermique,thermique,°C,42.9507,6.88,92.16,normal,95.3,96.4,2000,GW-Modbus-03,0.3
2026-04-15 11:04:42,M-019,Moteur électrique 400kW,M-019-SEN-04,sonde_proximite,sonde_proximite,microns,54.8202,9.18,123.83,normal,97.1,97.1,128,GW-MQTT-01,1.3
2026-04-15 11:04:13,M-019,Moteur électrique 400kW,M-019-SEN-05,ultrason,ultrason,dB,45.5875,6.43,86.25,normal,95.2,99.4,128,GW-MQTT-01,1.1
2026-04-15 11:04:57,M-019,Moteur électrique 400kW,M-019-SEN-06,courant,courant,A,120.4389,18.36,245.51,normal,97.7,95.9,5000,GW-MQTT-01,0.6
2026-04-15 11:04:24,M-019,Moteur électrique 400kW,M-019-SEN-07,debit,debit,m3/h,89.7119,13.01,173.61,normal,95.3,99.6,256,GW-OPCUA-02,0.8
2026-04-15 11:04:34,M-019,Moteur électrique 400kW,M-019-SEN-08,pression,pression,bar,7.0249,0.99,13.33,normal,97.9,95.7,128,GW-Modbus-03,0.7
2026-04-15 11:04:56,R-077,Réducteur convoyeur,R-077-SEN-01,accelerometre,accelerometre,mm/s,3.3104,0.49,6.66,normal,96.1,96.6,128,GW-Modbus-03,1.0
2026-04-15 11:04:43,R-077,Réducteur convoyeur,R-077-SEN-02,accelerometre,accelerometre,g,0.736,0.1,1.42,normal,96.2,95.7,128,GW-Modbus-03,0.3
2026-04-15 11:04:00,R-077,Réducteur convoyeur,R-077-SEN-03,thermique,thermique,°C,50.8452,7.83,104.81,normal,95.6,96.3,128,GW-Modbus-03,0.9
2026-04-15 11:04:43,R-077,Réducteur convoyeur,R-077-SEN-04,sonde_proximite,sonde_proximite,microns,57.1788,10.44,140.82,normal,96.2,95.5,128,GW-MQTT-01,0.9
2026-04-15 11:04:52,R-077,Réducteur convoyeur,R-077-SEN-05,ultrason,ultrason,dB,48.5054,7.31,98.09,normal,97.8,99.8,256,GW-MQTT-01,1.5
2026-04-15 11:04:52,R-077,Réducteur convoyeur,R-077-SEN-06,courant,courant,A,137.8029,20.88,279.21,normal,96.7,99.9,5000,GW-Modbus-03,1.9
2026-04-15 11:04:57,R-077,Réducteur convoyeur,R-077-SEN-07,debit,debit,m3/h,100.9748,14.79,197.44,normal,95.5,99.0,5000,GW-Modbus-03,1.4
2026-04-15 11:04:08,R-077,Réducteur convoyeur,R-077-SEN-08,pression,pression,bar,7.5298,1.13,15.16,normal,95.6,96.9,128,GW-OPCUA-02,0.7
2026-04-15 11:04:34,P-311,Pompe centrifuge BP,P-311-SEN-01,accelerometre,accelerometre,mm/s,3.7985,0.55,7.46,normal,97.3,97.4,512,GW-Modbus-03,1.3
2026-04-15 11:04:37,P-311,Pompe centrifuge BP,P-311-SEN-02,accelerometre,accelerometre,g,0.8571,0.12,1.6,normal,96.2,98.5,1000,GW-OPCUA-02,1.0
2026-04-15 11:04:33,P-311,Pompe centrifuge BP,P-311-SEN-03,thermique,thermique,°C,59.1877,8.78,117.45,normal,95.9,99.4,128,GW-Modbus-03,1.4
2026-04-15 11:04:12,P-311,Pompe centrifuge BP,P-311-SEN-04,sonde_proximite,sonde_proximite,microns,74.7276,11.7,157.82,normal,96.5,95.2,512,GW-OPCUA-02,1.5
2026-04-15 11:04:42,P-311,Pompe centrifuge BP,P-311-SEN-05,ultrason,ultrason,dB,50.3012,8.19,109.93,normal,95.4,99.1,256,GW-Modbus-03,1.6
2026-04-15 11:04:59,P-311,Pompe centrifuge BP,P-311-SEN-06,courant,courant,A,171.2713,23.4,312.91,normal,96.8,96.4,5000,GW-Modbus-03,0.8
2026-04-15 11:04:24,P-311,Pompe centrifuge BP,P-311-SEN-07,debit,debit,m3/h,110.3373,16.57,221.27,normal,96.5,98.0,256,GW-Modbus-03,1.1
2026-04-15 11:04:31,P-311,Pompe centrifuge BP,P-311-SEN-08,pression,pression,bar,8.7216,1.27,16.99,normal,95.9,93.5,512,GW-Modbus-03,1.0
2026-04-15 12:22:08,P-204,Pompe centrifuge HP,P-204-SEN-01,accelerometre,accelerometre,mm/s,1.8397,0.25,3.45,normal,96.8,97.2,128,GW-Modbus-03,1.4
2026-04-15 12:22:56,P-204,Pompe centrifuge HP,P-204-SEN-02,accelerometre,accelerometre,g,0.4039,0.05,0.74,normal,94.7,98.2,512,GW-OPCUA-02,0.2
2026-04-15 12:22:14,P-204,Pompe centrifuge HP,P-204-SEN-03,thermique,thermique,°C,28.4106,4.05,54.22,normal,94.7,96.4,256,GW-MQTT-01,1.0
2026-04-15 12:22:51,P-204,Pompe centrifuge HP,P-204-SEN-04,sonde_proximite,sonde_proximite,microns,27.0563,5.4,72.86,normal,95.8,96.0,2000,GW-Modbus-03,1.0
2026-04-15 12:22:50,P-204,Pompe centrifuge HP,P-204-SEN-05,ultrason,ultrason,dB,29.0179,3.78,50.75,normal,96.2,96.2,512,GW-Modbus-03,1.2
2026-04-15 12:22:21,P-204,Pompe centrifuge HP,P-204-SEN-06,courant,courant,A,67.7313,10.8,144.43,normal,96.7,96.8,5000,GW-MQTT-01,0.8
2026-04-15 12:22:23,P-204,Pompe centrifuge HP,P-204-SEN-07,debit,debit,m3/h,48.1805,7.65,102.13,normal,97.2,96.7,512,GW-MQTT-01,0.7
2026-04-15 12:22:50,P-204,Pompe centrifuge HP,P-204-SEN-08,pression,pression,bar,3.699,0.58,7.84,normal,97.1,98.1,1000,GW-Modbus-03,1.4
2026-04-15 12:22:26,C-118,Compresseur à vis,C-118-SEN-01,accelerometre,accelerometre,mm/s,2.6921,0.31,4.25,normal,95.7,99.0,1000,GW-OPCUA-02,2.0
2026-04-15 12:22:26,C-118,Compresseur à vis,C-118-SEN-02,accelerometre,accelerometre,g,0.433,0.07,0.91,normal,95.8,94.7,1000,GW-MQTT-01,0.7
2026-04-15 12:22:56,C-118,Compresseur à vis,C-118-SEN-03,thermique,thermique,°C,31.83,4.99,66.87,normal,95.0,99.8,1000,GW-MQTT-01,1.8
2026-04-15 12:22:13,C-118,Compresseur à vis,C-118-SEN-04,sonde_proximite,sonde_proximite,microns,42.9725,6.66,89.87,normal,97.0,96.8,5000,GW-MQTT-01,1.5
2026-04-15 12:22:15,C-118,Compresseur à vis,C-118-SEN-05,ultrason,ultrason,dB,26.9054,4.66,62.59,normal,96.5,98.8,2000,GW-Modbus-03,1.7
2026-04-15 12:22:40,C-118,Compresseur à vis,C-118-SEN-06,courant,courant,A,100.0332,13.32,178.13,normal,94.9,93.3,5000,GW-MQTT-01,1.1
2026-04-15 12:22:30,C-118,Compresseur à vis,C-118-SEN-07,debit,debit,m3/h,63.1048,9.43,125.96,normal,95.5,96.2,512,GW-OPCUA-02,0.8
2026-04-15 12:22:49,C-118,Compresseur à vis,C-118-SEN-08,pression,pression,bar,4.034,0.72,9.67,normal,94.6,99.2,128,GW-OPCUA-02,0.9
2026-04-15 12:22:04,V-302,Ventilateur tirage,V-302-SEN-01,accelerometre,accelerometre,mm/s,2.3403,0.37,5.05,normal,97.9,96.2,2000,GW-Modbus-03,0.8
2026-04-15 12:22:40,V-302,Ventilateur tirage,V-302-SEN-02,accelerometre,accelerometre,g,0.6178,0.08,1.08,normal,97.5,100.1,512,GW-MQTT-01,0.9
2026-04-15 12:22:51,V-302,Ventilateur tirage,V-302-SEN-03,thermique,thermique,°C,38.6045,5.94,79.52,normal,96.1,95.6,512,GW-Modbus-03,1.1
2026-04-15 12:22:35,V-302,Ventilateur tirage,V-302-SEN-04,sonde_proximite,sonde_proximite,microns,55.3806,7.92,106.87,normal,97.1,97.4,512,GW-Modbus-03,0.9
2026-04-15 12:22:51,V-302,Ventilateur tirage,V-302-SEN-05,ultrason,ultrason,dB,36.5919,5.54,74.43,normal,97.2,97.5,512,GW-OPCUA-02,0.9
2026-04-15 12:22:56,V-302,Ventilateur tirage,V-302-SEN-06,courant,courant,A,112.5234,15.84,211.83,normal,96.1,97.1,256,GW-OPCUA-02,0.7
2026-04-15 12:22:23,V-302,Ventilateur tirage,V-302-SEN-07,debit,debit,m3/h,80.0494,11.22,149.79,normal,96.4,99.9,256,GW-OPCUA-02,1.1
2026-04-15 12:22:04,V-302,Ventilateur tirage,V-302-SEN-08,pression,pression,bar,5.4691,0.86,11.5,normal,97.1,97.9,5000,GW-Modbus-03,1.3
2026-04-15 12:22:21,M-019,Moteur électrique 400kW,M-019-SEN-01,accelerometre,accelerometre,mm/s,3.1059,0.43,5.86,normal,94.8,95.7,512,GW-MQTT-01,0.8
2026-04-15 12:22:09,M-019,Moteur électrique 400kW,M-019-SEN-02,accelerometre,accelerometre,g,0.6774,0.09,1.25,normal,97.0,98.8,5000,GW-Modbus-03,1.5
2026-04-15 12:22:25,M-019,Moteur électrique 400kW,M-019-SEN-03,thermique,thermique,°C,43.6498,6.88,92.17,normal,95.9,98.2,5000,GW-MQTT-01,0.1
2026-04-15 12:22:38,M-019,Moteur électrique 400kW,M-019-SEN-04,sonde_proximite,sonde_proximite,microns,68.3467,9.18,123.87,normal,95.0,97.0,256,GW-MQTT-01,1.3
2026-04-15 12:22:27,M-019,Moteur électrique 400kW,M-019-SEN-05,ultrason,ultrason,dB,43.3021,6.43,86.27,normal,95.0,95.8,512,GW-MQTT-01,0.6
2026-04-15 12:22:47,M-019,Moteur électrique 400kW,M-019-SEN-06,courant,courant,A,116.7483,18.36,245.53,normal,96.7,95.8,1000,GW-MQTT-01,1.5
2026-04-15 12:22:10,M-019,Moteur électrique 400kW,M-019-SEN-07,debit,debit,m3/h,83.1452,13.01,173.62,normal,97.9,96.9,512,GW-Modbus-03,1.0
2026-04-15 12:22:44,M-019,Moteur électrique 400kW,M-019-SEN-08,pression,pression,bar,7.1784,0.99,13.33,normal,96.1,96.8,1000,GW-Modbus-03,1.3
2026-04-15 12:22:44,R-077,Réducteur convoyeur,R-077-SEN-01,accelerometre,accelerometre,mm/s,2.9427,0.49,6.66,normal,95.1,98.1,512,GW-Modbus-03,1.0
2026-04-15 12:22:33,R-077,Réducteur convoyeur,R-077-SEN-02,accelerometre,accelerometre,g,0.7907,0.1,1.43,normal,96.0,96.1,2000,GW-OPCUA-02,1.2
2026-04-15 12:22:04,R-077,Réducteur convoyeur,R-077-SEN-03,thermique,thermique,°C,52.4019,7.83,104.82,normal,95.2,96.9,256,GW-Modbus-03,0.8
2026-04-15 12:22:10,R-077,Réducteur convoyeur,R-077-SEN-04,sonde_proximite,sonde_proximite,microns,59.5669,10.44,140.87,normal,97.7,95.9,128,GW-MQTT-01,1.5
2026-04-15 12:22:05,R-077,Réducteur convoyeur,R-077-SEN-05,ultrason,ultrason,dB,48.4236,7.31,98.11,normal,94.9,99.4,512,GW-Modbus-03,0.6
2026-04-15 12:22:21,R-077,Réducteur convoyeur,R-077-SEN-06,courant,courant,A,145.1754,20.88,279.24,normal,96.5,98.5,512,GW-MQTT-01,2.0
2026-04-15 12:22:04,R-077,Réducteur convoyeur,R-077-SEN-07,debit,debit,m3/h,104.7302,14.79,197.45,normal,97.1,95.9,512,GW-MQTT-01,1.2
2026-04-15 12:22:46,R-077,Réducteur convoyeur,R-077-SEN-08,pression,pression,bar,7.7164,1.13,15.16,normal,96.3,100.4,512,GW-Modbus-03,1.4
2026-04-15 12:22:06,P-311,Pompe centrifuge BP,P-311-SEN-01,accelerometre,accelerometre,mm/s,3.4394,0.55,7.47,normal,95.5,97.3,1000,GW-OPCUA-02,1.7
2026-04-15 12:22:19,P-311,Pompe centrifuge BP,P-311-SEN-02,accelerometre,accelerometre,g,0.7221,0.12,1.6,normal,95.8,95.3,1000,GW-Modbus-03,1.1
2026-04-15 12:22:19,P-311,Pompe centrifuge BP,P-311-SEN-03,thermique,thermique,°C,56.1214,8.78,117.47,normal,97.2,95.8,128,GW-MQTT-01,1.4
2026-04-15 12:22:41,P-311,Pompe centrifuge BP,P-311-SEN-04,sonde_proximite,sonde_proximite,microns,68.5369,11.7,157.87,normal,97.6,96.2,512,GW-MQTT-01,1.8
2026-04-15 12:22:12,P-311,Pompe centrifuge BP,P-311-SEN-05,ultrason,ultrason,dB,53.6882,8.19,109.95,normal,95.1,98.1,256,GW-OPCUA-02,1.4
2026-04-15 12:22:08,P-311,Pompe centrifuge BP,P-311-SEN-06,courant,courant,A,163.6908,23.4,312.94,normal,96.1,97.2,5000,GW-MQTT-01,1.7
2026-04-15 12:22:34,P-311,Pompe centrifuge BP,P-311-SEN-07,debit,debit,m3/h,117.1561,16.57,221.28,normal,97.9,95.6,1000,GW-MQTT-01,1.0
2026-04-15 12:22:03,P-311,Pompe centrifuge BP,P-311-SEN-08,pression,pression,bar,9.0579,1.27,16.99,normal,97.5,95.5,2000,GW-MQTT-01,1.0
2026-04-15 13:57:43,P-204,Pompe centrifuge HP,P-204-SEN-01,accelerometre,accelerometre,mm/s,0.9763,0.25,3.45,normal,97.7,98.0,256,GW-Modbus-03,1.5
2026-04-15 13:57:32,P-204,Pompe centrifuge HP,P-204-SEN-02,accelerometre,accelerometre,g,0.4053,0.05,0.74,normal,94.7,96.6,2000,GW-Modbus-03,1.2
2026-04-15 13:57:36,P-204,Pompe centrifuge HP,P-204-SEN-03,thermique,thermique,°C,28.3963,4.05,54.22,normal,97.9,95.5,512,GW-OPCUA-02,1.0
2026-04-15 13:57:04,P-204,Pompe centrifuge HP,P-204-SEN-04,sonde_proximite,sonde_proximite,microns,36.2948,5.4,72.89,normal,97.6,100.2,5000,GW-OPCUA-02,0.8
2026-04-15 13:57:05,P-204,Pompe centrifuge HP,P-204-SEN-05,ultrason,ultrason,dB,20.1376,3.78,50.76,normal,97.1,99.3,256,GW-MQTT-01,1.8
2026-04-15 13:57:17,P-204,Pompe centrifuge HP,P-204-SEN-06,courant,courant,A,81.4521,10.8,144.44,normal,97.1,95.2,1000,GW-MQTT-01,1.3
2026-04-15 13:57:57,P-204,Pompe centrifuge HP,P-204-SEN-07,debit,debit,m3/h,42.6888,7.65,102.13,normal,96.0,96.4,512,GW-MQTT-01,1.8
2026-04-15 13:57:49,P-204,Pompe centrifuge HP,P-204-SEN-08,pression,pression,bar,4.0924,0.58,7.84,normal,96.9,94.8,5000,GW-OPCUA-02,1.6
2026-04-15 13:57:10,C-118,Compresseur à vis,C-118-SEN-01,accelerometre,accelerometre,mm/s,2.3405,0.31,4.25,normal,97.2,94.3,128,GW-OPCUA-02,1.4
2026-04-15 13:57:34,C-118,Compresseur à vis,C-118-SEN-02,accelerometre,accelerometre,g,0.412,0.07,0.91,normal,96.6,96.0,1000,GW-MQTT-01,1.5
2026-04-15 13:57:59,C-118,Compresseur à vis,C-118-SEN-03,thermique,thermique,°C,32.876,4.99,66.87,normal,94.8,97.7,1000,GW-Modbus-03,1.0
2026-04-15 13:57:50,C-118,Compresseur à vis,C-118-SEN-04,sonde_proximite,sonde_proximite,microns,45.7911,6.66,89.9,normal,97.9,98.7,128,GW-MQTT-01,0.7
2026-04-15 13:57:00,C-118,Compresseur à vis,C-118-SEN-05,ultrason,ultrason,dB,40.0898,4.66,62.6,normal,95.6,100.8,1000,GW-Modbus-03,1.7
2026-04-15 13:57:18,C-118,Compresseur à vis,C-118-SEN-06,courant,courant,A,83.7754,13.32,178.15,normal,98.0,98.6,2000,GW-OPCUA-02,1.3
2026-04-15 13:57:29,C-118,Compresseur à vis,C-118-SEN-07,debit,debit,m3/h,65.0074,9.43,125.96,normal,98.1,95.5,5000,GW-Modbus-03,1.3
2026-04-15 13:57:59,C-118,Compresseur à vis,C-118-SEN-08,pression,pression,bar,5.1382,0.72,9.67,normal,94.9,99.4,512,GW-MQTT-01,1.1
2026-04-15 13:57:09,V-302,Ventilateur tirage,V-302-SEN-01,accelerometre,accelerometre,mm/s,2.4592,0.37,5.06,normal,96.9,98.4,2000,GW-OPCUA-02,1.0
2026-04-15 13:57:27,V-302,Ventilateur tirage,V-302-SEN-02,accelerometre,accelerometre,g,0.5185,0.08,1.08,normal,97.7,99.8,5000,GW-Modbus-03,1.2
2026-04-15 13:57:10,V-302,Ventilateur tirage,V-302-SEN-03,thermique,thermique,°C,39.5097,5.94,79.53,normal,96.3,97.8,1000,GW-MQTT-01,1.3
2026-04-15 13:57:21,V-302,Ventilateur tirage,V-302-SEN-04,sonde_proximite,sonde_proximite,microns,53.4792,7.92,106.9,normal,95.7,95.4,5000,GW-OPCUA-02,0.7
2026-04-15 13:57:25,V-302,Ventilateur tirage,V-302-SEN-05,ultrason,ultrason,dB,37.5431,5.54,74.44,normal,95.7,100.0,256,GW-MQTT-01,1.3
2026-04-15 13:57:03,V-302,Ventilateur tirage,V-302-SEN-06,courant,courant,A,117.455,15.84,211.85,normal,96.3,97.4,128,GW-MQTT-01,1.6
2026-04-15 13:57:54,V-302,Ventilateur tirage,V-302-SEN-07,debit,debit,m3/h,71.2394,11.22,149.8,normal,98.1,97.6,2000,GW-OPCUA-02,1.5
2026-04-15 13:57:31,V-302,Ventilateur tirage,V-302-SEN-08,pression,pression,bar,5.7196,0.86,11.51,normal,95.4,94.9,5000,GW-OPCUA-02,1.4
2026-04-15 13:57:29,M-019,Moteur électrique 400kW,M-019-SEN-01,accelerometre,accelerometre,mm/s,2.8691,0.43,5.86,normal,96.6,95.0,1000,GW-MQTT-01,0.9
2026-04-15 13:57:33,M-019,Moteur électrique 400kW,M-019-SEN-02,accelerometre,accelerometre,g,0.6511,0.09,1.25,normal,94.5,97.6,1000,GW-Modbus-03,1.4
2026-04-15 13:57:50,M-019,Moteur électrique 400kW,M-019-SEN-03,thermique,thermique,°C,47.4472,6.88,92.18,normal,95.1,98.7,128,GW-Modbus-03,0.8
2026-04-15 13:57:47,M-019,Moteur électrique 400kW,M-019-SEN-04,sonde_proximite,sonde_proximite,microns,58.7103,9.18,123.91,normal,97.1,98.5,256,GW-Modbus-03,0.9
2026-04-15 13:57:55,M-019,Moteur électrique 400kW,M-019-SEN-05,ultrason,ultrason,dB,48.5111,6.43,86.28,normal,94.6,98.9,512,GW-OPCUA-02,0.9
2026-04-15 13:57:44,M-019,Moteur électrique 400kW,M-019-SEN-06,courant,courant,A,119.4704,18.36,245.55,normal,94.8,97.5,2000,GW-OPCUA-02,0.4
2026-04-15 13:57:29,M-019,Moteur électrique 400kW,M-019-SEN-07,debit,debit,m3/h,88.1768,13.01,173.63,normal,97.2,94.9,256,GW-Modbus-03,1.0
2026-04-15 13:57:34,M-019,Moteur électrique 400kW,M-019-SEN-08,pression,pression,bar,7.0101,0.99,13.34,normal,97.2,94.3,5000,GW-Modbus-03,1.0
2026-04-15 13:57:51,R-077,Réducteur convoyeur,R-077-SEN-01,accelerometre,accelerometre,mm/s,2.9753,0.49,6.67,normal,94.9,98.1,512,GW-Modbus-03,0.9
2026-04-15 13:57:19,R-077,Réducteur convoyeur,R-077-SEN-02,accelerometre,accelerometre,g,0.6888,0.1,1.43,normal,94.6,100.8,256,GW-MQTT-01,1.2
2026-04-15 13:57:28,R-077,Réducteur convoyeur,R-077-SEN-03,thermique,thermique,°C,53.3056,7.83,104.83,normal,96.1,99.8,256,GW-MQTT-01,1.4
2026-04-15 13:57:06,R-077,Réducteur convoyeur,R-077-SEN-04,sonde_proximite,sonde_proximite,microns,60.6917,10.44,140.92,normal,96.0,95.5,256,GW-OPCUA-02,1.2
2026-04-15 13:57:31,R-077,Réducteur convoyeur,R-077-SEN-05,ultrason,ultrason,dB,48.5786,7.31,98.13,normal,94.5,97.2,512,GW-OPCUA-02,1.0
2026-04-15 13:57:14,R-077,Réducteur convoyeur,R-077-SEN-06,courant,courant,A,131.312,20.88,279.26,normal,96.8,97.5,256,GW-OPCUA-02,0.6
2026-04-15 13:57:16,R-077,Réducteur convoyeur,R-077-SEN-07,debit,debit,m3/h,99.8862,14.79,197.46,normal,95.5,98.1,512,GW-OPCUA-02,1.9
2026-04-15 13:57:58,R-077,Réducteur convoyeur,R-077-SEN-08,pression,pression,bar,7.7734,1.13,15.17,normal,97.8,99.5,5000,GW-OPCUA-02,0.7
2026-04-15 13:57:03,P-311,Pompe centrifuge BP,P-311-SEN-01,accelerometre,accelerometre,mm/s,3.864,0.55,7.47,normal,96.4,97.2,256,GW-Modbus-03,1.7
2026-04-15 13:57:19,P-311,Pompe centrifuge BP,P-311-SEN-02,accelerometre,accelerometre,g,0.726,0.12,1.6,normal,96.2,96.9,2000,GW-Modbus-03,0.8
2026-04-15 13:57:39,P-311,Pompe centrifuge BP,P-311-SEN-03,thermique,thermique,°C,58.6378,8.78,117.48,normal,95.9,102.4,256,GW-OPCUA-02,1.5
2026-04-15 13:57:46,P-311,Pompe centrifuge BP,P-311-SEN-04,sonde_proximite,sonde_proximite,microns,81.5574,11.7,157.92,normal,94.7,97.1,256,GW-OPCUA-02,1.6
2026-04-15 13:57:32,P-311,Pompe centrifuge BP,P-311-SEN-05,ultrason,ultrason,dB,59.1765,8.19,109.97,normal,98.1,94.5,5000,GW-MQTT-01,1.4
2026-04-15 13:57:25,P-311,Pompe centrifuge BP,P-311-SEN-06,courant,courant,A,156.0573,23.4,312.96,normal,96.7,97.8,1000,GW-OPCUA-02,1.6
2026-04-15 13:57:15,P-311,Pompe centrifuge BP,P-311-SEN-07,debit,debit,m3/h,112.2546,16.57,221.29,normal,96.0,94.2,256,GW-OPCUA-02,1.1
2026-04-15 13:57:21,P-311,Pompe centrifuge BP,P-311-SEN-08,pression,pression,bar,8.6568,1.27,17.0,normal,95.1,94.4,512,GW-MQTT-01,1.6
2026-04-15 14:53:32,P-204,Pompe centrifuge HP,P-204-SEN-01,accelerometre,accelerometre,mm/s,1.6059,0.25,3.45,normal,96.7,97.4,512,GW-OPCUA-02,1.3
2026-04-15 14:53:44,P-204,Pompe centrifuge HP,P-204-SEN-02,accelerometre,accelerometre,g,0.326,0.05,0.74,normal,98.1,97.0,1000,GW-Modbus-03,0.6
2026-04-15 14:53:39,P-204,Pompe centrifuge HP,P-204-SEN-03,thermique,thermique,°C,30.1832,4.05,54.23,normal,96.0,97.4,5000,GW-Modbus-03,2.0
2026-04-15 14:53:41,P-204,Pompe centrifuge HP,P-204-SEN-04,sonde_proximite,sonde_proximite,microns,49.7359,5.4,72.91,normal,95.7,94.5,128,GW-Modbus-03,1.5
2026-04-15 14:53:13,P-204,Pompe centrifuge HP,P-204-SEN-05,ultrason,ultrason,dB,26.4874,3.78,50.76,normal,96.1,93.9,128,GW-OPCUA-02,1.0
2026-04-15 14:53:22,P-204,Pompe centrifuge HP,P-204-SEN-06,courant,courant,A,66.8099,10.8,144.46,normal,95.2,96.0,1000,GW-Modbus-03,1.5
2026-04-15 14:53:41,P-204,Pompe centrifuge HP,P-204-SEN-07,debit,debit,m3/h,43.9265,7.65,102.14,normal,96.5,96.1,2000,GW-MQTT-01,1.2
2026-04-15 14:53:01,P-204,Pompe centrifuge HP,P-204-SEN-08,pression,pression,bar,4.7561,0.58,7.85,normal,97.8,97.4,128,GW-OPCUA-02,1.2
2026-04-15 14:53:03,C-118,Compresseur à vis,C-118-SEN-01,accelerometre,accelerometre,mm/s,1.7138,0.31,4.26,normal,97.3,93.5,512,GW-MQTT-01,1.0
2026-04-15 14:53:20,C-118,Compresseur à vis,C-118-SEN-02,accelerometre,accelerometre,g,0.4817,0.07,0.91,normal,96.4,96.6,1000,GW-Modbus-03,1.5
2026-04-15 14:53:54,C-118,Compresseur à vis,C-118-SEN-03,thermique,thermique,°C,33.7298,4.99,66.88,normal,96.9,94.7,2000,GW-Modbus-03,1.1
2026-04-15 14:53:38,C-118,Compresseur à vis,C-118-SEN-04,sonde_proximite,sonde_proximite,microns,47.3997,6.66,89.92,normal,97.7,94.5,128,GW-Modbus-03,1.1
2026-04-15 14:53:36,C-118,Compresseur à vis,C-118-SEN-05,ultrason,ultrason,dB,32.8649,4.66,62.61,normal,97.9,97.9,256,GW-MQTT-01,1.0
2026-04-15 14:53:13,C-118,Compresseur à vis,C-118-SEN-06,courant,courant,A,93.1099,13.32,178.16,normal,96.9,96.8,5000,GW-MQTT-01,1.4
2026-04-15 14:53:04,C-118,Compresseur à vis,C-118-SEN-07,debit,debit,m3/h,57.758,9.43,125.97,normal,95.0,97.6,1000,GW-Modbus-03,1.3
2026-04-15 14:53:14,C-118,Compresseur à vis,C-118-SEN-08,pression,pression,bar,5.761,0.72,9.68,normal,95.5,96.9,512,GW-Modbus-03,1.9
2026-04-15 14:53:34,V-302,Ventilateur tirage,V-302-SEN-01,accelerometre,accelerometre,mm/s,2.1948,0.37,5.06,normal,97.3,94.9,5000,GW-MQTT-01,1.7
2026-04-15 14:53:13,V-302,Ventilateur tirage,V-302-SEN-02,accelerometre,accelerometre,g,0.5147,0.08,1.08,normal,95.8,99.3,256,GW-MQTT-01,1.0
2026-04-15 14:53:55,V-302,Ventilateur tirage,V-302-SEN-03,thermique,thermique,°C,39.5899,5.94,79.53,normal,95.2,98.6,256,GW-Modbus-03,0.5
2026-04-15 14:53:25,V-302,Ventilateur tirage,V-302-SEN-04,sonde_proximite,sonde_proximite,microns,50.1415,7.92,106.94,normal,95.9,94.4,5000,GW-MQTT-01,1.9
2026-04-15 14:53:31,V-302,Ventilateur tirage,V-302-SEN-05,ultrason,ultrason,dB,40.5517,5.54,74.46,normal,95.8,95.2,2000,GW-OPCUA-02,0.3
2026-04-15 14:53:33,V-302,Ventilateur tirage,V-302-SEN-06,courant,courant,A,96.4485,15.84,211.87,normal,94.3,99.3,5000,GW-Modbus-03,1.0
2026-04-15 14:53:20,V-302,Ventilateur tirage,V-302-SEN-07,debit,debit,m3/h,70.2468,11.22,149.8,normal,95.4,99.6,1000,GW-MQTT-01,1.4
2026-04-15 14:53:19,V-302,Ventilateur tirage,V-302-SEN-08,pression,pression,bar,6.5761,0.86,11.51,normal,94.3,102.2,2000,GW-OPCUA-02,1.1
2026-04-15 14:53:22,M-019,Moteur électrique 400kW,M-019-SEN-01,accelerometre,accelerometre,mm/s,2.8086,0.43,5.87,normal,96.9,96.8,1000,GW-MQTT-01,1.5
2026-04-15 14:53:57,M-019,Moteur électrique 400kW,M-019-SEN-02,accelerometre,accelerometre,g,0.6536,0.09,1.26,normal,96.4,98.2,256,GW-MQTT-01,0.5
2026-04-15 14:53:15,M-019,Moteur électrique 400kW,M-019-SEN-03,thermique,thermique,°C,43.4394,6.88,92.19,normal,95.2,97.6,512,GW-MQTT-01,1.1
2026-04-15 14:53:30,M-019,Moteur électrique 400kW,M-019-SEN-04,sonde_proximite,sonde_proximite,microns,76.3956,9.18,123.95,normal,94.9,98.4,1000,GW-OPCUA-02,0.7
2026-04-15 14:53:00,M-019,Moteur électrique 400kW,M-019-SEN-05,ultrason,ultrason,dB,44.7585,6.43,86.3,normal,95.1,101.4,512,GW-OPCUA-02,0.8
2026-04-15 14:53:50,M-019,Moteur électrique 400kW,M-019-SEN-06,courant,courant,A,120.0258,18.36,245.58,normal,97.9,96.0,5000,GW-MQTT-01,1.1
2026-04-15 14:53:31,M-019,Moteur électrique 400kW,M-019-SEN-07,debit,debit,m3/h,90.5632,13.01,173.63,normal,96.2,97.8,1000,GW-OPCUA-02,1.4
2026-04-15 14:53:06,M-019,Moteur électrique 400kW,M-019-SEN-08,pression,pression,bar,6.255,0.99,13.34,normal,95.1,92.8,2000,GW-OPCUA-02,1.0
2026-04-15 14:53:54,R-077,Réducteur convoyeur,R-077-SEN-01,accelerometre,accelerometre,mm/s,3.2941,0.49,6.67,normal,98.0,96.5,256,GW-Modbus-03,1.9
2026-04-15 14:53:59,R-077,Réducteur convoyeur,R-077-SEN-02,accelerometre,accelerometre,g,0.7756,0.1,1.43,normal,97.8,99.6,256,GW-Modbus-03,0.9
2026-04-15 14:53:29,R-077,Réducteur convoyeur,R-077-SEN-03,thermique,thermique,°C,53.811,7.83,104.84,normal,95.2,95.2,256,GW-OPCUA-02,1.2
2026-04-15 14:53:51,R-077,Réducteur convoyeur,R-077-SEN-04,sonde_proximite,sonde_proximite,microns,67.8107,10.44,140.96,normal,97.1,97.8,2000,GW-Modbus-03,0.6
2026-04-15 14:53:08,R-077,Réducteur convoyeur,R-077-SEN-05,ultrason,ultrason,dB,50.097,7.31,98.15,normal,95.6,98.5,5000,GW-OPCUA-02,1.4
2026-04-15 14:53:52,R-077,Réducteur convoyeur,R-077-SEN-06,courant,courant,A,133.0548,20.88,279.28,normal,95.1,101.2,256,GW-Modbus-03,1.3
2026-04-15 14:53:00,R-077,Réducteur convoyeur,R-077-SEN-07,debit,debit,m3/h,93.8686,14.79,197.46,normal,97.6,98.2,512,GW-OPCUA-02,1.1
2026-04-15 14:53:05,R-077,Réducteur convoyeur,R-077-SEN-08,pression,pression,bar,8.432,1.13,15.17,normal,95.3,96.0,5000,GW-OPCUA-02,1.7
2026-04-15 14:53:16,P-311,Pompe centrifuge BP,P-311-SEN-01,accelerometre,accelerometre,mm/s,4.0054,0.55,7.48,normal,96.3,98.5,2000,GW-OPCUA-02,0.4
2026-04-15 14:53:50,P-311,Pompe centrifuge BP,P-311-SEN-02,accelerometre,accelerometre,g,0.7429,0.12,1.6,normal,95.6,94.4,128,GW-OPCUA-02,1.6
2026-04-15 14:53:17,P-311,Pompe centrifuge BP,P-311-SEN-03,thermique,thermique,°C,55.2662,8.78,117.49,normal,94.9,98.3,5000,GW-Modbus-03,1.0
2026-04-15 14:53:39,P-311,Pompe centrifuge BP,P-311-SEN-04,sonde_proximite,sonde_proximite,microns,75.2168,11.7,157.98,normal,95.6,95.8,5000,GW-MQTT-01,1.4
2026-04-15 14:53:03,P-311,Pompe centrifuge BP,P-311-SEN-05,ultrason,ultrason,dB,54.1777,8.19,109.99,normal,98.0,94.1,512,GW-OPCUA-02,1.1
2026-04-15 14:53:00,P-311,Pompe centrifuge BP,P-311-SEN-06,courant,courant,A,154.1489,23.4,312.99,normal,97.6,99.2,1000,GW-OPCUA-02,1.4
2026-04-15 14:53:35,P-311,Pompe centrifuge BP,P-311-SEN-07,debit,debit,m3/h,120.6605,16.57,221.3,normal,95.6,96.5,5000,GW-OPCUA-02,0.5
2026-04-15 14:53:48,P-311,Pompe centrifuge BP,P-311-SEN-08,pression,pression,bar,8.3975,1.27,17.0,normal,95.5,98.9,512,GW-MQTT-01,1.2
2026-04-15 15:07:19,P-204,Pompe centrifuge HP,P-204-SEN-01,accelerometre,accelerometre,mm/s,1.4036,0.25,3.45,normal,96.1,95.1,1000,GW-OPCUA-02,1.5
2026-04-15 15:07:13,P-204,Pompe centrifuge HP,P-204-SEN-02,accelerometre,accelerometre,g,0.4388,0.05,0.74,normal,96.2,96.2,5000,GW-Modbus-03,1.1
2026-04-15 15:07:55,P-204,Pompe centrifuge HP,P-204-SEN-03,thermique,thermique,°C,30.98,4.05,54.23,normal,97.1,95.8,2000,GW-MQTT-01,1.1
2026-04-15 15:07:21,P-204,Pompe centrifuge HP,P-204-SEN-04,sonde_proximite,sonde_proximite,microns,35.4132,5.4,72.94,normal,96.6,96.3,1000,GW-OPCUA-02,1.4
2026-04-15 15:07:17,P-204,Pompe centrifuge HP,P-204-SEN-05,ultrason,ultrason,dB,26.8625,3.78,50.77,normal,96.0,96.1,2000,GW-Modbus-03,1.4
2026-04-15 15:07:24,P-204,Pompe centrifuge HP,P-204-SEN-06,courant,courant,A,62.0632,10.8,144.47,normal,94.2,98.6,512,GW-MQTT-01,1.5
2026-04-15 15:07:59,P-204,Pompe centrifuge HP,P-204-SEN-07,debit,debit,m3/h,48.1944,7.65,102.14,normal,96.8,96.1,1000,GW-MQTT-01,0.2
2026-04-15 15:07:04,P-204,Pompe centrifuge HP,P-204-SEN-08,pression,pression,bar,3.9992,0.58,7.85,normal,95.3,98.2,128,GW-MQTT-01,1.7
2026-04-15 15:07:23,C-118,Compresseur à vis,C-118-SEN-01,accelerometre,accelerometre,mm/s,2.4585,0.31,4.26,normal,95.4,95.5,5000,GW-OPCUA-02,0.9
2026-04-15 15:07:48,C-118,Compresseur à vis,C-118-SEN-02,accelerometre,accelerometre,g,0.4849,0.07,0.91,normal,95.6,95.7,128,GW-OPCUA-02,1.3
2026-04-15 15:07:13,C-118,Compresseur à vis,C-118-SEN-03,thermique,thermique,°C,36.2628,4.99,66.89,normal,95.1,99.7,1000,GW-Modbus-03,0.7
2026-04-15 15:07:24,C-118,Compresseur à vis,C-118-SEN-04,sonde_proximite,sonde_proximite,microns,51.9744,6.66,89.95,normal,94.8,96.1,512,GW-OPCUA-02,1.0
2026-04-15 15:07:17,C-118,Compresseur à vis,C-118-SEN-05,ultrason,ultrason,dB,33.1199,4.66,62.62,normal,97.3,94.6,5000,GW-Modbus-03,0.8
2026-04-15 15:07:30,C-118,Compresseur à vis,C-118-SEN-06,courant,courant,A,75.7882,13.32,178.18,normal,96.6,97.8,256,GW-OPCUA-02,1.0
2026-04-15 15:07:53,C-118,Compresseur à vis,C-118-SEN-07,debit,debit,m3/h,49.6484,9.43,125.97,normal,97.2,95.7,256,GW-MQTT-01,1.4
2026-04-15 15:07:00,C-118,Compresseur à vis,C-118-SEN-08,pression,pression,bar,5.0704,0.72,9.68,normal,95.6,94.6,5000,GW-MQTT-01,1.8
2026-04-15 15:07:32,V-302,Ventilateur tirage,V-302-SEN-01,accelerometre,accelerometre,mm/s,3.0093,0.37,5.07,normal,96.0,99.8,2000,GW-MQTT-01,0.3
2026-04-15 15:07:02,V-302,Ventilateur tirage,V-302-SEN-02,accelerometre,accelerometre,g,0.4122,0.08,1.08,normal,94.6,97.0,512,GW-OPCUA-02,0.7
2026-04-15 15:07:24,V-302,Ventilateur tirage,V-302-SEN-03,thermique,thermique,°C,36.1806,5.94,79.54,normal,94.6,98.8,2000,GW-MQTT-01,2.1
2026-04-15 15:07:50,V-302,Ventilateur tirage,V-302-SEN-04,sonde_proximite,sonde_proximite,microns,44.1749,7.92,106.97,normal,97.8,98.5,2000,GW-Modbus-03,1.8
2026-04-15 15:07:49,V-302,Ventilateur tirage,V-302-SEN-05,ultrason,ultrason,dB,34.09,5.54,74.47,normal,97.2,99.0,2000,GW-Modbus-03,1.0
2026-04-15 15:07:08,V-302,Ventilateur tirage,V-302-SEN-06,courant,courant,A,106.5195,15.84,211.89,normal,94.6,95.6,5000,GW-MQTT-01,1.8
2026-04-15 15:07:20,V-302,Ventilateur tirage,V-302-SEN-07,debit,debit,m3/h,84.1563,11.22,149.81,normal,97.7,98.1,1000,GW-OPCUA-02,1.2
2026-04-15 15:07:46,V-302,Ventilateur tirage,V-302-SEN-08,pression,pression,bar,6.0505,0.86,11.51,normal,94.8,97.5,2000,GW-Modbus-03,1.3
2026-04-15 15:07:35,M-019,Moteur électrique 400kW,M-019-SEN-01,accelerometre,accelerometre,mm/s,3.1513,0.43,5.87,normal,94.5,95.4,256,GW-Modbus-03,1.3
2026-04-15 15:07:41,M-019,Moteur électrique 400kW,M-019-SEN-02,accelerometre,accelerometre,g,0.8105,0.09,1.26,normal,97.8,97.8,5000,GW-OPCUA-02,1.0
2026-04-15 15:07:19,M-019,Moteur électrique 400kW,M-019-SEN-03,thermique,thermique,°C,44.3073,6.88,92.2,normal,96.2,97.7,2000,GW-Modbus-03,1.1
2026-04-15 15:07:58,M-019,Moteur électrique 400kW,M-019-SEN-04,sonde_proximite,sonde_proximite,microns,57.2458,9.18,123.99,normal,94.4,97.7,256,GW-Modbus-03,0.9
2026-04-15 15:07:25,M-019,Moteur électrique 400kW,M-019-SEN-05,ultrason,ultrason,dB,40.3873,6.43,86.32,normal,94.9,98.2,128,GW-MQTT-01,0.8
2026-04-15 15:07:49,M-019,Moteur électrique 400kW,M-019-SEN-06,courant,courant,A,123.2124,18.36,245.6,normal,94.9,98.8,1000,GW-OPCUA-02,1.5
2026-04-15 15:07:56,M-019,Moteur électrique 400kW,M-019-SEN-07,debit,debit,m3/h,87.9852,13.01,173.64,normal,97.4,100.2,1000,GW-Modbus-03,1.3
2026-04-15 15:07:51,M-019,Moteur électrique 400kW,M-019-SEN-08,pression,pression,bar,6.5533,0.99,13.34,normal,95.5,95.3,512,GW-Modbus-03,0.8
2026-04-15 15:07:15,R-077,Réducteur convoyeur,R-077-SEN-01,accelerometre,accelerometre,mm/s,3.3424,0.49,6.68,normal,96.7,94.5,1000,GW-Modbus-03,1.5
2026-04-15 15:07:30,R-077,Réducteur convoyeur,R-077-SEN-02,accelerometre,accelerometre,g,0.6881,0.1,1.43,normal,94.3,94.8,256,GW-MQTT-01,1.5
2026-04-15 15:07:29,R-077,Réducteur convoyeur,R-077-SEN-03,thermique,thermique,°C,49.906,7.83,104.85,normal,97.0,97.3,1000,GW-MQTT-01,1.7
2026-04-15 15:07:29,R-077,Réducteur convoyeur,R-077-SEN-04,sonde_proximite,sonde_proximite,microns,60.9262,10.44,141.01,normal,96.7,100.3,2000,GW-Modbus-03,1.5
2026-04-15 15:07:15,R-077,Réducteur convoyeur,R-077-SEN-05,ultrason,ultrason,dB,48.8292,7.31,98.16,normal,97.3,99.8,512,GW-Modbus-03,1.5
2026-04-15 15:07:15,R-077,Réducteur convoyeur,R-077-SEN-06,courant,courant,A,137.5963,20.88,279.3,normal,97.3,98.2,5000,GW-MQTT-01,0.7
2026-04-15 15:07:31,R-077,Réducteur convoyeur,R-077-SEN-07,debit,debit,m3/h,99.2002,14.79,197.47,normal,97.5,95.8,5000,GW-OPCUA-02,1.0
2026-04-15 15:07:17,R-077,Réducteur convoyeur,R-077-SEN-08,pression,pression,bar,7.7468,1.13,15.17,normal,95.2,96.9,2000,GW-Modbus-03,1.1
2026-04-15 15:07:58,P-311,Pompe centrifuge BP,P-311-SEN-01,accelerometre,accelerometre,mm/s,3.8345,0.55,7.48,normal,97.5,96.1,5000,GW-OPCUA-02,1.0
2026-04-15 15:07:00,P-311,Pompe centrifuge BP,P-311-SEN-02,accelerometre,accelerometre,g,0.863,0.12,1.6,normal,94.2,92.3,2000,GW-OPCUA-02,1.7
2026-04-15 15:07:51,P-311,Pompe centrifuge BP,P-311-SEN-03,thermique,thermique,°C,56.4306,8.78,117.51,normal,95.5,97.7,512,GW-OPCUA-02,1.0
2026-04-15 15:07:11,P-311,Pompe centrifuge BP,P-311-SEN-04,sonde_proximite,sonde_proximite,microns,82.4162,11.7,158.03,normal,94.5,95.3,256,GW-OPCUA-02,1.3
2026-04-15 15:07:02,P-311,Pompe centrifuge BP,P-311-SEN-05,ultrason,ultrason,dB,59.5054,8.19,110.01,normal,95.2,94.7,512,GW-OPCUA-02,1.1
2026-04-15 15:07:26,P-311,Pompe centrifuge BP,P-311-SEN-06,courant,courant,A,140.1382,23.4,313.01,normal,97.6,96.0,1000,GW-OPCUA-02,1.0
2026-04-15 15:07:39,P-311,Pompe centrifuge BP,P-311-SEN-07,debit,debit,m3/h,112.0695,16.57,221.3,normal,96.4,92.9,5000,GW-OPCUA-02,1.6
2026-04-15 15:07:15,P-311,Pompe centrifuge BP,P-311-SEN-08,pression,pression,bar,9.0838,1.27,17.0,normal,96.0,98.7,256,GW-Modbus-03,1.4
2026-04-15 16:17:34,P-204,Pompe centrifuge HP,P-204-SEN-01,accelerometre,accelerometre,mm/s,1.8351,0.25,3.46,normal,97.8,98.2,128,GW-OPCUA-02,1.3
2026-04-15 16:17:50,P-204,Pompe centrifuge HP,P-204-SEN-02,accelerometre,accelerometre,g,0.2464,0.05,0.74,normal,94.8,97.6,5000,GW-OPCUA-02,1.6
2026-04-15 16:17:01,P-204,Pompe centrifuge HP,P-204-SEN-03,thermique,thermique,°C,24.2463,4.05,54.24,normal,97.5,98.4,1000,GW-Modbus-03,1.3
2026-04-15 16:17:17,P-204,Pompe centrifuge HP,P-204-SEN-04,sonde_proximite,sonde_proximite,microns,43.2963,5.4,72.96,normal,95.5,95.4,1000,GW-MQTT-01,1.1
2026-04-15 16:17:48,P-204,Pompe centrifuge HP,P-204-SEN-05,ultrason,ultrason,dB,23.2049,3.78,50.78,normal,94.8,98.1,512,GW-MQTT-01,1.1
2026-04-15 16:17:46,P-204,Pompe centrifuge HP,P-204-SEN-06,courant,courant,A,54.151,10.8,144.48,normal,94.1,96.0,1000,GW-Modbus-03,0.8
2026-04-15 16:17:27,P-204,Pompe centrifuge HP,P-204-SEN-07,debit,debit,m3/h,53.2428,7.65,102.14,normal,96.8,93.3,1000,GW-Modbus-03,0.9
2026-04-15 16:17:29,P-204,Pompe centrifuge HP,P-204-SEN-08,pression,pression,bar,3.8003,0.58,7.85,normal,96.9,99.8,512,GW-OPCUA-02,1.0
2026-04-15 16:17:41,C-118,Compresseur à vis,C-118-SEN-01,accelerometre,accelerometre,mm/s,2.6074,0.31,4.26,normal,98.0,96.8,2000,GW-Modbus-03,1.4
2026-04-15 16:17:21,C-118,Compresseur à vis,C-118-SEN-02,accelerometre,accelerometre,g,0.6198,0.07,0.91,normal,94.7,97.5,512,GW-OPCUA-02,1.1
2026-04-15 16:17:59,C-118,Compresseur à vis,C-118-SEN-03,thermique,thermique,°C,33.2044,4.99,66.9,normal,97.7,99.2,5000,GW-OPCUA-02,1.2
2026-04-15 16:17:04,C-118,Compresseur à vis,C-118-SEN-04,sonde_proximite,sonde_proximite,microns,41.4968,6.66,89.98,normal,97.8,100.3,2000,GW-MQTT-01,0.8
2026-04-15 16:17:59,C-118,Compresseur à vis,C-118-SEN-05,ultrason,ultrason,dB,30.6055,4.66,62.63,normal,96.0,97.8,1000,GW-MQTT-01,0.9
2026-04-15 16:17:06,C-118,Compresseur à vis,C-118-SEN-06,courant,courant,A,81.364,13.32,178.19,normal,94.8,100.9,128,GW-MQTT-01,0.9
2026-04-15 16:17:06,C-118,Compresseur à vis,C-118-SEN-07,debit,debit,m3/h,65.4955,9.43,125.98,normal,94.4,98.4,1000,GW-Modbus-03,1.5
2026-04-15 16:17:19,C-118,Compresseur à vis,C-118-SEN-08,pression,pression,bar,5.5899,0.72,9.68,normal,96.0,97.5,2000,GW-Modbus-03,1.9
2026-04-15 16:17:48,V-302,Ventilateur tirage,V-302-SEN-01,accelerometre,accelerometre,mm/s,1.9462,0.37,5.07,normal,96.4,99.8,128,GW-OPCUA-02,0.8
2026-04-15 16:17:04,V-302,Ventilateur tirage,V-302-SEN-02,accelerometre,accelerometre,g,0.7247,0.08,1.08,normal,96.2,94.1,2000,GW-Modbus-03,1.2
2026-04-15 16:17:48,V-302,Ventilateur tirage,V-302-SEN-03,thermique,thermique,°C,40.9342,5.94,79.55,normal,94.4,98.7,2000,GW-MQTT-01,0.9
2026-04-15 16:17:54,V-302,Ventilateur tirage,V-302-SEN-04,sonde_proximite,sonde_proximite,microns,66.116,7.92,107.01,normal,94.7,96.8,1000,GW-MQTT-01,1.7
2026-04-15 16:17:28,V-302,Ventilateur tirage,V-302-SEN-05,ultrason,ultrason,dB,44.9759,5.54,74.48,normal,95.1,95.6,1000,GW-MQTT-01,1.4
2026-04-15 16:17:06,V-302,Ventilateur tirage,V-302-SEN-06,courant,courant,A,95.7491,15.84,211.9,normal,95.3,97.2,512,GW-MQTT-01,0.2
2026-04-15 16:17:46,V-302,Ventilateur tirage,V-302-SEN-07,debit,debit,m3/h,76.0866,11.22,149.81,normal,97.4,96.4,1000,GW-MQTT-01,0.3
2026-04-15 16:17:52,V-302,Ventilateur tirage,V-302-SEN-08,pression,pression,bar,5.6639,0.86,11.51,normal,94.7,96.1,2000,GW-OPCUA-02,0.5
2026-04-15 16:17:02,M-019,Moteur électrique 400kW,M-019-SEN-01,accelerometre,accelerometre,mm/s,2.9177,0.43,5.88,normal,96.7,93.6,1000,GW-OPCUA-02,1.2
2026-04-15 16:17:55,M-019,Moteur électrique 400kW,M-019-SEN-02,accelerometre,accelerometre,g,0.6143,0.09,1.26,normal,94.9,96.8,256,GW-Modbus-03,1.2
2026-04-15 16:17:49,M-019,Moteur électrique 400kW,M-019-SEN-03,thermique,thermique,°C,48.7963,6.88,92.21,normal,97.4,98.2,1000,GW-MQTT-01,1.6
2026-04-15 16:17:01,M-019,Moteur électrique 400kW,M-019-SEN-04,sonde_proximite,sonde_proximite,microns,52.2217,9.18,124.03,normal,96.2,98.1,1000,GW-MQTT-01,1.9
2026-04-15 16:17:36,M-019,Moteur électrique 400kW,M-019-SEN-05,ultrason,ultrason,dB,46.7773,6.43,86.33,normal,94.2,95.3,2000,GW-MQTT-01,1.0
2026-04-15 16:17:11,M-019,Moteur électrique 400kW,M-019-SEN-06,courant,courant,A,115.5882,18.36,245.62,normal,96.2,94.5,512,GW-OPCUA-02,1.4
2026-04-15 16:17:07,M-019,Moteur électrique 400kW,M-019-SEN-07,debit,debit,m3/h,87.497,13.01,173.64,normal,94.8,100.4,256,GW-Modbus-03,0.7
2026-04-15 16:17:39,M-019,Moteur électrique 400kW,M-019-SEN-08,pression,pression,bar,7.285,0.99,13.34,normal,96.7,96.2,2000,GW-OPCUA-02,0.9
2026-04-15 16:17:27,R-077,Réducteur convoyeur,R-077-SEN-01,accelerometre,accelerometre,mm/s,2.9942,0.49,6.68,normal,94.5,94.5,2000,GW-Modbus-03,1.2
2026-04-15 16:17:16,R-077,Réducteur convoyeur,R-077-SEN-02,accelerometre,accelerometre,g,0.7548,0.1,1.43,normal,96.3,99.0,512,GW-OPCUA-02,1.1
2026-04-15 16:17:21,R-077,Réducteur convoyeur,R-077-SEN-03,thermique,thermique,°C,52.935,7.83,104.86,normal,95.6,97.0,5000,GW-MQTT-01,1.3
2026-04-15 16:17:53,R-077,Réducteur convoyeur,R-077-SEN-04,sonde_proximite,sonde_proximite,microns,87.2231,10.44,141.06,normal,96.6,96.4,128,GW-Modbus-03,1.6
2026-04-15 16:17:33,R-077,Réducteur convoyeur,R-077-SEN-05,ultrason,ultrason,dB,51.9226,7.31,98.18,normal,95.9,101.3,2000,GW-MQTT-01,1.2
2026-04-15 16:17:10,R-077,Réducteur convoyeur,R-077-SEN-06,courant,courant,A,137.4065,20.88,279.33,normal,94.9,99.6,2000,GW-Modbus-03,1.4
2026-04-15 16:17:07,R-077,Réducteur convoyeur,R-077-SEN-07,debit,debit,m3/h,93.5301,14.79,197.48,normal,95.8,94.9,2000,GW-Modbus-03,1.7
2026-04-15 16:17:18,R-077,Réducteur convoyeur,R-077-SEN-08,pression,pression,bar,7.555,1.13,15.17,normal,94.1,95.5,128,GW-Modbus-03,1.9
2026-04-15 16:17:53,P-311,Pompe centrifuge BP,P-311-SEN-01,accelerometre,accelerometre,mm/s,4.5795,0.55,7.49,normal,95.7,97.7,256,GW-Modbus-03,1.2
2026-04-15 16:17:43,P-311,Pompe centrifuge BP,P-311-SEN-02,accelerometre,accelerometre,g,0.8403,0.12,1.6,normal,97.0,96.2,128,GW-Modbus-03,0.9
2026-04-15 16:17:59,P-311,Pompe centrifuge BP,P-311-SEN-03,thermique,thermique,°C,56.5776,8.78,117.52,normal,94.7,95.3,1000,GW-OPCUA-02,0.6
2026-04-15 16:17:19,P-311,Pompe centrifuge BP,P-311-SEN-04,sonde_proximite,sonde_proximite,microns,78.2754,11.7,158.08,normal,95.3,97.7,1000,GW-MQTT-01,1.1
2026-04-15 16:17:31,P-311,Pompe centrifuge BP,P-311-SEN-05,ultrason,ultrason,dB,54.1281,8.19,110.03,normal,94.3,96.0,5000,GW-OPCUA-02,1.1
2026-04-15 16:17:45,P-311,Pompe centrifuge BP,P-311-SEN-06,courant,courant,A,145.1094,23.4,313.04,normal,94.4,94.7,5000,GW-OPCUA-02,1.5
2026-04-15 16:17:07,P-311,Pompe centrifuge BP,P-311-SEN-07,debit,debit,m3/h,104.196,16.57,221.31,normal,96.5,96.7,128,GW-MQTT-01,0.4
2026-04-15 16:17:54,P-311,Pompe centrifuge BP,P-311-SEN-08,pression,pression,bar,8.8725,1.27,17.0,normal,95.8,97.6,1000,GW-OPCUA-02,1.1
2026-04-15 17:27:23,P-204,Pompe centrifuge HP,P-204-SEN-01,accelerometre,accelerometre,mm/s,1.6383,0.25,3.46,normal,96.0,97.0,256,GW-OPCUA-02,1.6
2026-04-15 17:27:26,P-204,Pompe centrifuge HP,P-204-SEN-02,accelerometre,accelerometre,g,0.4055,0.05,0.74,normal,97.0,94.8,2000,GW-MQTT-01,0.1
2026-04-15 17:27:33,P-204,Pompe centrifuge HP,P-204-SEN-03,thermique,thermique,°C,29.5425,4.05,54.25,normal,94.7,98.5,128,GW-Modbus-03,1.1
2026-04-15 17:27:43,P-204,Pompe centrifuge HP,P-204-SEN-04,sonde_proximite,sonde_proximite,microns,43.9183,5.4,72.98,normal,94.8,99.4,1000,GW-MQTT-01,1.2
2026-04-15 17:27:38,P-204,Pompe centrifuge HP,P-204-SEN-05,ultrason,ultrason,dB,22.6638,3.78,50.79,normal,96.9,98.2,512,GW-Modbus-03,1.6
2026-04-15 17:27:56,P-204,Pompe centrifuge HP,P-204-SEN-06,courant,courant,A,79.9156,10.8,144.49,normal,95.3,94.0,2000,GW-Modbus-03,1.1
2026-04-15 17:27:53,P-204,Pompe centrifuge HP,P-204-SEN-07,debit,debit,m3/h,52.8914,7.65,102.15,normal,94.0,96.8,512,GW-OPCUA-02,0.4
2026-04-15 17:27:13,P-204,Pompe centrifuge HP,P-204-SEN-08,pression,pression,bar,3.8564,0.58,7.85,normal,97.9,96.6,1000,GW-MQTT-01,0.8
2026-04-15 17:27:34,C-118,Compresseur à vis,C-118-SEN-01,accelerometre,accelerometre,mm/s,2.1192,0.31,4.27,normal,93.9,96.6,5000,GW-MQTT-01,1.1
2026-04-15 17:27:37,C-118,Compresseur à vis,C-118-SEN-02,accelerometre,accelerometre,g,0.3553,0.07,0.91,normal,95.4,97.3,256,GW-Modbus-03,0.3
2026-04-15 17:27:40,C-118,Compresseur à vis,C-118-SEN-03,thermique,thermique,°C,35.7512,4.99,66.9,normal,94.2,93.0,1000,GW-OPCUA-02,1.1
2026-04-15 17:27:12,C-118,Compresseur à vis,C-118-SEN-04,sonde_proximite,sonde_proximite,microns,42.86,6.66,90.01,normal,96.7,91.4,2000,GW-OPCUA-02,1.1
2026-04-15 17:27:01,C-118,Compresseur à vis,C-118-SEN-05,ultrason,ultrason,dB,26.5618,4.66,62.65,normal,96.6,96.9,1000,GW-Modbus-03,1.7
2026-04-15 17:27:11,C-118,Compresseur à vis,C-118-SEN-06,courant,courant,A,76.9152,13.32,178.21,normal,94.4,101.5,256,GW-Modbus-03,0.9
2026-04-15 17:27:42,C-118,Compresseur à vis,C-118-SEN-07,debit,debit,m3/h,59.5725,9.43,125.98,normal,94.4,99.7,256,GW-MQTT-01,1.0
2026-04-15 17:27:36,C-118,Compresseur à vis,C-118-SEN-08,pression,pression,bar,4.9261,0.72,9.68,normal,94.5,98.4,2000,GW-OPCUA-02,0.8
2026-04-15 17:27:02,V-302,Ventilateur tirage,V-302-SEN-01,accelerometre,accelerometre,mm/s,2.1068,0.37,5.07,normal,96.2,95.0,1000,GW-OPCUA-02,0.7
2026-04-15 17:27:13,V-302,Ventilateur tirage,V-302-SEN-02,accelerometre,accelerometre,g,0.6322,0.08,1.08,normal,96.6,96.2,256,GW-OPCUA-02,1.7
2026-04-15 17:27:11,V-302,Ventilateur tirage,V-302-SEN-03,thermique,thermique,°C,40.3107,5.94,79.56,normal,96.3,99.7,256,GW-Modbus-03,0.9
2026-04-15 17:27:11,V-302,Ventilateur tirage,V-302-SEN-04,sonde_proximite,sonde_proximite,microns,50.2811,7.92,107.04,normal,94.2,97.7,256,GW-MQTT-01,0.6
2026-04-15 17:27:22,V-302,Ventilateur tirage,V-302-SEN-05,ultrason,ultrason,dB,46.7124,5.54,74.5,normal,97.5,94.3,256,GW-Modbus-03,1.2
2026-04-15 17:27:28,V-302,Ventilateur tirage,V-302-SEN-06,courant,courant,A,107.626,15.84,211.92,normal,95.5,96.9,512,GW-MQTT-01,0.9
2026-04-15 17:27:17,V-302,Ventilateur tirage,V-302-SEN-07,debit,debit,m3/h,77.4364,11.22,149.82,normal,93.9,95.0,256,GW-OPCUA-02,-0.1
2026-04-15 17:27:40,V-302,Ventilateur tirage,V-302-SEN-08,pression,pression,bar,6.3106,0.86,11.51,normal,95.1,92.8,512,GW-Modbus-03,1.1
2026-04-15 17:27:20,M-019,Moteur électrique 400kW,M-019-SEN-01,accelerometre,accelerometre,mm/s,2.516,0.43,5.88,normal,95.1,96.2,2000,GW-Modbus-03,1.7
2026-04-15 17:27:11,M-019,Moteur électrique 400kW,M-019-SEN-02,accelerometre,accelerometre,g,0.6984,0.09,1.26,normal,95.3,94.5,512,GW-Modbus-03,1.0
2026-04-15 17:27:50,M-019,Moteur électrique 400kW,M-019-SEN-03,thermique,thermique,°C,45.2684,6.88,92.22,normal,97.0,98.2,128,GW-MQTT-01,1.5
2026-04-15 17:27:21,M-019,Moteur électrique 400kW,M-019-SEN-04,sonde_proximite,sonde_proximite,microns,61.4316,9.18,124.07,normal,94.5,98.1,5000,GW-Modbus-03,0.7
2026-04-15 17:27:18,M-019,Moteur électrique 400kW,M-019-SEN-05,ultrason,ultrason,dB,43.0224,6.43,86.35,normal,93.9,95.8,256,GW-Modbus-03,2.0
2026-04-15 17:27:58,M-019,Moteur électrique 400kW,M-019-SEN-06,courant,courant,A,139.1096,18.36,245.64,normal,95.3,99.5,512,GW-Modbus-03,1.4
2026-04-15 17:27:41,M-019,Moteur électrique 400kW,M-019-SEN-07,debit,debit,m3/h,91.3762,13.01,173.65,normal,95.7,96.7,256,GW-MQTT-01,0.6
2026-04-15 17:27:05,M-019,Moteur électrique 400kW,M-019-SEN-08,pression,pression,bar,6.1692,0.99,13.34,normal,97.7,95.3,512,GW-MQTT-01,1.5
2026-04-15 17:27:53,R-077,Réducteur convoyeur,R-077-SEN-01,accelerometre,accelerometre,mm/s,2.9353,0.49,6.69,normal,95.4,96.2,5000,GW-OPCUA-02,0.8
2026-04-15 17:27:40,R-077,Réducteur convoyeur,R-077-SEN-02,accelerometre,accelerometre,g,0.8893,0.1,1.43,normal,94.8,97.3,1000,GW-MQTT-01,1.0
2026-04-15 17:27:37,R-077,Réducteur convoyeur,R-077-SEN-03,thermique,thermique,°C,49.5558,7.83,104.88,normal,97.5,97.0,1000,GW-Modbus-03,1.2
2026-04-15 17:27:35,R-077,Réducteur convoyeur,R-077-SEN-04,sonde_proximite,sonde_proximite,microns,69.3197,10.44,141.1,normal,95.9,97.1,2000,GW-OPCUA-02,1.7
2026-04-15 17:27:03,R-077,Réducteur convoyeur,R-077-SEN-05,ultrason,ultrason,dB,45.1305,7.31,98.2,normal,95.3,98.0,2000,GW-MQTT-01,0.7
2026-04-15 17:27:54,R-077,Réducteur convoyeur,R-077-SEN-06,courant,courant,A,132.811,20.88,279.35,normal,95.0,98.7,5000,GW-Modbus-03,1.7
2026-04-15 17:27:57,R-077,Réducteur convoyeur,R-077-SEN-07,debit,debit,m3/h,87.9261,14.79,197.49,normal,95.0,99.9,512,GW-OPCUA-02,1.0
2026-04-15 17:27:40,R-077,Réducteur convoyeur,R-077-SEN-08,pression,pression,bar,7.4869,1.13,15.18,normal,97.3,92.8,256,GW-MQTT-01,1.1
2026-04-15 17:27:46,P-311,Pompe centrifuge BP,P-311-SEN-01,accelerometre,accelerometre,mm/s,3.7945,0.55,7.49,normal,96.4,95.4,2000,GW-Modbus-03,0.9
2026-04-15 17:27:45,P-311,Pompe centrifuge BP,P-311-SEN-02,accelerometre,accelerometre,g,0.8946,0.12,1.6,normal,94.2,98.3,256,GW-OPCUA-02,1.5
2026-04-15 17:27:28,P-311,Pompe centrifuge BP,P-311-SEN-03,thermique,thermique,°C,57.5076,8.78,117.53,normal,94.6,93.2,2000,GW-MQTT-01,1.0
2026-04-15 17:27:41,P-311,Pompe centrifuge BP,P-311-SEN-04,sonde_proximite,sonde_proximite,microns,66.0098,11.7,158.13,normal,95.7,92.3,256,GW-MQTT-01,1.8
2026-04-15 17:27:09,P-311,Pompe centrifuge BP,P-311-SEN-05,ultrason,ultrason,dB,47.7417,8.19,110.05,normal,94.7,95.5,128,GW-MQTT-01,1.2
2026-04-15 17:27:45,P-311,Pompe centrifuge BP,P-311-SEN-06,courant,courant,A,158.7833,23.4,313.07,normal,97.5,95.6,1000,GW-Modbus-03,1.0
2026-04-15 17:27:04,P-311,Pompe centrifuge BP,P-311-SEN-07,debit,debit,m3/h,107.1401,16.57,221.32,normal,95.9,98.5,256,GW-Modbus-03,1.2
2026-04-15 17:27:27,P-311,Pompe centrifuge BP,P-311-SEN-08,pression,pression,bar,8.333,1.27,17.01,normal,94.6,97.2,1000,GW-OPCUA-02,1.2
2026-04-15 18:41:22,P-204,Pompe centrifuge HP,P-204-SEN-01,accelerometre,accelerometre,mm/s,1.9498,0.25,3.46,normal,96.6,98.9,1000,GW-MQTT-01,1.0
2026-04-15 18:41:22,P-204,Pompe centrifuge HP,P-204-SEN-02,accelerometre,accelerometre,g,0.263,0.05,0.74,normal,96.0,101.8,128,GW-MQTT-01,0.9
2026-04-15 18:41:56,P-204,Pompe centrifuge HP,P-204-SEN-03,thermique,thermique,°C,29.2289,4.05,54.25,normal,96.6,95.0,1000,GW-OPCUA-02,1.0
2026-04-15 18:41:52,P-204,Pompe centrifuge HP,P-204-SEN-04,sonde_proximite,sonde_proximite,microns,24.9941,5.4,73.01,normal,94.4,98.4,5000,GW-OPCUA-02,0.6
2026-04-15 18:41:05,P-204,Pompe centrifuge HP,P-204-SEN-05,ultrason,ultrason,dB,27.165,3.78,50.8,normal,95.9,99.7,5000,GW-OPCUA-02,1.2
2026-04-15 18:41:05,P-204,Pompe centrifuge HP,P-204-SEN-06,courant,courant,A,73.2644,10.8,144.5,normal,95.5,93.1,2000,GW-OPCUA-02,1.3
2026-04-15 18:41:30,P-204,Pompe centrifuge HP,P-204-SEN-07,debit,debit,m3/h,52.3834,7.65,102.15,normal,95.8,96.0,256,GW-MQTT-01,2.0
2026-04-15 18:41:49,P-204,Pompe centrifuge HP,P-204-SEN-08,pression,pression,bar,4.3834,0.58,7.85,normal,94.2,98.7,512,GW-OPCUA-02,1.5
2026-04-15 18:41:16,C-118,Compresseur à vis,C-118-SEN-01,accelerometre,accelerometre,mm/s,2.0332,0.31,4.27,normal,97.5,98.4,128,GW-MQTT-01,0.9
2026-04-15 18:41:33,C-118,Compresseur à vis,C-118-SEN-02,accelerometre,accelerometre,g,0.3375,0.07,0.91,normal,97.4,100.1,512,GW-Modbus-03,0.7
2026-04-15 18:41:29,C-118,Compresseur à vis,C-118-SEN-03,thermique,thermique,°C,31.312,4.99,66.91,normal,95.5,99.1,512,GW-OPCUA-02,1.7
2026-04-15 18:41:57,C-118,Compresseur à vis,C-118-SEN-04,sonde_proximite,sonde_proximite,microns,52.8703,6.66,90.04,normal,94.6,98.8,5000,GW-MQTT-01,0.5
2026-04-15 18:41:06,C-118,Compresseur à vis,C-118-SEN-05,ultrason,ultrason,dB,33.1955,4.66,62.66,normal,96.3,95.9,1000,GW-OPCUA-02,0.9
2026-04-15 18:41:54,C-118,Compresseur à vis,C-118-SEN-06,courant,courant,A,81.7549,13.32,178.22,normal,95.7,100.4,512,GW-MQTT-01,2.3
2026-04-15 18:41:12,C-118,Compresseur à vis,C-118-SEN-07,debit,debit,m3/h,72.929,9.43,125.99,normal,94.8,94.4,2000,GW-OPCUA-02,1.0
2026-04-15 18:41:26,C-118,Compresseur à vis,C-118-SEN-08,pression,pression,bar,4.8585,0.72,9.68,normal,93.8,99.0,2000,GW-OPCUA-02,1.3
2026-04-15 18:41:24,V-302,Ventilateur tirage,V-302-SEN-01,accelerometre,accelerometre,mm/s,2.0171,0.37,5.08,normal,95.6,94.2,128,GW-Modbus-03,1.1
2026-04-15 18:41:22,V-302,Ventilateur tirage,V-302-SEN-02,accelerometre,accelerometre,g,0.5048,0.08,1.09,normal,95.7,98.3,5000,GW-MQTT-01,1.6
2026-04-15 18:41:06,V-302,Ventilateur tirage,V-302-SEN-03,thermique,thermique,°C,41.7783,5.94,79.57,normal,97.0,101.0,5000,GW-MQTT-01,1.2
2026-04-15 18:41:40,V-302,Ventilateur tirage,V-302-SEN-04,sonde_proximite,sonde_proximite,microns,45.0456,7.92,107.08,normal,95.6,93.2,1000,GW-Modbus-03,1.4
2026-04-15 18:41:15,V-302,Ventilateur tirage,V-302-SEN-05,ultrason,ultrason,dB,42.7921,5.54,74.51,normal,94.3,100.6,512,GW-Modbus-03,1.0
2026-04-15 18:41:49,V-302,Ventilateur tirage,V-302-SEN-06,courant,courant,A,114.3131,15.84,211.94,normal,94.1,97.3,512,GW-OPCUA-02,1.2
2026-04-15 18:41:40,V-302,Ventilateur tirage,V-302-SEN-07,debit,debit,m3/h,68.7075,11.22,149.82,normal,96.1,97.1,5000,GW-Modbus-03,1.2
2026-04-15 18:41:17,V-302,Ventilateur tirage,V-302-SEN-08,pression,pression,bar,6.027,0.86,11.51,normal,95.0,99.8,5000,GW-MQTT-01,0.4
2026-04-15 18:41:52,M-019,Moteur électrique 400kW,M-019-SEN-01,accelerometre,accelerometre,mm/s,2.7018,0.43,5.88,normal,96.2,92.9,2000,GW-Modbus-03,1.0
2026-04-15 18:41:12,M-019,Moteur électrique 400kW,M-019-SEN-02,accelerometre,accelerometre,g,0.5302,0.09,1.26,normal,96.1,96.4,128,GW-Modbus-03,1.2
2026-04-15 18:41:55,M-019,Moteur électrique 400kW,M-019-SEN-03,thermique,thermique,°C,47.4015,6.88,92.23,normal,95.0,97.6,256,GW-OPCUA-02,1.4
2026-04-15 18:41:34,M-019,Moteur électrique 400kW,M-019-SEN-04,sonde_proximite,sonde_proximite,microns,69.4366,9.18,124.11,normal,97.3,99.2,256,GW-MQTT-01,1.2
2026-04-15 18:41:34,M-019,Moteur électrique 400kW,M-019-SEN-05,ultrason,ultrason,dB,46.3889,6.43,86.37,normal,97.5,96.7,128,GW-Modbus-03,1.3
2026-04-15 18:41:28,M-019,Moteur électrique 400kW,M-019-SEN-06,courant,courant,A,135.4823,18.36,245.66,normal,97.4,97.9,256,GW-OPCUA-02,1.5
2026-04-15 18:41:03,M-019,Moteur électrique 400kW,M-019-SEN-07,debit,debit,m3/h,83.3472,13.01,173.66,normal,97.7,95.5,1000,GW-Modbus-03,1.3
2026-04-15 18:41:46,M-019,Moteur électrique 400kW,M-019-SEN-08,pression,pression,bar,6.3107,0.99,13.35,normal,97.4,98.0,5000,GW-MQTT-01,1.1
2026-04-15 18:41:32,R-077,Réducteur convoyeur,R-077-SEN-01,accelerometre,accelerometre,mm/s,3.791,0.49,6.69,normal,94.5,96.0,2000,GW-OPCUA-02,1.1
2026-04-15 18:41:32,R-077,Réducteur convoyeur,R-077-SEN-02,accelerometre,accelerometre,g,0.7361,0.1,1.43,normal,93.9,98.7,128,GW-Modbus-03,1.6
2026-04-15 18:41:36,R-077,Réducteur convoyeur,R-077-SEN-03,thermique,thermique,°C,55.227,7.83,104.89,normal,94.5,99.5,512,GW-OPCUA-02,1.3
2026-04-15 18:41:56,R-077,Réducteur convoyeur,R-077-SEN-04,sonde_proximite,sonde_proximite,microns,61.5655,10.44,141.15,normal,95.9,94.1,512,GW-MQTT-01,0.8
2026-04-15 18:41:43,R-077,Réducteur convoyeur,R-077-SEN-05,ultrason,ultrason,dB,53.0594,7.31,98.22,normal,94.4,100.4,2000,GW-MQTT-01,1.3
2026-04-15 18:41:21,R-077,Réducteur convoyeur,R-077-SEN-06,courant,courant,A,133.4157,20.88,279.37,normal,97.3,96.6,256,GW-OPCUA-02,0.9
2026-04-15 18:41:01,R-077,Réducteur convoyeur,R-077-SEN-07,debit,debit,m3/h,101.0983,14.79,197.49,normal,97.5,97.8,256,GW-Modbus-03,1.3
2026-04-15 18:41:14,R-077,Réducteur convoyeur,R-077-SEN-08,pression,pression,bar,7.073,1.13,15.18,normal,95.7,97.7,5000,GW-MQTT-01,1.2
2026-04-15 18:41:45,P-311,Pompe centrifuge BP,P-311-SEN-01,accelerometre,accelerometre,mm/s,4.04,0.55,7.5,normal,94.1,92.4,5000,GW-Modbus-03,0.8
2026-04-15 18:41:38,P-311,Pompe centrifuge BP,P-311-SEN-02,accelerometre,accelerometre,g,0.6774,0.12,1.6,normal,94.3,98.0,5000,GW-Modbus-03,1.7
2026-04-15 18:41:05,P-311,Pompe centrifuge BP,P-311-SEN-03,thermique,thermique,°C,55.2863,8.78,117.55,normal,96.8,93.9,1000,GW-Modbus-03,1.5
2026-04-15 18:41:01,P-311,Pompe centrifuge BP,P-311-SEN-04,sonde_proximite,sonde_proximite,microns,78.6007,11.7,158.18,normal,95.4,96.9,512,GW-MQTT-01,1.2
2026-04-15 18:41:29,P-311,Pompe centrifuge BP,P-311-SEN-05,ultrason,ultrason,dB,55.8076,8.19,110.07,normal,94.1,100.1,256,GW-MQTT-01,1.8
2026-04-15 18:41:37,P-311,Pompe centrifuge BP,P-311-SEN-06,courant,courant,A,163.5772,23.4,313.09,normal,94.6,98.4,512,GW-MQTT-01,1.6
2026-04-15 18:41:32,P-311,Pompe centrifuge BP,P-311-SEN-07,debit,debit,m3/h,110.1989,16.57,221.33,normal,95.0,96.4,5000,GW-MQTT-01,1.4
2026-04-15 18:41:31,P-311,Pompe centrifuge BP,P-311-SEN-08,pression,pression,bar,8.3342,1.27,17.01,normal,97.3,98.4,128,GW-MQTT-01,1.4
2026-04-15 19:26:36,P-204,Pompe centrifuge HP,P-204-SEN-01,accelerometre,accelerometre,mm/s,1.2364,0.25,3.46,normal,97.0,95.2,2000,GW-OPCUA-02,1.6
2026-04-15 19:26:09,P-204,Pompe centrifuge HP,P-204-SEN-02,accelerometre,accelerometre,g,0.3351,0.05,0.74,normal,94.0,101.9,128,GW-OPCUA-02,1.6
2026-04-15 19:26:46,P-204,Pompe centrifuge HP,P-204-SEN-03,thermique,thermique,°C,29.1061,4.05,54.26,normal,95.7,97.7,2000,GW-OPCUA-02,1.9
2026-04-15 19:26:49,P-204,Pompe centrifuge HP,P-204-SEN-04,sonde_proximite,sonde_proximite,microns,33.494,5.4,73.03,normal,96.6,97.2,2000,GW-Modbus-03,1.3
2026-04-15 19:26:38,P-204,Pompe centrifuge HP,P-204-SEN-05,ultrason,ultrason,dB,28.7044,3.78,50.81,normal,97.5,96.5,256,GW-Modbus-03,1.4
2026-04-15 19:26:36,P-204,Pompe centrifuge HP,P-204-SEN-06,courant,courant,A,68.7716,10.8,144.52,normal,96.2,97.6,2000,GW-Modbus-03,0.8
2026-04-15 19:26:44,P-204,Pompe centrifuge HP,P-204-SEN-07,debit,debit,m3/h,44.3414,7.65,102.15,normal,93.8,98.1,128,GW-Modbus-03,1.8
2026-04-15 19:26:17,P-204,Pompe centrifuge HP,P-204-SEN-08,pression,pression,bar,4.1377,0.58,7.85,normal,97.4,97.7,2000,GW-MQTT-01,1.1
2026-04-15 19:26:34,C-118,Compresseur à vis,C-118-SEN-01,accelerometre,accelerometre,mm/s,2.2463,0.31,4.27,normal,93.8,97.6,256,GW-OPCUA-02,1.5
2026-04-15 19:26:03,C-118,Compresseur à vis,C-118-SEN-02,accelerometre,accelerometre,g,0.4048,0.07,0.91,normal,95.9,96.9,128,GW-Modbus-03,1.1
2026-04-15 19:26:02,C-118,Compresseur à vis,C-118-SEN-03,thermique,thermique,°C,36.0602,4.99,66.92,normal,95.9,95.6,128,GW-OPCUA-02,1.4
2026-04-15 19:26:01,C-118,Compresseur à vis,C-118-SEN-04,sonde_proximite,sonde_proximite,microns,49.7186,6.66,90.07,normal,94.1,97.9,5000,GW-OPCUA-02,1.3
2026-04-15 19:26:32,C-118,Compresseur à vis,C-118-SEN-05,ultrason,ultrason,dB,32.6079,4.66,62.67,normal,95.6,93.3,256,GW-OPCUA-02,1.6
2026-04-15 19:26:27,C-118,Compresseur à vis,C-118-SEN-06,courant,courant,A,86.5757,13.32,178.24,normal,95.9,95.5,256,GW-MQTT-01,1.6
2026-04-15 19:26:23,C-118,Compresseur à vis,C-118-SEN-07,debit,debit,m3/h,63.7497,9.43,125.99,normal,97.1,94.6,256,GW-Modbus-03,2.1
2026-04-15 19:26:16,C-118,Compresseur à vis,C-118-SEN-08,pression,pression,bar,4.2061,0.72,9.68,normal,95.4,98.4,5000,GW-Modbus-03,0.5
2026-04-15 19:26:34,V-302,Ventilateur tirage,V-302-SEN-01,accelerometre,accelerometre,mm/s,2.2755,0.37,5.08,normal,97.1,98.2,256,GW-MQTT-01,1.3
2026-04-15 19:26:49,V-302,Ventilateur tirage,V-302-SEN-02,accelerometre,accelerometre,g,0.471,0.08,1.09,normal,97.4,96.9,256,GW-OPCUA-02,1.2
2026-04-15 19:26:11,V-302,Ventilateur tirage,V-302-SEN-03,thermique,thermique,°C,38.359,5.94,79.58,normal,97.7,95.9,128,GW-Modbus-03,1.2
2026-04-15 19:26:21,V-302,Ventilateur tirage,V-302-SEN-04,sonde_proximite,sonde_proximite,microns,55.3345,7.92,107.11,normal,97.4,97.7,512,GW-OPCUA-02,1.0
2026-04-15 19:26:16,V-302,Ventilateur tirage,V-302-SEN-05,ultrason,ultrason,dB,35.5656,5.54,74.53,normal,95.7,97.5,1000,GW-OPCUA-02,1.9
2026-04-15 19:26:28,V-302,Ventilateur tirage,V-302-SEN-06,courant,courant,A,113.0297,15.84,211.96,normal,94.2,95.4,512,GW-OPCUA-02,1.2
2026-04-15 19:26:25,V-302,Ventilateur tirage,V-302-SEN-07,debit,debit,m3/h,75.9805,11.22,149.83,normal,94.2,96.5,2000,GW-OPCUA-02,1.2
2026-04-15 19:26:27,V-302,Ventilateur tirage,V-302-SEN-08,pression,pression,bar,5.2646,0.86,11.52,normal,95.7,95.2,256,GW-MQTT-01,1.3
2026-04-15 19:26:17,M-019,Moteur électrique 400kW,M-019-SEN-01,accelerometre,accelerometre,mm/s,2.9091,0.43,5.89,normal,97.8,94.5,2000,GW-Modbus-03,0.9
2026-04-15 19:26:05,M-019,Moteur électrique 400kW,M-019-SEN-02,accelerometre,accelerometre,g,0.6109,0.09,1.26,normal,94.0,97.8,128,GW-Modbus-03,1.1
2026-04-15 19:26:08,M-019,Moteur électrique 400kW,M-019-SEN-03,thermique,thermique,°C,47.5162,6.88,92.24,normal,97.7,96.4,1000,GW-Modbus-03,1.6
2026-04-15 19:26:15,M-019,Moteur électrique 400kW,M-019-SEN-04,sonde_proximite,sonde_proximite,microns,62.7818,9.18,124.15,normal,95.6,95.6,128,GW-OPCUA-02,1.2
2026-04-15 19:26:41,M-019,Moteur électrique 400kW,M-019-SEN-05,ultrason,ultrason,dB,43.9254,6.43,86.38,normal,96.4,99.5,1000,GW-Modbus-03,0.8
2026-04-15 19:26:07,M-019,Moteur électrique 400kW,M-019-SEN-06,courant,courant,A,126.917,18.36,245.68,normal,96.4,95.9,5000,GW-Modbus-03,1.0
2026-04-15 19:26:37,M-019,Moteur électrique 400kW,M-019-SEN-07,debit,debit,m3/h,91.9641,13.01,173.66,normal,95.4,98.6,256,GW-MQTT-01,1.2
2026-04-15 19:26:48,M-019,Moteur électrique 400kW,M-019-SEN-08,pression,pression,bar,6.6916,0.99,13.35,normal,94.7,95.5,128,GW-Modbus-03,1.7
2026-04-15 19:26:11,R-077,Réducteur convoyeur,R-077-SEN-01,accelerometre,accelerometre,mm/s,3.3478,0.49,6.7,normal,97.4,95.4,1000,GW-Modbus-03,0.6
2026-04-15 19:26:30,R-077,Réducteur convoyeur,R-077-SEN-02,accelerometre,accelerometre,g,0.7993,0.1,1.43,normal,95.2,98.6,256,GW-OPCUA-02,1.8
2026-04-15 19:26:44,R-077,Réducteur convoyeur,R-077-SEN-03,thermique,thermique,°C,48.0367,7.83,104.9,normal,94.7,99.1,2000,GW-OPCUA-02,0.7
2026-04-15 19:26:14,R-077,Réducteur convoyeur,R-077-SEN-04,sonde_proximite,sonde_proximite,microns,61.997,10.44,141.2,normal,94.9,93.7,512,GW-OPCUA-02,1.3
2026-04-15 19:26:25,R-077,Réducteur convoyeur,R-077-SEN-05,ultrason,ultrason,dB,54.3195,7.31,98.24,normal,94.1,98.0,512,GW-MQTT-01,1.6
2026-04-15 19:26:20,R-077,Réducteur convoyeur,R-077-SEN-06,courant,courant,A,138.9314,20.88,279.4,normal,94.0,100.1,512,GW-Modbus-03,0.8
2026-04-15 19:26:44,R-077,Réducteur convoyeur,R-077-SEN-07,debit,debit,m3/h,98.3665,14.79,197.5,normal,96.4,95.9,5000,GW-Modbus-03,1.3
2026-04-15 19:26:27,R-077,Réducteur convoyeur,R-077-SEN-08,pression,pression,bar,6.8639,1.13,15.18,normal,94.4,96.2,128,GW-Modbus-03,0.8
2026-04-15 19:26:38,P-311,Pompe centrifuge BP,P-311-SEN-01,accelerometre,accelerometre,mm/s,3.2596,0.55,7.5,normal,93.6,97.2,5000,GW-Modbus-03,1.1
2026-04-15 19:26:11,P-311,Pompe centrifuge BP,P-311-SEN-02,accelerometre,accelerometre,g,0.8983,0.12,1.6,normal,94.9,96.1,5000,GW-Modbus-03,0.2
2026-04-15 19:26:26,P-311,Pompe centrifuge BP,P-311-SEN-03,thermique,thermique,°C,59.8536,8.78,117.56,normal,97.8,93.4,512,GW-OPCUA-02,1.3
2026-04-15 19:26:46,P-311,Pompe centrifuge BP,P-311-SEN-04,sonde_proximite,sonde_proximite,microns,75.9646,11.7,158.24,normal,94.7,98.2,256,GW-OPCUA-02,1.2
2026-04-15 19:26:09,P-311,Pompe centrifuge BP,P-311-SEN-05,ultrason,ultrason,dB,51.3228,8.19,110.09,normal,93.6,97.8,256,GW-MQTT-01,0.8
2026-04-15 19:26:44,P-311,Pompe centrifuge BP,P-311-SEN-06,courant,courant,A,151.9229,23.4,313.12,normal,96.9,99.0,128,GW-OPCUA-02,1.6
2026-04-15 19:26:37,P-311,Pompe centrifuge BP,P-311-SEN-07,debit,debit,m3/h,101.9009,16.57,221.34,normal,94.8,95.6,5000,GW-MQTT-01,1.1
2026-04-15 19:26:15,P-311,Pompe centrifuge BP,P-311-SEN-08,pression,pression,bar,8.4751,1.27,17.01,normal,93.8,96.4,1000,GW-MQTT-01,1.6
2026-04-15 20:31:54,P-204,Pompe centrifuge HP,P-204-SEN-01,accelerometre,accelerometre,mm/s,1.9896,0.25,3.47,normal,97.4,101.5,5000,GW-Modbus-03,0.8
2026-04-15 20:31:38,P-204,Pompe centrifuge HP,P-204-SEN-02,accelerometre,accelerometre,g,0.3929,0.05,0.74,normal,97.3,94.8,128,GW-OPCUA-02,1.0
2026-04-15 20:31:34,P-204,Pompe centrifuge HP,P-204-SEN-03,thermique,thermique,°C,28.8789,4.05,54.26,normal,97.2,97.6,1000,GW-Modbus-03,1.1
2026-04-15 20:31:13,P-204,Pompe centrifuge HP,P-204-SEN-04,sonde_proximite,sonde_proximite,microns,45.7995,5.4,73.06,normal,94.4,98.1,256,GW-OPCUA-02,1.4
2026-04-15 20:31:00,P-204,Pompe centrifuge HP,P-204-SEN-05,ultrason,ultrason,dB,21.6703,3.78,50.82,normal,96.4,98.4,512,GW-MQTT-01,1.2
2026-04-15 20:31:21,P-204,Pompe centrifuge HP,P-204-SEN-06,courant,courant,A,76.0626,10.8,144.53,normal,97.2,97.1,2000,GW-OPCUA-02,1.1
2026-04-15 20:31:55,P-204,Pompe centrifuge HP,P-204-SEN-07,debit,debit,m3/h,52.9624,7.65,102.16,normal,96.3,99.4,512,GW-OPCUA-02,0.8
2026-04-15 20:31:01,P-204,Pompe centrifuge HP,P-204-SEN-08,pression,pression,bar,3.6527,0.58,7.85,normal,96.8,95.9,128,GW-MQTT-01,1.5
2026-04-15 20:31:06,C-118,Compresseur à vis,C-118-SEN-01,accelerometre,accelerometre,mm/s,2.0046,0.31,4.27,normal,94.6,96.3,2000,GW-OPCUA-02,1.9
2026-04-15 20:31:39,C-118,Compresseur à vis,C-118-SEN-02,accelerometre,accelerometre,g,0.4384,0.07,0.91,normal,97.2,96.3,128,GW-OPCUA-02,1.3
2026-04-15 20:31:14,C-118,Compresseur à vis,C-118-SEN-03,thermique,thermique,°C,35.3599,4.99,66.93,normal,96.2,95.9,5000,GW-OPCUA-02,0.8
2026-04-15 20:31:45,C-118,Compresseur à vis,C-118-SEN-04,sonde_proximite,sonde_proximite,microns,38.4075,6.66,90.1,normal,95.2,97.4,1000,GW-Modbus-03,0.6
2026-04-15 20:31:51,C-118,Compresseur à vis,C-118-SEN-05,ultrason,ultrason,dB,30.1329,4.66,62.68,normal,96.6,99.1,128,GW-MQTT-01,0.9
2026-04-15 20:31:38,C-118,Compresseur à vis,C-118-SEN-06,courant,courant,A,93.2193,13.32,178.25,normal,96.5,97.4,128,GW-MQTT-01,1.6
2026-04-15 20:31:00,C-118,Compresseur à vis,C-118-SEN-07,debit,debit,m3/h,65.5773,9.43,126.0,normal,94.5,97.1,2000,GW-OPCUA-02,1.3
2026-04-15 20:31:30,C-118,Compresseur à vis,C-118-SEN-08,pression,pression,bar,5.4472,0.72,9.69,normal,97.6,95.3,128,GW-Modbus-03,0.8
2026-04-15 20:31:23,V-302,Ventilateur tirage,V-302-SEN-01,accelerometre,accelerometre,mm/s,2.4073,0.37,5.08,normal,94.3,95.8,2000,GW-OPCUA-02,1.8
2026-04-15 20:31:30,V-302,Ventilateur tirage,V-302-SEN-02,accelerometre,accelerometre,g,0.4752,0.08,1.09,normal,95.7,99.0,256,GW-OPCUA-02,1.1
2026-04-15 20:31:38,V-302,Ventilateur tirage,V-302-SEN-03,thermique,thermique,°C,41.6581,5.94,79.59,normal,96.1,97.6,2000,GW-Modbus-03,1.6
2026-04-15 20:31:57,V-302,Ventilateur tirage,V-302-SEN-04,sonde_proximite,sonde_proximite,microns,57.6017,7.92,107.15,normal,94.4,97.9,2000,GW-Modbus-03,1.1
2026-04-15 20:31:26,V-302,Ventilateur tirage,V-302-SEN-05,ultrason,ultrason,dB,36.6639,5.54,74.54,normal,96.3,96.0,128,GW-MQTT-01,1.0
2026-04-15 20:31:25,V-302,Ventilateur tirage,V-302-SEN-06,courant,courant,A,102.135,15.84,211.97,normal,96.5,94.6,1000,GW-Modbus-03,0.7
2026-04-15 20:31:12,V-302,Ventilateur tirage,V-302-SEN-07,debit,debit,m3/h,69.2084,11.22,149.83,normal,97.2,94.1,2000,GW-MQTT-01,1.1
2026-04-15 20:31:28,V-302,Ventilateur tirage,V-302-SEN-08,pression,pression,bar,5.982,0.86,11.52,normal,96.8,97.7,2000,GW-Modbus-03,1.4
2026-04-15 20:31:19,M-019,Moteur électrique 400kW,M-019-SEN-01,accelerometre,accelerometre,mm/s,2.4799,0.43,5.89,normal,95.5,96.0,512,GW-MQTT-01,1.2
2026-04-15 20:31:31,M-019,Moteur électrique 400kW,M-019-SEN-02,accelerometre,accelerometre,g,0.8509,0.09,1.26,normal,93.6,95.2,256,GW-MQTT-01,1.9
2026-04-15 20:31:53,M-019,Moteur électrique 400kW,M-019-SEN-03,thermique,thermique,°C,44.6792,6.88,92.25,normal,96.3,93.9,256,GW-OPCUA-02,0.9
2026-04-15 20:31:25,M-019,Moteur électrique 400kW,M-019-SEN-04,sonde_proximite,sonde_proximite,microns,63.8584,9.18,124.2,normal,94.2,99.3,128,GW-OPCUA-02,0.5
2026-04-15 20:31:42,M-019,Moteur électrique 400kW,M-019-SEN-05,ultrason,ultrason,dB,45.0059,6.43,86.4,normal,97.1,94.1,2000,GW-MQTT-01,1.5
2026-04-15 20:31:04,M-019,Moteur électrique 400kW,M-019-SEN-06,courant,courant,A,115.7257,18.36,245.7,normal,97.2,97.8,5000,GW-MQTT-01,1.2
2026-04-15 20:31:41,M-019,Moteur électrique 400kW,M-019-SEN-07,debit,debit,m3/h,87.0441,13.01,173.67,normal,93.6,98.3,256,GW-OPCUA-02,0.7
2026-04-15 20:31:27,M-019,Moteur électrique 400kW,M-019-SEN-08,pression,pression,bar,6.824,0.99,13.35,normal,94.9,97.9,1000,GW-Modbus-03,1.2
2026-04-15 20:31:08,R-077,Réducteur convoyeur,R-077-SEN-01,accelerometre,accelerometre,mm/s,3.729,0.49,6.7,normal,96.8,95.3,512,GW-OPCUA-02,1.2
2026-04-15 20:31:36,R-077,Réducteur convoyeur,R-077-SEN-02,accelerometre,accelerometre,g,0.6798,0.1,1.43,normal,95.6,96.9,1000,GW-MQTT-01,1.0
2026-04-15 20:31:25,R-077,Réducteur convoyeur,R-077-SEN-03,thermique,thermique,°C,52.1954,7.83,104.91,normal,93.6,97.9,5000,GW-Modbus-03,1.6
2026-04-15 20:31:50,R-077,Réducteur convoyeur,R-077-SEN-04,sonde_proximite,sonde_proximite,microns,71.3239,10.44,141.24,normal,97.6,96.4,5000,GW-OPCUA-02,1.1
2026-04-15 20:31:25,R-077,Réducteur convoyeur,R-077-SEN-05,ultrason,ultrason,dB,50.0578,7.31,98.26,normal,96.2,95.4,512,GW-OPCUA-02,1.8
2026-04-15 20:31:26,R-077,Réducteur convoyeur,R-077-SEN-06,courant,courant,A,152.7693,20.88,279.42,normal,94.1,97.2,512,GW-Modbus-03,1.0
2026-04-15 20:31:49,R-077,Réducteur convoyeur,R-077-SEN-07,debit,debit,m3/h,101.7245,14.79,197.51,normal,93.8,102.4,512,GW-OPCUA-02,1.4
2026-04-15 20:31:38,R-077,Réducteur convoyeur,R-077-SEN-08,pression,pression,bar,7.8089,1.13,15.18,normal,95.8,96.8,1000,GW-MQTT-01,1.4
2026-04-15 20:31:53,P-311,Pompe centrifuge BP,P-311-SEN-01,accelerometre,accelerometre,mm/s,3.9039,0.55,7.51,normal,93.4,96.6,512,GW-Modbus-03,1.3
2026-04-15 20:31:51,P-311,Pompe centrifuge BP,P-311-SEN-02,accelerometre,accelerometre,g,0.7041,0.12,1.61,normal,97.5,100.1,256,GW-Modbus-03,0.9
2026-04-15 20:31:00,P-311,Pompe centrifuge BP,P-311-SEN-03,thermique,thermique,°C,61.4007,8.78,117.57,normal,93.9,96.5,1000,GW-OPCUA-02,1.2
2026-04-15 20:31:12,P-311,Pompe centrifuge BP,P-311-SEN-04,sonde_proximite,sonde_proximite,microns,86.099,11.7,158.29,normal,97.3,97.7,128,GW-OPCUA-02,1.6
2026-04-15 20:31:44,P-311,Pompe centrifuge BP,P-311-SEN-05,ultrason,ultrason,dB,58.6618,8.19,110.12,normal,97.0,94.8,2000,GW-Modbus-03,1.2
2026-04-15 20:31:33,P-311,Pompe centrifuge BP,P-311-SEN-06,courant,courant,A,165.493,23.4,313.14,normal,96.1,93.7,2000,GW-OPCUA-02,1.4
2026-04-15 20:31:28,P-311,Pompe centrifuge BP,P-311-SEN-07,debit,debit,m3/h,121.9911,16.57,221.34,normal,95.7,98.4,256,GW-Modbus-03,1.2
2026-04-15 20:31:27,P-311,Pompe centrifuge BP,P-311-SEN-08,pression,pression,bar,8.7191,1.27,17.01,normal,95.8,99.4,128,GW-OPCUA-02,0.3
2026-04-15 21:51:01,P-204,Pompe centrifuge HP,P-204-SEN-01,accelerometre,accelerometre,mm/s,1.8635,0.25,3.47,normal,93.9,95.2,2000,GW-MQTT-01,0.8
2026-04-15 21:51:38,P-204,Pompe centrifuge HP,P-204-SEN-02,accelerometre,accelerometre,g,0.3058,0.05,0.74,normal,96.6,95.3,512,GW-MQTT-01,1.4
2026-04-15 21:51:07,P-204,Pompe centrifuge HP,P-204-SEN-03,thermique,thermique,°C,24.6525,4.05,54.27,normal,95.1,98.4,1000,GW-Modbus-03,1.1
2026-04-15 21:51:41,P-204,Pompe centrifuge HP,P-204-SEN-04,sonde_proximite,sonde_proximite,microns,37.5184,5.4,73.08,normal,94.6,95.6,512,GW-Modbus-03,0.9
2026-04-15 21:51:11,P-204,Pompe centrifuge HP,P-204-SEN-05,ultrason,ultrason,dB,35.2123,3.78,50.83,normal,96.1,97.1,2000,GW-OPCUA-02,1.7
2026-04-15 21:51:03,P-204,Pompe centrifuge HP,P-204-SEN-06,courant,courant,A,90.2895,10.8,144.54,normal,94.5,97.3,512,GW-Modbus-03,1.4
2026-04-15 21:51:16,P-204,Pompe centrifuge HP,P-204-SEN-07,debit,debit,m3/h,56.2281,7.65,102.16,normal,96.7,97.0,512,GW-MQTT-01,1.5
2026-04-15 21:51:16,P-204,Pompe centrifuge HP,P-204-SEN-08,pression,pression,bar,4.2888,0.58,7.85,normal,94.5,96.3,5000,GW-Modbus-03,1.5
2026-04-15 21:51:04,C-118,Compresseur à vis,C-118-SEN-01,accelerometre,accelerometre,mm/s,2.2763,0.31,4.28,normal,96.4,98.9,2000,GW-MQTT-01,0.6
2026-04-15 21:51:51,C-118,Compresseur à vis,C-118-SEN-02,accelerometre,accelerometre,g,0.3332,0.07,0.91,normal,94.8,96.6,1000,GW-MQTT-01,1.1
2026-04-15 21:51:11,C-118,Compresseur à vis,C-118-SEN-03,thermique,thermique,°C,34.7334,4.99,66.93,normal,95.8,95.0,128,GW-MQTT-01,0.6
2026-04-15 21:51:18,C-118,Compresseur à vis,C-118-SEN-04,sonde_proximite,sonde_proximite,microns,34.7992,6.66,90.13,normal,97.5,96.0,512,GW-MQTT-01,1.8
2026-04-15 21:51:12,C-118,Compresseur à vis,C-118-SEN-05,ultrason,ultrason,dB,38.1322,4.66,62.69,normal,96.9,98.0,1000,GW-OPCUA-02,1.5
2026-04-15 21:51:33,C-118,Compresseur à vis,C-118-SEN-06,courant,courant,A,83.9032,13.32,178.27,normal,95.5,98.7,128,GW-OPCUA-02,0.9
2026-04-15 21:51:29,C-118,Compresseur à vis,C-118-SEN-07,debit,debit,m3/h,59.3342,9.43,126.0,normal,95.0,98.6,5000,GW-MQTT-01,1.3
2026-04-15 21:51:30,C-118,Compresseur à vis,C-118-SEN-08,pression,pression,bar,5.3021,0.72,9.69,normal,97.5,93.4,256,GW-MQTT-01,1.1
2026-04-15 21:51:00,V-302,Ventilateur tirage,V-302-SEN-01,accelerometre,accelerometre,mm/s,2.5071,0.37,5.09,normal,95.4,99.7,1000,GW-MQTT-01,1.2
2026-04-15 21:51:55,V-302,Ventilateur tirage,V-302-SEN-02,accelerometre,accelerometre,g,0.4882,0.08,1.09,normal,95.5,97.4,2000,GW-MQTT-01,1.6
2026-04-15 21:51:49,V-302,Ventilateur tirage,V-302-SEN-03,thermique,thermique,°C,39.3302,5.94,79.6,normal,97.6,96.0,128,GW-Modbus-03,1.3
2026-04-15 21:51:23,V-302,Ventilateur tirage,V-302-SEN-04,sonde_proximite,sonde_proximite,microns,58.6077,7.92,107.18,normal,97.5,96.1,128,GW-Modbus-03,0.4
2026-04-15 21:51:13,V-302,Ventilateur tirage,V-302-SEN-05,ultrason,ultrason,dB,34.5062,5.54,74.55,normal,94.0,93.5,2000,GW-Modbus-03,0.8
2026-04-15 21:51:40,V-302,Ventilateur tirage,V-302-SEN-06,courant,courant,A,106.5876,15.84,211.99,normal,96.4,98.9,5000,GW-OPCUA-02,0.7
2026-04-15 21:51:27,V-302,Ventilateur tirage,V-302-SEN-07,debit,debit,m3/h,71.1345,11.22,149.84,normal,94.3,96.0,128,GW-MQTT-01,1.0
2026-04-15 21:51:16,V-302,Ventilateur tirage,V-302-SEN-08,pression,pression,bar,6.7049,0.86,11.52,normal,95.3,93.3,512,GW-Modbus-03,1.2
2026-04-15 21:51:10,M-019,Moteur électrique 400kW,M-019-SEN-01,accelerometre,accelerometre,mm/s,2.708,0.43,5.9,normal,97.0,102.9,1000,GW-OPCUA-02,1.7
2026-04-15 21:51:03,M-019,Moteur électrique 400kW,M-019-SEN-02,accelerometre,accelerometre,g,0.7086,0.09,1.26,normal,95.3,98.8,512,GW-OPCUA-02,2.0
2026-04-15 21:51:55,M-019,Moteur électrique 400kW,M-019-SEN-03,thermique,thermique,°C,42.5225,6.88,92.26,normal,97.7,95.5,512,GW-OPCUA-02,1.5
2026-04-15 21:51:08,M-019,Moteur électrique 400kW,M-019-SEN-04,sonde_proximite,sonde_proximite,microns,65.7362,9.18,124.24,normal,95.4,98.8,128,GW-Modbus-03,1.3
2026-04-15 21:51:14,M-019,Moteur électrique 400kW,M-019-SEN-05,ultrason,ultrason,dB,44.874,6.43,86.41,normal,95.7,95.1,256,GW-MQTT-01,1.0
2026-04-15 21:51:44,M-019,Moteur électrique 400kW,M-019-SEN-06,courant,courant,A,118.4002,18.36,245.72,normal,93.4,98.2,256,GW-MQTT-01,1.6
2026-04-15 21:51:49,M-019,Moteur électrique 400kW,M-019-SEN-07,debit,debit,m3/h,78.3722,13.01,173.68,normal,97.7,94.9,128,GW-MQTT-01,0.6
2026-04-15 21:51:32,M-019,Moteur électrique 400kW,M-019-SEN-08,pression,pression,bar,6.1728,0.99,13.35,normal,96.7,96.4,5000,GW-OPCUA-02,1.0
2026-04-15 21:51:55,R-077,Réducteur convoyeur,R-077-SEN-01,accelerometre,accelerometre,mm/s,3.1414,0.49,6.7,normal,94.7,97.1,512,GW-Modbus-03,0.6
2026-04-15 21:51:32,R-077,Réducteur convoyeur,R-077-SEN-02,accelerometre,accelerometre,g,0.7291,0.1,1.43,normal,94.0,93.6,1000,GW-MQTT-01,1.6
2026-04-15 21:51:36,R-077,Réducteur convoyeur,R-077-SEN-03,thermique,thermique,°C,51.3462,7.83,104.92,normal,93.4,93.6,2000,GW-MQTT-01,1.2
2026-04-15 21:51:18,R-077,Réducteur convoyeur,R-077-SEN-04,sonde_proximite,sonde_proximite,microns,65.1692,10.44,141.29,normal,97.7,97.1,256,GW-OPCUA-02,2.0
2026-04-15 21:51:30,R-077,Réducteur convoyeur,R-077-SEN-05,ultrason,ultrason,dB,47.1194,7.31,98.28,normal,94.9,98.6,1000,GW-MQTT-01,1.2
2026-04-15 21:51:00,R-077,Réducteur convoyeur,R-077-SEN-06,courant,courant,A,134.2763,20.88,279.44,normal,96.6,96.3,1000,GW-Modbus-03,1.2
2026-04-15 21:51:00,R-077,Réducteur convoyeur,R-077-SEN-07,debit,debit,m3/h,95.082,14.79,197.51,normal,94.6,97.0,256,GW-MQTT-01,1.6
2026-04-15 21:51:42,R-077,Réducteur convoyeur,R-077-SEN-08,pression,pression,bar,7.3362,1.13,15.18,normal,94.1,100.7,2000,GW-Modbus-03,1.3
2026-04-15 21:51:56,P-311,Pompe centrifuge BP,P-311-SEN-01,accelerometre,accelerometre,mm/s,3.342,0.55,7.51,normal,94.7,93.2,1000,GW-Modbus-03,1.8
2026-04-15 21:51:36,P-311,Pompe centrifuge BP,P-311-SEN-02,accelerometre,accelerometre,g,0.843,0.12,1.61,normal,95.0,94.7,1000,GW-OPCUA-02,1.1
2026-04-15 21:51:49,P-311,Pompe centrifuge BP,P-311-SEN-03,thermique,thermique,°C,57.4352,8.78,117.58,normal,97.0,96.9,2000,GW-MQTT-01,1.2
2026-04-15 21:51:37,P-311,Pompe centrifuge BP,P-311-SEN-04,sonde_proximite,sonde_proximite,microns,70.8937,11.7,158.34,normal,94.5,98.0,512,GW-MQTT-01,0.4
2026-04-15 21:51:44,P-311,Pompe centrifuge BP,P-311-SEN-05,ultrason,ultrason,dB,49.609,8.19,110.14,normal,94.9,96.7,1000,GW-Modbus-03,1.0
2026-04-15 21:51:21,P-311,Pompe centrifuge BP,P-311-SEN-06,courant,courant,A,160.5227,23.4,313.17,normal,93.7,96.6,128,GW-MQTT-01,1.4
2026-04-15 21:51:17,P-311,Pompe centrifuge BP,P-311-SEN-07,debit,debit,m3/h,104.8369,16.57,221.35,normal,93.7,97.7,1000,GW-Modbus-03,1.8
2026-04-15 21:51:47,P-311,Pompe centrifuge BP,P-311-SEN-08,pression,pression,bar,8.9497,1.27,17.02,normal,95.7,95.3,256,GW-MQTT-01,1.4
2026-04-15 22:41:20,P-204,Pompe centrifuge HP,P-204-SEN-01,accelerometre,accelerometre,mm/s,1.6856,0.25,3.47,normal,93.2,96.8,128,GW-Modbus-03,1.0
2026-04-15 22:41:13,P-204,Pompe centrifuge HP,P-204-SEN-02,accelerometre,accelerometre,g,0.3021,0.05,0.74,normal,97.6,97.4,256,GW-MQTT-01,1.5
2026-04-15 22:41:40,P-204,Pompe centrifuge HP,P-204-SEN-03,thermique,thermique,°C,24.9679,4.05,54.28,normal,94.9,96.2,256,GW-Modbus-03,0.9
2026-04-15 22:41:24,P-204,Pompe centrifuge HP,P-204-SEN-04,sonde_proximite,sonde_proximite,microns,42.4052,5.4,73.1,normal,96.6,96.3,2000,GW-Modbus-03,1.1
2026-04-15 22:41:34,P-204,Pompe centrifuge HP,P-204-SEN-05,ultrason,ultrason,dB,21.7739,3.78,50.84,normal,96.1,97.0,128,GW-OPCUA-02,1.1
2026-04-15 22:41:23,P-204,Pompe centrifuge HP,P-204-SEN-06,courant,courant,A,77.8848,10.8,144.55,normal,97.7,97.8,512,GW-OPCUA-02,0.9
2026-04-15 22:41:43,P-204,Pompe centrifuge HP,P-204-SEN-07,debit,debit,m3/h,49.9235,7.65,102.17,normal,96.6,97.0,128,GW-Modbus-03,1.4
2026-04-15 22:41:42,P-204,Pompe centrifuge HP,P-204-SEN-08,pression,pression,bar,4.0864,0.58,7.86,normal,95.3,98.1,512,GW-Modbus-03,1.2
2026-04-15 22:41:36,C-118,Compresseur à vis,C-118-SEN-01,accelerometre,accelerometre,mm/s,2.1774,0.31,4.28,normal,97.0,97.0,5000,GW-Modbus-03,0.8
2026-04-15 22:41:19,C-118,Compresseur à vis,C-118-SEN-02,accelerometre,accelerometre,g,0.531,0.07,0.92,normal,95.5,100.0,512,GW-OPCUA-02,1.6
2026-04-15 22:41:21,C-118,Compresseur à vis,C-118-SEN-03,thermique,thermique,°C,35.8839,4.99,66.94,normal,95.6,93.1,1000,GW-OPCUA-02,0.9
2026-04-15 22:41:34,C-118,Compresseur à vis,C-118-SEN-04,sonde_proximite,sonde_proximite,microns,50.3304,6.66,90.16,normal,96.6,95.8,512,GW-OPCUA-02,1.2
2026-04-15 22:41:50,C-118,Compresseur à vis,C-118-SEN-05,ultrason,ultrason,dB,31.1797,4.66,62.7,normal,94.5,96.1,1000,GW-OPCUA-02,1.2
2026-04-15 22:41:21,C-118,Compresseur à vis,C-118-SEN-06,courant,courant,A,92.47,13.32,178.28,normal,94.0,98.0,256,GW-OPCUA-02,0.2
2026-04-15 22:41:36,C-118,Compresseur à vis,C-118-SEN-07,debit,debit,m3/h,54.8091,9.43,126.0,normal,96.4,97.2,512,GW-Modbus-03,0.9
2026-04-15 22:41:51,C-118,Compresseur à vis,C-118-SEN-08,pression,pression,bar,4.9579,0.72,9.69,normal,93.6,97.3,2000,GW-Modbus-03,0.9
2026-04-15 22:41:12,V-302,Ventilateur tirage,V-302-SEN-01,accelerometre,accelerometre,mm/s,2.5079,0.37,5.09,normal,94.1,96.7,1000,GW-MQTT-01,1.1
2026-04-15 22:41:04,V-302,Ventilateur tirage,V-302-SEN-02,accelerometre,accelerometre,g,0.4933,0.08,1.09,normal,93.3,95.0,1000,GW-Modbus-03,1.7
2026-04-15 22:41:29,V-302,Ventilateur tirage,V-302-SEN-03,thermique,thermique,°C,40.308,5.94,79.6,normal,94.2,93.7,2000,GW-Modbus-03,1.1
2026-04-15 22:41:26,V-302,Ventilateur tirage,V-302-SEN-04,sonde_proximite,sonde_proximite,microns,69.448,7.92,107.22,normal,94.6,97.7,256,GW-MQTT-01,1.1
2026-04-15 22:41:54,V-302,Ventilateur tirage,V-302-SEN-05,ultrason,ultrason,dB,40.2196,5.54,74.57,normal,96.1,98.0,1000,GW-OPCUA-02,2.0
2026-04-15 22:41:37,V-302,Ventilateur tirage,V-302-SEN-06,courant,courant,A,105.824,15.84,212.01,normal,96.5,94.6,5000,GW-OPCUA-02,1.0
2026-04-15 22:41:00,V-302,Ventilateur tirage,V-302-SEN-07,debit,debit,m3/h,71.6987,11.22,149.84,normal,94.6,96.8,512,GW-Modbus-03,1.5
2026-04-15 22:41:30,V-302,Ventilateur tirage,V-302-SEN-08,pression,pression,bar,5.941,0.86,11.52,normal,96.6,96.4,256,GW-MQTT-01,1.4
2026-04-15 22:41:26,M-019,Moteur électrique 400kW,M-019-SEN-01,accelerometre,accelerometre,mm/s,3.1201,0.43,5.9,normal,93.6,90.0,128,GW-MQTT-01,1.0
2026-04-15 22:41:43,M-019,Moteur électrique 400kW,M-019-SEN-02,accelerometre,accelerometre,g,0.6884,0.09,1.26,normal,94.3,94.3,5000,GW-OPCUA-02,0.8
2026-04-15 22:41:49,M-019,Moteur électrique 400kW,M-019-SEN-03,thermique,thermique,°C,44.86,6.88,92.27,normal,95.0,100.2,256,GW-Modbus-03,-0.0
2026-04-15 22:41:26,M-019,Moteur électrique 400kW,M-019-SEN-04,sonde_proximite,sonde_proximite,microns,67.2307,9.18,124.28,normal,94.8,98.0,512,GW-OPCUA-02,1.3
2026-04-15 22:41:20,M-019,Moteur électrique 400kW,M-019-SEN-05,ultrason,ultrason,dB,43.6205,6.43,86.43,normal,93.7,98.6,5000,GW-MQTT-01,1.9
2026-04-15 22:41:39,M-019,Moteur électrique 400kW,M-019-SEN-06,courant,courant,A,129.7965,18.36,245.74,normal,94.5,99.1,128,GW-MQTT-01,1.0
2026-04-15 22:41:29,M-019,Moteur électrique 400kW,M-019-SEN-07,debit,debit,m3/h,83.4435,13.01,173.68,normal,93.6,96.1,128,GW-MQTT-01,1.3
2026-04-15 22:41:28,M-019,Moteur électrique 400kW,M-019-SEN-08,pression,pression,bar,6.9555,0.99,13.35,normal,95.8,99.6,1000,GW-OPCUA-02,1.0
2026-04-15 22:41:06,R-077,Réducteur convoyeur,R-077-SEN-01,accelerometre,accelerometre,mm/s,3.6573,0.49,6.71,normal,93.5,94.3,128,GW-OPCUA-02,1.7
2026-04-15 22:41:51,R-077,Réducteur convoyeur,R-077-SEN-02,accelerometre,accelerometre,g,0.7421,0.1,1.43,normal,93.9,94.9,1000,GW-OPCUA-02,1.4
2026-04-15 22:41:27,R-077,Réducteur convoyeur,R-077-SEN-03,thermique,thermique,°C,50.711,7.83,104.93,normal,97.2,98.3,1000,GW-MQTT-01,1.3
2026-04-15 22:41:48,R-077,Réducteur convoyeur,R-077-SEN-04,sonde_proximite,sonde_proximite,microns,57.3279,10.44,141.33,normal,93.2,94.8,2000,GW-OPCUA-02,1.5
2026-04-15 22:41:09,R-077,Réducteur convoyeur,R-077-SEN-05,ultrason,ultrason,dB,54.2082,7.31,98.29,normal,95.2,100.4,512,GW-OPCUA-02,1.1
2026-04-15 22:41:24,R-077,Réducteur convoyeur,R-077-SEN-06,courant,courant,A,139.584,20.88,279.47,normal,96.7,92.9,512,GW-Modbus-03,1.3
2026-04-15 22:41:30,R-077,Réducteur convoyeur,R-077-SEN-07,debit,debit,m3/h,99.4938,14.79,197.52,normal,95.5,98.5,512,GW-OPCUA-02,1.3
2026-04-15 22:41:03,R-077,Réducteur convoyeur,R-077-SEN-08,pression,pression,bar,8.1131,1.13,15.19,normal,94.5,97.0,128,GW-MQTT-01,1.6
2026-04-15 22:41:46,P-311,Pompe centrifuge BP,P-311-SEN-01,accelerometre,accelerometre,mm/s,3.4693,0.55,7.52,normal,96.3,98.7,128,GW-Modbus-03,1.1
2026-04-15 22:41:45,P-311,Pompe centrifuge BP,P-311-SEN-02,accelerometre,accelerometre,g,0.8203,0.12,1.61,normal,96.4,99.1,128,GW-MQTT-01,1.7
2026-04-15 22:41:39,P-311,Pompe centrifuge BP,P-311-SEN-03,thermique,thermique,°C,58.3839,8.78,117.6,normal,95.1,98.1,128,GW-Modbus-03,1.0
2026-04-15 22:41:38,P-311,Pompe centrifuge BP,P-311-SEN-04,sonde_proximite,sonde_proximite,microns,73.671,11.7,158.39,normal,95.3,100.8,2000,GW-OPCUA-02,1.0
2026-04-15 22:41:45,P-311,Pompe centrifuge BP,P-311-SEN-05,ultrason,ultrason,dB,54.4454,8.19,110.16,normal,96.4,97.5,1000,GW-OPCUA-02,1.8
2026-04-15 22:41:22,P-311,Pompe centrifuge BP,P-311-SEN-06,courant,courant,A,169.4797,23.4,313.2,normal,95.6,100.2,512,GW-MQTT-01,1.4
2026-04-15 22:41:58,P-311,Pompe centrifuge BP,P-311-SEN-07,debit,debit,m3/h,110.0888,16.57,221.36,normal,93.1,95.0,512,GW-OPCUA-02,1.2
2026-04-15 22:41:10,P-311,Pompe centrifuge BP,P-311-SEN-08,pression,pression,bar,8.7972,1.27,17.02,normal,94.3,102.2,2000,GW-MQTT-01,1.4
2026-04-15 23:01:39,P-204,Pompe centrifuge HP,P-204-SEN-01,accelerometre,accelerometre,mm/s,1.562,0.25,3.47,normal,94.7,95.4,128,GW-MQTT-01,1.3
2026-04-15 23:01:24,P-204,Pompe centrifuge HP,P-204-SEN-02,accelerometre,accelerometre,g,0.5643,0.05,0.74,normal,93.2,96.8,2000,GW-OPCUA-02,1.2
2026-04-15 23:01:52,P-204,Pompe centrifuge HP,P-204-SEN-03,thermique,thermique,°C,28.7051,4.05,54.28,normal,94.3,100.0,1000,GW-Modbus-03,1.3
2026-04-15 23:01:33,P-204,Pompe centrifuge HP,P-204-SEN-04,sonde_proximite,sonde_proximite,microns,26.2937,5.4,73.13,normal,95.0,95.9,1000,GW-OPCUA-02,1.4
2026-04-15 23:01:48,P-204,Pompe centrifuge HP,P-204-SEN-05,ultrason,ultrason,dB,27.9512,3.78,50.85,normal,93.7,99.0,128,GW-Modbus-03,0.9
2026-04-15 23:01:21,P-204,Pompe centrifuge HP,P-204-SEN-06,courant,courant,A,62.2312,10.8,144.56,normal,96.7,95.3,512,GW-Modbus-03,1.6
2026-04-15 23:01:36,P-204,Pompe centrifuge HP,P-204-SEN-07,debit,debit,m3/h,53.9676,7.65,102.17,normal,94.6,96.2,128,GW-OPCUA-02,1.4
2026-04-15 23:01:26,P-204,Pompe centrifuge HP,P-204-SEN-08,pression,pression,bar,3.9877,0.58,7.86,normal,96.8,97.1,5000,GW-OPCUA-02,1.3
2026-04-15 23:01:44,C-118,Compresseur à vis,C-118-SEN-01,accelerometre,accelerometre,mm/s,1.6913,0.31,4.28,normal,94.6,96.1,2000,GW-Modbus-03,1.6
2026-04-15 23:01:39,C-118,Compresseur à vis,C-118-SEN-02,accelerometre,accelerometre,g,0.5723,0.07,0.92,normal,93.5,98.3,512,GW-OPCUA-02,1.3
2026-04-15 23:01:08,C-118,Compresseur à vis,C-118-SEN-03,thermique,thermique,°C,32.0104,4.99,66.95,normal,96.0,97.8,256,GW-MQTT-01,1.0
2026-04-15 23:01:59,C-118,Compresseur à vis,C-118-SEN-04,sonde_proximite,sonde_proximite,microns,36.0657,6.66,90.19,normal,94.6,96.5,2000,GW-MQTT-01,1.1
2026-04-15 23:01:00,C-118,Compresseur à vis,C-118-SEN-05,ultrason,ultrason,dB,27.8124,4.66,62.72,normal,94.5,98.5,1000,GW-Modbus-03,2.2
2026-04-15 23:01:49,C-118,Compresseur à vis,C-118-SEN-06,courant,courant,A,85.693,13.32,178.3,normal,95.8,97.2,2000,GW-OPCUA-02,1.2
2026-04-15 23:01:40,C-118,Compresseur à vis,C-118-SEN-07,debit,debit,m3/h,65.7547,9.43,126.01,normal,97.0,99.1,2000,GW-MQTT-01,1.2
2026-04-15 23:01:42,C-118,Compresseur à vis,C-118-SEN-08,pression,pression,bar,4.8089,0.72,9.69,normal,94.4,100.0,256,GW-OPCUA-02,1.2
2026-04-15 23:01:43,V-302,Ventilateur tirage,V-302-SEN-01,accelerometre,accelerometre,mm/s,2.3812,0.37,5.09,normal,95.4,101.1,2000,GW-Modbus-03,0.9
2026-04-15 23:01:34,V-302,Ventilateur tirage,V-302-SEN-02,accelerometre,accelerometre,g,0.534,0.08,1.09,normal,93.6,95.7,2000,GW-Modbus-03,1.6
2026-04-15 23:01:00,V-302,Ventilateur tirage,V-302-SEN-03,thermique,thermique,°C,40.511,5.94,79.61,normal,93.5,92.9,256,GW-Modbus-03,1.4
2026-04-15 23:01:38,V-302,Ventilateur tirage,V-302-SEN-04,sonde_proximite,sonde_proximite,microns,53.9446,7.92,107.25,normal,93.3,94.1,2000,GW-OPCUA-02,1.1
2026-04-15 23:01:29,V-302,Ventilateur tirage,V-302-SEN-05,ultrason,ultrason,dB,35.2946,5.54,74.58,normal,95.9,99.5,2000,GW-Modbus-03,0.7
2026-04-15 23:01:14,V-302,Ventilateur tirage,V-302-SEN-06,courant,courant,A,110.102,15.84,212.03,normal,93.0,95.7,1000,GW-OPCUA-02,0.9
2026-04-15 23:01:23,V-302,Ventilateur tirage,V-302-SEN-07,debit,debit,m3/h,82.993,11.22,149.85,normal,94.9,97.2,5000,GW-Modbus-03,1.2
2026-04-15 23:01:05,V-302,Ventilateur tirage,V-302-SEN-08,pression,pression,bar,5.622,0.86,11.52,normal,94.3,95.5,256,GW-OPCUA-02,1.5
2026-04-15 23:01:39,M-019,Moteur électrique 400kW,M-019-SEN-01,accelerometre,accelerometre,mm/s,2.7062,0.43,5.9,normal,94.5,97.6,2000,GW-Modbus-03,0.9
2026-04-15 23:01:24,M-019,Moteur électrique 400kW,M-019-SEN-02,accelerometre,accelerometre,g,0.6011,0.09,1.26,normal,93.6,95.8,1000,GW-MQTT-01,1.3
2026-04-15 23:01:17,M-019,Moteur électrique 400kW,M-019-SEN-03,thermique,thermique,°C,46.2596,6.88,92.28,normal,96.0,95.6,128,GW-OPCUA-02,1.7
2026-04-15 23:01:40,M-019,Moteur électrique 400kW,M-019-SEN-04,sonde_proximite,sonde_proximite,microns,58.1612,9.18,124.32,normal,93.9,97.9,256,GW-OPCUA-02,1.3
2026-04-15 23:01:41,M-019,Moteur électrique 400kW,M-019-SEN-05,ultrason,ultrason,dB,38.0595,6.43,86.45,normal,93.6,98.3,1000,GW-OPCUA-02,1.6
2026-04-15 23:01:48,M-019,Moteur électrique 400kW,M-019-SEN-06,courant,courant,A,118.3746,18.36,245.76,normal,94.9,99.9,256,GW-MQTT-01,1.4
2026-04-15 23:01:24,M-019,Moteur électrique 400kW,M-019-SEN-07,debit,debit,m3/h,81.1837,13.01,173.69,normal,95.1,98.9,5000,GW-MQTT-01,1.4
2026-04-15 23:01:32,M-019,Moteur électrique 400kW,M-019-SEN-08,pression,pression,bar,6.7628,0.99,13.36,normal,96.0,98.4,2000,GW-OPCUA-02,0.9
2026-04-15 23:01:32,R-077,Réducteur convoyeur,R-077-SEN-01,accelerometre,accelerometre,mm/s,3.441,0.49,6.71,normal,95.9,100.5,1000,GW-Modbus-03,0.9
2026-04-15 23:01:17,R-077,Réducteur convoyeur,R-077-SEN-02,accelerometre,accelerometre,g,0.6249,0.1,1.44,normal,95.5,95.9,1000,GW-Modbus-03,1.4
2026-04-15 23:01:57,R-077,Réducteur convoyeur,R-077-SEN-03,thermique,thermique,°C,48.8866,7.83,104.95,normal,93.2,97.2,5000,GW-OPCUA-02,1.2
2026-04-15 23:01:29,R-077,Réducteur convoyeur,R-077-SEN-04,sonde_proximite,sonde_proximite,microns,81.7245,10.44,141.38,normal,97.1,100.2,256,GW-OPCUA-02,1.0
2026-04-15 23:01:58,R-077,Réducteur convoyeur,R-077-SEN-05,ultrason,ultrason,dB,51.8929,7.31,98.31,normal,93.9,95.4,1000,GW-OPCUA-02,1.0
2026-04-15 23:01:10,R-077,Réducteur convoyeur,R-077-SEN-06,courant,courant,A,152.4382,20.88,279.49,normal,94.6,99.6,256,GW-MQTT-01,0.5
2026-04-15 23:01:38,R-077,Réducteur convoyeur,R-077-SEN-07,debit,debit,m3/h,99.9019,14.79,197.53,normal,93.3,94.0,5000,GW-MQTT-01,1.7
2026-04-15 23:01:57,R-077,Réducteur convoyeur,R-077-SEN-08,pression,pression,bar,8.1266,1.13,15.19,normal,96.2,97.2,256,GW-OPCUA-02,1.6
2026-04-15 23:01:48,P-311,Pompe centrifuge BP,P-311-SEN-01,accelerometre,accelerometre,mm/s,3.7855,0.55,7.52,normal,94.9,95.5,256,GW-OPCUA-02,2.0
2026-04-15 23:01:32,P-311,Pompe centrifuge BP,P-311-SEN-02,accelerometre,accelerometre,g,0.7456,0.12,1.61,normal,97.6,95.1,2000,GW-Modbus-03,0.6
2026-04-15 23:01:30,P-311,Pompe centrifuge BP,P-311-SEN-03,thermique,thermique,°C,59.6096,8.78,117.61,normal,97.1,96.2,512,GW-MQTT-01,1.8
2026-04-15 23:01:54,P-311,Pompe centrifuge BP,P-311-SEN-04,sonde_proximite,sonde_proximite,microns,70.5179,11.7,158.44,normal,95.8,97.2,256,GW-MQTT-01,1.2
2026-04-15 23:01:35,P-311,Pompe centrifuge BP,P-311-SEN-05,ultrason,ultrason,dB,61.6612,8.19,110.18,normal,96.9,96.0,256,GW-MQTT-01,1.3
2026-04-15 23:01:11,P-311,Pompe centrifuge BP,P-311-SEN-06,courant,courant,A,148.0011,23.4,313.22,normal,94.7,97.6,1000,GW-MQTT-01,1.6
2026-04-15 23:01:26,P-311,Pompe centrifuge BP,P-311-SEN-07,debit,debit,m3/h,113.1624,16.57,221.37,normal,95.4,95.8,512,GW-MQTT-01,1.2
2026-04-15 23:01:08,P-311,Pompe centrifuge BP,P-311-SEN-08,pression,pression,bar,8.5583,1.27,17.02,normal,97.3,99.5,2000,GW-Modbus-03,0.9
2026-04-16 00:50:22,P-204,Pompe centrifuge HP,P-204-SEN-01,accelerometre,accelerometre,mm/s,1.9621,0.25,3.48,normal,95.2,98.9,512,GW-OPCUA-02,1.1
2026-04-16 00:50:40,P-204,Pompe centrifuge HP,P-204-SEN-02,accelerometre,accelerometre,g,0.3419,0.05,0.74,normal,93.3,98.1,512,GW-OPCUA-02,1.3
2026-04-16 00:50:45,P-204,Pompe centrifuge HP,P-204-SEN-03,thermique,thermique,°C,26.5539,4.05,54.29,normal,93.3,94.7,5000,GW-OPCUA-02,0.7
2026-04-16 00:50:48,P-204,Pompe centrifuge HP,P-204-SEN-04,sonde_proximite,sonde_proximite,microns,34.0367,5.4,73.15,normal,93.5,95.0,256,GW-OPCUA-02,1.6
2026-04-16 00:50:07,P-204,Pompe centrifuge HP,P-204-SEN-05,ultrason,ultrason,dB,32.353,3.78,50.86,normal,92.9,98.5,5000,GW-Modbus-03,1.0
2026-04-16 00:50:49,P-204,Pompe centrifuge HP,P-204-SEN-06,courant,courant,A,74.0483,10.8,144.58,normal,95.4,94.8,1000,GW-Modbus-03,1.0
2026-04-16 00:50:41,P-204,Pompe centrifuge HP,P-204-SEN-07,debit,debit,m3/h,42.8349,7.65,102.17,normal,95.5,100.9,512,GW-MQTT-01,1.3
2026-04-16 00:50:46,P-204,Pompe centrifuge HP,P-204-SEN-08,pression,pression,bar,4.0451,0.58,7.86,normal,95.6,95.4,1000,GW-Modbus-03,0.6
2026-04-16 00:50:18,C-118,Compresseur à vis,C-118-SEN-01,accelerometre,accelerometre,mm/s,2.2918,0.31,4.29,normal,94.6,98.0,5000,GW-MQTT-01,1.0
2026-04-16 00:50:33,C-118,Compresseur à vis,C-118-SEN-02,accelerometre,accelerometre,g,0.4976,0.07,0.92,normal,96.1,95.7,2000,GW-MQTT-01,1.4
2026-04-16 00:50:33,C-118,Compresseur à vis,C-118-SEN-03,thermique,thermique,°C,33.4737,4.99,66.96,normal,93.8,99.6,512,GW-Modbus-03,1.2
2026-04-16 00:50:03,C-118,Compresseur à vis,C-118-SEN-04,sonde_proximite,sonde_proximite,microns,65.9834,6.66,90.22,normal,94.8,99.0,512,GW-Modbus-03,1.6
2026-04-16 00:50:22,C-118,Compresseur à vis,C-118-SEN-05,ultrason,ultrason,dB,35.5045,4.66,62.73,normal,93.2,95.2,256,GW-OPCUA-02,1.1
2026-04-16 00:50:54,C-118,Compresseur à vis,C-118-SEN-06,courant,courant,A,93.8646,13.32,178.31,normal,94.1,99.9,256,GW-MQTT-01,1.3
2026-04-16 00:50:21,C-118,Compresseur à vis,C-118-SEN-07,debit,debit,m3/h,60.4878,9.43,126.01,normal,95.4,98.6,512,GW-OPCUA-02,1.3
2026-04-16 00:50:07,C-118,Compresseur à vis,C-118-SEN-08,pression,pression,bar,4.5529,0.72,9.69,normal,95.5,96.1,128,GW-MQTT-01,1.6
2026-04-16 00:50:54,V-302,Ventilateur tirage,V-302-SEN-01,accelerometre,accelerometre,mm/s,2.4159,0.37,5.1,normal,94.8,96.1,2000,GW-MQTT-01,0.7
2026-04-16 00:50:38,V-302,Ventilateur tirage,V-302-SEN-02,accelerometre,accelerometre,g,0.5497,0.08,1.09,normal,97.0,95.2,512,GW-MQTT-01,1.5
2026-04-16 00:50:49,V-302,Ventilateur tirage,V-302-SEN-03,thermique,thermique,°C,35.5537,5.94,79.62,normal,94.9,97.3,2000,GW-OPCUA-02,1.3
2026-04-16 00:50:04,V-302,Ventilateur tirage,V-302-SEN-04,sonde_proximite,sonde_proximite,microns,57.2338,7.92,107.29,normal,95.8,94.1,2000,GW-Modbus-03,1.2
2026-04-16 00:50:08,V-302,Ventilateur tirage,V-302-SEN-05,ultrason,ultrason,dB,32.084,5.54,74.6,normal,96.3,96.9,1000,GW-MQTT-01,0.8
2026-04-16 00:50:55,V-302,Ventilateur tirage,V-302-SEN-06,courant,courant,A,96.2228,15.84,212.04,normal,97.0,100.0,256,GW-Modbus-03,2.0
2026-04-16 00:50:29,V-302,Ventilateur tirage,V-302-SEN-07,debit,debit,m3/h,67.289,11.22,149.85,normal,96.6,98.0,5000,GW-OPCUA-02,1.6
2026-04-16 00:50:31,V-302,Ventilateur tirage,V-302-SEN-08,pression,pression,bar,5.6679,0.86,11.52,normal,95.7,97.9,2000,GW-MQTT-01,1.1
2026-04-16 00:50:00,M-019,Moteur électrique 400kW,M-019-SEN-01,accelerometre,accelerometre,mm/s,3.0999,0.43,5.91,normal,93.2,100.1,512,GW-OPCUA-02,0.9
2026-04-16 00:50:15,M-019,Moteur électrique 400kW,M-019-SEN-02,accelerometre,accelerometre,g,0.6975,0.09,1.26,normal,92.9,95.7,256,GW-MQTT-01,0.5
2026-04-16 00:50:27,M-019,Moteur électrique 400kW,M-019-SEN-03,thermique,thermique,°C,47.2431,6.88,92.29,normal,96.2,95.9,2000,GW-Modbus-03,1.3
2026-04-16 00:50:19,M-019,Moteur électrique 400kW,M-019-SEN-04,sonde_proximite,sonde_proximite,microns,68.1985,9.18,124.36,normal,94.4,95.5,1000,GW-Modbus-03,1.1
2026-04-16 00:50:12,M-019,Moteur électrique 400kW,M-019-SEN-05,ultrason,ultrason,dB,38.4157,6.43,86.46,normal,94.9,98.0,1000,GW-MQTT-01,1.2
2026-04-16 00:50:48,M-019,Moteur électrique 400kW,M-019-SEN-06,courant,courant,A,102.1763,18.36,245.78,normal,92.8,99.3,2000,GW-Modbus-03,1.5
2026-04-16 00:50:01,M-019,Moteur électrique 400kW,M-019-SEN-07,debit,debit,m3/h,85.9116,13.01,173.69,normal,92.9,97.4,2000,GW-OPCUA-02,0.8
2026-04-16 00:50:54,M-019,Moteur électrique 400kW,M-019-SEN-08,pression,pression,bar,6.6271,0.99,13.36,normal,95.9,97.9,512,GW-Modbus-03,0.9
2026-04-16 00:50:00,R-077,Réducteur convoyeur,R-077-SEN-01,accelerometre,accelerometre,mm/s,3.2758,0.49,6.72,normal,95.3,95.3,512,GW-MQTT-01,1.8
2026-04-16 00:50:43,R-077,Réducteur convoyeur,R-077-SEN-02,accelerometre,accelerometre,g,0.7304,0.1,1.44,normal,94.8,97.0,256,GW-MQTT-01,1.1
2026-04-16 00:50:13,R-077,Réducteur convoyeur,R-077-SEN-03,thermique,thermique,°C,50.177,7.83,104.96,normal,94.7,95.7,256,GW-MQTT-01,1.1
2026-04-16 00:50:10,R-077,Réducteur convoyeur,R-077-SEN-04,sonde_proximite,sonde_proximite,microns,70.3486,10.44,141.43,normal,97.2,95.9,2000,GW-OPCUA-02,1.2
2026-04-16 00:50:32,R-077,Réducteur convoyeur,R-077-SEN-05,ultrason,ultrason,dB,49.0605,7.31,98.33,normal,95.3,99.5,128,GW-MQTT-01,1.2
2026-04-16 00:50:47,R-077,Réducteur convoyeur,R-077-SEN-06,courant,courant,A,133.033,20.88,279.51,normal,97.3,95.3,1000,GW-OPCUA-02,1.0
2026-04-16 00:50:54,R-077,Réducteur convoyeur,R-077-SEN-07,debit,debit,m3/h,97.9272,14.79,197.53,normal,95.4,94.1,2000,GW-MQTT-01,0.6
2026-04-16 00:50:37,R-077,Réducteur convoyeur,R-077-SEN-08,pression,pression,bar,7.2409,1.13,15.19,normal,93.7,95.1,128,GW-MQTT-01,1.3
2026-04-16 00:50:52,P-311,Pompe centrifuge BP,P-311-SEN-01,accelerometre,accelerometre,mm/s,4.0089,0.55,7.53,normal,95.1,95.0,2000,GW-Modbus-03,0.8
2026-04-16 00:50:37,P-311,Pompe centrifuge BP,P-311-SEN-02,accelerometre,accelerometre,g,0.6342,0.12,1.61,normal,94.4,97.7,2000,GW-OPCUA-02,0.9
2026-04-16 00:50:01,P-311,Pompe centrifuge BP,P-311-SEN-03,thermique,thermique,°C,59.8087,8.78,117.62,normal,94.1,94.3,256,GW-MQTT-01,1.2
2026-04-16 00:50:09,P-311,Pompe centrifuge BP,P-311-SEN-04,sonde_proximite,sonde_proximite,microns,73.7695,11.7,158.5,normal,97.4,96.8,5000,GW-Modbus-03,0.5
2026-04-16 00:50:01,P-311,Pompe centrifuge BP,P-311-SEN-05,ultrason,ultrason,dB,57.4833,8.19,110.2,normal,94.3,98.1,2000,GW-MQTT-01,1.5
2026-04-16 00:50:24,P-311,Pompe centrifuge BP,P-311-SEN-06,courant,courant,A,150.9774,23.4,313.25,normal,93.9,97.8,128,GW-Modbus-03,1.8
2026-04-16 00:50:14,P-311,Pompe centrifuge BP,P-311-SEN-07,debit,debit,m3/h,108.6665,16.57,221.37,normal,94.7,97.3,512,GW-Modbus-03,1.4
2026-04-16 00:50:17,P-311,Pompe centrifuge BP,P-311-SEN-08,pression,pression,bar,8.2394,1.27,17.02,normal,97.3,93.0,5000,GW-Modbus-03,2.0
2026-04-16 01:13:39,P-204,Pompe centrifuge HP,P-204-SEN-01,accelerometre,accelerometre,mm/s,1.7519,0.25,3.48,normal,93.7,96.6,5000,GW-Modbus-03,1.1
2026-04-16 01:13:10,P-204,Pompe centrifuge HP,P-204-SEN-02,accelerometre,accelerometre,g,0.361,0.05,0.74,normal,92.7,98.1,5000,GW-Modbus-03,1.3
2026-04-16 01:13:45,P-204,Pompe centrifuge HP,P-204-SEN-03,thermique,thermique,°C,27.6432,4.05,54.29,normal,93.2,97.7,1000,GW-MQTT-01,0.5
2026-04-16 01:13:02,P-204,Pompe centrifuge HP,P-204-SEN-04,sonde_proximite,sonde_proximite,microns,33.5033,5.4,73.18,normal,95.1,94.2,256,GW-Modbus-03,1.5
2026-04-16 01:13:26,P-204,Pompe centrifuge HP,P-204-SEN-05,ultrason,ultrason,dB,20.5079,3.78,50.87,normal,94.8,95.2,512,GW-OPCUA-02,0.9
2026-04-16 01:13:26,P-204,Pompe centrifuge HP,P-204-SEN-06,courant,courant,A,75.0398,10.8,144.59,normal,94.7,98.7,512,GW-OPCUA-02,0.9
2026-04-16 01:13:31,P-204,Pompe centrifuge HP,P-204-SEN-07,debit,debit,m3/h,53.8516,7.65,102.18,normal,96.2,90.9,128,GW-Modbus-03,1.0
2026-04-16 01:13:09,P-204,Pompe centrifuge HP,P-204-SEN-08,pression,pression,bar,4.4906,0.58,7.86,normal,96.3,97.6,1000,GW-MQTT-01,1.1
2026-04-16 01:13:20,C-118,Compresseur à vis,C-118-SEN-01,accelerometre,accelerometre,mm/s,2.3004,0.31,4.29,normal,96.3,98.4,2000,GW-MQTT-01,1.3
2026-04-16 01:13:46,C-118,Compresseur à vis,C-118-SEN-02,accelerometre,accelerometre,g,0.4108,0.07,0.92,normal,93.4,93.5,128,GW-MQTT-01,0.8
2026-04-16 01:13:42,C-118,Compresseur à vis,C-118-SEN-03,thermique,thermique,°C,37.3552,4.99,66.96,normal,93.9,97.2,256,GW-OPCUA-02,1.2
2026-04-16 01:13:04,C-118,Compresseur à vis,C-118-SEN-04,sonde_proximite,sonde_proximite,microns,40.9417,6.66,90.25,normal,92.8,98.4,2000,GW-MQTT-01,0.8
2026-04-16 01:13:36,C-118,Compresseur à vis,C-118-SEN-05,ultrason,ultrason,dB,31.6647,4.66,62.74,normal,95.4,94.9,256,GW-Modbus-03,1.3
2026-04-16 01:13:22,C-118,Compresseur à vis,C-118-SEN-06,courant,courant,A,82.2168,13.32,178.33,normal,96.0,96.2,5000,GW-OPCUA-02,1.1
2026-04-16 01:13:14,C-118,Compresseur à vis,C-118-SEN-07,debit,debit,m3/h,60.2921,9.43,126.02,normal,97.4,95.1,5000,GW-Modbus-03,0.9
2026-04-16 01:13:41,C-118,Compresseur à vis,C-118-SEN-08,pression,pression,bar,4.7925,0.72,9.69,normal,93.7,101.1,5000,GW-MQTT-01,1.0
2026-04-16 01:13:06,V-302,Ventilateur tirage,V-302-SEN-01,accelerometre,accelerometre,mm/s,3.0814,0.37,5.1,normal,93.7,96.3,5000,GW-OPCUA-02,1.7
2026-04-16 01:13:36,V-302,Ventilateur tirage,V-302-SEN-02,accelerometre,accelerometre,g,0.5777,0.08,1.09,normal,93.8,100.3,128,GW-OPCUA-02,1.2
2026-04-16 01:13:34,V-302,Ventilateur tirage,V-302-SEN-03,thermique,thermique,°C,39.8946,5.94,79.63,normal,93.4,99.3,2000,GW-Modbus-03,2.2
2026-04-16 01:13:50,V-302,Ventilateur tirage,V-302-SEN-04,sonde_proximite,sonde_proximite,microns,58.4987,7.92,107.32,normal,97.0,96.1,1000,GW-MQTT-01,1.6
2026-04-16 01:13:29,V-302,Ventilateur tirage,V-302-SEN-05,ultrason,ultrason,dB,30.542,5.54,74.61,normal,94.6,96.8,2000,GW-OPCUA-02,1.1
2026-04-16 01:13:50,V-302,Ventilateur tirage,V-302-SEN-06,courant,courant,A,96.4701,15.84,212.06,normal,94.5,93.6,5000,GW-Modbus-03,1.3
2026-04-16 01:13:54,V-302,Ventilateur tirage,V-302-SEN-07,debit,debit,m3/h,82.3007,11.22,149.86,normal,94.8,98.0,2000,GW-OPCUA-02,1.6
2026-04-16 01:13:36,V-302,Ventilateur tirage,V-302-SEN-08,pression,pression,bar,5.724,0.86,11.53,normal,96.4,97.4,2000,GW-MQTT-01,1.6
2026-04-16 01:13:30,M-019,Moteur électrique 400kW,M-019-SEN-01,accelerometre,accelerometre,mm/s,2.9656,0.43,5.91,normal,95.3,95.2,256,GW-MQTT-01,1.8
2026-04-16 01:13:24,M-019,Moteur électrique 400kW,M-019-SEN-02,accelerometre,accelerometre,g,0.6304,0.09,1.26,normal,96.9,97.8,1000,GW-MQTT-01,1.0
2026-04-16 01:13:56,M-019,Moteur électrique 400kW,M-019-SEN-03,thermique,thermique,°C,44.2298,6.88,92.3,normal,95.8,100.5,128,GW-OPCUA-02,0.8
2026-04-16 01:13:53,M-019,Moteur électrique 400kW,M-019-SEN-04,sonde_proximite,sonde_proximite,microns,77.8804,9.18,124.4,normal,93.4,98.7,5000,GW-Modbus-03,0.7
2026-04-16 01:13:14,M-019,Moteur électrique 400kW,M-019-SEN-05,ultrason,ultrason,dB,41.125,6.43,86.48,normal,96.4,99.4,5000,GW-OPCUA-02,1.3
2026-04-16 01:13:04,M-019,Moteur électrique 400kW,M-019-SEN-06,courant,courant,A,120.158,18.36,245.8,normal,96.0,94.3,1000,GW-MQTT-01,1.2
2026-04-16 01:13:18,M-019,Moteur électrique 400kW,M-019-SEN-07,debit,debit,m3/h,89.6269,13.01,173.7,normal,95.1,98.1,512,GW-MQTT-01,1.6
2026-04-16 01:13:02,M-019,Moteur électrique 400kW,M-019-SEN-08,pression,pression,bar,6.8106,0.99,13.36,normal,95.1,98.5,5000,GW-OPCUA-02,0.8
2026-04-16 01:13:44,R-077,Réducteur convoyeur,R-077-SEN-01,accelerometre,accelerometre,mm/s,3.7578,0.49,6.72,normal,97.4,96.2,5000,GW-OPCUA-02,1.4
2026-04-16 01:13:38,R-077,Réducteur convoyeur,R-077-SEN-02,accelerometre,accelerometre,g,0.6341,0.1,1.44,normal,96.2,99.4,512,GW-Modbus-03,1.1
2026-04-16 01:13:16,R-077,Réducteur convoyeur,R-077-SEN-03,thermique,thermique,°C,50.6102,7.83,104.97,normal,92.8,95.8,256,GW-OPCUA-02,1.0
2026-04-16 01:13:35,R-077,Réducteur convoyeur,R-077-SEN-04,sonde_proximite,sonde_proximite,microns,82.1038,10.44,141.47,normal,96.4,96.5,2000,GW-MQTT-01,0.9
2026-04-16 01:13:14,R-077,Réducteur convoyeur,R-077-SEN-05,ultrason,ultrason,dB,47.0315,7.31,98.35,normal,94.0,100.3,128,GW-MQTT-01,1.0
2026-04-16 01:13:42,R-077,Réducteur convoyeur,R-077-SEN-06,courant,courant,A,144.1991,20.88,279.54,normal,94.3,97.7,2000,GW-MQTT-01,0.9
2026-04-16 01:13:04,R-077,Réducteur convoyeur,R-077-SEN-07,debit,debit,m3/h,95.0096,14.79,197.54,normal,93.5,96.7,1000,GW-Modbus-03,1.1
2026-04-16 01:13:37,R-077,Réducteur convoyeur,R-077-SEN-08,pression,pression,bar,7.1107,1.13,15.19,normal,97.1,96.3,256,GW-MQTT-01,1.5
2026-04-16 01:13:20,P-311,Pompe centrifuge BP,P-311-SEN-01,accelerometre,accelerometre,mm/s,3.9436,0.55,7.53,normal,93.6,94.8,1000,GW-Modbus-03,0.9
2026-04-16 01:13:06,P-311,Pompe centrifuge BP,P-311-SEN-02,accelerometre,accelerometre,g,0.7846,0.12,1.61,normal,95.7,99.5,5000,GW-Modbus-03,0.9
2026-04-16 01:13:40,P-311,Pompe centrifuge BP,P-311-SEN-03,thermique,thermique,°C,55.2532,8.78,117.64,normal,94.5,94.4,2000,GW-Modbus-03,1.3
2026-04-16 01:13:56,P-311,Pompe centrifuge BP,P-311-SEN-04,sonde_proximite,sonde_proximite,microns,69.1294,11.7,158.55,normal,93.3,96.4,128,GW-Modbus-03,1.1
2026-04-16 01:13:02,P-311,Pompe centrifuge BP,P-311-SEN-05,ultrason,ultrason,dB,56.9618,8.19,110.22,normal,97.4,95.1,256,GW-MQTT-01,0.9
2026-04-16 01:13:41,P-311,Pompe centrifuge BP,P-311-SEN-06,courant,courant,A,148.4914,23.4,313.27,normal,95.8,98.8,128,GW-Modbus-03,1.3
2026-04-16 01:13:57,P-311,Pompe centrifuge BP,P-311-SEN-07,debit,debit,m3/h,110.9243,16.57,221.38,normal,92.9,94.5,256,GW-OPCUA-02,0.9
2026-04-16 01:13:33,P-311,Pompe centrifuge BP,P-311-SEN-08,pression,pression,bar,9.0211,1.27,17.03,normal,96.8,96.1,512,GW-Modbus-03,1.3
2026-04-16 02:04:20,P-204,Pompe centrifuge HP,P-204-SEN-01,accelerometre,accelerometre,mm/s,0.8759,0.25,3.48,normal,96.6,94.8,2000,GW-MQTT-01,1.4
2026-04-16 02:04:51,P-204,Pompe centrifuge HP,P-204-SEN-02,accelerometre,accelerometre,g,0.3825,0.05,0.74,normal,96.7,102.8,512,GW-OPCUA-02,1.2
2026-04-16 02:04:39,P-204,Pompe centrifuge HP,P-204-SEN-03,thermique,thermique,°C,26.4212,4.05,54.3,normal,94.7,95.3,5000,GW-MQTT-01,0.7
2026-04-16 02:04:56,P-204,Pompe centrifuge HP,P-204-SEN-04,sonde_proximite,sonde_proximite,microns,30.6356,5.4,73.2,normal,95.4,96.7,512,GW-MQTT-01,1.6
2026-04-16 02:04:02,P-204,Pompe centrifuge HP,P-204-SEN-05,ultrason,ultrason,dB,26.724,3.78,50.88,normal,94.9,98.9,2000,GW-MQTT-01,1.0
2026-04-16 02:04:20,P-204,Pompe centrifuge HP,P-204-SEN-06,courant,courant,A,69.454,10.8,144.6,normal,96.0,96.2,256,GW-Modbus-03,1.7
2026-04-16 02:04:33,P-204,Pompe centrifuge HP,P-204-SEN-07,debit,debit,m3/h,54.731,7.65,102.18,normal,96.0,99.6,512,GW-MQTT-01,1.7
2026-04-16 02:04:47,P-204,Pompe centrifuge HP,P-204-SEN-08,pression,pression,bar,3.8732,0.58,7.86,normal,96.3,97.0,1000,GW-OPCUA-02,0.8
2026-04-16 02:04:36,C-118,Compresseur à vis,C-118-SEN-01,accelerometre,accelerometre,mm/s,1.9136,0.31,4.29,normal,97.5,95.9,5000,GW-Modbus-03,1.3
2026-04-16 02:04:13,C-118,Compresseur à vis,C-118-SEN-02,accelerometre,accelerometre,g,0.4047,0.07,0.92,normal,92.6,97.2,5000,GW-Modbus-03,0.7
2026-04-16 02:04:38,C-118,Compresseur à vis,C-118-SEN-03,thermique,thermique,°C,31.1763,4.99,66.97,normal,95.8,92.6,5000,GW-MQTT-01,1.4
2026-04-16 02:04:18,C-118,Compresseur à vis,C-118-SEN-04,sonde_proximite,sonde_proximite,microns,42.8187,6.66,90.28,normal,97.2,96.7,2000,GW-MQTT-01,1.1
2026-04-16 02:04:03,C-118,Compresseur à vis,C-118-SEN-05,ultrason,ultrason,dB,31.2119,4.66,62.75,normal,95.4,99.4,5000,GW-MQTT-01,1.0
2026-04-16 02:04:42,C-118,Compresseur à vis,C-118-SEN-06,courant,courant,A,71.1771,13.32,178.34,normal,97.2,99.2,2000,GW-MQTT-01,1.7
2026-04-16 02:04:02,C-118,Compresseur à vis,C-118-SEN-07,debit,debit,m3/h,61.8514,9.43,126.02,normal,96.6,100.6,512,GW-Modbus-03,1.9
2026-04-16 02:04:09,C-118,Compresseur à vis,C-118-SEN-08,pression,pression,bar,4.7162,0.72,9.69,normal,94.9,95.3,2000,GW-MQTT-01,0.5
2026-04-16 02:04:38,V-302,Ventilateur tirage,V-302-SEN-01,accelerometre,accelerometre,mm/s,2.7905,0.37,5.1,normal,92.8,95.3,2000,GW-Modbus-03,1.6
2026-04-16 02:04:17,V-302,Ventilateur tirage,V-302-SEN-02,accelerometre,accelerometre,g,0.4804,0.08,1.09,normal,95.9,100.3,5000,GW-OPCUA-02,0.5
2026-04-16 02:04:07,V-302,Ventilateur tirage,V-302-SEN-03,thermique,thermique,°C,43.0425,5.94,79.64,normal,94.4,99.5,512,GW-MQTT-01,1.0
2026-04-16 02:04:06,V-302,Ventilateur tirage,V-302-SEN-04,sonde_proximite,sonde_proximite,microns,43.051,7.92,107.36,normal,93.6,99.1,1000,GW-Modbus-03,2.0
2026-04-16 02:04:46,V-302,Ventilateur tirage,V-302-SEN-05,ultrason,ultrason,dB,36.2427,5.54,74.62,normal,95.1,97.1,128,GW-MQTT-01,2.0
2026-04-16 02:04:33,V-302,Ventilateur tirage,V-302-SEN-06,courant,courant,A,110.7098,15.84,212.08,normal,96.0,97.3,2000,GW-Modbus-03,1.1
2026-04-16 02:04:05,V-302,Ventilateur tirage,V-302-SEN-07,debit,debit,m3/h,67.3693,11.22,149.86,normal,92.9,94.1,1000,GW-MQTT-01,1.2
2026-04-16 02:04:43,V-302,Ventilateur tirage,V-302-SEN-08,pression,pression,bar,5.701,0.86,11.53,normal,97.0,97.4,256,GW-MQTT-01,0.5
2026-04-16 02:04:41,M-019,Moteur électrique 400kW,M-019-SEN-01,accelerometre,accelerometre,mm/s,3.4309,0.43,5.92,normal,94.0,95.9,5000,GW-Modbus-03,0.6
2026-04-16 02:04:45,M-019,Moteur électrique 400kW,M-019-SEN-02,accelerometre,accelerometre,g,0.5886,0.09,1.26,normal,95.3,98.3,5000,GW-MQTT-01,0.9
2026-04-16 02:04:12,M-019,Moteur électrique 400kW,M-019-SEN-03,thermique,thermique,°C,45.0908,6.88,92.31,normal,95.1,97.2,128,GW-MQTT-01,0.9
2026-04-16 02:04:50,M-019,Moteur électrique 400kW,M-019-SEN-04,sonde_proximite,sonde_proximite,microns,50.1627,9.18,124.44,normal,92.8,94.4,2000,GW-Modbus-03,1.5
2026-04-16 02:04:19,M-019,Moteur électrique 400kW,M-019-SEN-05,ultrason,ultrason,dB,47.8839,6.43,86.5,normal,96.5,93.1,256,GW-OPCUA-02,0.4
2026-04-16 02:04:07,M-019,Moteur électrique 400kW,M-019-SEN-06,courant,courant,A,119.7164,18.36,245.82,normal,93.2,100.1,2000,GW-Modbus-03,1.6
2026-04-16 02:04:23,M-019,Moteur électrique 400kW,M-019-SEN-07,debit,debit,m3/h,82.2858,13.01,173.71,normal,96.1,97.1,1000,GW-MQTT-01,1.3
2026-04-16 02:04:15,M-019,Moteur électrique 400kW,M-019-SEN-08,pression,pression,bar,6.4918,0.99,13.36,normal,92.8,95.6,2000,GW-OPCUA-02,0.9
2026-04-16 02:04:43,R-077,Réducteur convoyeur,R-077-SEN-01,accelerometre,accelerometre,mm/s,3.6076,0.49,6.73,normal,94.5,96.2,512,GW-MQTT-01,1.1
2026-04-16 02:04:16,R-077,Réducteur convoyeur,R-077-SEN-02,accelerometre,accelerometre,g,0.7846,0.1,1.44,normal,95.2,98.3,512,GW-OPCUA-02,1.5
2026-04-16 02:04:49,R-077,Réducteur convoyeur,R-077-SEN-03,thermique,thermique,°C,52.7117,7.83,104.98,normal,94.7,101.0,128,GW-OPCUA-02,1.6
2026-04-16 02:04:43,R-077,Réducteur convoyeur,R-077-SEN-04,sonde_proximite,sonde_proximite,microns,73.9567,10.44,141.52,normal,97.3,98.1,1000,GW-OPCUA-02,0.5
2026-04-16 02:04:35,R-077,Réducteur convoyeur,R-077-SEN-05,ultrason,ultrason,dB,44.662,7.31,98.37,normal,94.2,94.6,5000,GW-MQTT-01,1.5
2026-04-16 02:04:56,R-077,Réducteur convoyeur,R-077-SEN-06,courant,courant,A,131.6304,20.88,279.56,normal,93.2,94.8,5000,GW-Modbus-03,1.0
2026-04-16 02:04:47,R-077,Réducteur convoyeur,R-077-SEN-07,debit,debit,m3/h,104.4401,14.79,197.55,normal,96.0,96.5,512,GW-Modbus-03,1.3
2026-04-16 02:04:16,R-077,Réducteur convoyeur,R-077-SEN-08,pression,pression,bar,8.3334,1.13,15.2,normal,97.2,96.4,256,GW-MQTT-01,2.3
2026-04-16 02:04:44,P-311,Pompe centrifuge BP,P-311-SEN-01,accelerometre,accelerometre,mm/s,4.0827,0.55,7.54,normal,96.0,97.6,512,GW-MQTT-01,1.1
2026-04-16 02:04:01,P-311,Pompe centrifuge BP,P-311-SEN-02,accelerometre,accelerometre,g,0.8368,0.12,1.61,normal,96.7,95.1,1000,GW-OPCUA-02,0.9
2026-04-16 02:04:41,P-311,Pompe centrifuge BP,P-311-SEN-03,thermique,thermique,°C,57.4147,8.78,117.65,normal,96.3,96.3,5000,GW-Modbus-03,1.3
2026-04-16 02:04:58,P-311,Pompe centrifuge BP,P-311-SEN-04,sonde_proximite,sonde_proximite,microns,86.964,11.7,158.6,normal,95.9,95.3,5000,GW-Modbus-03,1.6
2026-04-16 02:04:23,P-311,Pompe centrifuge BP,P-311-SEN-05,ultrason,ultrason,dB,45.5591,8.19,110.24,normal,96.3,94.3,128,GW-Modbus-03,0.6
2026-04-16 02:04:36,P-311,Pompe centrifuge BP,P-311-SEN-06,courant,courant,A,150.4536,23.4,313.3,normal,97.1,95.9,128,GW-MQTT-01,0.5
2026-04-16 02:04:43,P-311,Pompe centrifuge BP,P-311-SEN-07,debit,debit,m3/h,100.3073,16.57,221.39,normal,96.2,98.5,256,GW-OPCUA-02,1.1
2026-04-16 02:04:01,P-311,Pompe centrifuge BP,P-311-SEN-08,pression,pression,bar,8.1868,1.27,17.03,normal,95.5,96.7,512,GW-Modbus-03,1.0
2026-04-16 03:57:47,P-204,Pompe centrifuge HP,P-204-SEN-01,accelerometre,accelerometre,mm/s,1.8274,0.25,3.48,normal,96.6,97.2,5000,GW-Modbus-03,0.7
2026-04-16 03:57:27,P-204,Pompe centrifuge HP,P-204-SEN-02,accelerometre,accelerometre,g,0.3791,0.05,0.74,normal,94.2,100.9,1000,GW-Modbus-03,0.3
2026-04-16 03:57:28,P-204,Pompe centrifuge HP,P-204-SEN-03,thermique,thermique,°C,24.495,4.05,54.31,normal,97.2,95.5,128,GW-Modbus-03,1.1
2026-04-16 03:57:55,P-204,Pompe centrifuge HP,P-204-SEN-04,sonde_proximite,sonde_proximite,microns,30.1678,5.4,73.22,normal,95.7,102.6,5000,GW-OPCUA-02,0.8
2026-04-16 03:57:39,P-204,Pompe centrifuge HP,P-204-SEN-05,ultrason,ultrason,dB,22.7974,3.78,50.89,normal,96.4,95.0,128,GW-MQTT-01,1.0
2026-04-16 03:57:38,P-204,Pompe centrifuge HP,P-204-SEN-06,courant,courant,A,64.2449,10.8,144.61,normal,96.4,96.4,1000,GW-OPCUA-02,0.4
2026-04-16 03:57:01,P-204,Pompe centrifuge HP,P-204-SEN-07,debit,debit,m3/h,45.3445,7.65,102.18,normal,92.6,99.2,512,GW-Modbus-03,1.1
2026-04-16 03:57:13,P-204,Pompe centrifuge HP,P-204-SEN-08,pression,pression,bar,4.1731,0.58,7.86,normal,95.0,96.9,1000,GW-MQTT-01,1.0
2026-04-16 03:57:04,C-118,Compresseur à vis,C-118-SEN-01,accelerometre,accelerometre,mm/s,2.1855,0.31,4.29,normal,94.0,98.2,128,GW-MQTT-01,1.1
2026-04-16 03:57:22,C-118,Compresseur à vis,C-118-SEN-02,accelerometre,accelerometre,g,0.549,0.07,0.92,normal,95.1,100.2,2000,GW-OPCUA-02,1.3
2026-04-16 03:57:57,C-118,Compresseur à vis,C-118-SEN-03,thermique,thermique,°C,34.4221,4.99,66.98,normal,95.3,94.9,2000,GW-Modbus-03,2.1
2026-04-16 03:57:35,C-118,Compresseur à vis,C-118-SEN-04,sonde_proximite,sonde_proximite,microns,56.042,6.66,90.31,normal,97.3,98.2,5000,GW-OPCUA-02,0.8
2026-04-16 03:57:00,C-118,Compresseur à vis,C-118-SEN-05,ultrason,ultrason,dB,35.1136,4.66,62.76,normal,92.7,96.7,512,GW-OPCUA-02,1.6
2026-04-16 03:57:41,C-118,Compresseur à vis,C-118-SEN-06,courant,courant,A,90.3168,13.32,178.35,normal,93.2,97.5,256,GW-Modbus-03,1.8
2026-04-16 03:57:04,C-118,Compresseur à vis,C-118-SEN-07,debit,debit,m3/h,64.0119,9.43,126.03,normal,92.8,93.2,512,GW-Modbus-03,1.2
2026-04-16 03:57:25,C-118,Compresseur à vis,C-118-SEN-08,pression,pression,bar,5.5197,0.72,9.7,normal,92.9,94.7,256,GW-OPCUA-02,1.0
2026-04-16 03:57:05,V-302,Ventilateur tirage,V-302-SEN-01,accelerometre,accelerometre,mm/s,2.4146,0.37,5.11,normal,95.5,94.4,256,GW-MQTT-01,1.7
2026-04-16 03:57:02,V-302,Ventilateur tirage,V-302-SEN-02,accelerometre,accelerometre,g,0.7036,0.08,1.09,normal,96.5,95.0,5000,GW-MQTT-01,1.6
2026-04-16 03:57:24,V-302,Ventilateur tirage,V-302-SEN-03,thermique,thermique,°C,38.4033,5.94,79.65,normal,97.2,95.8,128,GW-MQTT-01,0.9
2026-04-16 03:57:35,V-302,Ventilateur tirage,V-302-SEN-04,sonde_proximite,sonde_proximite,microns,44.8188,7.92,107.4,normal,93.4,99.0,128,GW-Modbus-03,1.1
2026-04-16 03:57:33,V-302,Ventilateur tirage,V-302-SEN-05,ultrason,ultrason,dB,43.0387,5.54,74.64,normal,96.0,96.7,512,GW-OPCUA-02,1.5
2026-04-16 03:57:57,V-302,Ventilateur tirage,V-302-SEN-06,courant,courant,A,116.6821,15.84,212.1,normal,92.4,97.7,5000,GW-OPCUA-02,1.5
2026-04-16 03:57:51,V-302,Ventilateur tirage,V-302-SEN-07,debit,debit,m3/h,75.073,11.22,149.87,normal,94.7,100.2,512,GW-MQTT-01,0.6
2026-04-16 03:57:53,V-302,Ventilateur tirage,V-302-SEN-08,pression,pression,bar,6.0988,0.86,11.53,normal,97.2,94.6,1000,GW-OPCUA-02,2.0
2026-04-16 03:57:36,M-019,Moteur électrique 400kW,M-019-SEN-01,accelerometre,accelerometre,mm/s,3.536,0.43,5.92,normal,94.8,98.5,1000,GW-Modbus-03,0.9
2026-04-16 03:57:31,M-019,Moteur électrique 400kW,M-019-SEN-02,accelerometre,accelerometre,g,0.7774,0.09,1.27,normal,93.7,96.9,256,GW-MQTT-01,1.0
2026-04-16 03:57:30,M-019,Moteur électrique 400kW,M-019-SEN-03,thermique,thermique,°C,49.7721,6.88,92.32,normal,95.1,97.3,1000,GW-OPCUA-02,1.7
2026-04-16 03:57:52,M-019,Moteur électrique 400kW,M-019-SEN-04,sonde_proximite,sonde_proximite,microns,56.5344,9.18,124.48,normal,96.4,100.5,256,GW-Modbus-03,1.2
2026-04-16 03:57:05,M-019,Moteur électrique 400kW,M-019-SEN-05,ultrason,ultrason,dB,39.4337,6.43,86.51,normal,94.8,92.4,128,GW-MQTT-01,1.5
2026-04-16 03:57:43,M-019,Moteur électrique 400kW,M-019-SEN-06,courant,courant,A,130.3657,18.36,245.84,normal,95.0,99.7,128,GW-Modbus-03,1.3
2026-04-16 03:57:27,M-019,Moteur électrique 400kW,M-019-SEN-07,debit,debit,m3/h,84.2129,13.01,173.71,normal,95.3,96.9,128,GW-MQTT-01,1.3
2026-04-16 03:57:16,M-019,Moteur électrique 400kW,M-019-SEN-08,pression,pression,bar,6.5629,0.99,13.36,normal,96.8,95.7,1000,GW-Modbus-03,0.5
2026-04-16 03:57:08,R-077,Réducteur convoyeur,R-077-SEN-01,accelerometre,accelerometre,mm/s,2.9056,0.49,6.73,normal,95.1,97.5,128,GW-MQTT-01,1.0
2026-04-16 03:57:05,R-077,Réducteur convoyeur,R-077-SEN-02,accelerometre,accelerometre,g,0.7065,0.1,1.44,normal,92.6,98.7,256,GW-OPCUA-02,0.6
2026-04-16 03:57:15,R-077,Réducteur convoyeur,R-077-SEN-03,thermique,thermique,°C,52.2,7.83,104.99,normal,92.6,94.5,5000,GW-Modbus-03,1.4
2026-04-16 03:57:26,R-077,Réducteur convoyeur,R-077-SEN-04,sonde_proximite,sonde_proximite,microns,71.6734,10.44,141.57,normal,95.0,97.1,256,GW-OPCUA-02,1.6
2026-04-16 03:57:32,R-077,Réducteur convoyeur,R-077-SEN-05,ultrason,ultrason,dB,52.7899,7.31,98.39,normal,95.9,93.3,5000,GW-OPCUA-02,1.7
2026-04-16 03:57:23,R-077,Réducteur convoyeur,R-077-SEN-06,courant,courant,A,146.0593,20.88,279.58,normal,94.3,100.6,256,GW-OPCUA-02,2.1
2026-04-16 03:57:42,R-077,Réducteur convoyeur,R-077-SEN-07,debit,debit,m3/h,97.6311,14.79,197.55,normal,95.1,96.7,5000,GW-Modbus-03,0.7
2026-04-16 03:57:57,R-077,Réducteur convoyeur,R-077-SEN-08,pression,pression,bar,7.4563,1.13,15.2,normal,94.7,97.4,512,GW-MQTT-01,1.1
2026-04-16 03:57:26,P-311,Pompe centrifuge BP,P-311-SEN-01,accelerometre,accelerometre,mm/s,3.6962,0.55,7.55,normal,93.3,99.2,2000,GW-Modbus-03,1.0
2026-04-16 03:57:27,P-311,Pompe centrifuge BP,P-311-SEN-02,accelerometre,accelerometre,g,0.8343,0.12,1.61,normal,93.8,95.9,128,GW-MQTT-01,1.0
2026-04-16 03:57:50,P-311,Pompe centrifuge BP,P-311-SEN-03,thermique,thermique,°C,59.0622,8.78,117.66,normal,94.9,92.5,2000,GW-OPCUA-02,1.1
2026-04-16 03:57:27,P-311,Pompe centrifuge BP,P-311-SEN-04,sonde_proximite,sonde_proximite,microns,85.4156,11.7,158.65,normal,92.4,99.7,2000,GW-MQTT-01,1.0
2026-04-16 03:57:31,P-311,Pompe centrifuge BP,P-311-SEN-05,ultrason,ultrason,dB,52.8918,8.19,110.26,normal,95.0,94.2,1000,GW-Modbus-03,1.2
2026-04-16 03:57:55,P-311,Pompe centrifuge BP,P-311-SEN-06,courant,courant,A,151.2402,23.4,313.33,normal,96.7,96.9,512,GW-OPCUA-02,1.6
2026-04-16 03:57:56,P-311,Pompe centrifuge BP,P-311-SEN-07,debit,debit,m3/h,116.6682,16.57,221.4,normal,95.1,98.9,128,GW-OPCUA-02,1.6
2026-04-16 03:57:56,P-311,Pompe centrifuge BP,P-311-SEN-08,pression,pression,bar,8.3328,1.27,17.03,normal,95.2,100.3,256,GW-Modbus-03,1.2
2026-04-16 04:08:24,P-204,Pompe centrifuge HP,P-204-SEN-01,accelerometre,accelerometre,mm/s,1.6449,0.25,3.48,normal,95.9,99.3,5000,GW-OPCUA-02,0.9
2026-04-16 04:08:31,P-204,Pompe centrifuge HP,P-204-SEN-02,accelerometre,accelerometre,g,0.4515,0.05,0.74,normal,94.4,97.4,2000,GW-MQTT-01,0.5
2026-04-16 04:08:05,P-204,Pompe centrifuge HP,P-204-SEN-03,thermique,thermique,°C,30.5536,4.05,54.31,normal,93.0,94.0,5000,GW-OPCUA-02,1.4
2026-04-16 04:08:30,P-204,Pompe centrifuge HP,P-204-SEN-04,sonde_proximite,sonde_proximite,microns,38.5585,5.4,73.25,normal,92.9,94.5,256,GW-Modbus-03,2.5
2026-04-16 04:08:08,P-204,Pompe centrifuge HP,P-204-SEN-05,ultrason,ultrason,dB,23.3767,3.78,50.9,normal,95.1,99.3,5000,GW-OPCUA-02,2.2
2026-04-16 04:08:18,P-204,Pompe centrifuge HP,P-204-SEN-06,courant,courant,A,71.4591,10.8,144.62,normal,96.5,97.7,2000,GW-MQTT-01,1.4
2026-04-16 04:08:28,P-204,Pompe centrifuge HP,P-204-SEN-07,debit,debit,m3/h,61.6328,7.65,102.19,normal,93.0,97.6,128,GW-OPCUA-02,1.5
2026-04-16 04:08:40,P-204,Pompe centrifuge HP,P-204-SEN-08,pression,pression,bar,4.3499,0.58,7.86,normal,94.9,97.5,1000,GW-MQTT-01,1.0
2026-04-16 04:08:29,C-118,Compresseur à vis,C-118-SEN-01,accelerometre,accelerometre,mm/s,2.4272,0.31,4.3,normal,94.3,93.6,5000,GW-MQTT-01,1.7
2026-04-16 04:08:28,C-118,Compresseur à vis,C-118-SEN-02,accelerometre,accelerometre,g,0.4509,0.07,0.92,normal,92.5,98.6,128,GW-Modbus-03,0.6
2026-04-16 04:08:10,C-118,Compresseur à vis,C-118-SEN-03,thermique,thermique,°C,37.1675,4.99,66.98,normal,96.9,94.3,1000,GW-MQTT-01,1.6
2026-04-16 04:08:28,C-118,Compresseur à vis,C-118-SEN-04,sonde_proximite,sonde_proximite,microns,39.8208,6.66,90.34,normal,95.7,93.9,128,GW-Modbus-03,1.3
2026-04-16 04:08:37,C-118,Compresseur à vis,C-118-SEN-05,ultrason,ultrason,dB,24.8943,4.66,62.78,normal,96.6,96.2,2000,GW-MQTT-01,1.0
2026-04-16 04:08:20,C-118,Compresseur à vis,C-118-SEN-06,courant,courant,A,88.548,13.32,178.37,normal,92.4,97.9,2000,GW-MQTT-01,1.7
2026-04-16 04:08:04,C-118,Compresseur à vis,C-118-SEN-07,debit,debit,m3/h,51.5168,9.43,126.03,normal,93.9,101.2,2000,GW-OPCUA-02,1.6
2026-04-16 04:08:57,C-118,Compresseur à vis,C-118-SEN-08,pression,pression,bar,5.4289,0.72,9.7,normal,94.2,97.3,2000,GW-MQTT-01,1.6
2026-04-16 04:08:15,V-302,Ventilateur tirage,V-302-SEN-01,accelerometre,accelerometre,mm/s,2.3311,0.37,5.11,normal,93.4,97.2,128,GW-OPCUA-02,1.3
2026-04-16 04:08:36,V-302,Ventilateur tirage,V-302-SEN-02,accelerometre,accelerometre,g,0.4403,0.08,1.09,normal,96.3,96.6,512,GW-Modbus-03,1.5
2026-04-16 04:08:44,V-302,Ventilateur tirage,V-302-SEN-03,thermique,thermique,°C,42.6042,5.94,79.66,normal,97.0,97.9,5000,GW-OPCUA-02,1.0
2026-04-16 04:08:06,V-302,Ventilateur tirage,V-302-SEN-04,sonde_proximite,sonde_proximite,microns,32.2822,7.92,107.43,normal,94.9,93.2,1000,GW-OPCUA-02,0.4
2026-04-16 04:08:43,V-302,Ventilateur tirage,V-302-SEN-05,ultrason,ultrason,dB,41.8301,5.54,74.65,normal,96.3,94.2,128,GW-MQTT-01,1.5
2026-04-16 04:08:37,V-302,Ventilateur tirage,V-302-SEN-06,courant,courant,A,85.3268,15.84,212.12,normal,96.3,99.2,2000,GW-OPCUA-02,0.8
2026-04-16 04:08:30,V-302,Ventilateur tirage,V-302-SEN-07,debit,debit,m3/h,77.3606,11.22,149.87,normal,96.1,99.8,1000,GW-MQTT-01,1.2
2026-04-16 04:08:57,V-302,Ventilateur tirage,V-302-SEN-08,pression,pression,bar,5.9278,0.86,11.53,normal,93.6,98.7,128,GW-OPCUA-02,1.2
2026-04-16 04:08:59,M-019,Moteur électrique 400kW,M-019-SEN-01,accelerometre,accelerometre,mm/s,2.921,0.43,5.92,normal,92.4,102.3,512,GW-Modbus-03,1.7
2026-04-16 04:08:23,M-019,Moteur électrique 400kW,M-019-SEN-02,accelerometre,accelerometre,g,0.5693,0.09,1.27,normal,93.6,96.9,512,GW-OPCUA-02,1.4
2026-04-16 04:08:15,M-019,Moteur électrique 400kW,M-019-SEN-03,thermique,thermique,°C,45.5085,6.88,92.33,normal,94.6,93.7,2000,GW-OPCUA-02,1.6
2026-04-16 04:08:08,M-019,Moteur électrique 400kW,M-019-SEN-04,sonde_proximite,sonde_proximite,microns,62.5241,9.18,124.52,normal,95.9,94.1,512,GW-MQTT-01,1.2
2026-04-16 04:08:31,M-019,Moteur électrique 400kW,M-019-SEN-05,ultrason,ultrason,dB,50.8204,6.43,86.53,normal,96.6,97.2,5000,GW-MQTT-01,1.0
2026-04-16 04:08:12,M-019,Moteur électrique 400kW,M-019-SEN-06,courant,courant,A,126.237,18.36,245.86,normal,96.2,98.9,128,GW-OPCUA-02,1.4
2026-04-16 04:08:22,M-019,Moteur électrique 400kW,M-019-SEN-07,debit,debit,m3/h,95.9023,13.01,173.72,normal,93.9,98.6,128,GW-OPCUA-02,0.7
2026-04-16 04:08:27,M-019,Moteur électrique 400kW,M-019-SEN-08,pression,pression,bar,6.2936,0.99,13.37,normal,94.8,96.3,256,GW-OPCUA-02,0.9
2026-04-16 04:08:20,R-077,Réducteur convoyeur,R-077-SEN-01,accelerometre,accelerometre,mm/s,3.2136,0.49,6.74,normal,97.3,97.1,256,GW-MQTT-01,1.4
2026-04-16 04:08:54,R-077,Réducteur convoyeur,R-077-SEN-02,accelerometre,accelerometre,g,0.8374,0.1,1.44,normal,94.6,96.5,512,GW-OPCUA-02,0.9
2026-04-16 04:08:57,R-077,Réducteur convoyeur,R-077-SEN-03,thermique,thermique,°C,49.3838,7.83,105.0,normal,93.9,100.0,128,GW-OPCUA-02,0.7
2026-04-16 04:08:31,R-077,Réducteur convoyeur,R-077-SEN-04,sonde_proximite,sonde_proximite,microns,75.2641,10.44,141.61,normal,92.3,98.4,5000,GW-MQTT-01,1.5
2026-04-16 04:08:16,R-077,Réducteur convoyeur,R-077-SEN-05,ultrason,ultrason,dB,49.9261,7.31,98.41,normal,95.9,100.3,256,GW-OPCUA-02,1.2
2026-04-16 04:08:14,R-077,Réducteur convoyeur,R-077-SEN-06,courant,courant,A,137.9089,20.88,279.61,normal,93.2,93.0,256,GW-MQTT-01,2.0
2026-04-16 04:08:04,R-077,Réducteur convoyeur,R-077-SEN-07,debit,debit,m3/h,91.6768,14.79,197.56,normal,93.4,100.3,512,GW-Modbus-03,0.7
2026-04-16 04:08:59,R-077,Réducteur convoyeur,R-077-SEN-08,pression,pression,bar,7.2801,1.13,15.2,normal,93.0,98.4,5000,GW-Modbus-03,1.3
2026-04-16 04:08:25,P-311,Pompe centrifuge BP,P-311-SEN-01,accelerometre,accelerometre,mm/s,3.6936,0.55,7.55,normal,93.7,97.2,5000,GW-Modbus-03,1.3
2026-04-16 04:08:51,P-311,Pompe centrifuge BP,P-311-SEN-02,accelerometre,accelerometre,g,0.8354,0.12,1.61,normal,96.7,97.6,1000,GW-Modbus-03,1.7
2026-04-16 04:08:38,P-311,Pompe centrifuge BP,P-311-SEN-03,thermique,thermique,°C,57.5243,8.78,117.68,normal,92.9,98.2,256,GW-OPCUA-02,1.5
2026-04-16 04:08:44,P-311,Pompe centrifuge BP,P-311-SEN-04,sonde_proximite,sonde_proximite,microns,79.1293,11.7,158.7,normal,95.4,95.0,128,GW-Modbus-03,0.7
2026-04-16 04:08:37,P-311,Pompe centrifuge BP,P-311-SEN-05,ultrason,ultrason,dB,57.4866,8.19,110.28,normal,96.7,97.6,256,GW-OPCUA-02,1.8
2026-04-16 04:08:30,P-311,Pompe centrifuge BP,P-311-SEN-06,courant,courant,A,167.391,23.4,313.35,normal,97.1,96.6,128,GW-MQTT-01,1.0
2026-04-16 04:08:14,P-311,Pompe centrifuge BP,P-311-SEN-07,debit,debit,m3/h,118.924,16.57,221.41,normal,94.3,97.2,1000,GW-Modbus-03,1.0
2026-04-16 04:08:09,P-311,Pompe centrifuge BP,P-311-SEN-08,pression,pression,bar,9.0025,1.27,17.04,normal,94.0,96.4,2000,GW-Modbus-03,1.2
2026-04-16 05:09:31,P-204,Pompe centrifuge HP,P-204-SEN-01,accelerometre,accelerometre,mm/s,2.1264,0.25,3.49,normal,92.4,101.6,5000,GW-Modbus-03,1.3
2026-04-16 05:09:48,P-204,Pompe centrifuge HP,P-204-SEN-02,accelerometre,accelerometre,g,0.3832,0.05,0.75,normal,94.2,97.9,256,GW-Modbus-03,1.6
2026-04-16 05:09:56,P-204,Pompe centrifuge HP,P-204-SEN-03,thermique,thermique,°C,26.6341,4.05,54.32,normal,96.2,96.9,2000,GW-OPCUA-02,1.2
2026-04-16 05:09:02,P-204,Pompe centrifuge HP,P-204-SEN-04,sonde_proximite,sonde_proximite,microns,21.8579,5.4,73.27,normal,96.0,96.7,128,GW-Modbus-03,0.8
2026-04-16 05:09:15,P-204,Pompe centrifuge HP,P-204-SEN-05,ultrason,ultrason,dB,26.6488,3.78,50.91,normal,96.6,98.3,1000,GW-Modbus-03,1.2
2026-04-16 05:09:00,P-204,Pompe centrifuge HP,P-204-SEN-06,courant,courant,A,66.501,10.8,144.64,normal,92.5,94.8,1000,GW-Modbus-03,1.2
2026-04-16 05:09:32,P-204,Pompe centrifuge HP,P-204-SEN-07,debit,debit,m3/h,53.6054,7.65,102.19,normal,94.7,96.1,5000,GW-OPCUA-02,1.1
2026-04-16 05:09:04,P-204,Pompe centrifuge HP,P-204-SEN-08,pression,pression,bar,4.0991,0.58,7.86,normal,96.3,97.3,5000,GW-OPCUA-02,1.2
2026-04-16 05:09:43,C-118,Compresseur à vis,C-118-SEN-01,accelerometre,accelerometre,mm/s,1.7679,0.31,4.3,normal,92.7,95.7,5000,GW-Modbus-03,1.2
2026-04-16 05:09:37,C-118,Compresseur à vis,C-118-SEN-02,accelerometre,accelerometre,g,0.4193,0.07,0.92,normal,92.7,98.4,1000,GW-OPCUA-02,0.4
2026-04-16 05:09:46,C-118,Compresseur à vis,C-118-SEN-03,thermique,thermique,°C,32.6082,4.99,66.99,normal,94.2,97.9,128,GW-Modbus-03,1.2
2026-04-16 05:09:04,C-118,Compresseur à vis,C-118-SEN-04,sonde_proximite,sonde_proximite,microns,34.1675,6.66,90.37,normal,94.1,97.5,1000,GW-OPCUA-02,0.8
2026-04-16 05:09:59,C-118,Compresseur à vis,C-118-SEN-05,ultrason,ultrason,dB,25.5735,4.66,62.79,normal,97.2,96.5,128,GW-OPCUA-02,1.2
2026-04-16 05:09:25,C-118,Compresseur à vis,C-118-SEN-06,courant,courant,A,97.7663,13.32,178.38,normal,93.4,101.1,1000,GW-MQTT-01,0.9
2026-04-16 05:09:43,C-118,Compresseur à vis,C-118-SEN-07,debit,debit,m3/h,60.8869,9.43,126.04,normal,93.6,95.3,128,GW-OPCUA-02,1.6
2026-04-16 05:09:51,C-118,Compresseur à vis,C-118-SEN-08,pression,pression,bar,4.7893,0.72,9.7,normal,96.0,95.7,1000,GW-MQTT-01,2.2
2026-04-16 05:09:54,V-302,Ventilateur tirage,V-302-SEN-01,accelerometre,accelerometre,mm/s,2.8807,0.37,5.11,normal,93.7,96.4,5000,GW-Modbus-03,2.1
2026-04-16 05:09:19,V-302,Ventilateur tirage,V-302-SEN-02,accelerometre,accelerometre,g,0.5965,0.08,1.09,normal,96.1,97.8,256,GW-MQTT-01,1.2
2026-04-16 05:09:19,V-302,Ventilateur tirage,V-302-SEN-03,thermique,thermique,°C,40.2569,5.94,79.67,normal,97.0,98.3,256,GW-MQTT-01,1.6
2026-04-16 05:09:52,V-302,Ventilateur tirage,V-302-SEN-04,sonde_proximite,sonde_proximite,microns,61.8969,7.92,107.47,normal,92.1,94.2,512,GW-OPCUA-02,1.0
2026-04-16 05:09:52,V-302,Ventilateur tirage,V-302-SEN-05,ultrason,ultrason,dB,34.8687,5.54,74.67,normal,93.4,98.0,2000,GW-Modbus-03,1.0
2026-04-16 05:09:07,V-302,Ventilateur tirage,V-302-SEN-06,courant,courant,A,87.422,15.84,212.13,normal,93.2,97.8,512,GW-MQTT-01,0.8
2026-04-16 05:09:34,V-302,Ventilateur tirage,V-302-SEN-07,debit,debit,m3/h,74.4229,11.22,149.88,normal,92.9,98.0,512,GW-OPCUA-02,0.8
2026-04-16 05:09:38,V-302,Ventilateur tirage,V-302-SEN-08,pression,pression,bar,6.1061,0.86,11.53,normal,96.6,94.7,256,GW-Modbus-03,1.6
2026-04-16 05:09:28,M-019,Moteur électrique 400kW,M-019-SEN-01,accelerometre,accelerometre,mm/s,3.0492,0.43,5.93,normal,95.2,97.5,128,GW-OPCUA-02,1.5
2026-04-16 05:09:34,M-019,Moteur électrique 400kW,M-019-SEN-02,accelerometre,accelerometre,g,0.6722,0.09,1.27,normal,94.0,97.5,256,GW-MQTT-01,1.0
2026-04-16 05:09:22,M-019,Moteur électrique 400kW,M-019-SEN-03,thermique,thermique,°C,46.1762,6.88,92.34,normal,95.4,98.0,2000,GW-Modbus-03,1.1
2026-04-16 05:09:34,M-019,Moteur électrique 400kW,M-019-SEN-04,sonde_proximite,sonde_proximite,microns,65.4508,9.18,124.56,normal,96.6,94.9,512,GW-MQTT-01,0.4
2026-04-16 05:09:50,M-019,Moteur électrique 400kW,M-019-SEN-05,ultrason,ultrason,dB,45.9566,6.43,86.54,normal,93.3,96.3,256,GW-OPCUA-02,1.5
2026-04-16 05:09:37,M-019,Moteur électrique 400kW,M-019-SEN-06,courant,courant,A,127.114,18.36,245.88,normal,95.7,97.9,512,GW-Modbus-03,1.1
2026-04-16 05:09:11,M-019,Moteur électrique 400kW,M-019-SEN-07,debit,debit,m3/h,90.9264,13.01,173.72,normal,93.4,97.2,128,GW-MQTT-01,1.0
2026-04-16 05:09:22,M-019,Moteur électrique 400kW,M-019-SEN-08,pression,pression,bar,6.6753,0.99,13.37,normal,95.7,99.4,5000,GW-OPCUA-02,1.4
2026-04-16 05:09:08,R-077,Réducteur convoyeur,R-077-SEN-01,accelerometre,accelerometre,mm/s,3.7382,0.49,6.74,normal,96.4,94.6,2000,GW-Modbus-03,1.3
2026-04-16 05:09:34,R-077,Réducteur convoyeur,R-077-SEN-02,accelerometre,accelerometre,g,0.8195,0.1,1.44,normal,95.7,98.5,256,GW-Modbus-03,1.8
2026-04-16 05:09:33,R-077,Réducteur convoyeur,R-077-SEN-03,thermique,thermique,°C,52.7281,7.83,105.01,normal,96.5,99.0,1000,GW-OPCUA-02,1.3
2026-04-16 05:09:01,R-077,Réducteur convoyeur,R-077-SEN-04,sonde_proximite,sonde_proximite,microns,72.3141,10.44,141.66,normal,95.9,95.8,2000,GW-OPCUA-02,1.6
2026-04-16 05:09:02,R-077,Réducteur convoyeur,R-077-SEN-05,ultrason,ultrason,dB,54.5174,7.31,98.42,normal,94.7,94.7,128,GW-OPCUA-02,1.6
2026-04-16 05:09:46,R-077,Réducteur convoyeur,R-077-SEN-06,courant,courant,A,146.5745,20.88,279.63,normal,93.2,98.2,5000,GW-Modbus-03,1.6
2026-04-16 05:09:51,R-077,Réducteur convoyeur,R-077-SEN-07,debit,debit,m3/h,97.5718,14.79,197.57,normal,95.1,100.8,1000,GW-MQTT-01,0.9
2026-04-16 05:09:08,R-077,Réducteur convoyeur,R-077-SEN-08,pression,pression,bar,7.3331,1.13,15.2,normal,96.7,100.0,256,GW-OPCUA-02,0.7
2026-04-16 05:09:58,P-311,Pompe centrifuge BP,P-311-SEN-01,accelerometre,accelerometre,mm/s,3.3975,0.55,7.56,normal,92.2,99.8,128,GW-MQTT-01,1.6
2026-04-16 05:09:24,P-311,Pompe centrifuge BP,P-311-SEN-02,accelerometre,accelerometre,g,0.9071,0.12,1.62,normal,94.8,93.0,128,GW-MQTT-01,2.0
2026-04-16 05:09:03,P-311,Pompe centrifuge BP,P-311-SEN-03,thermique,thermique,°C,60.1246,8.78,117.69,normal,94.1,96.3,5000,GW-Modbus-03,1.1
2026-04-16 05:09:02,P-311,Pompe centrifuge BP,P-311-SEN-04,sonde_proximite,sonde_proximite,microns,76.1827,11.7,158.76,normal,93.5,98.6,128,GW-MQTT-01,1.2
2026-04-16 05:09:00,P-311,Pompe centrifuge BP,P-311-SEN-05,ultrason,ultrason,dB,56.6603,8.19,110.3,normal,95.0,99.0,128,GW-Modbus-03,1.0
2026-04-16 05:09:58,P-311,Pompe centrifuge BP,P-311-SEN-06,courant,courant,A,158.7078,23.4,313.38,normal,95.4,97.0,128,GW-OPCUA-02,1.5
2026-04-16 05:09:58,P-311,Pompe centrifuge BP,P-311-SEN-07,debit,debit,m3/h,112.9775,16.57,221.41,normal,94.5,95.2,256,GW-OPCUA-02,0.7
2026-04-16 05:09:04,P-311,Pompe centrifuge BP,P-311-SEN-08,pression,pression,bar,9.1417,1.27,17.04,normal,93.6,97.0,2000,GW-OPCUA-02,1.5
2026-04-16 06:43:33,P-204,Pompe centrifuge HP,P-204-SEN-01,accelerometre,accelerometre,mm/s,1.1936,0.25,3.49,normal,93.3,100.6,5000,GW-Modbus-03,0.6
2026-04-16 06:43:50,P-204,Pompe centrifuge HP,P-204-SEN-02,accelerometre,accelerometre,g,0.2605,0.05,0.75,normal,96.5,97.2,128,GW-Modbus-03,1.2
2026-04-16 06:43:11,P-204,Pompe centrifuge HP,P-204-SEN-03,thermique,thermique,°C,26.0219,4.05,54.32,normal,92.1,97.1,1000,GW-MQTT-01,1.7
2026-04-16 06:43:54,P-204,Pompe centrifuge HP,P-204-SEN-04,sonde_proximite,sonde_proximite,microns,26.3644,5.4,73.3,normal,92.4,99.1,256,GW-MQTT-01,1.0
2026-04-16 06:43:00,P-204,Pompe centrifuge HP,P-204-SEN-05,ultrason,ultrason,dB,30.9089,3.78,50.92,normal,93.8,100.6,512,GW-OPCUA-02,0.4
2026-04-16 06:43:03,P-204,Pompe centrifuge HP,P-204-SEN-06,courant,courant,A,64.0922,10.8,144.65,normal,95.5,94.7,512,GW-MQTT-01,1.5
2026-04-16 06:43:39,P-204,Pompe centrifuge HP,P-204-SEN-07,debit,debit,m3/h,52.5804,7.65,102.19,normal,97.1,98.9,256,GW-OPCUA-02,1.2
2026-04-16 06:43:46,P-204,Pompe centrifuge HP,P-204-SEN-08,pression,pression,bar,3.5039,0.58,7.86,normal,96.8,93.3,512,GW-Modbus-03,1.2
2026-04-16 06:43:54,C-118,Compresseur à vis,C-118-SEN-01,accelerometre,accelerometre,mm/s,2.3744,0.31,4.3,normal,95.3,97.4,1000,GW-Modbus-03,1.2
2026-04-16 06:43:20,C-118,Compresseur à vis,C-118-SEN-02,accelerometre,accelerometre,g,0.4171,0.07,0.92,normal,96.9,96.6,1000,GW-Modbus-03,0.7
2026-04-16 06:43:39,C-118,Compresseur à vis,C-118-SEN-03,thermique,thermique,°C,31.8103,4.99,67.0,normal,95.9,98.7,256,GW-MQTT-01,1.1
2026-04-16 06:43:32,C-118,Compresseur à vis,C-118-SEN-04,sonde_proximite,sonde_proximite,microns,48.9782,6.66,90.4,normal,95.4,98.4,256,GW-MQTT-01,0.6
2026-04-16 06:43:27,C-118,Compresseur à vis,C-118-SEN-05,ultrason,ultrason,dB,30.4318,4.66,62.8,normal,92.2,99.5,128,GW-OPCUA-02,1.4
2026-04-16 06:43:49,C-118,Compresseur à vis,C-118-SEN-06,courant,courant,A,84.3966,13.32,178.4,normal,95.7,92.1,256,GW-OPCUA-02,1.2
2026-04-16 06:43:56,C-118,Compresseur à vis,C-118-SEN-07,debit,debit,m3/h,50.7937,9.43,126.04,normal,92.2,95.3,1000,GW-Modbus-03,0.6
2026-04-16 06:43:22,C-118,Compresseur à vis,C-118-SEN-08,pression,pression,bar,4.5111,0.72,9.7,normal,92.2,98.2,256,GW-MQTT-01,1.5
2026-04-16 06:43:08,V-302,Ventilateur tirage,V-302-SEN-01,accelerometre,accelerometre,mm/s,2.2891,0.37,5.12,normal,92.7,96.7,256,GW-OPCUA-02,1.4
2026-04-16 06:43:44,V-302,Ventilateur tirage,V-302-SEN-02,accelerometre,accelerometre,g,0.7009,0.08,1.09,normal,92.5,93.8,2000,GW-MQTT-01,0.5
2026-04-16 06:43:24,V-302,Ventilateur tirage,V-302-SEN-03,thermique,thermique,°C,41.9397,5.94,79.68,normal,92.4,93.5,5000,GW-Modbus-03,0.5
2026-04-16 06:43:41,V-302,Ventilateur tirage,V-302-SEN-04,sonde_proximite,sonde_proximite,microns,58.5649,7.92,107.5,normal,93.6,98.9,512,GW-MQTT-01,1.8
2026-04-16 06:43:28,V-302,Ventilateur tirage,V-302-SEN-05,ultrason,ultrason,dB,33.8409,5.54,74.68,normal,95.2,97.1,256,GW-Modbus-03,1.5
2026-04-16 06:43:55,V-302,Ventilateur tirage,V-302-SEN-06,courant,courant,A,109.7221,15.84,212.15,normal,93.4,97.5,2000,GW-Modbus-03,0.9
2026-04-16 06:43:21,V-302,Ventilateur tirage,V-302-SEN-07,debit,debit,m3/h,77.7711,11.22,149.89,normal,94.7,98.8,2000,GW-Modbus-03,1.4
2026-04-16 06:43:38,V-302,Ventilateur tirage,V-302-SEN-08,pression,pression,bar,6.1713,0.86,11.54,normal,96.8,99.6,256,GW-MQTT-01,0.5
2026-04-16 06:43:21,M-019,Moteur électrique 400kW,M-019-SEN-01,accelerometre,accelerometre,mm/s,2.5733,0.43,5.93,normal,93.6,99.7,128,GW-Modbus-03,1.7
2026-04-16 06:43:13,M-019,Moteur électrique 400kW,M-019-SEN-02,accelerometre,accelerometre,g,0.7375,0.09,1.27,normal,93.8,96.8,512,GW-OPCUA-02,0.2
2026-04-16 06:43:11,M-019,Moteur électrique 400kW,M-019-SEN-03,thermique,thermique,°C,47.9406,6.88,92.35,normal,94.7,101.2,128,GW-OPCUA-02,1.4
2026-04-16 06:43:56,M-019,Moteur électrique 400kW,M-019-SEN-04,sonde_proximite,sonde_proximite,microns,52.0585,9.18,124.6,normal,94.4,96.2,2000,GW-OPCUA-02,1.1
2026-04-16 06:43:25,M-019,Moteur électrique 400kW,M-019-SEN-05,ultrason,ultrason,dB,46.111,6.43,86.56,normal,96.5,100.0,2000,GW-MQTT-01,1.7
2026-04-16 06:43:54,M-019,Moteur électrique 400kW,M-019-SEN-06,courant,courant,A,120.4696,18.36,245.9,normal,96.7,97.2,128,GW-MQTT-01,1.0
2026-04-16 06:43:16,M-019,Moteur électrique 400kW,M-019-SEN-07,debit,debit,m3/h,86.8232,13.01,173.73,normal,92.6,100.2,128,GW-OPCUA-02,1.1
2026-04-16 06:43:15,M-019,Moteur électrique 400kW,M-019-SEN-08,pression,pression,bar,6.8608,0.99,13.37,normal,95.1,97.5,1000,GW-OPCUA-02,1.2
2026-04-16 06:43:20,R-077,Réducteur convoyeur,R-077-SEN-01,accelerometre,accelerometre,mm/s,3.0543,0.49,6.75,normal,93.0,99.8,512,GW-MQTT-01,1.4
2026-04-16 06:43:21,R-077,Réducteur convoyeur,R-077-SEN-02,accelerometre,accelerometre,g,0.6867,0.1,1.44,normal,93.9,98.1,2000,GW-MQTT-01,1.2
2026-04-16 06:43:02,R-077,Réducteur convoyeur,R-077-SEN-03,thermique,thermique,°C,52.2034,7.83,105.03,normal,93.1,97.3,256,GW-MQTT-01,2.1
2026-04-16 06:43:03,R-077,Réducteur convoyeur,R-077-SEN-04,sonde_proximite,sonde_proximite,microns,66.2076,10.44,141.71,normal,97.3,94.3,2000,GW-MQTT-01,0.9
2026-04-16 06:43:14,R-077,Réducteur convoyeur,R-077-SEN-05,ultrason,ultrason,dB,47.8444,7.31,98.44,normal,95.3,99.4,1000,GW-MQTT-01,1.2
2026-04-16 06:43:45,R-077,Réducteur convoyeur,R-077-SEN-06,courant,courant,A,132.5236,20.88,279.65,normal,93.5,94.9,5000,GW-OPCUA-02,1.6
2026-04-16 06:43:44,R-077,Réducteur convoyeur,R-077-SEN-07,debit,debit,m3/h,91.6892,14.79,197.58,normal,95.8,98.0,128,GW-Modbus-03,1.0
2026-04-16 06:43:58,R-077,Réducteur convoyeur,R-077-SEN-08,pression,pression,bar,7.2022,1.13,15.21,normal,96.4,98.9,512,GW-OPCUA-02,0.9
2026-04-16 06:43:50,P-311,Pompe centrifuge BP,P-311-SEN-01,accelerometre,accelerometre,mm/s,3.742,0.55,7.56,normal,95.7,93.5,256,GW-Modbus-03,1.8
2026-04-16 06:43:32,P-311,Pompe centrifuge BP,P-311-SEN-02,accelerometre,accelerometre,g,0.7483,0.12,1.62,normal,92.3,98.8,2000,GW-OPCUA-02,0.7
2026-04-16 06:43:11,P-311,Pompe centrifuge BP,P-311-SEN-03,thermique,thermique,°C,60.053,8.78,117.7,normal,92.2,98.4,128,GW-OPCUA-02,0.9
2026-04-16 06:43:15,P-311,Pompe centrifuge BP,P-311-SEN-04,sonde_proximite,sonde_proximite,microns,77.5528,11.7,158.81,normal,96.5,92.0,1000,GW-MQTT-01,1.0
2026-04-16 06:43:43,P-311,Pompe centrifuge BP,P-311-SEN-05,ultrason,ultrason,dB,53.1583,8.19,110.32,normal,94.2,100.1,2000,GW-Modbus-03,1.3
2026-04-16 06:43:43,P-311,Pompe centrifuge BP,P-311-SEN-06,courant,courant,A,160.607,23.4,313.4,normal,97.3,95.8,1000,GW-MQTT-01,0.9
2026-04-16 06:43:21,P-311,Pompe centrifuge BP,P-311-SEN-07,debit,debit,m3/h,113.7532,16.57,221.42,normal,95.8,99.1,128,GW-OPCUA-02,1.4
2026-04-16 06:43:13,P-311,Pompe centrifuge BP,P-311-SEN-08,pression,pression,bar,8.5731,1.27,17.04,normal,94.8,94.9,5000,GW-Modbus-03,1.3
2026-04-16 07:24:57,P-204,Pompe centrifuge HP,P-204-SEN-01,accelerometre,accelerometre,mm/s,1.3389,0.25,3.49,normal,93.6,95.7,128,GW-Modbus-03,1.3
2026-04-16 07:24:31,P-204,Pompe centrifuge HP,P-204-SEN-02,accelerometre,accelerometre,g,0.3802,0.05,0.75,normal,92.6,98.4,5000,GW-MQTT-01,0.6
2026-04-16 07:24:24,P-204,Pompe centrifuge HP,P-204-SEN-03,thermique,thermique,°C,26.3129,4.05,54.33,normal,97.2,97.1,512,GW-OPCUA-02,1.1
2026-04-16 07:24:11,P-204,Pompe centrifuge HP,P-204-SEN-04,sonde_proximite,sonde_proximite,microns,43.1007,5.4,73.32,normal,92.8,98.7,128,GW-OPCUA-02,1.5
2026-04-16 07:24:45,P-204,Pompe centrifuge HP,P-204-SEN-05,ultrason,ultrason,dB,25.492,3.78,50.93,normal,96.5,95.9,512,GW-OPCUA-02,1.4
2026-04-16 07:24:31,P-204,Pompe centrifuge HP,P-204-SEN-06,courant,courant,A,57.7293,10.8,144.66,normal,94.2,91.0,256,GW-OPCUA-02,0.7
2026-04-16 07:24:18,P-204,Pompe centrifuge HP,P-204-SEN-07,debit,debit,m3/h,51.4155,7.65,102.2,normal,93.0,98.5,128,GW-OPCUA-02,0.8
2026-04-16 07:24:09,P-204,Pompe centrifuge HP,P-204-SEN-08,pression,pression,bar,3.5908,0.58,7.87,normal,93.3,97.3,5000,GW-Modbus-03,2.1
2026-04-16 07:24:21,C-118,Compresseur à vis,C-118-SEN-01,accelerometre,accelerometre,mm/s,2.1439,0.31,4.31,normal,93.3,99.3,1000,GW-MQTT-01,1.4
2026-04-16 07:24:14,C-118,Compresseur à vis,C-118-SEN-02,accelerometre,accelerometre,g,0.5025,0.07,0.92,normal,93.3,97.0,128,GW-MQTT-01,0.8
2026-04-16 07:24:07,C-118,Compresseur à vis,C-118-SEN-03,thermique,thermique,°C,34.0558,4.99,67.01,normal,92.2,100.8,128,GW-Modbus-03,1.3
2026-04-16 07:24:31,C-118,Compresseur à vis,C-118-SEN-04,sonde_proximite,sonde_proximite,microns,35.3991,6.66,90.43,normal,92.1,97.1,256,GW-MQTT-01,0.9
2026-04-16 07:24:48,C-118,Compresseur à vis,C-118-SEN-05,ultrason,ultrason,dB,29.7071,4.66,62.81,normal,92.4,95.4,512,GW-OPCUA-02,1.2
2026-04-16 07:24:05,C-118,Compresseur à vis,C-118-SEN-06,courant,courant,A,89.2001,13.32,178.41,normal,94.7,95.9,1000,GW-OPCUA-02,0.7
2026-04-16 07:24:56,C-118,Compresseur à vis,C-118-SEN-07,debit,debit,m3/h,58.0423,9.43,126.04,normal,95.8,99.5,512,GW-Modbus-03,0.9
2026-04-16 07:24:25,C-118,Compresseur à vis,C-118-SEN-08,pression,pression,bar,5.5739,0.72,9.7,normal,94.9,93.9,1000,GW-Modbus-03,0.7
2026-04-16 07:24:02,V-302,Ventilateur tirage,V-302-SEN-01,accelerometre,accelerometre,mm/s,2.9309,0.37,5.12,normal,93.4,95.6,512,GW-Modbus-03,1.6
2026-04-16 07:24:54,V-302,Ventilateur tirage,V-302-SEN-02,accelerometre,accelerometre,g,0.5233,0.08,1.09,normal,92.2,92.7,256,GW-OPCUA-02,1.2
2026-04-16 07:24:41,V-302,Ventilateur tirage,V-302-SEN-03,thermique,thermique,°C,37.3852,5.94,79.68,normal,92.8,96.6,2000,GW-MQTT-01,1.5
2026-04-16 07:24:51,V-302,Ventilateur tirage,V-302-SEN-04,sonde_proximite,sonde_proximite,microns,65.0365,7.92,107.54,normal,96.9,98.7,512,GW-MQTT-01,1.2
2026-04-16 07:24:01,V-302,Ventilateur tirage,V-302-SEN-05,ultrason,ultrason,dB,34.3058,5.54,74.69,normal,94.0,94.5,256,GW-MQTT-01,1.1
2026-04-16 07:24:24,V-302,Ventilateur tirage,V-302-SEN-06,courant,courant,A,104.3157,15.84,212.17,normal,92.7,99.1,128,GW-OPCUA-02,0.8
2026-04-16 07:24:24,V-302,Ventilateur tirage,V-302-SEN-07,debit,debit,m3/h,75.1565,11.22,149.89,normal,92.6,97.1,5000,GW-MQTT-01,1.5
2026-04-16 07:24:08,V-302,Ventilateur tirage,V-302-SEN-08,pression,pression,bar,5.775,0.86,11.54,normal,95.3,94.0,512,GW-OPCUA-02,1.5
2026-04-16 07:24:08,M-019,Moteur électrique 400kW,M-019-SEN-01,accelerometre,accelerometre,mm/s,3.4402,0.43,5.94,normal,95.1,98.2,5000,GW-MQTT-01,1.4
2026-04-16 07:24:17,M-019,Moteur électrique 400kW,M-019-SEN-02,accelerometre,accelerometre,g,0.7431,0.09,1.27,normal,92.0,98.1,128,GW-Modbus-03,1.1
2026-04-16 07:24:13,M-019,Moteur électrique 400kW,M-019-SEN-03,thermique,thermique,°C,47.6534,6.88,92.36,normal,93.5,93.5,128,GW-Modbus-03,0.7
2026-04-16 07:24:27,M-019,Moteur électrique 400kW,M-019-SEN-04,sonde_proximite,sonde_proximite,microns,63.0875,9.18,124.64,normal,93.4,96.5,1000,GW-OPCUA-02,0.7
2026-04-16 07:24:44,M-019,Moteur électrique 400kW,M-019-SEN-05,ultrason,ultrason,dB,41.9374,6.43,86.58,normal,93.2,93.7,512,GW-Modbus-03,0.6
2026-04-16 07:24:07,M-019,Moteur électrique 400kW,M-019-SEN-06,courant,courant,A,120.6181,18.36,245.92,normal,93.4,96.8,256,GW-OPCUA-02,1.2
2026-04-16 07:24:33,M-019,Moteur électrique 400kW,M-019-SEN-07,debit,debit,m3/h,89.6071,13.01,173.74,normal,96.1,95.7,128,GW-OPCUA-02,1.4
2026-04-16 07:24:58,M-019,Moteur électrique 400kW,M-019-SEN-08,pression,pression,bar,6.1571,0.99,13.37,normal,93.4,101.4,1000,GW-MQTT-01,1.0
2026-04-16 07:24:58,R-077,Réducteur convoyeur,R-077-SEN-01,accelerometre,accelerometre,mm/s,3.8893,0.49,6.75,normal,92.5,101.1,256,GW-MQTT-01,1.7
2026-04-16 07:24:53,R-077,Réducteur convoyeur,R-077-SEN-02,accelerometre,accelerometre,g,0.672,0.1,1.44,normal,93.5,97.8,5000,GW-Modbus-03,1.2
2026-04-16 07:24:38,R-077,Réducteur convoyeur,R-077-SEN-03,thermique,thermique,°C,49.2111,7.83,105.04,normal,93.7,93.9,5000,GW-OPCUA-02,0.6
2026-04-16 07:24:11,R-077,Réducteur convoyeur,R-077-SEN-04,sonde_proximite,sonde_proximite,microns,64.3729,10.44,141.75,normal,92.2,97.9,128,GW-MQTT-01,0.9
2026-04-16 07:24:54,R-077,Réducteur convoyeur,R-077-SEN-05,ultrason,ultrason,dB,44.8308,7.31,98.46,normal,95.3,95.9,5000,GW-MQTT-01,1.6
2026-04-16 07:24:13,R-077,Réducteur convoyeur,R-077-SEN-06,courant,courant,A,125.9142,20.88,279.68,normal,95.9,96.9,2000,GW-MQTT-01,1.6
2026-04-16 07:24:24,R-077,Réducteur convoyeur,R-077-SEN-07,debit,debit,m3/h,94.2753,14.79,197.58,normal,92.5,96.4,1000,GW-OPCUA-02,0.9
2026-04-16 07:24:12,R-077,Réducteur convoyeur,R-077-SEN-08,pression,pression,bar,7.5836,1.13,15.21,normal,92.6,95.8,1000,GW-Modbus-03,1.3
2026-04-16 07:24:53,P-311,Pompe centrifuge BP,P-311-SEN-01,accelerometre,accelerometre,mm/s,3.2009,0.55,7.57,normal,94.0,92.6,2000,GW-Modbus-03,1.3
2026-04-16 07:24:13,P-311,Pompe centrifuge BP,P-311-SEN-02,accelerometre,accelerometre,g,0.8567,0.12,1.62,normal,94.1,98.2,5000,GW-Modbus-03,1.5
2026-04-16 07:24:07,P-311,Pompe centrifuge BP,P-311-SEN-03,thermique,thermique,°C,53.161,8.78,117.72,normal,92.1,99.4,5000,GW-OPCUA-02,1.1
2026-04-16 07:24:01,P-311,Pompe centrifuge BP,P-311-SEN-04,sonde_proximite,sonde_proximite,microns,66.0645,11.7,158.86,normal,95.8,93.9,5000,GW-Modbus-03,1.3
2026-04-16 07:24:11,P-311,Pompe centrifuge BP,P-311-SEN-05,ultrason,ultrason,dB,56.4745,8.19,110.34,normal,94.3,99.8,256,GW-MQTT-01,0.9
2026-04-16 07:24:14,P-311,Pompe centrifuge BP,P-311-SEN-06,courant,courant,A,151.4623,23.4,313.43,normal,97.2,93.8,512,GW-MQTT-01,1.7
2026-04-16 07:24:51,P-311,Pompe centrifuge BP,P-311-SEN-07,debit,debit,m3/h,119.2634,16.57,221.43,normal,92.4,94.2,2000,GW-MQTT-01,1.3
2026-04-16 07:24:20,P-311,Pompe centrifuge BP,P-311-SEN-08,pression,pression,bar,8.4787,1.27,17.04,normal,95.0,92.3,256,GW-OPCUA-02,0.4
2026-04-16 08:55:58,P-204,Pompe centrifuge HP,P-204-SEN-01,accelerometre,accelerometre,mm/s,1.5272,0.25,3.49,normal,95.9,95.7,5000,GW-Modbus-03,1.1
2026-04-16 08:55:45,P-204,Pompe centrifuge HP,P-204-SEN-02,accelerometre,accelerometre,g,0.393,0.05,0.75,normal,94.8,95.9,1000,GW-OPCUA-02,0.9
2026-04-16 08:55:22,P-204,Pompe centrifuge HP,P-204-SEN-03,thermique,thermique,°C,24.5486,4.05,54.34,normal,92.1,99.3,5000,GW-Modbus-03,1.3
2026-04-16 08:55:47,P-204,Pompe centrifuge HP,P-204-SEN-04,sonde_proximite,sonde_proximite,microns,46.1093,5.4,73.34,normal,96.0,99.2,128,GW-Modbus-03,1.1
2026-04-16 08:55:35,P-204,Pompe centrifuge HP,P-204-SEN-05,ultrason,ultrason,dB,26.868,3.78,50.94,normal,96.2,96.2,2000,GW-Modbus-03,1.3
2026-04-16 08:55:06,P-204,Pompe centrifuge HP,P-204-SEN-06,courant,courant,A,74.4227,10.8,144.67,normal,92.1,93.6,512,GW-Modbus-03,1.5
2026-04-16 08:55:03,P-204,Pompe centrifuge HP,P-204-SEN-07,debit,debit,m3/h,51.2176,7.65,102.2,normal,96.4,97.9,1000,GW-OPCUA-02,0.7
2026-04-16 08:55:18,P-204,Pompe centrifuge HP,P-204-SEN-08,pression,pression,bar,3.9866,0.58,7.87,normal,92.9,100.2,5000,GW-MQTT-01,0.6
2026-04-16 08:55:40,C-118,Compresseur à vis,C-118-SEN-01,accelerometre,accelerometre,mm/s,1.9858,0.31,4.31,normal,96.2,96.9,512,GW-MQTT-01,1.0
2026-04-16 08:55:56,C-118,Compresseur à vis,C-118-SEN-02,accelerometre,accelerometre,g,0.2915,0.07,0.92,normal,96.1,95.2,512,GW-Modbus-03,1.2
2026-04-16 08:55:31,C-118,Compresseur à vis,C-118-SEN-03,thermique,thermique,°C,34.3777,4.99,67.01,normal,91.9,95.4,128,GW-MQTT-01,1.5
2026-04-16 08:55:20,C-118,Compresseur à vis,C-118-SEN-04,sonde_proximite,sonde_proximite,microns,48.4569,6.66,90.46,normal,91.6,93.4,5000,GW-MQTT-01,0.9
2026-04-16 08:55:37,C-118,Compresseur à vis,C-118-SEN-05,ultrason,ultrason,dB,27.3632,4.66,62.82,normal,97.1,92.7,1000,GW-OPCUA-02,1.1
2026-04-16 08:55:58,C-118,Compresseur à vis,C-118-SEN-06,courant,courant,A,89.646,13.32,178.43,normal,92.8,95.8,5000,GW-MQTT-01,1.0
2026-04-16 08:55:23,C-118,Compresseur à vis,C-118-SEN-07,debit,debit,m3/h,68.319,9.43,126.05,normal,96.5,99.0,512,GW-Modbus-03,1.0
2026-04-16 08:55:34,C-118,Compresseur à vis,C-118-SEN-08,pression,pression,bar,4.0154,0.72,9.7,normal,95.2,97.2,5000,GW-MQTT-01,1.3
2026-04-16 08:55:15,V-302,Ventilateur tirage,V-302-SEN-01,accelerometre,accelerometre,mm/s,2.757,0.37,5.13,normal,96.3,96.7,256,GW-OPCUA-02,1.4
2026-04-16 08:55:32,V-302,Ventilateur tirage,V-302-SEN-02,accelerometre,accelerometre,g,0.6207,0.08,1.1,normal,94.8,94.6,1000,GW-Modbus-03,1.0
2026-04-16 08:55:10,V-302,Ventilateur tirage,V-302-SEN-03,thermique,thermique,°C,45.3608,5.94,79.69,normal,91.7,94.2,512,GW-MQTT-01,0.7
2026-04-16 08:55:33,V-302,Ventilateur tirage,V-302-SEN-04,sonde_proximite,sonde_proximite,microns,48.6265,7.92,107.57,normal,96.5,97.1,256,GW-MQTT-01,1.6
2026-04-16 08:55:35,V-302,Ventilateur tirage,V-302-SEN-05,ultrason,ultrason,dB,43.9405,5.54,74.71,normal,92.7,96.9,2000,GW-Modbus-03,1.4
2026-04-16 08:55:42,V-302,Ventilateur tirage,V-302-SEN-06,courant,courant,A,104.9462,15.84,212.19,normal,92.8,98.4,256,GW-MQTT-01,1.7
2026-04-16 08:55:57,V-302,Ventilateur tirage,V-302-SEN-07,debit,debit,m3/h,75.4854,11.22,149.9,normal,95.5,99.2,256,GW-MQTT-01,1.9
2026-04-16 08:55:50,V-302,Ventilateur tirage,V-302-SEN-08,pression,pression,bar,6.2853,0.86,11.54,normal,96.5,97.2,2000,GW-Modbus-03,2.0
2026-04-16 08:55:29,M-019,Moteur électrique 400kW,M-019-SEN-01,accelerometre,accelerometre,mm/s,3.4568,0.43,5.94,normal,96.4,100.9,1000,GW-Modbus-03,1.4
2026-04-16 08:55:57,M-019,Moteur électrique 400kW,M-019-SEN-02,accelerometre,accelerometre,g,0.5537,0.09,1.27,normal,96.8,98.0,512,GW-Modbus-03,1.3
2026-04-16 08:55:04,M-019,Moteur électrique 400kW,M-019-SEN-03,thermique,thermique,°C,50.7831,6.88,92.37,normal,92.6,97.8,1000,GW-MQTT-01,0.9
2026-04-16 08:55:41,M-019,Moteur électrique 400kW,M-019-SEN-04,sonde_proximite,sonde_proximite,microns,57.6326,9.18,124.68,normal,93.0,98.9,512,GW-MQTT-01,1.7
2026-04-16 08:55:16,M-019,Moteur électrique 400kW,M-019-SEN-05,ultrason,ultrason,dB,37.8672,6.43,86.59,normal,94.5,97.6,512,GW-Modbus-03,2.0
2026-04-16 08:55:22,M-019,Moteur électrique 400kW,M-019-SEN-06,courant,courant,A,121.1147,18.36,245.94,normal,92.2,94.9,2000,GW-MQTT-01,1.4
2026-04-16 08:55:49,M-019,Moteur électrique 400kW,M-019-SEN-07,debit,debit,m3/h,85.9811,13.01,173.74,normal,95.8,95.5,512,GW-MQTT-01,0.6
2026-04-16 08:55:57,M-019,Moteur électrique 400kW,M-019-SEN-08,pression,pression,bar,6.8956,0.99,13.37,normal,94.3,95.0,256,GW-MQTT-01,0.7
2026-04-16 08:55:57,R-077,Réducteur convoyeur,R-077-SEN-01,accelerometre,accelerometre,mm/s,3.2332,0.49,6.76,normal,91.7,97.5,512,GW-MQTT-01,0.1
2026-04-16 08:55:44,R-077,Réducteur convoyeur,R-077-SEN-02,accelerometre,accelerometre,g,0.7547,0.1,1.44,normal,97.0,97.0,5000,GW-Modbus-03,1.2
2026-04-16 08:55:42,R-077,Réducteur convoyeur,R-077-SEN-03,thermique,thermique,°C,52.4192,7.83,105.05,normal,93.5,97.8,128,GW-MQTT-01,1.1
2026-04-16 08:55:17,R-077,Réducteur convoyeur,R-077-SEN-04,sonde_proximite,sonde_proximite,microns,71.7991,10.44,141.8,normal,94.7,95.3,1000,GW-Modbus-03,1.3
2026-04-16 08:55:50,R-077,Réducteur convoyeur,R-077-SEN-05,ultrason,ultrason,dB,48.5487,7.31,98.48,normal,96.6,96.4,256,GW-Modbus-03,1.3
2026-04-16 08:55:51,R-077,Réducteur convoyeur,R-077-SEN-06,courant,courant,A,136.5863,20.88,279.7,normal,93.6,95.9,128,GW-OPCUA-02,1.2
2026-04-16 08:55:51,R-077,Réducteur convoyeur,R-077-SEN-07,debit,debit,m3/h,98.202,14.79,197.59,normal,96.9,97.2,512,GW-MQTT-01,0.9
2026-04-16 08:55:16,R-077,Réducteur convoyeur,R-077-SEN-08,pression,pression,bar,6.8576,1.13,15.21,normal,92.2,95.6,256,GW-OPCUA-02,1.7
2026-04-16 08:55:57,P-311,Pompe centrifuge BP,P-311-SEN-01,accelerometre,accelerometre,mm/s,3.4271,0.55,7.57,normal,96.8,97.5,256,GW-Modbus-03,1.7
2026-04-16 08:55:51,P-311,Pompe centrifuge BP,P-311-SEN-02,accelerometre,accelerometre,g,0.7891,0.12,1.62,normal,95.3,96.7,256,GW-OPCUA-02,2.2
2026-04-16 08:55:04,P-311,Pompe centrifuge BP,P-311-SEN-03,thermique,thermique,°C,58.3833,8.78,117.73,normal,92.8,95.7,5000,GW-MQTT-01,1.2
2026-04-16 08:55:50,P-311,Pompe centrifuge BP,P-311-SEN-04,sonde_proximite,sonde_proximite,microns,85.015,11.7,158.91,normal,93.1,96.2,512,GW-OPCUA-02,1.5
2026-04-16 08:55:06,P-311,Pompe centrifuge BP,P-311-SEN-05,ultrason,ultrason,dB,52.0053,8.19,110.36,normal,94.5,97.7,1000,GW-Modbus-03,0.5
2026-04-16 08:55:04,P-311,Pompe centrifuge BP,P-311-SEN-06,courant,courant,A,160.8637,23.4,313.46,normal,92.7,96.1,2000,GW-MQTT-01,0.7
2026-04-16 08:55:49,P-311,Pompe centrifuge BP,P-311-SEN-07,debit,debit,m3/h,109.7436,16.57,221.44,normal,96.8,98.2,512,GW-Modbus-03,1.3
2026-04-16 08:55:14,P-311,Pompe centrifuge BP,P-311-SEN-08,pression,pression,bar,8.6107,1.27,17.05,normal,91.7,95.9,5000,GW-MQTT-01,1.2
2026-04-16 09:22:15,P-204,Pompe centrifuge HP,P-204-SEN-01,accelerometre,accelerometre,mm/s,1.7309,0.25,3.5,normal,91.7,98.0,512,GW-Modbus-03,1.2
2026-04-16 09:22:27,P-204,Pompe centrifuge HP,P-204-SEN-02,accelerometre,accelerometre,g,0.2151,0.05,0.75,normal,93.1,94.2,1000,GW-Modbus-03,1.2
2026-04-16 09:22:57,P-204,Pompe centrifuge HP,P-204-SEN-03,thermique,thermique,°C,30.1055,4.05,54.34,normal,95.7,95.9,5000,GW-Modbus-03,1.2
2026-04-16 09:22:25,P-204,Pompe centrifuge HP,P-204-SEN-04,sonde_proximite,sonde_proximite,microns,38.6798,5.4,73.37,normal,95.8,98.6,5000,GW-MQTT-01,1.1
2026-04-16 09:22:44,P-204,Pompe centrifuge HP,P-204-SEN-05,ultrason,ultrason,dB,27.5869,3.78,50.95,normal,94.2,97.0,1000,GW-Modbus-03,1.2
2026-04-16 09:22:32,P-204,Pompe centrifuge HP,P-204-SEN-06,courant,courant,A,58.0592,10.8,144.68,normal,92.7,98.8,5000,GW-OPCUA-02,1.4
2026-04-16 09:22:37,P-204,Pompe centrifuge HP,P-204-SEN-07,debit,debit,m3/h,49.2905,7.65,102.21,normal,91.7,99.6,512,GW-MQTT-01,0.8
2026-04-16 09:22:57,P-204,Pompe centrifuge HP,P-204-SEN-08,pression,pression,bar,3.8996,0.58,7.87,normal,92.0,97.1,2000,GW-OPCUA-02,1.0
2026-04-16 09:22:54,C-118,Compresseur à vis,C-118-SEN-01,accelerometre,accelerometre,mm/s,2.4623,0.31,4.31,normal,96.6,93.7,2000,GW-OPCUA-02,1.6
2026-04-16 09:22:40,C-118,Compresseur à vis,C-118-SEN-02,accelerometre,accelerometre,g,0.4807,0.07,0.92,normal,92.9,97.0,1000,GW-MQTT-01,1.2
2026-04-16 09:22:06,C-118,Compresseur à vis,C-118-SEN-03,thermique,thermique,°C,35.7571,4.99,67.02,normal,95.2,96.4,2000,GW-OPCUA-02,1.2
2026-04-16 09:22:24,C-118,Compresseur à vis,C-118-SEN-04,sonde_proximite,sonde_proximite,microns,43.0404,6.66,90.49,normal,96.2,97.4,512,GW-Modbus-03,1.4
2026-04-16 09:22:28,C-118,Compresseur à vis,C-118-SEN-05,ultrason,ultrason,dB,28.904,4.66,62.83,normal,94.0,97.4,5000,GW-OPCUA-02,1.2
2026-04-16 09:22:19,C-118,Compresseur à vis,C-118-SEN-06,courant,courant,A,92.3285,13.32,178.44,normal,95.4,98.7,1000,GW-MQTT-01,1.2
2026-04-16 09:22:14,C-118,Compresseur à vis,C-118-SEN-07,debit,debit,m3/h,68.0109,9.43,126.05,normal,95.1,97.2,5000,GW-OPCUA-02,0.8
2026-04-16 09:22:19,C-118,Compresseur à vis,C-118-SEN-08,pression,pression,bar,5.0017,0.72,9.7,normal,93.1,99.8,128,GW-OPCUA-02,1.1
2026-04-16 09:22:18,V-302,Ventilateur tirage,V-302-SEN-01,accelerometre,accelerometre,mm/s,2.612,0.37,5.13,normal,94.8,97.5,5000,GW-Modbus-03,1.1
2026-04-16 09:22:31,V-302,Ventilateur tirage,V-302-SEN-02,accelerometre,accelerometre,g,0.4839,0.08,1.1,normal,92.0,95.9,512,GW-OPCUA-02,1.3
2026-04-16 09:22:00,V-302,Ventilateur tirage,V-302-SEN-03,thermique,thermique,°C,37.7531,5.94,79.7,normal,96.6,97.1,512,GW-Modbus-03,1.7
2026-04-16 09:22:44,V-302,Ventilateur tirage,V-302-SEN-04,sonde_proximite,sonde_proximite,microns,57.25,7.92,107.61,normal,95.3,96.4,5000,GW-OPCUA-02,1.3
2026-04-16 09:22:24,V-302,Ventilateur tirage,V-302-SEN-05,ultrason,ultrason,dB,37.0045,5.54,74.72,normal,95.1,96.1,2000,GW-OPCUA-02,1.5
2026-04-16 09:22:19,V-302,Ventilateur tirage,V-302-SEN-06,courant,courant,A,107.3963,15.84,212.2,normal,94.5,98.4,2000,GW-Modbus-03,2.2
2026-04-16 09:22:44,V-302,Ventilateur tirage,V-302-SEN-07,debit,debit,m3/h,80.2531,11.22,149.9,normal,93.0,100.5,5000,GW-MQTT-01,1.2
2026-04-16 09:22:08,V-302,Ventilateur tirage,V-302-SEN-08,pression,pression,bar,5.5896,0.86,11.54,normal,92.1,96.4,5000,GW-MQTT-01,1.6
2026-04-16 09:22:41,M-019,Moteur électrique 400kW,M-019-SEN-01,accelerometre,accelerometre,mm/s,2.6254,0.43,5.94,normal,95.7,98.5,5000,GW-MQTT-01,1.5
2026-04-16 09:22:47,M-019,Moteur électrique 400kW,M-019-SEN-02,accelerometre,accelerometre,g,0.6073,0.09,1.27,normal,96.4,96.4,128,GW-OPCUA-02,0.7
2026-04-16 09:22:50,M-019,Moteur électrique 400kW,M-019-SEN-03,thermique,thermique,°C,48.7775,6.88,92.38,normal,93.1,95.0,5000,GW-MQTT-01,1.2
2026-04-16 09:22:22,M-019,Moteur électrique 400kW,M-019-SEN-04,sonde_proximite,sonde_proximite,microns,60.8977,9.18,124.73,normal,94.1,95.1,256,GW-MQTT-01,1.2
2026-04-16 09:22:05,M-019,Moteur électrique 400kW,M-019-SEN-05,ultrason,ultrason,dB,44.4555,6.43,86.61,normal,96.4,94.6,2000,GW-OPCUA-02,0.8
2026-04-16 09:22:31,M-019,Moteur électrique 400kW,M-019-SEN-06,courant,courant,A,120.6114,18.36,245.96,normal,94.5,99.3,512,GW-Modbus-03,1.5
2026-04-16 09:22:19,M-019,Moteur électrique 400kW,M-019-SEN-07,debit,debit,m3/h,87.6008,13.01,173.75,normal,97.0,96.7,1000,GW-MQTT-01,0.9
2026-04-16 09:22:54,M-019,Moteur électrique 400kW,M-019-SEN-08,pression,pression,bar,6.4935,0.99,13.38,normal,92.5,95.4,256,GW-MQTT-01,1.2
2026-04-16 09:22:47,R-077,Réducteur convoyeur,R-077-SEN-01,accelerometre,accelerometre,mm/s,3.1991,0.49,6.76,normal,95.7,97.9,5000,GW-OPCUA-02,1.6
2026-04-16 09:22:45,R-077,Réducteur convoyeur,R-077-SEN-02,accelerometre,accelerometre,g,0.8154,0.1,1.44,normal,93.4,97.2,2000,GW-Modbus-03,1.0
2026-04-16 09:22:28,R-077,Réducteur convoyeur,R-077-SEN-03,thermique,thermique,°C,51.3019,7.83,105.06,normal,93.9,96.9,2000,GW-MQTT-01,0.9
2026-04-16 09:22:09,R-077,Réducteur convoyeur,R-077-SEN-04,sonde_proximite,sonde_proximite,microns,65.8969,10.44,141.84,normal,92.1,98.2,256,GW-OPCUA-02,0.7
2026-04-16 09:22:21,R-077,Réducteur convoyeur,R-077-SEN-05,ultrason,ultrason,dB,49.5481,7.31,98.5,normal,94.2,97.4,5000,GW-Modbus-03,1.3
2026-04-16 09:22:25,R-077,Réducteur convoyeur,R-077-SEN-06,courant,courant,A,133.7223,20.88,279.72,normal,93.9,95.8,256,GW-Modbus-03,1.6
2026-04-16 09:22:47,R-077,Réducteur convoyeur,R-077-SEN-07,debit,debit,m3/h,93.6835,14.79,197.6,normal,94.8,96.3,512,GW-OPCUA-02,0.7
2026-04-16 09:22:08,R-077,Réducteur convoyeur,R-077-SEN-08,pression,pression,bar,8.0514,1.13,15.21,normal,96.4,98.1,1000,GW-Modbus-03,0.5
2026-04-16 09:22:33,P-311,Pompe centrifuge BP,P-311-SEN-01,accelerometre,accelerometre,mm/s,3.7785,0.55,7.58,normal,92.8,96.3,1000,GW-Modbus-03,1.1
2026-04-16 09:22:31,P-311,Pompe centrifuge BP,P-311-SEN-02,accelerometre,accelerometre,g,0.8612,0.12,1.62,normal,91.9,97.8,256,GW-Modbus-03,1.3
2026-04-16 09:22:12,P-311,Pompe centrifuge BP,P-311-SEN-03,thermique,thermique,°C,58.0965,8.78,117.74,normal,92.9,99.7,1000,GW-MQTT-01,0.9
2026-04-16 09:22:44,P-311,Pompe centrifuge BP,P-311-SEN-04,sonde_proximite,sonde_proximite,microns,75.1469,11.7,158.96,normal,93.5,93.9,128,GW-OPCUA-02,0.5
2026-04-16 09:22:06,P-311,Pompe centrifuge BP,P-311-SEN-05,ultrason,ultrason,dB,50.5944,8.19,110.39,normal,93.0,96.9,5000,GW-OPCUA-02,1.3
2026-04-16 09:22:16,P-311,Pompe centrifuge BP,P-311-SEN-06,courant,courant,A,153.5347,23.4,313.48,normal,94.0,94.7,256,GW-MQTT-01,1.4
2026-04-16 09:22:25,P-311,Pompe centrifuge BP,P-311-SEN-07,debit,debit,m3/h,110.2443,16.57,221.44,normal,92.3,95.6,2000,GW-OPCUA-02,0.7
2026-04-16 09:22:44,P-311,Pompe centrifuge BP,P-311-SEN-08,pression,pression,bar,7.786,1.27,17.05,normal,96.1,97.0,5000,GW-OPCUA-02,1.1
2026-04-16 10:49:53,P-204,Pompe centrifuge HP,P-204-SEN-01,accelerometre,accelerometre,mm/s,1.3958,0.25,3.5,normal,92.1,98.4,512,GW-MQTT-01,0.9
2026-04-16 10:49:11,P-204,Pompe centrifuge HP,P-204-SEN-02,accelerometre,accelerometre,g,0.3699,0.05,0.75,normal,93.3,92.4,512,GW-MQTT-01,1.8
2026-04-16 10:49:55,P-204,Pompe centrifuge HP,P-204-SEN-03,thermique,thermique,°C,27.6117,4.05,54.35,normal,91.7,93.2,1000,GW-Modbus-03,1.0
2026-04-16 10:49:45,P-204,Pompe centrifuge HP,P-204-SEN-04,sonde_proximite,sonde_proximite,microns,46.998,5.4,73.39,normal,95.9,96.9,128,GW-MQTT-01,1.5
2026-04-16 10:49:05,P-204,Pompe centrifuge HP,P-204-SEN-05,ultrason,ultrason,dB,28.8793,3.78,50.96,normal,94.0,96.2,256,GW-OPCUA-02,1.6
2026-04-16 10:49:25,P-204,Pompe centrifuge HP,P-204-SEN-06,courant,courant,A,73.7513,10.8,144.7,normal,93.9,96.9,256,GW-Modbus-03,1.7
2026-04-16 10:49:44,P-204,Pompe centrifuge HP,P-204-SEN-07,debit,debit,m3/h,49.3374,7.65,102.21,normal,93.0,97.9,2000,GW-Modbus-03,1.5
2026-04-16 10:49:17,P-204,Pompe centrifuge HP,P-204-SEN-08,pression,pression,bar,3.5637,0.58,7.87,normal,91.6,99.1,128,GW-Modbus-03,1.1
2026-04-16 10:49:44,C-118,Compresseur à vis,C-118-SEN-01,accelerometre,accelerometre,mm/s,2.3746,0.31,4.32,normal,96.7,96.3,256,GW-Modbus-03,1.8
2026-04-16 10:49:04,C-118,Compresseur à vis,C-118-SEN-02,accelerometre,accelerometre,g,0.4877,0.07,0.92,normal,93.1,99.5,2000,GW-OPCUA-02,1.4
2026-04-16 10:49:11,C-118,Compresseur à vis,C-118-SEN-03,thermique,thermique,°C,34.0358,4.99,67.03,normal,92.4,98.1,1000,GW-MQTT-01,0.7
2026-04-16 10:49:45,C-118,Compresseur à vis,C-118-SEN-04,sonde_proximite,sonde_proximite,microns,38.8956,6.66,90.52,normal,96.3,95.6,1000,GW-Modbus-03,0.6
2026-04-16 10:49:16,C-118,Compresseur à vis,C-118-SEN-05,ultrason,ultrason,dB,26.5896,4.66,62.85,normal,94.1,99.7,5000,GW-Modbus-03,1.1
2026-04-16 10:49:08,C-118,Compresseur à vis,C-118-SEN-06,courant,courant,A,88.7237,13.32,178.46,normal,92.5,93.7,512,GW-MQTT-01,1.0
2026-04-16 10:49:00,C-118,Compresseur à vis,C-118-SEN-07,debit,debit,m3/h,67.2688,9.43,126.06,normal,92.4,93.2,1000,GW-MQTT-01,1.2
2026-04-16 10:49:23,C-118,Compresseur à vis,C-118-SEN-08,pression,pression,bar,4.8859,0.72,9.71,normal,96.2,94.5,128,GW-MQTT-01,1.9
2026-04-16 10:49:21,V-302,Ventilateur tirage,V-302-SEN-01,accelerometre,accelerometre,mm/s,2.9376,0.37,5.13,normal,95.5,93.7,2000,GW-MQTT-01,1.5
2026-04-16 10:49:59,V-302,Ventilateur tirage,V-302-SEN-02,accelerometre,accelerometre,g,0.5545,0.08,1.1,normal,95.6,98.2,128,GW-Modbus-03,1.3
2026-04-16 10:49:10,V-302,Ventilateur tirage,V-302-SEN-03,thermique,thermique,°C,41.1156,5.94,79.71,normal,94.0,98.5,2000,GW-OPCUA-02,1.6
2026-04-16 10:49:19,V-302,Ventilateur tirage,V-302-SEN-04,sonde_proximite,sonde_proximite,microns,60.8173,7.92,107.64,normal,92.1,98.9,2000,GW-OPCUA-02,1.3
2026-04-16 10:49:07,V-302,Ventilateur tirage,V-302-SEN-05,ultrason,ultrason,dB,40.7063,5.54,74.74,normal,92.3,96.0,5000,GW-MQTT-01,1.3
2026-04-16 10:49:47,V-302,Ventilateur tirage,V-302-SEN-06,courant,courant,A,119.5701,15.84,212.22,normal,92.4,96.7,512,GW-Modbus-03,0.8
2026-04-16 10:49:49,V-302,Ventilateur tirage,V-302-SEN-07,debit,debit,m3/h,74.8868,11.22,149.91,normal,92.5,96.7,512,GW-MQTT-01,1.2
2026-04-16 10:49:31,V-302,Ventilateur tirage,V-302-SEN-08,pression,pression,bar,5.9855,0.86,11.54,normal,94.8,95.7,2000,GW-OPCUA-02,1.4
2026-04-16 10:49:32,M-019,Moteur électrique 400kW,M-019-SEN-01,accelerometre,accelerometre,mm/s,3.04,0.43,5.95,normal,92.2,97.8,1000,GW-MQTT-01,1.2
2026-04-16 10:49:02,M-019,Moteur électrique 400kW,M-019-SEN-02,accelerometre,accelerometre,g,0.7624,0.09,1.27,normal,95.4,94.8,2000,GW-OPCUA-02,1.3
2026-04-16 10:49:02,M-019,Moteur électrique 400kW,M-019-SEN-03,thermique,thermique,°C,47.8174,6.88,92.39,normal,91.3,98.4,1000,GW-MQTT-01,1.6
2026-04-16 10:49:33,M-019,Moteur électrique 400kW,M-019-SEN-04,sonde_proximite,sonde_proximite,microns,76.4092,9.18,124.77,normal,93.4,94.4,256,GW-Modbus-03,0.7
2026-04-16 10:49:02,M-019,Moteur électrique 400kW,M-019-SEN-05,ultrason,ultrason,dB,38.7934,6.43,86.63,normal,92.2,96.2,256,GW-Modbus-03,0.6
2026-04-16 10:49:05,M-019,Moteur électrique 400kW,M-019-SEN-06,courant,courant,A,119.6741,18.36,245.98,normal,94.2,96.6,1000,GW-OPCUA-02,1.0
2026-04-16 10:49:52,M-019,Moteur électrique 400kW,M-019-SEN-07,debit,debit,m3/h,90.2165,13.01,173.75,normal,94.0,96.0,128,GW-MQTT-01,1.2
2026-04-16 10:49:01,M-019,Moteur électrique 400kW,M-019-SEN-08,pression,pression,bar,6.5951,0.99,13.38,normal,95.2,97.2,512,GW-MQTT-01,1.7
2026-04-16 10:49:14,R-077,Réducteur convoyeur,R-077-SEN-01,accelerometre,accelerometre,mm/s,3.2337,0.49,6.77,normal,91.3,99.6,512,GW-OPCUA-02,0.8
2026-04-16 10:49:45,R-077,Réducteur convoyeur,R-077-SEN-02,accelerometre,accelerometre,g,0.7929,0.1,1.45,normal,93.3,97.5,2000,GW-OPCUA-02,1.9
2026-04-16 10:49:44,R-077,Réducteur convoyeur,R-077-SEN-03,thermique,thermique,°C,52.2591,7.83,105.07,normal,95.9,97.2,1000,GW-MQTT-01,1.1
2026-04-16 10:49:39,R-077,Réducteur convoyeur,R-077-SEN-04,sonde_proximite,sonde_proximite,microns,68.6278,10.44,141.89,normal,92.9,93.5,5000,GW-OPCUA-02,1.1
2026-04-16 10:49:26,R-077,Réducteur convoyeur,R-077-SEN-05,ultrason,ultrason,dB,56.788,7.31,98.52,normal,94.6,98.5,5000,GW-OPCUA-02,1.9
2026-04-16 10:49:28,R-077,Réducteur convoyeur,R-077-SEN-06,courant,courant,A,145.3317,20.88,279.75,normal,94.8,97.2,128,GW-MQTT-01,1.1
2026-04-16 10:49:37,R-077,Réducteur convoyeur,R-077-SEN-07,debit,debit,m3/h,110.7054,14.79,197.6,normal,92.2,99.4,512,GW-OPCUA-02,1.0
2026-04-16 10:49:27,R-077,Réducteur convoyeur,R-077-SEN-08,pression,pression,bar,7.7894,1.13,15.21,normal,93.4,98.2,5000,GW-OPCUA-02,0.6
2026-04-16 10:49:34,P-311,Pompe centrifuge BP,P-311-SEN-01,accelerometre,accelerometre,mm/s,3.478,0.55,7.58,normal,93.5,95.3,1000,GW-MQTT-01,1.4
2026-04-16 10:49:05,P-311,Pompe centrifuge BP,P-311-SEN-02,accelerometre,accelerometre,g,0.8091,0.12,1.62,normal,93.1,96.9,512,GW-OPCUA-02,1.4
2026-04-16 10:49:17,P-311,Pompe centrifuge BP,P-311-SEN-03,thermique,thermique,°C,61.0366,8.78,117.75,normal,95.0,93.6,512,GW-OPCUA-02,1.7
2026-04-16 10:49:41,P-311,Pompe centrifuge BP,P-311-SEN-04,sonde_proximite,sonde_proximite,microns,87.7915,11.7,159.02,normal,91.4,97.5,5000,GW-Modbus-03,1.4
2026-04-16 10:49:44,P-311,Pompe centrifuge BP,P-311-SEN-05,ultrason,ultrason,dB,56.0328,8.19,110.41,normal,94.3,98.4,256,GW-Modbus-03,0.6
2026-04-16 10:49:00,P-311,Pompe centrifuge BP,P-311-SEN-06,courant,courant,A,156.3617,23.4,313.51,normal,93.3,94.7,512,GW-Modbus-03,1.0
2026-04-16 10:49:33,P-311,Pompe centrifuge BP,P-311-SEN-07,debit,debit,m3/h,113.306,16.57,221.45,normal,92.3,98.0,512,GW-OPCUA-02,1.5
2026-04-16 10:49:26,P-311,Pompe centrifuge BP,P-311-SEN-08,pression,pression,bar,8.7872,1.27,17.05,normal,93.2,100.5,512,GW-OPCUA-02,2.0
2026-04-16 11:53:23,P-204,Pompe centrifuge HP,P-204-SEN-01,accelerometre,accelerometre,mm/s,1.5669,0.25,3.5,normal,93.8,95.2,128,GW-Modbus-03,1.2
2026-04-16 11:53:57,P-204,Pompe centrifuge HP,P-204-SEN-02,accelerometre,accelerometre,g,0.4156,0.05,0.75,normal,94.1,95.5,1000,GW-Modbus-03,1.0
2026-04-16 11:53:53,P-204,Pompe centrifuge HP,P-204-SEN-03,thermique,thermique,°C,24.4679,4.05,54.35,normal,96.3,96.2,128,GW-MQTT-01,1.5
2026-04-16 11:53:03,P-204,Pompe centrifuge HP,P-204-SEN-04,sonde_proximite,sonde_proximite,microns,33.8294,5.4,73.42,normal,91.2,95.6,1000,GW-Modbus-03,1.2
2026-04-16 11:53:53,P-204,Pompe centrifuge HP,P-204-SEN-05,ultrason,ultrason,dB,26.2153,3.78,50.97,normal,95.4,94.3,2000,GW-MQTT-01,1.6
2026-04-16 11:53:39,P-204,Pompe centrifuge HP,P-204-SEN-06,courant,courant,A,75.9668,10.8,144.71,normal,91.6,94.8,256,GW-OPCUA-02,1.2
2026-04-16 11:53:27,P-204,Pompe centrifuge HP,P-204-SEN-07,debit,debit,m3/h,54.4091,7.65,102.21,normal,92.6,98.4,128,GW-OPCUA-02,0.2
2026-04-16 11:53:48,P-204,Pompe centrifuge HP,P-204-SEN-08,pression,pression,bar,2.9149,0.58,7.87,normal,91.3,98.8,5000,GW-OPCUA-02,1.5
2026-04-16 11:53:54,C-118,Compresseur à vis,C-118-SEN-01,accelerometre,accelerometre,mm/s,2.3023,0.31,4.32,normal,95.8,96.2,1000,GW-OPCUA-02,1.0
2026-04-16 11:53:03,C-118,Compresseur à vis,C-118-SEN-02,accelerometre,accelerometre,g,0.4004,0.07,0.92,normal,95.5,97.3,1000,GW-MQTT-01,1.2
2026-04-16 11:53:34,C-118,Compresseur à vis,C-118-SEN-03,thermique,thermique,°C,33.7271,4.99,67.04,normal,94.3,99.5,256,GW-Modbus-03,0.3
2026-04-16 11:53:42,C-118,Compresseur à vis,C-118-SEN-04,sonde_proximite,sonde_proximite,microns,54.5368,6.66,90.55,normal,92.5,95.0,1000,GW-Modbus-03,1.2
2026-04-16 11:53:17,C-118,Compresseur à vis,C-118-SEN-05,ultrason,ultrason,dB,32.1409,4.66,62.86,normal,96.9,99.0,5000,GW-OPCUA-02,1.2
2026-04-16 11:53:21,C-118,Compresseur à vis,C-118-SEN-06,courant,courant,A,88.7593,13.32,178.47,normal,97.0,96.4,5000,GW-Modbus-03,1.0
2026-04-16 11:53:09,C-118,Compresseur à vis,C-118-SEN-07,debit,debit,m3/h,57.7077,9.43,126.06,normal,93.4,97.5,2000,GW-Modbus-03,0.9
2026-04-16 11:53:16,C-118,Compresseur à vis,C-118-SEN-08,pression,pression,bar,4.9142,0.72,9.71,normal,93.4,94.2,256,GW-Modbus-03,1.2
2026-04-16 11:53:14,V-302,Ventilateur tirage,V-302-SEN-01,accelerometre,accelerometre,mm/s,2.9136,0.37,5.14,normal,91.4,98.3,5000,GW-OPCUA-02,1.5
2026-04-16 11:53:24,V-302,Ventilateur tirage,V-302-SEN-02,accelerometre,accelerometre,g,0.5739,0.08,1.1,normal,94.3,98.3,1000,GW-MQTT-01,1.2
2026-04-16 11:53:01,V-302,Ventilateur tirage,V-302-SEN-03,thermique,thermique,°C,40.1109,5.94,79.72,normal,95.0,96.0,256,GW-OPCUA-02,1.3
2026-04-16 11:53:12,V-302,Ventilateur tirage,V-302-SEN-04,sonde_proximite,sonde_proximite,microns,55.6884,7.92,107.68,normal,93.4,94.8,128,GW-Modbus-03,1.4
2026-04-16 11:53:34,V-302,Ventilateur tirage,V-302-SEN-05,ultrason,ultrason,dB,32.419,5.54,74.75,normal,92.6,98.6,256,GW-OPCUA-02,1.1
2026-04-16 11:53:31,V-302,Ventilateur tirage,V-302-SEN-06,courant,courant,A,94.0542,15.84,212.24,normal,94.1,96.7,256,GW-MQTT-01,1.3
2026-04-16 11:53:47,V-302,Ventilateur tirage,V-302-SEN-07,debit,debit,m3/h,65.717,11.22,149.91,normal,95.8,99.8,1000,GW-OPCUA-02,1.7
2026-04-16 11:53:46,V-302,Ventilateur tirage,V-302-SEN-08,pression,pression,bar,5.1963,0.86,11.54,normal,96.7,97.2,128,GW-Modbus-03,1.2
2026-04-16 11:53:26,M-019,Moteur électrique 400kW,M-019-SEN-01,accelerometre,accelerometre,mm/s,2.9223,0.43,5.95,normal,95.7,97.6,2000,GW-Modbus-03,1.0
2026-04-16 11:53:25,M-019,Moteur électrique 400kW,M-019-SEN-02,accelerometre,accelerometre,g,0.4988,0.09,1.27,normal,91.2,97.4,1000,GW-OPCUA-02,1.1
2026-04-16 11:53:51,M-019,Moteur électrique 400kW,M-019-SEN-03,thermique,thermique,°C,45.7138,6.88,92.4,normal,91.5,98.4,5000,GW-Modbus-03,1.2
2026-04-16 11:53:54,M-019,Moteur électrique 400kW,M-019-SEN-04,sonde_proximite,sonde_proximite,microns,49.5756,9.18,124.81,normal,93.3,95.7,512,GW-Modbus-03,1.2
2026-04-16 11:53:18,M-019,Moteur électrique 400kW,M-019-SEN-05,ultrason,ultrason,dB,45.8067,6.43,86.64,normal,94.8,95.7,256,GW-Modbus-03,1.1
2026-04-16 11:53:16,M-019,Moteur électrique 400kW,M-019-SEN-06,courant,courant,A,124.093,18.36,246.0,normal,96.3,93.0,512,GW-Modbus-03,0.9
2026-04-16 11:53:13,M-019,Moteur électrique 400kW,M-019-SEN-07,debit,debit,m3/h,80.1777,13.01,173.76,normal,95.2,99.7,2000,GW-OPCUA-02,1.6
2026-04-16 11:53:38,M-019,Moteur électrique 400kW,M-019-SEN-08,pression,pression,bar,7.3289,0.99,13.38,normal,95.4,97.2,1000,GW-OPCUA-02,1.2
2026-04-16 11:53:57,R-077,Réducteur convoyeur,R-077-SEN-01,accelerometre,accelerometre,mm/s,3.7114,0.49,6.77,normal,93.4,96.5,2000,GW-OPCUA-02,1.3
2026-04-16 11:53:32,R-077,Réducteur convoyeur,R-077-SEN-02,accelerometre,accelerometre,g,0.7711,0.1,1.45,normal,94.8,95.0,128,GW-Modbus-03,1.2
2026-04-16 11:53:18,R-077,Réducteur convoyeur,R-077-SEN-03,thermique,thermique,°C,50.4825,7.83,105.08,normal,96.5,100.9,1000,GW-OPCUA-02,1.4
2026-04-16 11:53:14,R-077,Réducteur convoyeur,R-077-SEN-04,sonde_proximite,sonde_proximite,microns,80.2182,10.44,141.94,normal,97.0,97.9,256,GW-MQTT-01,1.1
2026-04-16 11:53:55,R-077,Réducteur convoyeur,R-077-SEN-05,ultrason,ultrason,dB,52.1813,7.31,98.54,normal,96.0,96.5,512,GW-Modbus-03,1.7
2026-04-16 11:53:02,R-077,Réducteur convoyeur,R-077-SEN-06,courant,courant,A,135.4949,20.88,279.77,normal,96.8,95.9,128,GW-MQTT-01,1.4
2026-04-16 11:53:10,R-077,Réducteur convoyeur,R-077-SEN-07,debit,debit,m3/h,99.6541,14.79,197.61,normal,93.5,97.0,512,GW-MQTT-01,1.7
2026-04-16 11:53:02,R-077,Réducteur convoyeur,R-077-SEN-08,pression,pression,bar,8.0921,1.13,15.22,normal,93.4,96.5,256,GW-MQTT-01,0.5
2026-04-16 11:53:35,P-311,Pompe centrifuge BP,P-311-SEN-01,accelerometre,accelerometre,mm/s,3.393,0.55,7.59,normal,96.7,98.8,2000,GW-OPCUA-02,1.2
2026-04-16 11:53:40,P-311,Pompe centrifuge BP,P-311-SEN-02,accelerometre,accelerometre,g,0.7993,0.12,1.62,normal,92.4,95.1,128,GW-OPCUA-02,1.5
2026-04-16 11:53:18,P-311,Pompe centrifuge BP,P-311-SEN-03,thermique,thermique,°C,61.0085,8.78,117.77,normal,95.2,94.8,256,GW-Modbus-03,0.8
2026-04-16 11:53:14,P-311,Pompe centrifuge BP,P-311-SEN-04,sonde_proximite,sonde_proximite,microns,76.08,11.7,159.07,normal,96.2,99.4,256,GW-Modbus-03,1.8
2026-04-16 11:53:14,P-311,Pompe centrifuge BP,P-311-SEN-05,ultrason,ultrason,dB,56.1428,8.19,110.43,normal,97.0,98.1,5000,GW-MQTT-01,0.9
2026-04-16 11:53:52,P-311,Pompe centrifuge BP,P-311-SEN-06,courant,courant,A,147.9125,23.4,313.53,normal,91.3,98.4,256,GW-Modbus-03,1.3
2026-04-16 11:53:56,P-311,Pompe centrifuge BP,P-311-SEN-07,debit,debit,m3/h,118.4601,16.57,221.46,normal,93.4,96.5,2000,GW-MQTT-01,0.9
2026-04-16 11:53:48,P-311,Pompe centrifuge BP,P-311-SEN-08,pression,pression,bar,7.6481,1.27,17.05,normal,93.3,95.4,128,GW-OPCUA-02,1.4
2026-04-16 12:10:37,P-204,Pompe centrifuge HP,P-204-SEN-01,accelerometre,accelerometre,mm/s,1.5976,0.25,3.5,normal,92.6,94.9,2000,GW-MQTT-01,0.9
2026-04-16 12:10:21,P-204,Pompe centrifuge HP,P-204-SEN-02,accelerometre,accelerometre,g,0.2764,0.05,0.75,normal,94.1,95.5,256,GW-Modbus-03,2.1
2026-04-16 12:10:10,P-204,Pompe centrifuge HP,P-204-SEN-03,thermique,thermique,°C,28.2869,4.05,54.36,normal,96.1,94.4,2000,GW-MQTT-01,0.5
2026-04-16 12:10:56,P-204,Pompe centrifuge HP,P-204-SEN-04,sonde_proximite,sonde_proximite,microns,42.0482,5.4,73.44,normal,94.7,97.5,2000,GW-OPCUA-02,0.5
2026-04-16 12:10:38,P-204,Pompe centrifuge HP,P-204-SEN-05,ultrason,ultrason,dB,25.7484,3.78,50.98,normal,91.7,98.6,512,GW-Modbus-03,1.2
2026-04-16 12:10:37,P-204,Pompe centrifuge HP,P-204-SEN-06,courant,courant,A,73.9065,10.8,144.72,normal,92.2,99.8,2000,GW-OPCUA-02,1.6
2026-04-16 12:10:49,P-204,Pompe centrifuge HP,P-204-SEN-07,debit,debit,m3/h,47.3157,7.65,102.22,normal,96.5,97.8,5000,GW-MQTT-01,1.7
2026-04-16 12:10:53,P-204,Pompe centrifuge HP,P-204-SEN-08,pression,pression,bar,3.7096,0.58,7.87,normal,94.9,94.8,5000,GW-Modbus-03,0.3
2026-04-16 12:10:13,C-118,Compresseur à vis,C-118-SEN-01,accelerometre,accelerometre,mm/s,2.2384,0.31,4.32,normal,96.2,93.2,1000,GW-OPCUA-02,1.4
2026-04-16 12:10:39,C-118,Compresseur à vis,C-118-SEN-02,accelerometre,accelerometre,g,0.4164,0.07,0.92,normal,93.7,98.2,512,GW-MQTT-01,1.8
2026-04-16 12:10:44,C-118,Compresseur à vis,C-118-SEN-03,thermique,thermique,°C,33.117,4.99,67.04,normal,92.0,102.7,256,GW-MQTT-01,-0.2
2026-04-16 12:10:42,C-118,Compresseur à vis,C-118-SEN-04,sonde_proximite,sonde_proximite,microns,51.482,6.66,90.58,normal,92.0,97.9,512,GW-MQTT-01,1.7
2026-04-16 12:10:00,C-118,Compresseur à vis,C-118-SEN-05,ultrason,ultrason,dB,31.3391,4.66,62.87,normal,93.6,98.1,2000,GW-Modbus-03,1.0
2026-04-16 12:10:19,C-118,Compresseur à vis,C-118-SEN-06,courant,courant,A,77.0416,13.32,178.49,normal,96.8,99.8,1000,GW-Modbus-03,1.5
2026-04-16 12:10:44,C-118,Compresseur à vis,C-118-SEN-07,debit,debit,m3/h,66.6763,9.43,126.07,normal,94.5,95.9,5000,GW-MQTT-01,1.5
2026-04-16 12:10:09,C-118,Compresseur à vis,C-118-SEN-08,pression,pression,bar,5.1113,0.72,9.71,normal,96.8,95.8,128,GW-OPCUA-02,0.8
2026-04-16 12:10:24,V-302,Ventilateur tirage,V-302-SEN-01,accelerometre,accelerometre,mm/s,2.9526,0.37,5.14,normal,93.7,96.6,128,GW-MQTT-01,1.2
2026-04-16 12:10:06,V-302,Ventilateur tirage,V-302-SEN-02,accelerometre,accelerometre,g,0.3936,0.08,1.1,normal,96.3,100.5,256,GW-Modbus-03,1.1
2026-04-16 12:10:10,V-302,Ventilateur tirage,V-302-SEN-03,thermique,thermique,°C,37.8499,5.94,79.73,normal,96.8,98.2,512,GW-MQTT-01,0.7
2026-04-16 12:10:06,V-302,Ventilateur tirage,V-302-SEN-04,sonde_proximite,sonde_proximite,microns,58.0664,7.92,107.71,normal,93.2,97.2,512,GW-Modbus-03,1.3
2026-04-16 12:10:15,V-302,Ventilateur tirage,V-302-SEN-05,ultrason,ultrason,dB,38.9616,5.54,74.76,normal,92.7,95.5,512,GW-OPCUA-02,1.1
2026-04-16 12:10:49,V-302,Ventilateur tirage,V-302-SEN-06,courant,courant,A,121.1344,15.84,212.26,normal,93.1,99.5,2000,GW-OPCUA-02,1.4
2026-04-16 12:10:53,V-302,Ventilateur tirage,V-302-SEN-07,debit,debit,m3/h,77.4905,11.22,149.92,normal,91.5,96.4,128,GW-MQTT-01,0.7
2026-04-16 12:10:52,V-302,Ventilateur tirage,V-302-SEN-08,pression,pression,bar,5.665,0.86,11.55,normal,93.3,100.2,1000,GW-Modbus-03,1.3
2026-04-16 12:10:38,M-019,Moteur électrique 400kW,M-019-SEN-01,accelerometre,accelerometre,mm/s,2.9369,0.43,5.96,normal,95.5,100.4,2000,GW-OPCUA-02,1.0
2026-04-16 12:10:52,M-019,Moteur électrique 400kW,M-019-SEN-02,accelerometre,accelerometre,g,0.6314,0.09,1.27,normal,92.9,98.6,128,GW-Modbus-03,1.8
2026-04-16 12:10:09,M-019,Moteur électrique 400kW,M-019-SEN-03,thermique,thermique,°C,43.3099,6.88,92.41,normal,93.1,99.5,128,GW-MQTT-01,1.4
2026-04-16 12:10:56,M-019,Moteur électrique 400kW,M-019-SEN-04,sonde_proximite,sonde_proximite,microns,58.4479,9.18,124.85,normal,96.2,98.2,128,GW-Modbus-03,0.9
2026-04-16 12:10:59,M-019,Moteur électrique 400kW,M-019-SEN-05,ultrason,ultrason,dB,38.4913,6.43,86.66,normal,94.8,97.7,128,GW-OPCUA-02,1.9
2026-04-16 12:10:14,M-019,Moteur électrique 400kW,M-019-SEN-06,courant,courant,A,117.8708,18.36,246.02,normal,94.4,97.5,128,GW-OPCUA-02,0.1
2026-04-16 12:10:10,M-019,Moteur électrique 400kW,M-019-SEN-07,debit,debit,m3/h,85.1129,13.01,173.77,normal,92.7,98.6,1000,GW-OPCUA-02,1.3
2026-04-16 12:10:23,M-019,Moteur électrique 400kW,M-019-SEN-08,pression,pression,bar,6.2294,0.99,13.38,normal,95.7,95.2,5000,GW-MQTT-01,0.9
2026-04-16 12:10:12,R-077,Réducteur convoyeur,R-077-SEN-01,accelerometre,accelerometre,mm/s,3.1135,0.49,6.77,normal,92.2,97.2,128,GW-Modbus-03,0.7
2026-04-16 12:10:13,R-077,Réducteur convoyeur,R-077-SEN-02,accelerometre,accelerometre,g,0.7761,0.1,1.45,normal,95.2,95.1,2000,GW-Modbus-03,1.1
2026-04-16 12:10:30,R-077,Réducteur convoyeur,R-077-SEN-03,thermique,thermique,°C,52.1172,7.83,105.1,normal,96.1,97.2,5000,GW-MQTT-01,1.4
2026-04-16 12:10:02,R-077,Réducteur convoyeur,R-077-SEN-04,sonde_proximite,sonde_proximite,microns,76.7786,10.44,141.98,normal,91.2,96.9,256,GW-OPCUA-02,2.4
2026-04-16 12:10:15,R-077,Réducteur convoyeur,R-077-SEN-05,ultrason,ultrason,dB,50.9118,7.31,98.55,normal,91.1,101.5,5000,GW-OPCUA-02,1.5
2026-04-16 12:10:33,R-077,Réducteur convoyeur,R-077-SEN-06,courant,courant,A,138.1095,20.88,279.79,normal,92.9,97.3,128,GW-MQTT-01,1.1
2026-04-16 12:10:00,R-077,Réducteur convoyeur,R-077-SEN-07,debit,debit,m3/h,96.7309,14.79,197.62,normal,95.9,97.8,5000,GW-MQTT-01,1.4
2026-04-16 12:10:29,R-077,Réducteur convoyeur,R-077-SEN-08,pression,pression,bar,7.6392,1.13,15.22,normal,91.4,94.9,256,GW-OPCUA-02,1.0
2026-04-16 12:10:08,P-311,Pompe centrifuge BP,P-311-SEN-01,accelerometre,accelerometre,mm/s,3.3772,0.55,7.59,normal,93.6,97.1,512,GW-Modbus-03,1.9
2026-04-16 12:10:47,P-311,Pompe centrifuge BP,P-311-SEN-02,accelerometre,accelerometre,g,0.7607,0.12,1.62,normal,96.1,96.3,1000,GW-MQTT-01,1.2
2026-04-16 12:10:40,P-311,Pompe centrifuge BP,P-311-SEN-03,thermique,thermique,°C,57.7446,8.78,117.78,normal,93.9,97.4,128,GW-Modbus-03,0.9
2026-04-16 12:10:47,P-311,Pompe centrifuge BP,P-311-SEN-04,sonde_proximite,sonde_proximite,microns,69.6957,11.7,159.12,normal,96.4,94.3,1000,GW-Modbus-03,0.5
2026-04-16 12:10:55,P-311,Pompe centrifuge BP,P-311-SEN-05,ultrason,ultrason,dB,51.8934,8.19,110.45,normal,96.9,96.2,1000,GW-MQTT-01,0.9
2026-04-16 12:10:04,P-311,Pompe centrifuge BP,P-311-SEN-06,courant,courant,A,161.4708,23.4,313.56,normal,94.7,99.2,5000,GW-Modbus-03,1.4
2026-04-16 12:10:43,P-311,Pompe centrifuge BP,P-311-SEN-07,debit,debit,m3/h,111.1431,16.57,221.47,normal,92.6,98.9,256,GW-OPCUA-02,0.4
2026-04-16 12:10:33,P-311,Pompe centrifuge BP,P-311-SEN-08,pression,pression,bar,8.486,1.27,17.06,normal,94.7,97.1,128,GW-Modbus-03,1.2
2026-04-16 13:38:16,P-204,Pompe centrifuge HP,P-204-SEN-01,accelerometre,accelerometre,mm/s,1.8889,0.25,3.51,normal,90.9,94.2,128,GW-Modbus-03,1.1
2026-04-16 13:38:36,P-204,Pompe centrifuge HP,P-204-SEN-02,accelerometre,accelerometre,g,0.2476,0.05,0.75,normal,94.1,97.8,512,GW-Modbus-03,1.1
2026-04-16 13:38:03,P-204,Pompe centrifuge HP,P-204-SEN-03,thermique,thermique,°C,24.0132,4.05,54.37,normal,92.4,97.5,5000,GW-MQTT-01,1.4
2026-04-16 13:38:01,P-204,Pompe centrifuge HP,P-204-SEN-04,sonde_proximite,sonde_proximite,microns,32.351,5.4,73.46,normal,94.4,98.8,256,GW-MQTT-01,1.2
2026-04-16 13:38:41,P-204,Pompe centrifuge HP,P-204-SEN-05,ultrason,ultrason,dB,18.5707,3.78,50.99,normal,90.9,99.9,512,GW-Modbus-03,1.3
2026-04-16 13:38:21,P-204,Pompe centrifuge HP,P-204-SEN-06,courant,courant,A,72.8669,10.8,144.73,normal,92.9,98.1,512,GW-OPCUA-02,1.5
2026-04-16 13:38:13,P-204,Pompe centrifuge HP,P-204-SEN-07,debit,debit,m3/h,43.4364,7.65,102.22,normal,96.6,97.8,128,GW-MQTT-01,1.5
2026-04-16 13:38:27,P-204,Pompe centrifuge HP,P-204-SEN-08,pression,pression,bar,3.2662,0.58,7.87,normal,93.6,96.8,1000,GW-Modbus-03,0.9
2026-04-16 13:38:49,C-118,Compresseur à vis,C-118-SEN-01,accelerometre,accelerometre,mm/s,2.606,0.31,4.32,normal,95.9,99.9,128,GW-OPCUA-02,1.4
2026-04-16 13:38:08,C-118,Compresseur à vis,C-118-SEN-02,accelerometre,accelerometre,g,0.4542,0.07,0.92,normal,94.9,96.0,256,GW-Modbus-03,1.2
2026-04-16 13:38:45,C-118,Compresseur à vis,C-118-SEN-03,thermique,thermique,°C,31.4569,4.99,67.05,normal,92.6,98.3,256,GW-OPCUA-02,1.6
2026-04-16 13:38:01,C-118,Compresseur à vis,C-118-SEN-04,sonde_proximite,sonde_proximite,microns,35.3265,6.66,90.61,normal,93.7,96.8,256,GW-Modbus-03,0.5
2026-04-16 13:38:56,C-118,Compresseur à vis,C-118-SEN-05,ultrason,ultrason,dB,31.2266,4.66,62.88,normal,96.6,98.1,512,GW-Modbus-03,1.7
2026-04-16 13:38:03,C-118,Compresseur à vis,C-118-SEN-06,courant,courant,A,84.1706,13.32,178.5,normal,92.9,92.5,2000,GW-Modbus-03,0.9
2026-04-16 13:38:20,C-118,Compresseur à vis,C-118-SEN-07,debit,debit,m3/h,59.7359,9.43,126.07,normal,96.2,97.3,2000,GW-MQTT-01,1.7
2026-04-16 13:38:20,C-118,Compresseur à vis,C-118-SEN-08,pression,pression,bar,5.2809,0.72,9.71,normal,91.2,95.7,5000,GW-MQTT-01,0.8
2026-04-16 13:38:32,V-302,Ventilateur tirage,V-302-SEN-01,accelerometre,accelerometre,mm/s,2.9188,0.37,5.14,normal,91.3,92.6,512,GW-OPCUA-02,1.3
2026-04-16 13:38:36,V-302,Ventilateur tirage,V-302-SEN-02,accelerometre,accelerometre,g,0.5568,0.08,1.1,normal,96.0,98.7,128,GW-Modbus-03,1.7
2026-04-16 13:38:09,V-302,Ventilateur tirage,V-302-SEN-03,thermique,thermique,°C,41.4134,5.94,79.74,normal,92.2,93.3,256,GW-MQTT-01,0.9
2026-04-16 13:38:46,V-302,Ventilateur tirage,V-302-SEN-04,sonde_proximite,sonde_proximite,microns,52.7465,7.92,107.75,normal,92.2,94.3,128,GW-OPCUA-02,1.6
2026-04-16 13:38:32,V-302,Ventilateur tirage,V-302-SEN-05,ultrason,ultrason,dB,38.7254,5.54,74.78,normal,94.4,95.0,128,GW-Modbus-03,1.2
2026-04-16 13:38:33,V-302,Ventilateur tirage,V-302-SEN-06,courant,courant,A,90.0994,15.84,212.27,normal,92.1,94.5,256,GW-Modbus-03,0.6
2026-04-16 13:38:10,V-302,Ventilateur tirage,V-302-SEN-07,debit,debit,m3/h,76.7731,11.22,149.92,normal,94.7,96.9,256,GW-MQTT-01,0.7
2026-04-16 13:38:12,V-302,Ventilateur tirage,V-302-SEN-08,pression,pression,bar,5.9595,0.86,11.55,normal,93.3,96.6,256,GW-Modbus-03,1.3
2026-04-16 13:38:20,M-019,Moteur électrique 400kW,M-019-SEN-01,accelerometre,accelerometre,mm/s,2.6229,0.43,5.96,normal,91.0,100.4,256,GW-Modbus-03,1.3
2026-04-16 13:38:23,M-019,Moteur électrique 400kW,M-019-SEN-02,accelerometre,accelerometre,g,0.5708,0.09,1.27,normal,93.8,97.8,512,GW-MQTT-01,0.9
2026-04-16 13:38:53,M-019,Moteur électrique 400kW,M-019-SEN-03,thermique,thermique,°C,45.4741,6.88,92.42,normal,92.9,98.3,128,GW-MQTT-01,0.6
2026-04-16 13:38:51,M-019,Moteur électrique 400kW,M-019-SEN-04,sonde_proximite,sonde_proximite,microns,55.0483,9.18,124.89,normal,90.9,95.9,512,GW-OPCUA-02,1.5
2026-04-16 13:38:16,M-019,Moteur électrique 400kW,M-019-SEN-05,ultrason,ultrason,dB,44.7788,6.43,86.68,normal,96.6,98.0,2000,GW-Modbus-03,0.8
2026-04-16 13:38:06,M-019,Moteur électrique 400kW,M-019-SEN-06,courant,courant,A,115.9526,18.36,246.04,normal,96.8,97.1,512,GW-MQTT-01,1.9
2026-04-16 13:38:00,M-019,Moteur électrique 400kW,M-019-SEN-07,debit,debit,m3/h,88.7963,13.01,173.77,normal,95.5,98.9,128,GW-MQTT-01,1.8
2026-04-16 13:38:18,M-019,Moteur électrique 400kW,M-019-SEN-08,pression,pression,bar,6.957,0.99,13.38,normal,92.8,96.3,256,GW-MQTT-01,1.6
2026-04-16 13:38:13,R-077,Réducteur convoyeur,R-077-SEN-01,accelerometre,accelerometre,mm/s,3.3488,0.49,6.78,normal,93.5,97.1,512,GW-Modbus-03,1.2
2026-04-16 13:38:15,R-077,Réducteur convoyeur,R-077-SEN-02,accelerometre,accelerometre,g,0.7278,0.1,1.45,normal,92.5,97.3,1000,GW-Modbus-03,1.8
2026-04-16 13:38:10,R-077,Réducteur convoyeur,R-077-SEN-03,thermique,thermique,°C,55.9325,7.83,105.11,normal,96.4,97.2,512,GW-Modbus-03,1.0
2026-04-16 13:38:04,R-077,Réducteur convoyeur,R-077-SEN-04,sonde_proximite,sonde_proximite,microns,59.0918,10.44,142.03,normal,91.1,97.7,1000,GW-MQTT-01,1.7
2026-04-16 13:38:16,R-077,Réducteur convoyeur,R-077-SEN-05,ultrason,ultrason,dB,50.8787,7.31,98.57,normal,96.5,95.6,128,GW-Modbus-03,1.9
2026-04-16 13:38:32,R-077,Réducteur convoyeur,R-077-SEN-06,courant,courant,A,144.8093,20.88,279.82,normal,95.2,97.0,5000,GW-OPCUA-02,1.3
2026-04-16 13:38:10,R-077,Réducteur convoyeur,R-077-SEN-07,debit,debit,m3/h,101.6374,14.79,197.62,normal,92.2,97.4,5000,GW-OPCUA-02,1.4
2026-04-16 13:38:02,R-077,Réducteur convoyeur,R-077-SEN-08,pression,pression,bar,7.5418,1.13,15.22,normal,92.7,96.7,2000,GW-Modbus-03,0.7
2026-04-16 13:38:53,P-311,Pompe centrifuge BP,P-311-SEN-01,accelerometre,accelerometre,mm/s,4.3688,0.55,7.6,normal,91.4,98.7,1000,GW-MQTT-01,1.9
2026-04-16 13:38:16,P-311,Pompe centrifuge BP,P-311-SEN-02,accelerometre,accelerometre,g,0.7899,0.12,1.62,normal,92.5,96.0,128,GW-Modbus-03,1.0
2026-04-16 13:38:13,P-311,Pompe centrifuge BP,P-311-SEN-03,thermique,thermique,°C,58.1323,8.78,117.79,normal,95.5,97.0,128,GW-OPCUA-02,1.1
2026-04-16 13:38:33,P-311,Pompe centrifuge BP,P-311-SEN-04,sonde_proximite,sonde_proximite,microns,79.7867,11.7,159.17,normal,95.1,95.7,256,GW-MQTT-01,1.2
2026-04-16 13:38:15,P-311,Pompe centrifuge BP,P-311-SEN-05,ultrason,ultrason,dB,53.5721,8.19,110.47,normal,91.6,96.6,128,GW-MQTT-01,0.8
2026-04-16 13:38:32,P-311,Pompe centrifuge BP,P-311-SEN-06,courant,courant,A,158.0183,23.4,313.59,normal,91.9,96.0,1000,GW-MQTT-01,1.2
2026-04-16 13:38:29,P-311,Pompe centrifuge BP,P-311-SEN-07,debit,debit,m3/h,114.6079,16.57,221.48,normal,94.8,97.4,2000,GW-MQTT-01,0.7
2026-04-16 13:38:13,P-311,Pompe centrifuge BP,P-311-SEN-08,pression,pression,bar,8.5395,1.27,17.06,normal,93.8,96.5,512,GW-Modbus-03,2.0
2026-04-16 14:02:13,P-204,Pompe centrifuge HP,P-204-SEN-01,accelerometre,accelerometre,mm/s,1.8296,0.25,3.51,normal,95.7,100.0,256,GW-OPCUA-02,0.9
2026-04-16 14:02:12,P-204,Pompe centrifuge HP,P-204-SEN-02,accelerometre,accelerometre,g,0.5194,0.05,0.75,normal,93.5,94.0,2000,GW-OPCUA-02,1.2
2026-04-16 14:02:20,P-204,Pompe centrifuge HP,P-204-SEN-03,thermique,thermique,°C,24.2597,4.05,54.37,normal,91.4,96.7,512,GW-MQTT-01,1.3
2026-04-16 14:02:04,P-204,Pompe centrifuge HP,P-204-SEN-04,sonde_proximite,sonde_proximite,microns,40.5616,5.4,73.49,normal,95.0,94.7,512,GW-Modbus-03,1.2
2026-04-16 14:02:48,P-204,Pompe centrifuge HP,P-204-SEN-05,ultrason,ultrason,dB,30.0094,3.78,51.0,normal,94.9,94.6,2000,GW-Modbus-03,1.4
2026-04-16 14:02:08,P-204,Pompe centrifuge HP,P-204-SEN-06,courant,courant,A,68.7831,10.8,144.74,normal,95.5,99.1,5000,GW-Modbus-03,1.3
2026-04-16 14:02:58,P-204,Pompe centrifuge HP,P-204-SEN-07,debit,debit,m3/h,47.7814,7.65,102.22,normal,94.2,95.1,1000,GW-OPCUA-02,1.1
2026-04-16 14:02:14,P-204,Pompe centrifuge HP,P-204-SEN-08,pression,pression,bar,3.8293,0.58,7.87,normal,92.7,96.0,1000,GW-Modbus-03,1.5
2026-04-16 14:02:48,C-118,Compresseur à vis,C-118-SEN-01,accelerometre,accelerometre,mm/s,2.1104,0.31,4.33,normal,91.2,100.3,2000,GW-Modbus-03,0.8
2026-04-16 14:02:29,C-118,Compresseur à vis,C-118-SEN-02,accelerometre,accelerometre,g,0.6197,0.07,0.92,normal,92.1,95.8,5000,GW-Modbus-03,0.9
2026-04-16 14:02:00,C-118,Compresseur à vis,C-118-SEN-03,thermique,thermique,°C,32.3304,4.99,67.06,normal,93.5,98.0,512,GW-MQTT-01,2.1
2026-04-16 14:02:25,C-118,Compresseur à vis,C-118-SEN-04,sonde_proximite,sonde_proximite,microns,58.7028,6.66,90.64,normal,95.0,97.0,512,GW-Modbus-03,1.2
2026-04-16 14:02:20,C-118,Compresseur à vis,C-118-SEN-05,ultrason,ultrason,dB,35.1087,4.66,62.89,normal,93.6,97.4,512,GW-MQTT-01,1.4
2026-04-16 14:02:17,C-118,Compresseur à vis,C-118-SEN-06,courant,courant,A,79.8351,13.32,178.52,normal,91.5,97.6,512,GW-MQTT-01,0.5
2026-04-16 14:02:17,C-118,Compresseur à vis,C-118-SEN-07,debit,debit,m3/h,64.4361,9.43,126.08,normal,91.7,97.3,1000,GW-Modbus-03,1.8
2026-04-16 14:02:49,C-118,Compresseur à vis,C-118-SEN-08,pression,pression,bar,5.1341,0.72,9.71,normal,92.1,98.7,256,GW-Modbus-03,1.8
2026-04-16 14:02:46,V-302,Ventilateur tirage,V-302-SEN-01,accelerometre,accelerometre,mm/s,1.8567,0.37,5.15,normal,94.0,94.8,5000,GW-MQTT-01,1.3
2026-04-16 14:02:18,V-302,Ventilateur tirage,V-302-SEN-02,accelerometre,accelerometre,g,0.6376,0.08,1.1,normal,93.6,98.8,2000,GW-Modbus-03,1.2
2026-04-16 14:02:02,V-302,Ventilateur tirage,V-302-SEN-03,thermique,thermique,°C,39.2128,5.94,79.75,normal,94.4,94.3,512,GW-Modbus-03,1.2
2026-04-16 14:02:46,V-302,Ventilateur tirage,V-302-SEN-04,sonde_proximite,sonde_proximite,microns,62.2462,7.92,107.78,normal,90.9,96.5,2000,GW-MQTT-01,0.9
2026-04-16 14:02:14,V-302,Ventilateur tirage,V-302-SEN-05,ultrason,ultrason,dB,34.1261,5.54,74.79,normal,93.5,95.8,2000,GW-Modbus-03,1.0
2026-04-16 14:02:30,V-302,Ventilateur tirage,V-302-SEN-06,courant,courant,A,109.1825,15.84,212.29,normal,92.5,96.7,128,GW-Modbus-03,1.7
2026-04-16 14:02:45,V-302,Ventilateur tirage,V-302-SEN-07,debit,debit,m3/h,72.1904,11.22,149.93,normal,93.1,100.5,2000,GW-MQTT-01,1.2
2026-04-16 14:02:21,V-302,Ventilateur tirage,V-302-SEN-08,pression,pression,bar,5.7894,0.86,11.55,normal,91.8,102.4,1000,GW-OPCUA-02,1.0
2026-04-16 14:02:28,M-019,Moteur électrique 400kW,M-019-SEN-01,accelerometre,accelerometre,mm/s,2.9552,0.43,5.96,normal,92.7,95.7,5000,GW-OPCUA-02,1.3
2026-04-16 14:02:37,M-019,Moteur électrique 400kW,M-019-SEN-02,accelerometre,accelerometre,g,0.8723,0.09,1.27,normal,93.8,93.6,1000,GW-Modbus-03,1.0
2026-04-16 14:02:45,M-019,Moteur électrique 400kW,M-019-SEN-03,thermique,thermique,°C,51.0967,6.88,92.43,normal,93.9,96.0,256,GW-OPCUA-02,1.5
2026-04-16 14:02:04,M-019,Moteur électrique 400kW,M-019-SEN-04,sonde_proximite,sonde_proximite,microns,52.1715,9.18,124.93,normal,92.9,96.9,512,GW-OPCUA-02,0.9
2026-04-16 14:02:33,M-019,Moteur électrique 400kW,M-019-SEN-05,ultrason,ultrason,dB,40.9036,6.43,86.69,normal,92.6,95.4,2000,GW-OPCUA-02,1.2
2026-04-16 14:02:31,M-019,Moteur électrique 400kW,M-019-SEN-06,courant,courant,A,113.1344,18.36,246.06,normal,93.8,98.7,5000,GW-Modbus-03,1.1
2026-04-16 14:02:18,M-019,Moteur électrique 400kW,M-019-SEN-07,debit,debit,m3/h,85.3944,13.01,173.78,normal,93.2,95.8,128,GW-MQTT-01,1.9
2026-04-16 14:02:00,M-019,Moteur électrique 400kW,M-019-SEN-08,pression,pression,bar,6.1506,0.99,13.39,normal,93.5,96.3,128,GW-Modbus-03,1.0
2026-04-16 14:02:59,R-077,Réducteur convoyeur,R-077-SEN-01,accelerometre,accelerometre,mm/s,3.2026,0.49,6.78,normal,96.7,98.2,512,GW-MQTT-01,1.1
2026-04-16 14:02:16,R-077,Réducteur convoyeur,R-077-SEN-02,accelerometre,accelerometre,g,0.8561,0.1,1.45,normal,95.2,94.8,2000,GW-MQTT-01,1.3
2026-04-16 14:02:19,R-077,Réducteur convoyeur,R-077-SEN-03,thermique,thermique,°C,53.9355,7.83,105.12,normal,91.9,94.5,5000,GW-Modbus-03,1.0
2026-04-16 14:02:49,R-077,Réducteur convoyeur,R-077-SEN-04,sonde_proximite,sonde_proximite,microns,68.3508,10.44,142.08,normal,92.7,95.4,5000,GW-MQTT-01,1.7
2026-04-16 14:02:53,R-077,Réducteur convoyeur,R-077-SEN-05,ultrason,ultrason,dB,51.9435,7.31,98.59,normal,92.4,99.6,2000,GW-Modbus-03,0.5
2026-04-16 14:02:22,R-077,Réducteur convoyeur,R-077-SEN-06,courant,courant,A,147.3369,20.88,279.84,normal,96.0,95.6,512,GW-MQTT-01,0.8
2026-04-16 14:02:29,R-077,Réducteur convoyeur,R-077-SEN-07,debit,debit,m3/h,98.4289,14.79,197.63,normal,91.2,96.5,1000,GW-OPCUA-02,1.1
2026-04-16 14:02:17,R-077,Réducteur convoyeur,R-077-SEN-08,pression,pression,bar,7.5384,1.13,15.22,normal,96.2,96.2,512,GW-MQTT-01,1.0
2026-04-16 14:02:58,P-311,Pompe centrifuge BP,P-311-SEN-01,accelerometre,accelerometre,mm/s,3.7915,0.55,7.6,normal,91.3,95.6,1000,GW-Modbus-03,1.0
2026-04-16 14:02:14,P-311,Pompe centrifuge BP,P-311-SEN-02,accelerometre,accelerometre,g,0.8084,0.12,1.62,normal,95.4,98.0,1000,GW-OPCUA-02,1.1
2026-04-16 14:02:36,P-311,Pompe centrifuge BP,P-311-SEN-03,thermique,thermique,°C,56.1735,8.78,117.81,normal,93.4,93.9,512,GW-Modbus-03,1.3
2026-04-16 14:02:01,P-311,Pompe centrifuge BP,P-311-SEN-04,sonde_proximite,sonde_proximite,microns,86.3948,11.7,159.22,normal,92.1,93.2,256,GW-Modbus-03,1.4
2026-04-16 14:02:59,P-311,Pompe centrifuge BP,P-311-SEN-05,ultrason,ultrason,dB,56.8978,8.19,110.49,normal,92.7,94.5,512,GW-Modbus-03,0.6
2026-04-16 14:02:19,P-311,Pompe centrifuge BP,P-311-SEN-06,courant,courant,A,163.41,23.4,313.61,normal,91.4,97.8,2000,GW-OPCUA-02,1.2
2026-04-16 14:02:43,P-311,Pompe centrifuge BP,P-311-SEN-07,debit,debit,m3/h,105.2337,16.57,221.48,normal,94.5,93.9,256,GW-OPCUA-02,1.5
2026-04-16 14:02:27,P-311,Pompe centrifuge BP,P-311-SEN-08,pression,pression,bar,8.6443,1.27,17.06,normal,91.3,97.8,5000,GW-OPCUA-02,0.9
2026-04-16 15:15:43,P-204,Pompe centrifuge HP,P-204-SEN-01,accelerometre,accelerometre,mm/s,1.9438,0.25,3.51,normal,94.2,96.5,128,GW-OPCUA-02,1.1
2026-04-16 15:15:28,P-204,Pompe centrifuge HP,P-204-SEN-02,accelerometre,accelerometre,g,0.4929,0.05,0.75,normal,91.2,99.0,5000,GW-MQTT-01,0.7
2026-04-16 15:15:23,P-204,Pompe centrifuge HP,P-204-SEN-03,thermique,thermique,°C,25.4327,4.05,54.38,normal,90.6,97.5,256,GW-MQTT-01,1.0
2026-04-16 15:15:50,P-204,Pompe centrifuge HP,P-204-SEN-04,sonde_proximite,sonde_proximite,microns,44.447,5.4,73.51,normal,91.4,95.6,256,GW-MQTT-01,1.3
2026-04-16 15:15:13,P-204,Pompe centrifuge HP,P-204-SEN-05,ultrason,ultrason,dB,27.1239,3.78,51.0,normal,92.8,96.8,512,GW-MQTT-01,1.4
2026-04-16 15:15:10,P-204,Pompe centrifuge HP,P-204-SEN-06,courant,courant,A,65.3226,10.8,144.76,normal,92.0,96.0,256,GW-OPCUA-02,1.2
2026-04-16 15:15:39,P-204,Pompe centrifuge HP,P-204-SEN-07,debit,debit,m3/h,51.3939,7.65,102.23,normal,91.9,99.2,5000,GW-MQTT-01,1.0
2026-04-16 15:15:02,P-204,Pompe centrifuge HP,P-204-SEN-08,pression,pression,bar,3.3216,0.58,7.88,normal,96.0,99.1,512,GW-MQTT-01,1.6
2026-04-16 15:15:01,C-118,Compresseur à vis,C-118-SEN-01,accelerometre,accelerometre,mm/s,2.3875,0.31,4.33,normal,91.6,100.3,128,GW-OPCUA-02,1.6
2026-04-16 15:15:46,C-118,Compresseur à vis,C-118-SEN-02,accelerometre,accelerometre,g,0.468,0.07,0.93,normal,96.1,96.8,256,GW-MQTT-01,1.3
2026-04-16 15:15:30,C-118,Compresseur à vis,C-118-SEN-03,thermique,thermique,°C,34.8061,4.99,67.07,normal,93.3,94.7,128,GW-OPCUA-02,1.3
2026-04-16 15:15:06,C-118,Compresseur à vis,C-118-SEN-04,sonde_proximite,sonde_proximite,microns,39.4143,6.66,90.66,normal,93.2,96.3,2000,GW-Modbus-03,1.7
2026-04-16 15:15:32,C-118,Compresseur à vis,C-118-SEN-05,ultrason,ultrason,dB,28.8005,4.66,62.91,normal,91.2,98.2,1000,GW-MQTT-01,0.7
2026-04-16 15:15:07,C-118,Compresseur à vis,C-118-SEN-06,courant,courant,A,80.2933,13.32,178.53,normal,95.2,95.8,1000,GW-OPCUA-02,1.5
2026-04-16 15:15:38,C-118,Compresseur à vis,C-118-SEN-07,debit,debit,m3/h,57.7361,9.43,126.08,normal,93.4,100.4,128,GW-OPCUA-02,1.7
2026-04-16 15:15:53,C-118,Compresseur à vis,C-118-SEN-08,pression,pression,bar,5.3395,0.72,9.71,normal,95.6,97.8,5000,GW-MQTT-01,0.9
2026-04-16 15:15:24,V-302,Ventilateur tirage,V-302-SEN-01,accelerometre,accelerometre,mm/s,2.7981,0.37,5.15,normal,93.0,98.3,1000,GW-MQTT-01,1.1
2026-04-16 15:15:32,V-302,Ventilateur tirage,V-302-SEN-02,accelerometre,accelerometre,g,0.553,0.08,1.1,normal,90.9,99.3,256,GW-OPCUA-02,1.4
2026-04-16 15:15:05,V-302,Ventilateur tirage,V-302-SEN-03,thermique,thermique,°C,39.5531,5.94,79.75,normal,91.0,98.3,256,GW-OPCUA-02,1.7
2026-04-16 15:15:00,V-302,Ventilateur tirage,V-302-SEN-04,sonde_proximite,sonde_proximite,microns,59.8765,7.92,107.82,normal,95.5,93.8,512,GW-OPCUA-02,0.7
2026-04-16 15:15:06,V-302,Ventilateur tirage,V-302-SEN-05,ultrason,ultrason,dB,30.4864,5.54,74.81,normal,95.2,95.2,5000,GW-MQTT-01,1.0
2026-04-16 15:15:55,V-302,Ventilateur tirage,V-302-SEN-06,courant,courant,A,108.9943,15.84,212.31,normal,92.7,98.8,2000,GW-OPCUA-02,0.9
2026-04-16 15:15:31,V-302,Ventilateur tirage,V-302-SEN-07,debit,debit,m3/h,77.3644,11.22,149.93,normal,96.3,94.2,512,GW-OPCUA-02,1.4
2026-04-16 15:15:37,V-302,Ventilateur tirage,V-302-SEN-08,pression,pression,bar,5.5186,0.86,11.55,normal,94.3,98.7,128,GW-OPCUA-02,1.3
2026-04-16 15:15:44,M-019,Moteur électrique 400kW,M-019-SEN-01,accelerometre,accelerometre,mm/s,2.6776,0.43,5.97,normal,96.2,96.1,5000,GW-Modbus-03,1.1
2026-04-16 15:15:22,M-019,Moteur électrique 400kW,M-019-SEN-02,accelerometre,accelerometre,g,0.8449,0.09,1.28,normal,92.7,97.1,256,GW-OPCUA-02,1.2
2026-04-16 15:15:16,M-019,Moteur électrique 400kW,M-019-SEN-03,thermique,thermique,°C,45.8609,6.88,92.44,normal,94.6,100.2,5000,GW-MQTT-01,0.8
2026-04-16 15:15:04,M-019,Moteur électrique 400kW,M-019-SEN-04,sonde_proximite,sonde_proximite,microns,60.1308,9.18,124.97,normal,91.5,100.1,1000,GW-MQTT-01,0.9
2026-04-16 15:15:44,M-019,Moteur électrique 400kW,M-019-SEN-05,ultrason,ultrason,dB,45.7586,6.43,86.71,normal,95.0,94.3,5000,GW-Modbus-03,1.2
2026-04-16 15:15:12,M-019,Moteur électrique 400kW,M-019-SEN-06,courant,courant,A,116.0315,18.36,246.09,normal,96.7,96.2,2000,GW-Modbus-03,0.6
2026-04-16 15:15:00,M-019,Moteur électrique 400kW,M-019-SEN-07,debit,debit,m3/h,95.8153,13.01,173.79,normal,94.6,96.5,2000,GW-MQTT-01,1.4
2026-04-16 15:15:51,M-019,Moteur électrique 400kW,M-019-SEN-08,pression,pression,bar,6.6017,0.99,13.39,normal,96.8,98.2,512,GW-MQTT-01,0.7
2026-04-16 15:15:11,R-077,Réducteur convoyeur,R-077-SEN-01,accelerometre,accelerometre,mm/s,3.711,0.49,6.79,normal,90.7,93.6,1000,GW-MQTT-01,1.0
2026-04-16 15:15:16,R-077,Réducteur convoyeur,R-077-SEN-02,accelerometre,accelerometre,g,0.6387,0.1,1.45,normal,96.6,101.0,2000,GW-OPCUA-02,0.9
2026-04-16 15:15:01,R-077,Réducteur convoyeur,R-077-SEN-03,thermique,thermique,°C,46.4781,7.83,105.13,normal,94.1,98.0,512,GW-MQTT-01,1.4
2026-04-16 15:15:53,R-077,Réducteur convoyeur,R-077-SEN-04,sonde_proximite,sonde_proximite,microns,73.2087,10.44,142.12,normal,95.1,96.5,512,GW-OPCUA-02,1.3
2026-04-16 15:15:40,R-077,Réducteur convoyeur,R-077-SEN-05,ultrason,ultrason,dB,49.7447,7.31,98.61,normal,92.4,95.3,128,GW-MQTT-01,0.8
2026-04-16 15:15:16,R-077,Réducteur convoyeur,R-077-SEN-06,courant,courant,A,148.2061,20.88,279.86,normal,92.4,100.4,5000,GW-MQTT-01,1.1
2026-04-16 15:15:17,R-077,Réducteur convoyeur,R-077-SEN-07,debit,debit,m3/h,104.5869,14.79,197.64,normal,93.8,96.5,2000,GW-OPCUA-02,1.7
2026-04-16 15:15:40,R-077,Réducteur convoyeur,R-077-SEN-08,pression,pression,bar,7.7284,1.13,15.23,normal,92.5,93.2,256,GW-OPCUA-02,1.6
2026-04-16 15:15:44,P-311,Pompe centrifuge BP,P-311-SEN-01,accelerometre,accelerometre,mm/s,4.0378,0.55,7.61,normal,90.9,96.0,5000,GW-MQTT-01,1.1
2026-04-16 15:15:09,P-311,Pompe centrifuge BP,P-311-SEN-02,accelerometre,accelerometre,g,0.8676,0.12,1.63,normal,91.7,98.0,128,GW-MQTT-01,1.0
2026-04-16 15:15:15,P-311,Pompe centrifuge BP,P-311-SEN-03,thermique,thermique,°C,59.9194,8.78,117.82,normal,94.0,97.7,5000,GW-OPCUA-02,1.1
2026-04-16 15:15:41,P-311,Pompe centrifuge BP,P-311-SEN-04,sonde_proximite,sonde_proximite,microns,75.8786,11.7,159.28,normal,96.0,101.2,1000,GW-MQTT-01,1.6
2026-04-16 15:15:27,P-311,Pompe centrifuge BP,P-311-SEN-05,ultrason,ultrason,dB,54.0445,8.19,110.51,normal,96.2,96.3,1000,GW-Modbus-03,1.5
2026-04-16 15:15:30,P-311,Pompe centrifuge BP,P-311-SEN-06,courant,courant,A,154.4873,23.4,313.64,normal,90.7,98.6,128,GW-Modbus-03,1.3
2026-04-16 15:15:41,P-311,Pompe centrifuge BP,P-311-SEN-07,debit,debit,m3/h,102.4633,16.57,221.49,normal,94.3,95.6,256,GW-OPCUA-02,1.0
2026-04-16 15:15:18,P-311,Pompe centrifuge BP,P-311-SEN-08,pression,pression,bar,8.9688,1.27,17.06,normal,91.0,95.6,512,GW-Modbus-03,1.0
2026-04-16 16:07:41,P-204,Pompe centrifuge HP,P-204-SEN-01,accelerometre,accelerometre,mm/s,1.3988,0.25,3.51,normal,94.4,94.9,5000,GW-Modbus-03,0.7
2026-04-16 16:07:41,P-204,Pompe centrifuge HP,P-204-SEN-02,accelerometre,accelerometre,g,0.4764,0.05,0.75,normal,92.5,95.1,256,GW-OPCUA-02,1.5
2026-04-16 16:07:19,P-204,Pompe centrifuge HP,P-204-SEN-03,thermique,thermique,°C,24.8311,4.05,54.38,normal,93.6,98.1,5000,GW-Modbus-03,0.3
2026-04-16 16:07:29,P-204,Pompe centrifuge HP,P-204-SEN-04,sonde_proximite,sonde_proximite,microns,35.2844,5.4,73.54,normal,95.8,97.2,2000,GW-OPCUA-02,0.5
2026-04-16 16:07:31,P-204,Pompe centrifuge HP,P-204-SEN-05,ultrason,ultrason,dB,27.6045,3.78,51.01,normal,95.5,96.7,2000,GW-OPCUA-02,0.9
2026-04-16 16:07:31,P-204,Pompe centrifuge HP,P-204-SEN-06,courant,courant,A,76.4396,10.8,144.77,normal,96.7,98.4,5000,GW-Modbus-03,1.2
2026-04-16 16:07:51,P-204,Pompe centrifuge HP,P-204-SEN-07,debit,debit,m3/h,45.7293,7.65,102.23,normal,94.3,98.6,5000,GW-Modbus-03,0.6
2026-04-16 16:07:53,P-204,Pompe centrifuge HP,P-204-SEN-08,pression,pression,bar,3.8539,0.58,7.88,normal,95.8,100.9,1000,GW-OPCUA-02,1.4
2026-04-16 16:07:16,C-118,Compresseur à vis,C-118-SEN-01,accelerometre,accelerometre,mm/s,2.3583,0.31,4.33,normal,94.3,98.0,2000,GW-Modbus-03,1.4
2026-04-16 16:07:12,C-118,Compresseur à vis,C-118-SEN-02,accelerometre,accelerometre,g,0.4739,0.07,0.93,normal,96.1,99.8,2000,GW-OPCUA-02,0.9
2026-04-16 16:07:53,C-118,Compresseur à vis,C-118-SEN-03,thermique,thermique,°C,36.2379,4.99,67.07,normal,91.2,96.6,5000,GW-Modbus-03,0.5
2026-04-16 16:07:54,C-118,Compresseur à vis,C-118-SEN-04,sonde_proximite,sonde_proximite,microns,49.9317,6.66,90.69,normal,94.1,98.1,512,GW-Modbus-03,1.3
2026-04-16 16:07:26,C-118,Compresseur à vis,C-118-SEN-05,ultrason,ultrason,dB,31.6091,4.66,62.92,normal,90.8,98.9,128,GW-OPCUA-02,0.9
2026-04-16 16:07:02,C-118,Compresseur à vis,C-118-SEN-06,courant,courant,A,95.5255,13.32,178.55,normal,92.5,98.6,128,GW-Modbus-03,1.9
2026-04-16 16:07:21,C-118,Compresseur à vis,C-118-SEN-07,debit,debit,m3/h,68.838,9.43,126.08,normal,96.1,100.6,2000,GW-MQTT-01,0.9
2026-04-16 16:07:30,C-118,Compresseur à vis,C-118-SEN-08,pression,pression,bar,4.3202,0.72,9.71,normal,95.4,95.6,5000,GW-MQTT-01,1.3
2026-04-16 16:07:40,V-302,Ventilateur tirage,V-302-SEN-01,accelerometre,accelerometre,mm/s,2.0465,0.37,5.15,normal,94.6,95.8,1000,GW-MQTT-01,0.6
2026-04-16 16:07:03,V-302,Ventilateur tirage,V-302-SEN-02,accelerometre,accelerometre,g,0.3722,0.08,1.1,normal,92.7,97.5,256,GW-OPCUA-02,0.9
2026-04-16 16:07:22,V-302,Ventilateur tirage,V-302-SEN-03,thermique,thermique,°C,41.9882,5.94,79.76,normal,93.6,96.7,1000,GW-MQTT-01,0.8
2026-04-16 16:07:58,V-302,Ventilateur tirage,V-302-SEN-04,sonde_proximite,sonde_proximite,microns,62.7835,7.92,107.85,normal,91.0,96.3,5000,GW-OPCUA-02,1.1
2026-04-16 16:07:18,V-302,Ventilateur tirage,V-302-SEN-05,ultrason,ultrason,dB,37.8771,5.54,74.82,normal,96.3,95.7,128,GW-OPCUA-02,1.4
2026-04-16 16:07:52,V-302,Ventilateur tirage,V-302-SEN-06,courant,courant,A,101.3535,15.84,212.33,normal,90.7,95.0,512,GW-Modbus-03,0.8
2026-04-16 16:07:27,V-302,Ventilateur tirage,V-302-SEN-07,debit,debit,m3/h,85.9188,11.22,149.94,normal,90.7,98.7,1000,GW-OPCUA-02,1.2
2026-04-16 16:07:24,V-302,Ventilateur tirage,V-302-SEN-08,pression,pression,bar,5.418,0.86,11.55,normal,93.2,96.5,512,GW-MQTT-01,1.4
2026-04-16 16:07:48,M-019,Moteur électrique 400kW,M-019-SEN-01,accelerometre,accelerometre,mm/s,2.4471,0.43,5.97,normal,93.5,96.6,256,GW-MQTT-01,0.9
2026-04-16 16:07:52,M-019,Moteur électrique 400kW,M-019-SEN-02,accelerometre,accelerometre,g,0.5965,0.09,1.28,normal,96.2,98.7,256,GW-MQTT-01,1.3
2026-04-16 16:07:47,M-019,Moteur électrique 400kW,M-019-SEN-03,thermique,thermique,°C,44.6556,6.88,92.45,normal,91.4,95.8,1000,GW-Modbus-03,1.9
2026-04-16 16:07:53,M-019,Moteur électrique 400kW,M-019-SEN-04,sonde_proximite,sonde_proximite,microns,60.1281,9.18,125.01,normal,91.9,94.0,512,GW-MQTT-01,0.6
2026-04-16 16:07:29,M-019,Moteur électrique 400kW,M-019-SEN-05,ultrason,ultrason,dB,41.4911,6.43,86.72,normal,96.0,95.9,128,GW-OPCUA-02,1.1
2026-04-16 16:07:41,M-019,Moteur électrique 400kW,M-019-SEN-06,courant,courant,A,117.8666,18.36,246.11,normal,95.8,94.2,512,GW-MQTT-01,1.1
2026-04-16 16:07:19,M-019,Moteur électrique 400kW,M-019-SEN-07,debit,debit,m3/h,82.1162,13.01,173.79,normal,91.2,98.3,1000,GW-OPCUA-02,1.6
2026-04-16 16:07:58,M-019,Moteur électrique 400kW,M-019-SEN-08,pression,pression,bar,6.4494,0.99,13.39,normal,91.5,96.6,128,GW-OPCUA-02,1.5
2026-04-16 16:07:53,R-077,Réducteur convoyeur,R-077-SEN-01,accelerometre,accelerometre,mm/s,3.6974,0.49,6.79,normal,93.4,98.4,256,GW-OPCUA-02,1.4
2026-04-16 16:07:15,R-077,Réducteur convoyeur,R-077-SEN-02,accelerometre,accelerometre,g,0.6356,0.1,1.45,normal,96.5,97.9,5000,GW-OPCUA-02,1.0
2026-04-16 16:07:57,R-077,Réducteur convoyeur,R-077-SEN-03,thermique,thermique,°C,51.8175,7.83,105.14,normal,95.5,99.4,1000,GW-OPCUA-02,0.4
2026-04-16 16:07:43,R-077,Réducteur convoyeur,R-077-SEN-04,sonde_proximite,sonde_proximite,microns,58.8367,10.44,142.17,normal,95.1,96.2,256,GW-Modbus-03,1.0
2026-04-16 16:07:20,R-077,Réducteur convoyeur,R-077-SEN-05,ultrason,ultrason,dB,51.6477,7.31,98.63,normal,93.5,95.8,1000,GW-MQTT-01,1.1
2026-04-16 16:07:58,R-077,Réducteur convoyeur,R-077-SEN-06,courant,courant,A,142.4324,20.88,279.88,normal,92.7,96.9,128,GW-OPCUA-02,2.2
2026-04-16 16:07:22,R-077,Réducteur convoyeur,R-077-SEN-07,debit,debit,m3/h,93.5716,14.79,197.65,normal,92.0,96.3,5000,GW-OPCUA-02,1.2
2026-04-16 16:07:45,R-077,Réducteur convoyeur,R-077-SEN-08,pression,pression,bar,7.4963,1.13,15.23,normal,91.4,96.6,5000,GW-MQTT-01,1.5
2026-04-16 16:07:28,P-311,Pompe centrifuge BP,P-311-SEN-01,accelerometre,accelerometre,mm/s,3.3662,0.55,7.61,normal,94.3,96.0,5000,GW-MQTT-01,0.7
2026-04-16 16:07:26,P-311,Pompe centrifuge BP,P-311-SEN-02,accelerometre,accelerometre,g,0.8613,0.12,1.63,normal,93.1,96.1,1000,GW-OPCUA-02,0.5
2026-04-16 16:07:04,P-311,Pompe centrifuge BP,P-311-SEN-03,thermique,thermique,°C,61.5644,8.78,117.83,normal,92.4,100.2,5000,GW-MQTT-01,1.7
2026-04-16 16:07:51,P-311,Pompe centrifuge BP,P-311-SEN-04,sonde_proximite,sonde_proximite,microns,79.8363,11.7,159.33,normal,90.8,96.3,1000,GW-MQTT-01,1.6
2026-04-16 16:07:57,P-311,Pompe centrifuge BP,P-311-SEN-05,ultrason,ultrason,dB,55.2021,8.19,110.53,normal,91.6,92.0,1000,GW-Modbus-03,1.7
2026-04-16 16:07:14,P-311,Pompe centrifuge BP,P-311-SEN-06,courant,courant,A,160.1894,23.4,313.66,normal,90.9,97.0,5000,GW-MQTT-01,1.4
2026-04-16 16:07:05,P-311,Pompe centrifuge BP,P-311-SEN-07,debit,debit,m3/h,107.7865,16.57,221.5,normal,95.3,96.0,1000,GW-MQTT-01,1.1
2026-04-16 16:07:44,P-311,Pompe centrifuge BP,P-311-SEN-08,pression,pression,bar,8.3288,1.27,17.07,normal,93.4,100.0,2000,GW-OPCUA-02,1.5
2026-04-16 17:54:29,P-204,Pompe centrifuge HP,P-204-SEN-01,accelerometre,accelerometre,mm/s,1.6761,0.25,3.52,normal,91.3,92.8,1000,GW-MQTT-01,0.9
2026-04-16 17:54:40,P-204,Pompe centrifuge HP,P-204-SEN-02,accelerometre,accelerometre,g,0.4742,0.05,0.75,normal,90.8,97.2,256,GW-MQTT-01,1.1
2026-04-16 17:54:09,P-204,Pompe centrifuge HP,P-204-SEN-03,thermique,thermique,°C,28.8702,4.05,54.39,normal,91.4,99.5,5000,GW-MQTT-01,1.0
2026-04-16 17:54:22,P-204,Pompe centrifuge HP,P-204-SEN-04,sonde_proximite,sonde_proximite,microns,40.1356,5.4,73.56,normal,94.7,98.6,2000,GW-Modbus-03,1.1
2026-04-16 17:54:45,P-204,Pompe centrifuge HP,P-204-SEN-05,ultrason,ultrason,dB,25.2464,3.78,51.02,normal,95.4,96.4,512,GW-MQTT-01,0.6
2026-04-16 17:54:39,P-204,Pompe centrifuge HP,P-204-SEN-06,courant,courant,A,62.5502,10.8,144.78,normal,90.3,93.3,2000,GW-OPCUA-02,1.5
2026-04-16 17:54:48,P-204,Pompe centrifuge HP,P-204-SEN-07,debit,debit,m3/h,50.3855,7.65,102.23,normal,91.0,98.3,128,GW-MQTT-01,0.9
2026-04-16 17:54:13,P-204,Pompe centrifuge HP,P-204-SEN-08,pression,pression,bar,3.3645,0.58,7.88,normal,96.0,97.3,1000,GW-MQTT-01,1.0
2026-04-16 17:54:07,C-118,Compresseur à vis,C-118-SEN-01,accelerometre,accelerometre,mm/s,2.1265,0.31,4.34,normal,95.8,96.4,512,GW-Modbus-03,1.7
2026-04-16 17:54:48,C-118,Compresseur à vis,C-118-SEN-02,accelerometre,accelerometre,g,0.3649,0.07,0.93,normal,95.9,95.0,5000,GW-Modbus-03,1.6
2026-04-16 17:54:28,C-118,Compresseur à vis,C-118-SEN-03,thermique,thermique,°C,32.1894,4.99,67.08,normal,94.6,96.1,2000,GW-MQTT-01,1.1
2026-04-16 17:54:11,C-118,Compresseur à vis,C-118-SEN-04,sonde_proximite,sonde_proximite,microns,64.1568,6.66,90.72,normal,94.9,99.4,128,GW-MQTT-01,0.9
2026-04-16 17:54:21,C-118,Compresseur à vis,C-118-SEN-05,ultrason,ultrason,dB,34.1568,4.66,62.93,normal,90.8,97.2,2000,GW-OPCUA-02,1.2
2026-04-16 17:54:48,C-118,Compresseur à vis,C-118-SEN-06,courant,courant,A,93.7965,13.32,178.56,normal,94.5,95.4,128,GW-Modbus-03,1.0
2026-04-16 17:54:15,C-118,Compresseur à vis,C-118-SEN-07,debit,debit,m3/h,64.0131,9.43,126.09,normal,94.9,97.9,1000,GW-MQTT-01,0.6
2026-04-16 17:54:23,C-118,Compresseur à vis,C-118-SEN-08,pression,pression,bar,4.9875,0.72,9.72,normal,93.6,95.9,256,GW-Modbus-03,1.5
2026-04-16 17:54:28,V-302,Ventilateur tirage,V-302-SEN-01,accelerometre,accelerometre,mm/s,3.1843,0.37,5.16,normal,93.2,97.1,1000,GW-OPCUA-02,1.3
2026-04-16 17:54:14,V-302,Ventilateur tirage,V-302-SEN-02,accelerometre,accelerometre,g,0.4174,0.08,1.1,normal,92.8,97.4,5000,GW-MQTT-01,2.1
2026-04-16 17:54:13,V-302,Ventilateur tirage,V-302-SEN-03,thermique,thermique,°C,36.8351,5.94,79.77,normal,90.5,96.7,2000,GW-MQTT-01,1.2
2026-04-16 17:54:49,V-302,Ventilateur tirage,V-302-SEN-04,sonde_proximite,sonde_proximite,microns,51.3152,7.92,107.89,normal,91.5,97.0,512,GW-Modbus-03,0.9
2026-04-16 17:54:32,V-302,Ventilateur tirage,V-302-SEN-05,ultrason,ultrason,dB,28.5292,5.54,74.84,normal,95.4,97.3,5000,GW-OPCUA-02,1.3
2026-04-16 17:54:36,V-302,Ventilateur tirage,V-302-SEN-06,courant,courant,A,114.4811,15.84,212.34,normal,91.8,98.5,256,GW-Modbus-03,1.2
2026-04-16 17:54:08,V-302,Ventilateur tirage,V-302-SEN-07,debit,debit,m3/h,69.9856,11.22,149.94,normal,95.6,95.9,256,GW-Modbus-03,1.3
2026-04-16 17:54:51,V-302,Ventilateur tirage,V-302-SEN-08,pression,pression,bar,5.7451,0.86,11.55,normal,96.5,95.9,5000,GW-Modbus-03,1.6
2026-04-16 17:54:50,M-019,Moteur électrique 400kW,M-019-SEN-01,accelerometre,accelerometre,mm/s,3.0979,0.43,5.98,normal,91.6,96.8,256,GW-Modbus-03,0.7
2026-04-16 17:54:15,M-019,Moteur électrique 400kW,M-019-SEN-02,accelerometre,accelerometre,g,0.7412,0.09,1.28,normal,91.2,99.0,128,GW-OPCUA-02,0.7
2026-04-16 17:54:14,M-019,Moteur électrique 400kW,M-019-SEN-03,thermique,thermique,°C,47.6589,6.88,92.46,normal,94.9,96.2,256,GW-Modbus-03,1.3
2026-04-16 17:54:24,M-019,Moteur électrique 400kW,M-019-SEN-04,sonde_proximite,sonde_proximite,microns,52.8643,9.18,125.05,normal,92.1,93.9,5000,GW-Modbus-03,1.4
2026-04-16 17:54:56,M-019,Moteur électrique 400kW,M-019-SEN-05,ultrason,ultrason,dB,36.9311,6.43,86.74,normal,91.9,94.9,128,GW-OPCUA-02,1.4
2026-04-16 17:54:59,M-019,Moteur électrique 400kW,M-019-SEN-06,courant,courant,A,120.9977,18.36,246.13,normal,95.6,99.6,5000,GW-Modbus-03,1.1
2026-04-16 17:54:12,M-019,Moteur électrique 400kW,M-019-SEN-07,debit,debit,m3/h,88.0001,13.01,173.8,normal,96.4,98.3,1000,GW-Modbus-03,1.0
2026-04-16 17:54:35,M-019,Moteur électrique 400kW,M-019-SEN-08,pression,pression,bar,6.2458,0.99,13.39,normal,95.9,99.9,128,GW-Modbus-03,1.5
2026-04-16 17:54:34,R-077,Réducteur convoyeur,R-077-SEN-01,accelerometre,accelerometre,mm/s,3.6143,0.49,6.8,normal,93.9,95.9,128,GW-MQTT-01,1.6
2026-04-16 17:54:47,R-077,Réducteur convoyeur,R-077-SEN-02,accelerometre,accelerometre,g,0.6769,0.1,1.45,normal,96.7,97.2,2000,GW-Modbus-03,2.2
2026-04-16 17:54:43,R-077,Réducteur convoyeur,R-077-SEN-03,thermique,thermique,°C,51.3629,7.83,105.15,normal,92.1,97.1,5000,GW-OPCUA-02,1.2
2026-04-16 17:54:16,R-077,Réducteur convoyeur,R-077-SEN-04,sonde_proximite,sonde_proximite,microns,80.2172,10.44,142.22,normal,92.0,95.4,1000,GW-Modbus-03,1.1
2026-04-16 17:54:13,R-077,Réducteur convoyeur,R-077-SEN-05,ultrason,ultrason,dB,44.0539,7.31,98.65,normal,94.4,96.1,128,GW-OPCUA-02,1.5
2026-04-16 17:54:42,R-077,Réducteur convoyeur,R-077-SEN-06,courant,courant,A,141.2348,20.88,279.91,normal,96.7,99.3,2000,GW-Modbus-03,1.1
2026-04-16 17:54:34,R-077,Réducteur convoyeur,R-077-SEN-07,debit,debit,m3/h,103.4124,14.79,197.65,normal,90.6,94.7,5000,GW-MQTT-01,0.8
2026-04-16 17:54:35,R-077,Réducteur convoyeur,R-077-SEN-08,pression,pression,bar,7.2133,1.13,15.23,normal,90.7,96.9,128,GW-Modbus-03,1.1
2026-04-16 17:54:17,P-311,Pompe centrifuge BP,P-311-SEN-01,accelerometre,accelerometre,mm/s,3.9014,0.55,7.62,normal,91.7,97.8,5000,GW-MQTT-01,1.3
2026-04-16 17:54:55,P-311,Pompe centrifuge BP,P-311-SEN-02,accelerometre,accelerometre,g,0.8699,0.12,1.63,normal,94.4,98.1,512,GW-Modbus-03,2.3
2026-04-16 17:54:42,P-311,Pompe centrifuge BP,P-311-SEN-03,thermique,thermique,°C,56.4793,8.78,117.84,normal,91.9,102.5,2000,GW-OPCUA-02,0.8
2026-04-16 17:54:54,P-311,Pompe centrifuge BP,P-311-SEN-04,sonde_proximite,sonde_proximite,microns,93.0942,11.7,159.38,normal,95.0,102.5,512,GW-Modbus-03,1.5
2026-04-16 17:54:03,P-311,Pompe centrifuge BP,P-311-SEN-05,ultrason,ultrason,dB,59.0059,8.19,110.55,normal,92.5,96.5,256,GW-MQTT-01,1.0
2026-04-16 17:54:52,P-311,Pompe centrifuge BP,P-311-SEN-06,courant,courant,A,155.3862,23.4,313.69,normal,93.6,98.6,128,GW-MQTT-01,1.1
2026-04-16 17:54:07,P-311,Pompe centrifuge BP,P-311-SEN-07,debit,debit,m3/h,108.416,16.57,221.51,normal,96.5,97.0,2000,GW-Modbus-03,1.0
2026-04-16 17:54:51,P-311,Pompe centrifuge BP,P-311-SEN-08,pression,pression,bar,7.9602,1.27,17.07,normal,95.4,96.5,256,GW-Modbus-03,1.5
2026-04-16 18:28:48,P-204,Pompe centrifuge HP,P-204-SEN-01,accelerometre,accelerometre,mm/s,1.6957,0.25,3.52,normal,92.5,98.7,1000,GW-MQTT-01,1.2
2026-04-16 18:28:24,P-204,Pompe centrifuge HP,P-204-SEN-02,accelerometre,accelerometre,g,0.4569,0.05,0.75,normal,96.5,94.5,1000,GW-OPCUA-02,1.3
2026-04-16 18:28:07,P-204,Pompe centrifuge HP,P-204-SEN-03,thermique,thermique,°C,24.0886,4.05,54.4,normal,94.9,98.9,512,GW-OPCUA-02,1.2
2026-04-16 18:28:58,P-204,Pompe centrifuge HP,P-204-SEN-04,sonde_proximite,sonde_proximite,microns,41.2646,5.4,73.58,normal,95.2,96.0,2000,GW-OPCUA-02,1.3
2026-04-16 18:28:58,P-204,Pompe centrifuge HP,P-204-SEN-05,ultrason,ultrason,dB,29.5181,3.78,51.03,normal,90.4,96.9,256,GW-OPCUA-02,1.2
2026-04-16 18:28:12,P-204,Pompe centrifuge HP,P-204-SEN-06,courant,courant,A,75.4451,10.8,144.79,normal,94.8,94.6,128,GW-Modbus-03,1.2
2026-04-16 18:28:46,P-204,Pompe centrifuge HP,P-204-SEN-07,debit,debit,m3/h,58.4299,7.65,102.24,normal,90.6,96.7,128,GW-OPCUA-02,1.5
2026-04-16 18:28:15,P-204,Pompe centrifuge HP,P-204-SEN-08,pression,pression,bar,4.7205,0.58,7.88,normal,91.7,99.8,1000,GW-MQTT-01,1.4
2026-04-16 18:28:05,C-118,Compresseur à vis,C-118-SEN-01,accelerometre,accelerometre,mm/s,2.1628,0.31,4.34,normal,91.5,97.0,1000,GW-Modbus-03,1.7
2026-04-16 18:28:28,C-118,Compresseur à vis,C-118-SEN-02,accelerometre,accelerometre,g,0.4836,0.07,0.93,normal,96.5,99.5,512,GW-OPCUA-02,1.7
2026-04-16 18:28:52,C-118,Compresseur à vis,C-118-SEN-03,thermique,thermique,°C,32.1006,4.99,67.09,normal,93.7,96.0,1000,GW-MQTT-01,1.6
2026-04-16 18:28:17,C-118,Compresseur à vis,C-118-SEN-04,sonde_proximite,sonde_proximite,microns,46.5975,6.66,90.75,normal,92.3,96.6,1000,GW-OPCUA-02,1.2
2026-04-16 18:28:25,C-118,Compresseur à vis,C-118-SEN-05,ultrason,ultrason,dB,30.0221,4.66,62.94,normal,95.2,95.5,128,GW-Modbus-03,1.4
2026-04-16 18:28:53,C-118,Compresseur à vis,C-118-SEN-06,courant,courant,A,102.2225,13.32,178.58,normal,94.4,95.8,5000,GW-Modbus-03,1.0
2026-04-16 18:28:40,C-118,Compresseur à vis,C-118-SEN-07,debit,debit,m3/h,59.4153,9.43,126.09,normal,91.9,98.1,256,GW-Modbus-03,1.3
2026-04-16 18:28:16,C-118,Compresseur à vis,C-118-SEN-08,pression,pression,bar,4.7407,0.72,9.72,normal,94.6,97.0,1000,GW-OPCUA-02,0.6
2026-04-16 18:28:53,V-302,Ventilateur tirage,V-302-SEN-01,accelerometre,accelerometre,mm/s,2.6078,0.37,5.16,normal,92.7,96.2,5000,GW-Modbus-03,1.3
2026-04-16 18:28:01,V-302,Ventilateur tirage,V-302-SEN-02,accelerometre,accelerometre,g,0.5993,0.08,1.1,normal,95.0,97.9,1000,GW-OPCUA-02,1.2
2026-04-16 18:28:12,V-302,Ventilateur tirage,V-302-SEN-03,thermique,thermique,°C,39.0468,5.94,79.78,normal,93.0,96.8,2000,GW-OPCUA-02,1.3
2026-04-16 18:28:05,V-302,Ventilateur tirage,V-302-SEN-04,sonde_proximite,sonde_proximite,microns,56.9875,7.92,107.92,normal,92.1,99.3,5000,GW-MQTT-01,1.6
2026-04-16 18:28:47,V-302,Ventilateur tirage,V-302-SEN-05,ultrason,ultrason,dB,34.6209,5.54,74.85,normal,95.8,97.5,128,GW-Modbus-03,1.2
2026-04-16 18:28:38,V-302,Ventilateur tirage,V-302-SEN-06,courant,courant,A,107.3711,15.84,212.36,normal,95.4,95.9,512,GW-Modbus-03,1.4
2026-04-16 18:28:15,V-302,Ventilateur tirage,V-302-SEN-07,debit,debit,m3/h,75.0494,11.22,149.95,normal,92.4,94.8,5000,GW-MQTT-01,0.2
2026-04-16 18:28:23,V-302,Ventilateur tirage,V-302-SEN-08,pression,pression,bar,5.433,0.86,11.56,normal,92.1,97.5,256,GW-MQTT-01,1.4
2026-04-16 18:28:57,M-019,Moteur électrique 400kW,M-019-SEN-01,accelerometre,accelerometre,mm/s,3.3822,0.43,5.98,normal,91.3,94.6,5000,GW-MQTT-01,1.1
2026-04-16 18:28:58,M-019,Moteur électrique 400kW,M-019-SEN-02,accelerometre,accelerometre,g,0.7015,0.09,1.28,normal,90.1,95.1,128,GW-OPCUA-02,1.3
2026-04-16 18:28:33,M-019,Moteur électrique 400kW,M-019-SEN-03,thermique,thermique,°C,44.1458,6.88,92.47,normal,94.3,95.0,2000,GW-Modbus-03,1.5
2026-04-16 18:28:10,M-019,Moteur électrique 400kW,M-019-SEN-04,sonde_proximite,sonde_proximite,microns,58.8124,9.18,125.09,normal,92.5,97.6,256,GW-OPCUA-02,1.8
2026-04-16 18:28:41,M-019,Moteur électrique 400kW,M-019-SEN-05,ultrason,ultrason,dB,44.1593,6.43,86.76,normal,95.2,99.7,128,GW-OPCUA-02,1.7
2026-04-16 18:28:28,M-019,Moteur électrique 400kW,M-019-SEN-06,courant,courant,A,125.6059,18.36,246.15,normal,92.2,97.8,256,GW-OPCUA-02,1.5
2026-04-16 18:28:26,M-019,Moteur électrique 400kW,M-019-SEN-07,debit,debit,m3/h,80.5572,13.01,173.8,normal,92.6,96.9,5000,GW-MQTT-01,1.5
2026-04-16 18:28:16,M-019,Moteur électrique 400kW,M-019-SEN-08,pression,pression,bar,6.8847,0.99,13.39,normal,92.9,94.9,128,GW-MQTT-01,1.3
2026-04-16 18:28:28,R-077,Réducteur convoyeur,R-077-SEN-01,accelerometre,accelerometre,mm/s,3.1832,0.49,6.8,normal,93.1,98.8,256,GW-MQTT-01,0.9
2026-04-16 18:28:11,R-077,Réducteur convoyeur,R-077-SEN-02,accelerometre,accelerometre,g,0.8004,0.1,1.45,normal,95.7,97.4,256,GW-Modbus-03,0.9
2026-04-16 18:28:11,R-077,Réducteur convoyeur,R-077-SEN-03,thermique,thermique,°C,52.4083,7.83,105.17,normal,95.8,96.5,512,GW-MQTT-01,0.8
2026-04-16 18:28:44,R-077,Réducteur convoyeur,R-077-SEN-04,sonde_proximite,sonde_proximite,microns,87.8267,10.44,142.26,normal,96.3,96.8,5000,GW-Modbus-03,1.6
2026-04-16 18:28:37,R-077,Réducteur convoyeur,R-077-SEN-05,ultrason,ultrason,dB,50.517,7.31,98.66,normal,91.2,97.9,256,GW-Modbus-03,0.9
2026-04-16 18:28:47,R-077,Réducteur convoyeur,R-077-SEN-06,courant,courant,A,132.1423,20.88,279.93,normal,92.2,100.0,5000,GW-MQTT-01,1.6
2026-04-16 18:28:47,R-077,Réducteur convoyeur,R-077-SEN-07,debit,debit,m3/h,94.7752,14.79,197.66,normal,93.8,101.3,1000,GW-OPCUA-02,1.5
2026-04-16 18:28:14,R-077,Réducteur convoyeur,R-077-SEN-08,pression,pression,bar,7.8653,1.13,15.23,normal,93.3,94.8,128,GW-MQTT-01,1.1
2026-04-16 18:28:43,P-311,Pompe centrifuge BP,P-311-SEN-01,accelerometre,accelerometre,mm/s,3.8285,0.55,7.62,normal,94.2,97.1,1000,GW-Modbus-03,1.7
2026-04-16 18:28:22,P-311,Pompe centrifuge BP,P-311-SEN-02,accelerometre,accelerometre,g,0.7268,0.12,1.63,normal,95.5,93.0,1000,GW-MQTT-01,0.3
2026-04-16 18:28:09,P-311,Pompe centrifuge BP,P-311-SEN-03,thermique,thermique,°C,57.442,8.78,117.86,normal,96.0,94.4,2000,GW-OPCUA-02,1.3
2026-04-16 18:28:05,P-311,Pompe centrifuge BP,P-311-SEN-04,sonde_proximite,sonde_proximite,microns,94.7968,11.7,159.43,normal,96.3,97.8,5000,GW-OPCUA-02,0.9
2026-04-16 18:28:28,P-311,Pompe centrifuge BP,P-311-SEN-05,ultrason,ultrason,dB,54.5724,8.19,110.57,normal,91.3,98.4,512,GW-OPCUA-02,1.2
2026-04-16 18:28:30,P-311,Pompe centrifuge BP,P-311-SEN-06,courant,courant,A,152.6591,23.4,313.72,normal,90.5,97.9,1000,GW-Modbus-03,1.7
2026-04-16 18:28:01,P-311,Pompe centrifuge BP,P-311-SEN-07,debit,debit,m3/h,113.9866,16.57,221.51,normal,93.0,96.9,512,GW-OPCUA-02,1.8
2026-04-16 18:28:04,P-311,Pompe centrifuge BP,P-311-SEN-08,pression,pression,bar,8.9469,1.27,17.07,normal,90.6,96.6,128,GW-OPCUA-02,1.2
2026-04-16 19:55:08,P-204,Pompe centrifuge HP,P-204-SEN-01,accelerometre,accelerometre,mm/s,1.9763,0.25,3.52,normal,91.2,98.7,2000,GW-MQTT-01,1.0
2026-04-16 19:55:35,P-204,Pompe centrifuge HP,P-204-SEN-02,accelerometre,accelerometre,g,0.4765,0.05,0.75,normal,92.6,99.9,128,GW-OPCUA-02,1.1
2026-04-16 19:55:39,P-204,Pompe centrifuge HP,P-204-SEN-03,thermique,thermique,°C,27.3073,4.05,54.4,normal,94.5,93.0,1000,GW-MQTT-01,1.1
2026-04-16 19:55:01,P-204,Pompe centrifuge HP,P-204-SEN-04,sonde_proximite,sonde_proximite,microns,52.7272,5.4,73.61,normal,91.8,98.0,256,GW-Modbus-03,0.9
2026-04-16 19:55:08,P-204,Pompe centrifuge HP,P-204-SEN-05,ultrason,ultrason,dB,30.2892,3.78,51.04,normal,94.4,99.6,128,GW-Modbus-03,1.2
2026-04-16 19:55:19,P-204,Pompe centrifuge HP,P-204-SEN-06,courant,courant,A,76.0024,10.8,144.8,normal,94.3,98.8,2000,GW-Modbus-03,0.7
2026-04-16 19:55:55,P-204,Pompe centrifuge HP,P-204-SEN-07,debit,debit,m3/h,50.3213,7.65,102.24,normal,95.3,95.0,128,GW-Modbus-03,1.5
2026-04-16 19:55:13,P-204,Pompe centrifuge HP,P-204-SEN-08,pression,pression,bar,4.5331,0.58,7.88,normal,94.1,98.2,5000,GW-Modbus-03,0.9
2026-04-16 19:55:14,C-118,Compresseur à vis,C-118-SEN-01,accelerometre,accelerometre,mm/s,2.5247,0.31,4.34,normal,90.7,96.5,128,GW-MQTT-01,1.6
2026-04-16 19:55:12,C-118,Compresseur à vis,C-118-SEN-02,accelerometre,accelerometre,g,0.4814,0.07,0.93,normal,94.7,97.3,256,GW-MQTT-01,0.8
2026-04-16 19:55:53,C-118,Compresseur à vis,C-118-SEN-03,thermique,thermique,°C,37.4976,4.99,67.1,normal,94.2,99.4,128,GW-Modbus-03,1.4
2026-04-16 19:55:35,C-118,Compresseur à vis,C-118-SEN-04,sonde_proximite,sonde_proximite,microns,49.0273,6.66,90.78,normal,93.1,97.9,256,GW-MQTT-01,1.4
2026-04-16 19:55:25,C-118,Compresseur à vis,C-118-SEN-05,ultrason,ultrason,dB,30.321,4.66,62.95,normal,95.2,99.6,2000,GW-OPCUA-02,1.9
2026-04-16 19:55:15,C-118,Compresseur à vis,C-118-SEN-06,courant,courant,A,87.4318,13.32,178.59,normal,90.6,97.2,256,GW-OPCUA-02,0.9
2026-04-16 19:55:54,C-118,Compresseur à vis,C-118-SEN-07,debit,debit,m3/h,66.6616,9.43,126.1,normal,90.6,94.7,5000,GW-OPCUA-02,1.0
2026-04-16 19:55:34,C-118,Compresseur à vis,C-118-SEN-08,pression,pression,bar,4.6616,0.72,9.72,normal,92.1,95.9,2000,GW-MQTT-01,1.1
2026-04-16 19:55:01,V-302,Ventilateur tirage,V-302-SEN-01,accelerometre,accelerometre,mm/s,2.4256,0.37,5.16,normal,95.1,96.7,2000,GW-Modbus-03,1.2
2026-04-16 19:55:40,V-302,Ventilateur tirage,V-302-SEN-02,accelerometre,accelerometre,g,0.6132,0.08,1.1,normal,95.5,93.2,2000,GW-MQTT-01,-0.3
2026-04-16 19:55:59,V-302,Ventilateur tirage,V-302-SEN-03,thermique,thermique,°C,37.7104,5.94,79.79,normal,94.6,93.9,128,GW-Modbus-03,1.2
2026-04-16 19:55:48,V-302,Ventilateur tirage,V-302-SEN-04,sonde_proximite,sonde_proximite,microns,59.0093,7.92,107.96,normal,96.5,101.6,1000,GW-OPCUA-02,1.0
2026-04-16 19:55:26,V-302,Ventilateur tirage,V-302-SEN-05,ultrason,ultrason,dB,33.5515,5.54,74.86,normal,93.6,98.8,256,GW-Modbus-03,1.8
2026-04-16 19:55:43,V-302,Ventilateur tirage,V-302-SEN-06,courant,courant,A,106.5065,15.84,212.38,normal,92.4,95.9,256,GW-MQTT-01,1.7
2026-04-16 19:55:48,V-302,Ventilateur tirage,V-302-SEN-07,debit,debit,m3/h,74.224,11.22,149.95,normal,96.4,95.4,2000,GW-MQTT-01,0.7
2026-04-16 19:55:41,V-302,Ventilateur tirage,V-302-SEN-08,pression,pression,bar,6.3152,0.86,11.56,normal,96.6,97.9,512,GW-Modbus-03,1.0
2026-04-16 19:55:47,M-019,Moteur électrique 400kW,M-019-SEN-01,accelerometre,accelerometre,mm/s,3.2865,0.43,5.99,normal,91.5,96.6,256,GW-MQTT-01,0.9
2026-04-16 19:55:43,M-019,Moteur électrique 400kW,M-019-SEN-02,accelerometre,accelerometre,g,0.6567,0.09,1.28,normal,91.6,95.8,512,GW-OPCUA-02,1.2
2026-04-16 19:55:26,M-019,Moteur électrique 400kW,M-019-SEN-03,thermique,thermique,°C,48.4476,6.88,92.48,normal,92.3,97.7,1000,GW-Modbus-03,1.2
2026-04-16 19:55:18,M-019,Moteur électrique 400kW,M-019-SEN-04,sonde_proximite,sonde_proximite,microns,62.9688,9.18,125.13,normal,91.6,98.2,128,GW-OPCUA-02,1.3
2026-04-16 19:55:14,M-019,Moteur électrique 400kW,M-019-SEN-05,ultrason,ultrason,dB,40.7074,6.43,86.77,normal,91.8,95.4,128,GW-OPCUA-02,1.2
2026-04-16 19:55:45,M-019,Moteur électrique 400kW,M-019-SEN-06,courant,courant,A,127.8692,18.36,246.17,normal,93.6,96.7,1000,GW-MQTT-01,1.5
2026-04-16 19:55:59,M-019,Moteur électrique 400kW,M-019-SEN-07,debit,debit,m3/h,82.8346,13.01,173.81,normal,93.6,98.0,2000,GW-MQTT-01,0.7
2026-04-16 19:55:27,M-019,Moteur électrique 400kW,M-019-SEN-08,pression,pression,bar,6.9615,0.99,13.4,normal,96.2,96.9,5000,GW-MQTT-01,1.5
2026-04-16 19:55:09,R-077,Réducteur convoyeur,R-077-SEN-01,accelerometre,accelerometre,mm/s,3.1839,0.49,6.81,normal,95.2,99.7,5000,GW-OPCUA-02,0.9
2026-04-16 19:55:50,R-077,Réducteur convoyeur,R-077-SEN-02,accelerometre,accelerometre,g,0.7041,0.1,1.45,normal,96.3,96.0,1000,GW-MQTT-01,1.5
2026-04-16 19:55:32,R-077,Réducteur convoyeur,R-077-SEN-03,thermique,thermique,°C,49.164,7.83,105.18,normal,91.5,96.7,5000,GW-MQTT-01,1.8
2026-04-16 19:55:10,R-077,Réducteur convoyeur,R-077-SEN-04,sonde_proximite,sonde_proximite,microns,64.6204,10.44,142.31,normal,95.7,96.5,1000,GW-Modbus-03,1.6
2026-04-16 19:55:55,R-077,Réducteur convoyeur,R-077-SEN-05,ultrason,ultrason,dB,47.0203,7.31,98.68,normal,95.2,96.3,512,GW-MQTT-01,1.6
2026-04-16 19:55:12,R-077,Réducteur convoyeur,R-077-SEN-06,courant,courant,A,132.7563,20.88,279.95,normal,90.3,99.8,5000,GW-MQTT-01,1.0
2026-04-16 19:55:30,R-077,Réducteur convoyeur,R-077-SEN-07,debit,debit,m3/h,99.4152,14.79,197.67,normal,92.2,97.6,5000,GW-OPCUA-02,0.4
2026-04-16 19:55:30,R-077,Réducteur convoyeur,R-077-SEN-08,pression,pression,bar,8.2442,1.13,15.24,normal,93.4,95.8,5000,GW-OPCUA-02,0.9
2026-04-16 19:55:47,P-311,Pompe centrifuge BP,P-311-SEN-01,accelerometre,accelerometre,mm/s,3.1131,0.55,7.63,normal,90.2,97.2,256,GW-OPCUA-02,1.2
2026-04-16 19:55:16,P-311,Pompe centrifuge BP,P-311-SEN-02,accelerometre,accelerometre,g,0.8582,0.12,1.63,normal,95.6,96.5,512,GW-MQTT-01,-0.0
2026-04-16 19:55:11,P-311,Pompe centrifuge BP,P-311-SEN-03,thermique,thermique,°C,59.2122,8.78,117.87,normal,92.4,100.9,512,GW-Modbus-03,1.5
2026-04-16 19:55:34,P-311,Pompe centrifuge BP,P-311-SEN-04,sonde_proximite,sonde_proximite,microns,77.8018,11.7,159.48,normal,91.2,98.3,5000,GW-Modbus-03,1.0
2026-04-16 19:55:18,P-311,Pompe centrifuge BP,P-311-SEN-05,ultrason,ultrason,dB,49.2453,8.19,110.59,normal,91.8,98.0,512,GW-Modbus-03,1.0
2026-04-16 19:55:39,P-311,Pompe centrifuge BP,P-311-SEN-06,courant,courant,A,155.4145,23.4,313.74,normal,96.1,97.3,128,GW-MQTT-01,1.7
2026-04-16 19:55:59,P-311,Pompe centrifuge BP,P-311-SEN-07,debit,debit,m3/h,112.7248,16.57,221.52,normal,90.4,93.4,512,GW-Modbus-03,1.1
2026-04-16 19:55:57,P-311,Pompe centrifuge BP,P-311-SEN-08,pression,pression,bar,8.6224,1.27,17.07,normal,90.5,100.4,128,GW-Modbus-03,0.7
2026-04-16 20:14:55,P-204,Pompe centrifuge HP,P-204-SEN-01,accelerometre,accelerometre,mm/s,1.7839,0.25,3.52,normal,94.4,95.5,128,GW-MQTT-01,1.0
2026-04-16 20:14:41,P-204,Pompe centrifuge HP,P-204-SEN-02,accelerometre,accelerometre,g,0.4531,0.05,0.75,normal,90.1,95.9,1000,GW-MQTT-01,0.8
2026-04-16 20:14:57,P-204,Pompe centrifuge HP,P-204-SEN-03,thermique,thermique,°C,28.7371,4.05,54.41,normal,90.4,96.6,2000,GW-OPCUA-02,1.3
2026-04-16 20:14:38,P-204,Pompe centrifuge HP,P-204-SEN-04,sonde_proximite,sonde_proximite,microns,25.5794,5.4,73.63,normal,92.1,96.2,512,GW-Modbus-03,1.5
2026-04-16 20:14:39,P-204,Pompe centrifuge HP,P-204-SEN-05,ultrason,ultrason,dB,27.7367,3.78,51.05,normal,92.9,94.1,128,GW-Modbus-03,0.6
2026-04-16 20:14:59,P-204,Pompe centrifuge HP,P-204-SEN-06,courant,courant,A,51.9401,10.8,144.82,normal,91.3,95.5,2000,GW-MQTT-01,1.0
2026-04-16 20:14:39,P-204,Pompe centrifuge HP,P-204-SEN-07,debit,debit,m3/h,53.3689,7.65,102.24,normal,92.2,93.3,2000,GW-OPCUA-02,0.4
2026-04-16 20:14:46,P-204,Pompe centrifuge HP,P-204-SEN-08,pression,pression,bar,3.9282,0.58,7.88,normal,93.2,95.4,512,GW-OPCUA-02,1.0
2026-04-16 20:14:59,C-118,Compresseur à vis,C-118-SEN-01,accelerometre,accelerometre,mm/s,2.2931,0.31,4.35,normal,94.0,96.1,1000,GW-Modbus-03,0.8
2026-04-16 20:14:00,C-118,Compresseur à vis,C-118-SEN-02,accelerometre,accelerometre,g,0.4102,0.07,0.93,normal,92.8,96.7,5000,GW-OPCUA-02,1.0
2026-04-16 20:14:12,C-118,Compresseur à vis,C-118-SEN-03,thermique,thermique,°C,32.5506,4.99,67.1,normal,92.1,97.2,256,GW-Modbus-03,1.2
2026-04-16 20:14:50,C-118,Compresseur à vis,C-118-SEN-04,sonde_proximite,sonde_proximite,microns,48.3382,6.66,90.81,normal,92.3,96.0,1000,GW-Modbus-03,1.5
2026-04-16 20:14:59,C-118,Compresseur à vis,C-118-SEN-05,ultrason,ultrason,dB,27.8596,4.66,62.97,normal,92.7,96.0,1000,GW-OPCUA-02,1.3
2026-04-16 20:14:39,C-118,Compresseur à vis,C-118-SEN-06,courant,courant,A,93.8035,13.32,178.61,normal,90.1,99.2,256,GW-MQTT-01,1.4
2026-04-16 20:14:19,C-118,Compresseur à vis,C-118-SEN-07,debit,debit,m3/h,57.7362,9.43,126.1,normal,96.1,95.7,2000,GW-OPCUA-02,0.9
2026-04-16 20:14:48,C-118,Compresseur à vis,C-118-SEN-08,pression,pression,bar,4.7488,0.72,9.72,normal,96.4,97.2,128,GW-MQTT-01,0.6
2026-04-16 20:14:47,V-302,Ventilateur tirage,V-302-SEN-01,accelerometre,accelerometre,mm/s,2.9166,0.37,5.17,normal,94.7,94.0,128,GW-OPCUA-02,0.9
2026-04-16 20:14:57,V-302,Ventilateur tirage,V-302-SEN-02,accelerometre,accelerometre,g,0.581,0.08,1.1,normal,96.3,96.7,256,GW-MQTT-01,1.5
2026-04-16 20:14:44,V-302,Ventilateur tirage,V-302-SEN-03,thermique,thermique,°C,41.1129,5.94,79.8,normal,96.5,99.8,5000,GW-MQTT-01,1.0
2026-04-16 20:14:50,V-302,Ventilateur tirage,V-302-SEN-04,sonde_proximite,sonde_proximite,microns,48.9144,7.92,107.99,normal,94.4,94.9,128,GW-MQTT-01,1.0
2026-04-16 20:14:02,V-302,Ventilateur tirage,V-302-SEN-05,ultrason,ultrason,dB,34.1196,5.54,74.88,normal,94.9,96.5,512,GW-Modbus-03,1.8
2026-04-16 20:14:12,V-302,Ventilateur tirage,V-302-SEN-06,courant,courant,A,102.9342,15.84,212.4,normal,93.4,99.0,512,GW-OPCUA-02,0.9
2026-04-16 20:14:33,V-302,Ventilateur tirage,V-302-SEN-07,debit,debit,m3/h,80.6558,11.22,149.96,normal,89.9,95.9,5000,GW-OPCUA-02,0.9
2026-04-16 20:14:52,V-302,Ventilateur tirage,V-302-SEN-08,pression,pression,bar,5.9643,0.86,11.56,normal,94.3,98.2,5000,GW-MQTT-01,0.7
2026-04-16 20:14:08,M-019,Moteur électrique 400kW,M-019-SEN-01,accelerometre,accelerometre,mm/s,3.1434,0.43,5.99,normal,90.4,91.5,5000,GW-Modbus-03,1.0
2026-04-16 20:14:38,M-019,Moteur électrique 400kW,M-019-SEN-02,accelerometre,accelerometre,g,0.7359,0.09,1.28,normal,94.9,97.1,512,GW-OPCUA-02,0.7
2026-04-16 20:14:18,M-019,Moteur électrique 400kW,M-019-SEN-03,thermique,thermique,°C,43.0868,6.88,92.49,normal,94.6,100.0,2000,GW-OPCUA-02,2.0
2026-04-16 20:14:19,M-019,Moteur électrique 400kW,M-019-SEN-04,sonde_proximite,sonde_proximite,microns,49.8778,9.18,125.17,normal,90.5,95.8,5000,GW-Modbus-03,1.4
2026-04-16 20:14:37,M-019,Moteur électrique 400kW,M-019-SEN-05,ultrason,ultrason,dB,33.9885,6.43,86.79,normal,92.2,97.6,1000,GW-Modbus-03,0.9
2026-04-16 20:14:11,M-019,Moteur électrique 400kW,M-019-SEN-06,courant,courant,A,121.4721,18.36,246.19,normal,95.4,96.3,1000,GW-Modbus-03,1.2
2026-04-16 20:14:51,M-019,Moteur électrique 400kW,M-019-SEN-07,debit,debit,m3/h,88.9395,13.01,173.82,normal,92.7,97.7,512,GW-OPCUA-02,1.5
2026-04-16 20:14:33,M-019,Moteur électrique 400kW,M-019-SEN-08,pression,pression,bar,5.9205,0.99,13.4,normal,93.4,98.2,512,GW-OPCUA-02,1.3
2026-04-16 20:14:48,R-077,Réducteur convoyeur,R-077-SEN-01,accelerometre,accelerometre,mm/s,3.3264,0.49,6.81,normal,93.6,97.2,512,GW-MQTT-01,1.2
2026-04-16 20:14:18,R-077,Réducteur convoyeur,R-077-SEN-02,accelerometre,accelerometre,g,0.667,0.1,1.46,normal,95.3,92.7,2000,GW-OPCUA-02,1.6
2026-04-16 20:14:27,R-077,Réducteur convoyeur,R-077-SEN-03,thermique,thermique,°C,55.2149,7.83,105.19,normal,90.1,97.7,1000,GW-Modbus-03,1.4
2026-04-16 20:14:15,R-077,Réducteur convoyeur,R-077-SEN-04,sonde_proximite,sonde_proximite,microns,78.9788,10.44,142.36,normal,95.6,94.2,2000,GW-Modbus-03,1.3
2026-04-16 20:14:29,R-077,Réducteur convoyeur,R-077-SEN-05,ultrason,ultrason,dB,49.2586,7.31,98.7,normal,93.1,98.5,512,GW-OPCUA-02,1.3
2026-04-16 20:14:56,R-077,Réducteur convoyeur,R-077-SEN-06,courant,courant,A,123.9863,20.88,279.98,normal,90.3,97.6,512,GW-OPCUA-02,0.8
2026-04-16 20:14:24,R-077,Réducteur convoyeur,R-077-SEN-07,debit,debit,m3/h,101.1409,14.79,197.67,normal,92.1,96.0,5000,GW-OPCUA-02,0.7
2026-04-16 20:14:55,R-077,Réducteur convoyeur,R-077-SEN-08,pression,pression,bar,7.8523,1.13,15.24,normal,94.9,94.0,2000,GW-MQTT-01,1.3
2026-04-16 20:14:40,P-311,Pompe centrifuge BP,P-311-SEN-01,accelerometre,accelerometre,mm/s,3.6861,0.55,7.63,normal,94.5,95.3,5000,GW-OPCUA-02,0.7
2026-04-16 20:14:46,P-311,Pompe centrifuge BP,P-311-SEN-02,accelerometre,accelerometre,g,0.9059,0.12,1.63,normal,91.0,98.8,1000,GW-OPCUA-02,1.2
2026-04-16 20:14:38,P-311,Pompe centrifuge BP,P-311-SEN-03,thermique,thermique,°C,59.5878,8.78,117.88,normal,91.7,100.4,1000,GW-MQTT-01,0.8
2026-04-16 20:14:59,P-311,Pompe centrifuge BP,P-311-SEN-04,sonde_proximite,sonde_proximite,microns,82.7994,11.7,159.54,normal,92.5,97.6,128,GW-Modbus-03,1.8
2026-04-16 20:14:46,P-311,Pompe centrifuge BP,P-311-SEN-05,ultrason,ultrason,dB,52.001,8.19,110.61,normal,93.0,97.3,128,GW-OPCUA-02,0.6
2026-04-16 20:14:22,P-311,Pompe centrifuge BP,P-311-SEN-06,courant,courant,A,156.1479,23.4,313.77,normal,96.4,96.0,2000,GW-Modbus-03,0.8
2026-04-16 20:14:39,P-311,Pompe centrifuge BP,P-311-SEN-07,debit,debit,m3/h,112.5947,16.57,221.53,normal,96.6,93.4,512,GW-OPCUA-02,1.7
2026-04-16 20:14:53,P-311,Pompe centrifuge BP,P-311-SEN-08,pression,pression,bar,8.3505,1.27,17.08,normal,90.9,93.8,512,GW-Modbus-03,1.1
2026-04-16 21:43:23,P-204,Pompe centrifuge HP,P-204-SEN-01,accelerometre,accelerometre,mm/s,2.0076,0.25,3.53,normal,93.9,98.5,2000,GW-MQTT-01,1.7
2026-04-16 21:43:35,P-204,Pompe centrifuge HP,P-204-SEN-02,accelerometre,accelerometre,g,0.4079,0.05,0.75,normal,93.4,95.5,2000,GW-Modbus-03,0.8
2026-04-16 21:43:07,P-204,Pompe centrifuge HP,P-204-SEN-03,thermique,thermique,°C,25.9482,4.05,54.41,normal,93.7,97.3,512,GW-MQTT-01,1.1
2026-04-16 21:43:04,P-204,Pompe centrifuge HP,P-204-SEN-04,sonde_proximite,sonde_proximite,microns,43.45,5.4,73.66,normal,92.2,98.3,256,GW-MQTT-01,1.5
2026-04-16 21:43:09,P-204,Pompe centrifuge HP,P-204-SEN-05,ultrason,ultrason,dB,18.8069,3.78,51.06,normal,93.4,95.9,1000,GW-Modbus-03,1.8
2026-04-16 21:43:25,P-204,Pompe centrifuge HP,P-204-SEN-06,courant,courant,A,79.9131,10.8,144.83,normal,94.7,100.0,5000,GW-OPCUA-02,0.9
2026-04-16 21:43:02,P-204,Pompe centrifuge HP,P-204-SEN-07,debit,debit,m3/h,56.8805,7.65,102.25,normal,92.7,96.7,256,GW-MQTT-01,0.9
2026-04-16 21:43:47,P-204,Pompe centrifuge HP,P-204-SEN-08,pression,pression,bar,3.3734,0.58,7.88,normal,92.3,99.3,512,GW-OPCUA-02,0.5
2026-04-16 21:43:00,C-118,Compresseur à vis,C-118-SEN-01,accelerometre,accelerometre,mm/s,1.7946,0.31,4.35,normal,95.5,95.9,256,GW-MQTT-01,0.9
2026-04-16 21:43:53,C-118,Compresseur à vis,C-118-SEN-02,accelerometre,accelerometre,g,0.4613,0.07,0.93,normal,91.0,98.2,256,GW-OPCUA-02,1.4
2026-04-16 21:43:38,C-118,Compresseur à vis,C-118-SEN-03,thermique,thermique,°C,29.2517,4.99,67.11,normal,96.5,96.1,128,GW-OPCUA-02,1.0
2026-04-16 21:43:43,C-118,Compresseur à vis,C-118-SEN-04,sonde_proximite,sonde_proximite,microns,53.0566,6.66,90.84,normal,95.9,96.1,512,GW-Modbus-03,2.5
2026-04-16 21:43:51,C-118,Compresseur à vis,C-118-SEN-05,ultrason,ultrason,dB,34.4913,4.66,62.98,normal,93.4,98.1,256,GW-OPCUA-02,1.7
2026-04-16 21:43:04,C-118,Compresseur à vis,C-118-SEN-06,courant,courant,A,88.5689,13.32,178.62,normal,95.3,98.0,5000,GW-Modbus-03,2.2
2026-04-16 21:43:23,C-118,Compresseur à vis,C-118-SEN-07,debit,debit,m3/h,63.8293,9.43,126.11,normal,95.4,97.7,2000,GW-Modbus-03,1.4
2026-04-16 21:43:08,C-118,Compresseur à vis,C-118-SEN-08,pression,pression,bar,4.4111,0.72,9.72,normal,92.3,96.9,128,GW-Modbus-03,1.0
2026-04-16 21:43:34,V-302,Ventilateur tirage,V-302-SEN-01,accelerometre,accelerometre,mm/s,3.0263,0.37,5.17,normal,90.7,93.7,5000,GW-OPCUA-02,1.8
2026-04-16 21:43:27,V-302,Ventilateur tirage,V-302-SEN-02,accelerometre,accelerometre,g,0.5812,0.08,1.1,normal,95.4,100.8,256,GW-Modbus-03,2.2
2026-04-16 21:43:25,V-302,Ventilateur tirage,V-302-SEN-03,thermique,thermique,°C,40.8897,5.94,79.81,normal,93.8,97.2,512,GW-Modbus-03,1.0
2026-04-16 21:43:58,V-302,Ventilateur tirage,V-302-SEN-04,sonde_proximite,sonde_proximite,microns,42.9924,7.92,108.03,normal,93.9,96.6,128,GW-MQTT-01,0.7
2026-04-16 21:43:39,V-302,Ventilateur tirage,V-302-SEN-05,ultrason,ultrason,dB,42.6905,5.54,74.89,normal,94.8,97.9,256,GW-OPCUA-02,1.1
2026-04-16 21:43:16,V-302,Ventilateur tirage,V-302-SEN-06,courant,courant,A,114.1404,15.84,212.41,normal,94.5,95.9,128,GW-Modbus-03,1.7
2026-04-16 21:43:13,V-302,Ventilateur tirage,V-302-SEN-07,debit,debit,m3/h,68.4459,11.22,149.96,normal,90.9,98.0,128,GW-Modbus-03,1.3
2026-04-16 21:43:06,V-302,Ventilateur tirage,V-302-SEN-08,pression,pression,bar,5.9278,0.86,11.56,normal,92.8,97.3,512,GW-Modbus-03,1.5
2026-04-16 21:43:23,M-019,Moteur électrique 400kW,M-019-SEN-01,accelerometre,accelerometre,mm/s,2.8571,0.43,5.99,normal,90.2,98.3,5000,GW-Modbus-03,0.5
2026-04-16 21:43:20,M-019,Moteur électrique 400kW,M-019-SEN-02,accelerometre,accelerometre,g,0.71,0.09,1.28,normal,91.0,99.7,128,GW-MQTT-01,0.7
2026-04-16 21:43:37,M-019,Moteur électrique 400kW,M-019-SEN-03,thermique,thermique,°C,43.1152,6.88,92.5,normal,93.9,97.1,256,GW-MQTT-01,1.2
2026-04-16 21:43:03,M-019,Moteur électrique 400kW,M-019-SEN-04,sonde_proximite,sonde_proximite,microns,72.5764,9.18,125.22,normal,92.8,98.5,2000,GW-Modbus-03,0.9
2026-04-16 21:43:51,M-019,Moteur électrique 400kW,M-019-SEN-05,ultrason,ultrason,dB,41.4709,6.43,86.81,normal,93.8,99.0,2000,GW-OPCUA-02,1.3
2026-04-16 21:43:24,M-019,Moteur électrique 400kW,M-019-SEN-06,courant,courant,A,116.1372,18.36,246.21,normal,95.1,95.1,512,GW-OPCUA-02,1.1
2026-04-16 21:43:29,M-019,Moteur électrique 400kW,M-019-SEN-07,debit,debit,m3/h,82.2706,13.01,173.82,normal,92.3,92.4,2000,GW-Modbus-03,1.1
2026-04-16 21:43:57,M-019,Moteur électrique 400kW,M-019-SEN-08,pression,pression,bar,6.3758,0.99,13.4,normal,90.0,100.0,5000,GW-MQTT-01,0.2
2026-04-16 21:43:08,R-077,Réducteur convoyeur,R-077-SEN-01,accelerometre,accelerometre,mm/s,3.336,0.49,6.82,normal,90.2,94.8,2000,GW-Modbus-03,0.6
2026-04-16 21:43:26,R-077,Réducteur convoyeur,R-077-SEN-02,accelerometre,accelerometre,g,0.7782,0.1,1.46,normal,93.5,95.7,512,GW-OPCUA-02,1.7
2026-04-16 21:43:25,R-077,Réducteur convoyeur,R-077-SEN-03,thermique,thermique,°C,50.5354,7.83,105.2,normal,92.0,97.2,128,GW-Modbus-03,1.9
2026-04-16 21:43:08,R-077,Réducteur convoyeur,R-077-SEN-04,sonde_proximite,sonde_proximite,microns,64.0974,10.44,142.4,normal,93.5,96.5,256,GW-MQTT-01,1.1
2026-04-16 21:43:55,R-077,Réducteur convoyeur,R-077-SEN-05,ultrason,ultrason,dB,56.3942,7.31,98.72,normal,92.2,98.2,2000,GW-OPCUA-02,0.7
2026-04-16 21:43:26,R-077,Réducteur convoyeur,R-077-SEN-06,courant,courant,A,142.6961,20.88,280.0,normal,92.9,96.0,2000,GW-OPCUA-02,1.3
2026-04-16 21:43:32,R-077,Réducteur convoyeur,R-077-SEN-07,debit,debit,m3/h,94.1199,14.79,197.68,normal,89.9,97.6,512,GW-Modbus-03,0.8
2026-04-16 21:43:28,R-077,Réducteur convoyeur,R-077-SEN-08,pression,pression,bar,7.6747,1.13,15.24,normal,92.7,98.4,256,GW-MQTT-01,1.5
2026-04-16 21:43:47,P-311,Pompe centrifuge BP,P-311-SEN-01,accelerometre,accelerometre,mm/s,4.3422,0.55,7.64,normal,94.2,101.7,5000,GW-Modbus-03,0.9
2026-04-16 21:43:13,P-311,Pompe centrifuge BP,P-311-SEN-02,accelerometre,accelerometre,g,0.8953,0.12,1.63,normal,95.9,101.4,512,GW-MQTT-01,1.4
2026-04-16 21:43:56,P-311,Pompe centrifuge BP,P-311-SEN-03,thermique,thermique,°C,59.6264,8.78,117.9,normal,95.1,95.5,128,GW-Modbus-03,1.1
2026-04-16 21:43:26,P-311,Pompe centrifuge BP,P-311-SEN-04,sonde_proximite,sonde_proximite,microns,82.7708,11.7,159.59,normal,93.0,96.2,5000,GW-Modbus-03,1.8
2026-04-16 21:43:40,P-311,Pompe centrifuge BP,P-311-SEN-05,ultrason,ultrason,dB,55.1197,8.19,110.64,normal,94.1,93.6,1000,GW-OPCUA-02,1.2
2026-04-16 21:43:23,P-311,Pompe centrifuge BP,P-311-SEN-06,courant,courant,A,151.3507,23.4,313.79,normal,96.3,101.1,5000,GW-Modbus-03,1.4
2026-04-16 21:43:29,P-311,Pompe centrifuge BP,P-311-SEN-07,debit,debit,m3/h,111.4605,16.57,221.54,normal,90.8,95.3,2000,GW-MQTT-01,0.9
2026-04-16 21:43:37,P-311,Pompe centrifuge BP,P-311-SEN-08,pression,pression,bar,8.4557,1.27,17.08,normal,95.8,96.5,128,GW-OPCUA-02,1.5
2026-04-16 22:30:55,P-204,Pompe centrifuge HP,P-204-SEN-01,accelerometre,accelerometre,mm/s,1.8987,0.25,3.53,normal,93.8,94.8,512,GW-MQTT-01,0.8
2026-04-16 22:30:50,P-204,Pompe centrifuge HP,P-204-SEN-02,accelerometre,accelerometre,g,0.4078,0.05,0.75,normal,92.8,95.5,512,GW-Modbus-03,1.7
2026-04-16 22:30:58,P-204,Pompe centrifuge HP,P-204-SEN-03,thermique,thermique,°C,28.2526,4.05,54.42,normal,95.7,97.6,1000,GW-Modbus-03,1.1
2026-04-16 22:30:38,P-204,Pompe centrifuge HP,P-204-SEN-04,sonde_proximite,sonde_proximite,microns,43.6989,5.4,73.68,normal,95.6,99.0,5000,GW-Modbus-03,1.3
2026-04-16 22:30:20,P-204,Pompe centrifuge HP,P-204-SEN-05,ultrason,ultrason,dB,24.1732,3.78,51.07,normal,91.7,95.3,256,GW-OPCUA-02,1.1
2026-04-16 22:30:44,P-204,Pompe centrifuge HP,P-204-SEN-06,courant,courant,A,78.4967,10.8,144.84,normal,93.6,99.7,2000,GW-MQTT-01,1.5
2026-04-16 22:30:16,P-204,Pompe centrifuge HP,P-204-SEN-07,debit,debit,m3/h,38.324,7.65,102.25,normal,90.5,92.4,256,GW-Modbus-03,1.3
2026-04-16 22:30:06,P-204,Pompe centrifuge HP,P-204-SEN-08,pression,pression,bar,3.1941,0.58,7.88,normal,96.4,96.0,2000,GW-MQTT-01,0.8
2026-04-16 22:30:07,C-118,Compresseur à vis,C-118-SEN-01,accelerometre,accelerometre,mm/s,1.5945,0.31,4.35,normal,91.6,99.0,1000,GW-OPCUA-02,1.1
2026-04-16 22:30:06,C-118,Compresseur à vis,C-118-SEN-02,accelerometre,accelerometre,g,0.5979,0.07,0.93,normal,95.0,100.6,1000,GW-Modbus-03,0.6
2026-04-16 22:30:26,C-118,Compresseur à vis,C-118-SEN-03,thermique,thermique,°C,32.2361,4.99,67.12,normal,96.1,99.0,128,GW-Modbus-03,1.3
2026-04-16 22:30:41,C-118,Compresseur à vis,C-118-SEN-04,sonde_proximite,sonde_proximite,microns,43.4302,6.66,90.87,normal,95.6,94.1,512,GW-MQTT-01,1.1
2026-04-16 22:30:44,C-118,Compresseur à vis,C-118-SEN-05,ultrason,ultrason,dB,30.1778,4.66,62.99,normal,92.0,94.5,256,GW-MQTT-01,1.7
2026-04-16 22:30:45,C-118,Compresseur à vis,C-118-SEN-06,courant,courant,A,87.3368,13.32,178.64,normal,92.8,97.5,512,GW-OPCUA-02,1.1
2026-04-16 22:30:03,C-118,Compresseur à vis,C-118-SEN-07,debit,debit,m3/h,66.5738,9.43,126.11,normal,94.3,96.0,5000,GW-MQTT-01,1.7
2026-04-16 22:30:00,C-118,Compresseur à vis,C-118-SEN-08,pression,pression,bar,5.1123,0.72,9.72,normal,96.3,95.4,128,GW-Modbus-03,1.1
2026-04-16 22:30:23,V-302,Ventilateur tirage,V-302-SEN-01,accelerometre,accelerometre,mm/s,2.1867,0.37,5.17,normal,95.1,98.3,2000,GW-Modbus-03,0.9
2026-04-16 22:30:30,V-302,Ventilateur tirage,V-302-SEN-02,accelerometre,accelerometre,g,0.6562,0.08,1.11,normal,95.1,97.3,2000,GW-MQTT-01,1.6
2026-04-16 22:30:15,V-302,Ventilateur tirage,V-302-SEN-03,thermique,thermique,°C,38.4877,5.94,79.82,normal,92.0,95.1,512,GW-MQTT-01,1.8
2026-04-16 22:30:20,V-302,Ventilateur tirage,V-302-SEN-04,sonde_proximite,sonde_proximite,microns,48.7006,7.92,108.06,normal,94.5,98.3,512,GW-Modbus-03,1.8
2026-04-16 22:30:05,V-302,Ventilateur tirage,V-302-SEN-05,ultrason,ultrason,dB,35.37,5.54,74.91,normal,92.4,95.9,1000,GW-OPCUA-02,1.4
2026-04-16 22:30:07,V-302,Ventilateur tirage,V-302-SEN-06,courant,courant,A,104.0364,15.84,212.43,normal,89.6,100.4,256,GW-OPCUA-02,2.9
2026-04-16 22:30:48,V-302,Ventilateur tirage,V-302-SEN-07,debit,debit,m3/h,70.6523,11.22,149.97,normal,92.7,96.4,512,GW-OPCUA-02,2.1
2026-04-16 22:30:00,V-302,Ventilateur tirage,V-302-SEN-08,pression,pression,bar,5.5482,0.86,11.56,normal,89.8,96.2,512,GW-MQTT-01,1.8
2026-04-16 22:30:22,M-019,Moteur électrique 400kW,M-019-SEN-01,accelerometre,accelerometre,mm/s,2.7036,0.43,6.0,normal,90.4,97.0,1000,GW-Modbus-03,1.2
2026-04-16 22:30:51,M-019,Moteur électrique 400kW,M-019-SEN-02,accelerometre,accelerometre,g,0.5601,0.09,1.28,normal,92.3,95.1,256,GW-MQTT-01,1.1
2026-04-16 22:30:50,M-019,Moteur électrique 400kW,M-019-SEN-03,thermique,thermique,°C,45.9123,6.88,92.51,normal,95.9,94.7,5000,GW-Modbus-03,0.9
2026-04-16 22:30:04,M-019,Moteur électrique 400kW,M-019-SEN-04,sonde_proximite,sonde_proximite,microns,57.9413,9.18,125.26,normal,92.8,98.1,2000,GW-MQTT-01,1.4
2026-04-16 22:30:08,M-019,Moteur électrique 400kW,M-019-SEN-05,ultrason,ultrason,dB,44.4414,6.43,86.82,normal,96.2,99.9,5000,GW-MQTT-01,1.4
2026-04-16 22:30:23,M-019,Moteur électrique 400kW,M-019-SEN-06,courant,courant,A,142.4878,18.36,246.23,normal,95.2,97.3,1000,GW-OPCUA-02,1.5
2026-04-16 22:30:48,M-019,Moteur électrique 400kW,M-019-SEN-07,debit,debit,m3/h,81.2972,13.01,173.83,normal,91.3,98.9,1000,GW-MQTT-01,1.1
2026-04-16 22:30:48,M-019,Moteur électrique 400kW,M-019-SEN-08,pression,pression,bar,7.1151,0.99,13.4,normal,96.3,95.2,5000,GW-MQTT-01,1.3
2026-04-16 22:30:43,R-077,Réducteur convoyeur,R-077-SEN-01,accelerometre,accelerometre,mm/s,3.5744,0.49,6.82,normal,96.4,94.8,512,GW-MQTT-01,1.7
2026-04-16 22:30:01,R-077,Réducteur convoyeur,R-077-SEN-02,accelerometre,accelerometre,g,0.7648,0.1,1.46,normal,94.1,99.5,2000,GW-OPCUA-02,1.7
2026-04-16 22:30:15,R-077,Réducteur convoyeur,R-077-SEN-03,thermique,thermique,°C,54.0602,7.83,105.21,normal,92.6,93.6,128,GW-MQTT-01,1.4
2026-04-16 22:30:54,R-077,Réducteur convoyeur,R-077-SEN-04,sonde_proximite,sonde_proximite,microns,84.2888,10.44,142.45,normal,90.5,93.4,5000,GW-Modbus-03,1.5
2026-04-16 22:30:23,R-077,Réducteur convoyeur,R-077-SEN-05,ultrason,ultrason,dB,49.5341,7.31,98.74,normal,94.9,98.5,128,GW-MQTT-01,1.5
2026-04-16 22:30:02,R-077,Réducteur convoyeur,R-077-SEN-06,courant,courant,A,143.6724,20.88,280.02,normal,92.5,96.0,2000,GW-MQTT-01,1.2
2026-04-16 22:30:08,R-077,Réducteur convoyeur,R-077-SEN-07,debit,debit,m3/h,99.5373,14.79,197.69,normal,94.4,95.8,1000,GW-OPCUA-02,1.3
2026-04-16 22:30:19,R-077,Réducteur convoyeur,R-077-SEN-08,pression,pression,bar,7.6349,1.13,15.24,normal,92.0,91.5,5000,GW-MQTT-01,-0.1
2026-04-16 22:30:45,P-311,Pompe centrifuge BP,P-311-SEN-01,accelerometre,accelerometre,mm/s,3.6798,0.55,7.64,normal,91.4,95.8,128,GW-OPCUA-02,1.0
2026-04-16 22:30:33,P-311,Pompe centrifuge BP,P-311-SEN-02,accelerometre,accelerometre,g,0.8374,0.12,1.63,normal,89.9,96.3,512,GW-OPCUA-02,1.0
2026-04-16 22:30:52,P-311,Pompe centrifuge BP,P-311-SEN-03,thermique,thermique,°C,60.3966,8.78,117.91,normal,95.9,97.2,5000,GW-Modbus-03,1.9
2026-04-16 22:30:30,P-311,Pompe centrifuge BP,P-311-SEN-04,sonde_proximite,sonde_proximite,microns,71.2701,11.7,159.64,normal,90.2,95.5,512,GW-OPCUA-02,1.9
2026-04-16 22:30:58,P-311,Pompe centrifuge BP,P-311-SEN-05,ultrason,ultrason,dB,52.4866,8.19,110.66,normal,93.0,100.5,1000,GW-MQTT-01,1.4
2026-04-16 22:30:12,P-311,Pompe centrifuge BP,P-311-SEN-06,courant,courant,A,159.5678,23.4,313.82,normal,90.4,99.5,5000,GW-MQTT-01,0.8
2026-04-16 22:30:19,P-311,Pompe centrifuge BP,P-311-SEN-07,debit,debit,m3/h,114.2564,16.57,221.55,normal,93.8,95.1,256,GW-OPCUA-02,1.9
2026-04-16 22:30:44,P-311,Pompe centrifuge BP,P-311-SEN-08,pression,pression,bar,8.0376,1.27,17.08,normal,90.5,98.4,128,GW-Modbus-03,1.4
2026-04-16 23:33:14,P-204,Pompe centrifuge HP,P-204-SEN-01,accelerometre,accelerometre,mm/s,1.7489,0.25,3.53,normal,95.6,97.8,1000,GW-OPCUA-02,1.3
2026-04-16 23:33:18,P-204,Pompe centrifuge HP,P-204-SEN-02,accelerometre,accelerometre,g,0.3372,0.05,0.75,normal,89.7,102.4,256,GW-Modbus-03,1.6
2026-04-16 23:33:29,P-204,Pompe centrifuge HP,P-204-SEN-03,thermique,thermique,°C,25.3671,4.05,54.43,normal,96.0,97.4,256,GW-Modbus-03,1.0
2026-04-16 23:33:34,P-204,Pompe centrifuge HP,P-204-SEN-04,sonde_proximite,sonde_proximite,microns,38.8973,5.4,73.7,normal,94.2,100.4,512,GW-MQTT-01,1.6
2026-04-16 23:33:46,P-204,Pompe centrifuge HP,P-204-SEN-05,ultrason,ultrason,dB,27.5984,3.78,51.08,normal,92.3,95.3,128,GW-MQTT-01,0.8
2026-04-16 23:33:26,P-204,Pompe centrifuge HP,P-204-SEN-06,courant,courant,A,65.4205,10.8,144.85,normal,96.0,95.2,256,GW-MQTT-01,1.0
2026-04-16 23:33:54,P-204,Pompe centrifuge HP,P-204-SEN-07,debit,debit,m3/h,57.479,7.65,102.26,normal,95.4,96.2,2000,GW-OPCUA-02,1.5
2026-04-16 23:33:14,P-204,Pompe centrifuge HP,P-204-SEN-08,pression,pression,bar,4.4933,0.58,7.89,normal,92.9,100.6,1000,GW-MQTT-01,1.5
2026-04-16 23:33:48,C-118,Compresseur à vis,C-118-SEN-01,accelerometre,accelerometre,mm/s,2.5001,0.31,4.35,normal,89.7,97.9,1000,GW-MQTT-01,0.5
2026-04-16 23:33:50,C-118,Compresseur à vis,C-118-SEN-02,accelerometre,accelerometre,g,0.3706,0.07,0.93,normal,96.2,98.4,1000,GW-MQTT-01,0.6
2026-04-16 23:33:52,C-118,Compresseur à vis,C-118-SEN-03,thermique,thermique,°C,34.4367,4.99,67.13,normal,95.8,93.2,2000,GW-MQTT-01,0.9
2026-04-16 23:33:07,C-118,Compresseur à vis,C-118-SEN-04,sonde_proximite,sonde_proximite,microns,42.2148,6.66,90.9,normal,90.0,95.0,1000,GW-OPCUA-02,2.0
2026-04-16 23:33:08,C-118,Compresseur à vis,C-118-SEN-05,ultrason,ultrason,dB,36.5,4.66,63.0,normal,91.1,93.6,256,GW-MQTT-01,0.9
2026-04-16 23:33:26,C-118,Compresseur à vis,C-118-SEN-06,courant,courant,A,81.0066,13.32,178.65,normal,92.5,100.3,2000,GW-Modbus-03,1.0
2026-04-16 23:33:37,C-118,Compresseur à vis,C-118-SEN-07,debit,debit,m3/h,54.5221,9.43,126.12,normal,90.5,96.5,1000,GW-Modbus-03,0.9
2026-04-16 23:33:28,C-118,Compresseur à vis,C-118-SEN-08,pression,pression,bar,4.6132,0.72,9.73,normal,91.0,97.1,256,GW-OPCUA-02,1.2
2026-04-16 23:33:54,V-302,Ventilateur tirage,V-302-SEN-01,accelerometre,accelerometre,mm/s,2.9336,0.37,5.18,normal,96.3,97.6,2000,GW-OPCUA-02,1.1
2026-04-16 23:33:15,V-302,Ventilateur tirage,V-302-SEN-02,accelerometre,accelerometre,g,0.5092,0.08,1.11,normal,92.7,93.1,256,GW-MQTT-01,1.6
2026-04-16 23:33:25,V-302,Ventilateur tirage,V-302-SEN-03,thermique,thermique,°C,39.2234,5.94,79.82,normal,95.7,99.2,512,GW-Modbus-03,0.9
2026-04-16 23:33:28,V-302,Ventilateur tirage,V-302-SEN-04,sonde_proximite,sonde_proximite,microns,46.7625,7.92,108.1,normal,91.6,94.5,5000,GW-MQTT-01,1.7
2026-04-16 23:33:38,V-302,Ventilateur tirage,V-302-SEN-05,ultrason,ultrason,dB,37.1331,5.54,74.92,normal,92.3,95.0,1000,GW-OPCUA-02,1.2
2026-04-16 23:33:17,V-302,Ventilateur tirage,V-302-SEN-06,courant,courant,A,106.8049,15.84,212.45,normal,93.7,95.5,256,GW-MQTT-01,0.9
2026-04-16 23:33:59,V-302,Ventilateur tirage,V-302-SEN-07,debit,debit,m3/h,79.7632,11.22,149.97,normal,91.7,97.5,5000,GW-MQTT-01,0.5
2026-04-16 23:33:39,V-302,Ventilateur tirage,V-302-SEN-08,pression,pression,bar,5.5056,0.86,11.56,normal,94.2,97.8,5000,GW-MQTT-01,0.9
2026-04-16 23:33:53,M-019,Moteur électrique 400kW,M-019-SEN-01,accelerometre,accelerometre,mm/s,2.7534,0.43,6.0,normal,94.0,97.3,512,GW-MQTT-01,1.7
2026-04-16 23:33:43,M-019,Moteur électrique 400kW,M-019-SEN-02,accelerometre,accelerometre,g,0.6694,0.09,1.28,normal,95.5,95.0,1000,GW-MQTT-01,1.6
2026-04-16 23:33:58,M-019,Moteur électrique 400kW,M-019-SEN-03,thermique,thermique,°C,51.4291,6.88,92.52,normal,95.5,95.4,256,GW-Modbus-03,1.2
2026-04-16 23:33:27,M-019,Moteur électrique 400kW,M-019-SEN-04,sonde_proximite,sonde_proximite,microns,57.5355,9.18,125.3,normal,90.8,94.1,1000,GW-OPCUA-02,0.7
2026-04-16 23:33:18,M-019,Moteur électrique 400kW,M-019-SEN-05,ultrason,ultrason,dB,39.274,6.43,86.84,normal,94.8,97.6,2000,GW-Modbus-03,1.2
2026-04-16 23:33:17,M-019,Moteur électrique 400kW,M-019-SEN-06,courant,courant,A,116.9146,18.36,246.25,normal,92.9,96.9,128,GW-Modbus-03,0.8
2026-04-16 23:33:03,M-019,Moteur électrique 400kW,M-019-SEN-07,debit,debit,m3/h,93.7132,13.01,173.83,normal,90.6,90.6,1000,GW-Modbus-03,1.3
2026-04-16 23:33:38,M-019,Moteur électrique 400kW,M-019-SEN-08,pression,pression,bar,6.1996,0.99,13.4,normal,89.7,97.7,2000,GW-MQTT-01,0.8
2026-04-16 23:33:08,R-077,Réducteur convoyeur,R-077-SEN-01,accelerometre,accelerometre,mm/s,3.6252,0.49,6.83,normal,90.3,97.2,1000,GW-MQTT-01,1.1
2026-04-16 23:33:18,R-077,Réducteur convoyeur,R-077-SEN-02,accelerometre,accelerometre,g,0.8314,0.1,1.46,normal,94.9,97.8,2000,GW-Modbus-03,1.9
2026-04-16 23:33:14,R-077,Réducteur convoyeur,R-077-SEN-03,thermique,thermique,°C,51.0713,7.83,105.22,normal,95.9,98.3,128,GW-OPCUA-02,1.4
2026-04-16 23:33:45,R-077,Réducteur convoyeur,R-077-SEN-04,sonde_proximite,sonde_proximite,microns,76.3224,10.44,142.49,normal,91.1,97.9,128,GW-Modbus-03,1.0
2026-04-16 23:33:15,R-077,Réducteur convoyeur,R-077-SEN-05,ultrason,ultrason,dB,43.875,7.31,98.76,normal,89.5,92.6,5000,GW-Modbus-03,0.4
2026-04-16 23:33:42,R-077,Réducteur convoyeur,R-077-SEN-06,courant,courant,A,138.6259,20.88,280.05,normal,95.3,96.8,512,GW-OPCUA-02,1.7
2026-04-16 23:33:16,R-077,Réducteur convoyeur,R-077-SEN-07,debit,debit,m3/h,99.0122,14.79,197.69,normal,95.1,100.0,5000,GW-Modbus-03,0.8
2026-04-16 23:33:49,R-077,Réducteur convoyeur,R-077-SEN-08,pression,pression,bar,7.4403,1.13,15.24,normal,95.9,98.8,512,GW-MQTT-01,1.5
2026-04-16 23:33:59,P-311,Pompe centrifuge BP,P-311-SEN-01,accelerometre,accelerometre,mm/s,4.1358,0.55,7.65,normal,90.6,95.9,512,GW-Modbus-03,1.5
2026-04-16 23:33:39,P-311,Pompe centrifuge BP,P-311-SEN-02,accelerometre,accelerometre,g,0.8072,0.12,1.63,normal,92.5,93.8,1000,GW-OPCUA-02,1.9
2026-04-16 23:33:42,P-311,Pompe centrifuge BP,P-311-SEN-03,thermique,thermique,°C,55.5629,8.78,117.92,normal,91.2,94.2,1000,GW-OPCUA-02,1.5
2026-04-16 23:33:26,P-311,Pompe centrifuge BP,P-311-SEN-04,sonde_proximite,sonde_proximite,microns,78.0891,11.7,159.69,normal,94.0,96.2,512,GW-MQTT-01,0.9
2026-04-16 23:33:45,P-311,Pompe centrifuge BP,P-311-SEN-05,ultrason,ultrason,dB,58.3893,8.19,110.68,normal,90.1,95.7,128,GW-MQTT-01,1.6
2026-04-16 23:33:58,P-311,Pompe centrifuge BP,P-311-SEN-06,courant,courant,A,145.8256,23.4,313.85,normal,95.4,97.1,2000,GW-OPCUA-02,1.4
2026-04-16 23:33:29,P-311,Pompe centrifuge BP,P-311-SEN-07,debit,debit,m3/h,110.5042,16.57,221.55,normal,95.9,102.1,1000,GW-MQTT-01,1.3
2026-04-16 23:33:52,P-311,Pompe centrifuge BP,P-311-SEN-08,pression,pression,bar,9.1208,1.27,17.08,normal,91.8,92.2,2000,GW-OPCUA-02,1.2
2026-04-17 00:07:18,P-204,Pompe centrifuge HP,P-204-SEN-01,accelerometre,accelerometre,mm/s,1.1993,0.25,3.53,normal,91.1,97.9,512,GW-OPCUA-02,0.7
2026-04-17 00:07:59,P-204,Pompe centrifuge HP,P-204-SEN-02,accelerometre,accelerometre,g,0.3191,0.05,0.75,normal,91.4,98.4,2000,GW-Modbus-03,1.0
2026-04-17 00:07:12,P-204,Pompe centrifuge HP,P-204-SEN-03,thermique,thermique,°C,26.8761,4.05,54.43,normal,95.4,97.5,5000,GW-Modbus-03,0.8
2026-04-17 00:07:38,P-204,Pompe centrifuge HP,P-204-SEN-04,sonde_proximite,sonde_proximite,microns,25.6611,5.4,73.73,normal,90.4,96.4,128,GW-OPCUA-02,0.7
2026-04-17 00:07:19,P-204,Pompe centrifuge HP,P-204-SEN-05,ultrason,ultrason,dB,26.9994,3.78,51.09,normal,90.1,98.6,128,GW-MQTT-01,1.2
2026-04-17 00:07:51,P-204,Pompe centrifuge HP,P-204-SEN-06,courant,courant,A,73.4512,10.8,144.86,normal,90.3,99.8,1000,GW-Modbus-03,1.0
2026-04-17 00:07:59,P-204,Pompe centrifuge HP,P-204-SEN-07,debit,debit,m3/h,55.56,7.65,102.26,normal,93.6,97.3,5000,GW-OPCUA-02,1.3
2026-04-17 00:07:31,P-204,Pompe centrifuge HP,P-204-SEN-08,pression,pression,bar,4.0141,0.58,7.89,normal,95.5,96.8,128,GW-Modbus-03,0.7
2026-04-17 00:07:49,C-118,Compresseur à vis,C-118-SEN-01,accelerometre,accelerometre,mm/s,2.2228,0.31,4.36,normal,95.8,95.3,1000,GW-MQTT-01,1.1
2026-04-17 00:07:50,C-118,Compresseur à vis,C-118-SEN-02,accelerometre,accelerometre,g,0.3301,0.07,0.93,normal,93.8,97.4,5000,GW-OPCUA-02,1.7
2026-04-17 00:07:59,C-118,Compresseur à vis,C-118-SEN-03,thermique,thermique,°C,32.1758,4.99,67.13,normal,94.1,95.7,1000,GW-OPCUA-02,1.4
2026-04-17 00:07:36,C-118,Compresseur à vis,C-118-SEN-04,sonde_proximite,sonde_proximite,microns,44.8349,6.66,90.93,normal,92.5,98.6,256,GW-OPCUA-02,0.3
2026-04-17 00:07:04,C-118,Compresseur à vis,C-118-SEN-05,ultrason,ultrason,dB,32.9338,4.66,63.01,normal,89.5,97.9,1000,GW-Modbus-03,1.0
2026-04-17 00:07:47,C-118,Compresseur à vis,C-118-SEN-06,courant,courant,A,90.6155,13.32,178.67,normal,94.9,97.9,5000,GW-MQTT-01,0.7
2026-04-17 00:07:59,C-118,Compresseur à vis,C-118-SEN-07,debit,debit,m3/h,59.4735,9.43,126.12,normal,95.6,96.3,512,GW-OPCUA-02,1.5
2026-04-17 00:07:10,C-118,Compresseur à vis,C-118-SEN-08,pression,pression,bar,4.756,0.72,9.73,normal,94.6,97.7,512,GW-Modbus-03,1.4
2026-04-17 00:07:12,V-302,Ventilateur tirage,V-302-SEN-01,accelerometre,accelerometre,mm/s,2.1679,0.37,5.18,normal,94.7,96.5,256,GW-Modbus-03,1.5
2026-04-17 00:07:19,V-302,Ventilateur tirage,V-302-SEN-02,accelerometre,accelerometre,g,0.6389,0.08,1.11,normal,95.0,98.6,2000,GW-OPCUA-02,1.5
2026-04-17 00:07:50,V-302,Ventilateur tirage,V-302-SEN-03,thermique,thermique,°C,42.328,5.94,79.83,normal,90.5,95.7,512,GW-MQTT-01,0.8
2026-04-17 00:07:01,V-302,Ventilateur tirage,V-302-SEN-04,sonde_proximite,sonde_proximite,microns,49.0625,7.92,108.13,normal,95.8,99.9,256,GW-OPCUA-02,1.6
2026-04-17 00:07:40,V-302,Ventilateur tirage,V-302-SEN-05,ultrason,ultrason,dB,38.7987,5.54,74.93,normal,94.5,96.6,512,GW-OPCUA-02,1.5
2026-04-17 00:07:33,V-302,Ventilateur tirage,V-302-SEN-06,courant,courant,A,119.7545,15.84,212.47,normal,96.2,98.7,2000,GW-OPCUA-02,1.6
2026-04-17 00:07:48,V-302,Ventilateur tirage,V-302-SEN-07,debit,debit,m3/h,73.8119,11.22,149.98,normal,92.7,95.9,2000,GW-OPCUA-02,1.2
2026-04-17 00:07:56,V-302,Ventilateur tirage,V-302-SEN-08,pression,pression,bar,6.2993,0.86,11.57,normal,94.9,97.6,2000,GW-MQTT-01,1.6
2026-04-17 00:07:56,M-019,Moteur électrique 400kW,M-019-SEN-01,accelerometre,accelerometre,mm/s,3.2105,0.43,6.01,normal,90.7,91.0,5000,GW-OPCUA-02,0.7
2026-04-17 00:07:44,M-019,Moteur électrique 400kW,M-019-SEN-02,accelerometre,accelerometre,g,0.7416,0.09,1.28,normal,91.3,99.0,256,GW-OPCUA-02,0.8
2026-04-17 00:07:33,M-019,Moteur électrique 400kW,M-019-SEN-03,thermique,thermique,°C,44.6751,6.88,92.53,normal,94.6,93.5,5000,GW-MQTT-01,1.3
2026-04-17 00:07:26,M-019,Moteur électrique 400kW,M-019-SEN-04,sonde_proximite,sonde_proximite,microns,65.0875,9.18,125.34,normal,95.0,95.1,1000,GW-OPCUA-02,1.1
2026-04-17 00:07:52,M-019,Moteur électrique 400kW,M-019-SEN-05,ultrason,ultrason,dB,43.0263,6.43,86.86,normal,94.5,98.0,2000,GW-OPCUA-02,1.7
2026-04-17 00:07:45,M-019,Moteur électrique 400kW,M-019-SEN-06,courant,courant,A,128.2305,18.36,246.27,normal,94.6,99.1,256,GW-OPCUA-02,1.4
2026-04-17 00:07:02,M-019,Moteur électrique 400kW,M-019-SEN-07,debit,debit,m3/h,89.5329,13.01,173.84,normal,92.4,96.9,5000,GW-Modbus-03,1.5
2026-04-17 00:07:20,M-019,Moteur électrique 400kW,M-019-SEN-08,pression,pression,bar,6.9167,0.99,13.41,normal,90.9,100.6,256,GW-MQTT-01,1.2
2026-04-17 00:07:53,R-077,Réducteur convoyeur,R-077-SEN-01,accelerometre,accelerometre,mm/s,3.9338,0.49,6.83,normal,89.5,96.6,256,GW-Modbus-03,1.2
2026-04-17 00:07:53,R-077,Réducteur convoyeur,R-077-SEN-02,accelerometre,accelerometre,g,0.6574,0.1,1.46,normal,89.9,96.5,512,GW-OPCUA-02,1.5
2026-04-17 00:07:10,R-077,Réducteur convoyeur,R-077-SEN-03,thermique,thermique,°C,53.3899,7.83,105.24,normal,92.4,99.2,256,GW-MQTT-01,0.9
2026-04-17 00:07:24,R-077,Réducteur convoyeur,R-077-SEN-04,sonde_proximite,sonde_proximite,microns,70.4175,10.44,142.54,normal,89.5,99.1,128,GW-MQTT-01,1.1
2026-04-17 00:07:19,R-077,Réducteur convoyeur,R-077-SEN-05,ultrason,ultrason,dB,48.7398,7.31,98.78,normal,94.3,93.6,2000,GW-OPCUA-02,1.6
2026-04-17 00:07:40,R-077,Réducteur convoyeur,R-077-SEN-06,courant,courant,A,131.5464,20.88,280.07,normal,92.3,98.2,2000,GW-OPCUA-02,0.5
2026-04-17 00:07:25,R-077,Réducteur convoyeur,R-077-SEN-07,debit,debit,m3/h,103.8739,14.79,197.7,normal,91.3,93.5,5000,GW-OPCUA-02,1.6
2026-04-17 00:07:41,R-077,Réducteur convoyeur,R-077-SEN-08,pression,pression,bar,7.5993,1.13,15.25,normal,92.1,95.6,256,GW-OPCUA-02,1.0
2026-04-17 00:07:06,P-311,Pompe centrifuge BP,P-311-SEN-01,accelerometre,accelerometre,mm/s,3.6267,0.55,7.65,normal,94.4,97.5,128,GW-MQTT-01,1.7
2026-04-17 00:07:02,P-311,Pompe centrifuge BP,P-311-SEN-02,accelerometre,accelerometre,g,0.816,0.12,1.63,normal,91.8,97.4,2000,GW-OPCUA-02,1.3
2026-04-17 00:07:43,P-311,Pompe centrifuge BP,P-311-SEN-03,thermique,thermique,°C,60.3194,8.78,117.94,normal,90.9,95.5,2000,GW-Modbus-03,1.0
2026-04-17 00:07:38,P-311,Pompe centrifuge BP,P-311-SEN-04,sonde_proximite,sonde_proximite,microns,68.7258,11.7,159.74,normal,91.2,98.8,128,GW-OPCUA-02,1.7
2026-04-17 00:07:19,P-311,Pompe centrifuge BP,P-311-SEN-05,ultrason,ultrason,dB,56.6909,8.19,110.7,normal,96.0,97.8,1000,GW-OPCUA-02,1.6
2026-04-17 00:07:17,P-311,Pompe centrifuge BP,P-311-SEN-06,courant,courant,A,167.202,23.4,313.87,normal,90.0,102.1,5000,GW-MQTT-01,1.5
2026-04-17 00:07:39,P-311,Pompe centrifuge BP,P-311-SEN-07,debit,debit,m3/h,111.1182,16.57,221.56,normal,91.0,98.0,2000,GW-OPCUA-02,0.5
2026-04-17 00:07:15,P-311,Pompe centrifuge BP,P-311-SEN-08,pression,pression,bar,8.4507,1.27,17.09,normal,92.2,95.1,5000,GW-Modbus-03,2.0
2026-04-17 01:15:07,P-204,Pompe centrifuge HP,P-204-SEN-01,accelerometre,accelerometre,mm/s,1.654,0.25,3.54,normal,94.8,100.3,1000,GW-MQTT-01,0.8
2026-04-17 01:15:10,P-204,Pompe centrifuge HP,P-204-SEN-02,accelerometre,accelerometre,g,0.3627,0.05,0.76,normal,93.3,100.6,128,GW-MQTT-01,1.2
2026-04-17 01:15:15,P-204,Pompe centrifuge HP,P-204-SEN-03,thermique,thermique,°C,27.0495,4.05,54.44,normal,95.7,95.6,2000,GW-MQTT-01,1.3
2026-04-17 01:15:56,P-204,Pompe centrifuge HP,P-204-SEN-04,sonde_proximite,sonde_proximite,microns,47.7213,5.4,73.75,normal,90.2,96.2,1000,GW-Modbus-03,1.5
2026-04-17 01:15:44,P-204,Pompe centrifuge HP,P-204-SEN-05,ultrason,ultrason,dB,21.1292,3.78,51.1,normal,95.9,100.6,1000,GW-Modbus-03,1.4
2026-04-17 01:15:16,P-204,Pompe centrifuge HP,P-204-SEN-06,courant,courant,A,64.7441,10.8,144.88,normal,89.5,96.2,5000,GW-OPCUA-02,1.4
2026-04-17 01:15:38,P-204,Pompe centrifuge HP,P-204-SEN-07,debit,debit,m3/h,50.4609,7.65,102.26,normal,91.1,94.9,512,GW-MQTT-01,1.2
2026-04-17 01:15:23,P-204,Pompe centrifuge HP,P-204-SEN-08,pression,pression,bar,4.1121,0.58,7.89,normal,92.0,96.0,256,GW-OPCUA-02,1.2
2026-04-17 01:15:12,C-118,Compresseur à vis,C-118-SEN-01,accelerometre,accelerometre,mm/s,2.0345,0.31,4.36,normal,92.8,96.3,512,GW-OPCUA-02,1.5
2026-04-17 01:15:20,C-118,Compresseur à vis,C-118-SEN-02,accelerometre,accelerometre,g,0.3543,0.07,0.93,normal,96.2,93.7,256,GW-OPCUA-02,1.5
2026-04-17 01:15:41,C-118,Compresseur à vis,C-118-SEN-03,thermique,thermique,°C,34.8522,4.99,67.14,normal,93.7,97.6,256,GW-Modbus-03,1.5
2026-04-17 01:15:36,C-118,Compresseur à vis,C-118-SEN-04,sonde_proximite,sonde_proximite,microns,39.8634,6.66,90.96,normal,96.3,97.3,512,GW-OPCUA-02,0.7
2026-04-17 01:15:06,C-118,Compresseur à vis,C-118-SEN-05,ultrason,ultrason,dB,41.6662,4.66,63.02,normal,90.7,95.6,2000,GW-OPCUA-02,2.0
2026-04-17 01:15:23,C-118,Compresseur à vis,C-118-SEN-06,courant,courant,A,88.3187,13.32,178.68,normal,91.4,95.8,128,GW-OPCUA-02,0.9
2026-04-17 01:15:02,C-118,Compresseur à vis,C-118-SEN-07,debit,debit,m3/h,68.3964,9.43,126.12,normal,90.3,96.6,5000,GW-OPCUA-02,1.1
2026-04-17 01:15:05,C-118,Compresseur à vis,C-118-SEN-08,pression,pression,bar,5.9357,0.72,9.73,normal,95.7,95.0,128,GW-Modbus-03,1.3
2026-04-17 01:15:49,V-302,Ventilateur tirage,V-302-SEN-01,accelerometre,accelerometre,mm/s,3.1011,0.37,5.18,normal,93.2,97.4,1000,GW-MQTT-01,1.3
2026-04-17 01:15:48,V-302,Ventilateur tirage,V-302-SEN-02,accelerometre,accelerometre,g,0.3369,0.08,1.11,normal,93.4,100.9,512,GW-OPCUA-02,0.7
2026-04-17 01:15:46,V-302,Ventilateur tirage,V-302-SEN-03,thermique,thermique,°C,42.2913,5.94,79.84,normal,91.5,97.3,512,GW-OPCUA-02,1.2
2026-04-17 01:15:40,V-302,Ventilateur tirage,V-302-SEN-04,sonde_proximite,sonde_proximite,microns,56.4834,7.92,108.17,normal,93.6,94.3,128,GW-Modbus-03,1.0
2026-04-17 01:15:02,V-302,Ventilateur tirage,V-302-SEN-05,ultrason,ultrason,dB,39.4472,5.54,74.95,normal,89.2,102.0,5000,GW-OPCUA-02,2.0
2026-04-17 01:15:44,V-302,Ventilateur tirage,V-302-SEN-06,courant,courant,A,97.8045,15.84,212.48,normal,95.9,101.4,128,GW-OPCUA-02,1.1
2026-04-17 01:15:48,V-302,Ventilateur tirage,V-302-SEN-07,debit,debit,m3/h,72.7529,11.22,149.99,normal,92.0,95.9,2000,GW-OPCUA-02,0.3
2026-04-17 01:15:19,V-302,Ventilateur tirage,V-302-SEN-08,pression,pression,bar,6.3572,0.86,11.57,normal,92.3,96.3,512,GW-MQTT-01,0.4
2026-04-17 01:15:22,M-019,Moteur électrique 400kW,M-019-SEN-01,accelerometre,accelerometre,mm/s,2.7624,0.43,6.01,normal,91.4,94.1,256,GW-Modbus-03,1.1
2026-04-17 01:15:26,M-019,Moteur électrique 400kW,M-019-SEN-02,accelerometre,accelerometre,g,0.6034,0.09,1.28,normal,95.6,98.3,128,GW-MQTT-01,1.4
2026-04-17 01:15:09,M-019,Moteur électrique 400kW,M-019-SEN-03,thermique,thermique,°C,47.3671,6.88,92.54,normal,95.1,96.6,5000,GW-Modbus-03,1.1
2026-04-17 01:15:34,M-019,Moteur électrique 400kW,M-019-SEN-04,sonde_proximite,sonde_proximite,microns,55.1377,9.18,125.38,normal,94.9,93.1,5000,GW-OPCUA-02,0.5
2026-04-17 01:15:01,M-019,Moteur électrique 400kW,M-019-SEN-05,ultrason,ultrason,dB,45.1636,6.43,86.87,normal,95.8,95.2,128,GW-MQTT-01,1.1
2026-04-17 01:15:00,M-019,Moteur électrique 400kW,M-019-SEN-06,courant,courant,A,130.1936,18.36,246.29,normal,95.9,95.0,512,GW-OPCUA-02,0.5
2026-04-17 01:15:35,M-019,Moteur électrique 400kW,M-019-SEN-07,debit,debit,m3/h,89.1644,13.01,173.85,normal,93.0,98.3,2000,GW-OPCUA-02,0.8
2026-04-17 01:15:34,M-019,Moteur électrique 400kW,M-019-SEN-08,pression,pression,bar,6.6822,0.99,13.41,normal,96.0,99.0,256,GW-MQTT-01,1.1
2026-04-17 01:15:45,R-077,Réducteur convoyeur,R-077-SEN-01,accelerometre,accelerometre,mm/s,3.262,0.49,6.83,normal,90.8,95.2,1000,GW-MQTT-01,1.3
2026-04-17 01:15:57,R-077,Réducteur convoyeur,R-077-SEN-02,accelerometre,accelerometre,g,0.6295,0.1,1.46,normal,96.0,98.0,1000,GW-MQTT-01,1.1
2026-04-17 01:15:12,R-077,Réducteur convoyeur,R-077-SEN-03,thermique,thermique,°C,50.5133,7.83,105.25,normal,89.3,99.6,128,GW-MQTT-01,1.1
2026-04-17 01:15:09,R-077,Réducteur convoyeur,R-077-SEN-04,sonde_proximite,sonde_proximite,microns,67.8557,10.44,142.59,normal,96.2,95.9,1000,GW-Modbus-03,1.2
2026-04-17 01:15:24,R-077,Réducteur convoyeur,R-077-SEN-05,ultrason,ultrason,dB,49.7619,7.31,98.79,normal,93.6,98.2,5000,GW-Modbus-03,1.2
2026-04-17 01:15:54,R-077,Réducteur convoyeur,R-077-SEN-06,courant,courant,A,137.5939,20.88,280.09,normal,89.9,97.4,512,GW-Modbus-03,0.9
2026-04-17 01:15:05,R-077,Réducteur convoyeur,R-077-SEN-07,debit,debit,m3/h,96.3491,14.79,197.71,normal,94.2,97.1,1000,GW-Modbus-03,1.9
2026-04-17 01:15:12,R-077,Réducteur convoyeur,R-077-SEN-08,pression,pression,bar,7.3507,1.13,15.25,normal,94.7,95.6,512,GW-MQTT-01,1.6
2026-04-17 01:15:51,P-311,Pompe centrifuge BP,P-311-SEN-01,accelerometre,accelerometre,mm/s,3.6307,0.55,7.66,normal,90.7,98.2,5000,GW-Modbus-03,1.6
2026-04-17 01:15:13,P-311,Pompe centrifuge BP,P-311-SEN-02,accelerometre,accelerometre,g,0.76,0.12,1.64,normal,91.7,98.5,512,GW-Modbus-03,1.1
2026-04-17 01:15:31,P-311,Pompe centrifuge BP,P-311-SEN-03,thermique,thermique,°C,59.6197,8.78,117.95,normal,93.1,98.1,2000,GW-MQTT-01,1.3
2026-04-17 01:15:45,P-311,Pompe centrifuge BP,P-311-SEN-04,sonde_proximite,sonde_proximite,microns,87.5525,11.7,159.8,normal,93.8,96.6,128,GW-MQTT-01,1.2
2026-04-17 01:15:38,P-311,Pompe centrifuge BP,P-311-SEN-05,ultrason,ultrason,dB,52.543,8.19,110.72,normal,91.1,97.4,5000,GW-Modbus-03,1.2
2026-04-17 01:15:20,P-311,Pompe centrifuge BP,P-311-SEN-06,courant,courant,A,168.213,23.4,313.9,normal,93.1,96.1,512,GW-OPCUA-02,0.7
2026-04-17 01:15:28,P-311,Pompe centrifuge BP,P-311-SEN-07,debit,debit,m3/h,118.6128,16.57,221.57,normal,93.6,96.5,512,GW-Modbus-03,1.8
2026-04-17 01:15:32,P-311,Pompe centrifuge BP,P-311-SEN-08,pression,pression,bar,8.0195,1.27,17.09,normal,95.8,94.5,5000,GW-Modbus-03,0.6
2026-04-17 02:03:37,P-204,Pompe centrifuge HP,P-204-SEN-01,accelerometre,accelerometre,mm/s,2.2971,0.25,3.54,normal,94.5,96.1,2000,GW-Modbus-03,1.5
2026-04-17 02:03:01,P-204,Pompe centrifuge HP,P-204-SEN-02,accelerometre,accelerometre,g,0.2225,0.05,0.76,normal,89.8,96.8,128,GW-Modbus-03,0.8
2026-04-17 02:03:02,P-204,Pompe centrifuge HP,P-204-SEN-03,thermique,thermique,°C,28.2901,4.05,54.44,normal,89.6,98.0,256,GW-OPCUA-02,0.6
2026-04-17 02:03:06,P-204,Pompe centrifuge HP,P-204-SEN-04,sonde_proximite,sonde_proximite,microns,32.8091,5.4,73.78,normal,90.9,96.7,512,GW-MQTT-01,0.9
2026-04-17 02:03:55,P-204,Pompe centrifuge HP,P-204-SEN-05,ultrason,ultrason,dB,24.1798,3.78,51.11,normal,90.0,97.1,1000,GW-Modbus-03,1.1
2026-04-17 02:03:47,P-204,Pompe centrifuge HP,P-204-SEN-06,courant,courant,A,82.9389,10.8,144.89,normal,91.8,99.9,1000,GW-Modbus-03,1.3
2026-04-17 02:03:57,P-204,Pompe centrifuge HP,P-204-SEN-07,debit,debit,m3/h,52.0363,7.65,102.27,normal,95.4,97.2,512,GW-Modbus-03,0.9
2026-04-17 02:03:58,P-204,Pompe centrifuge HP,P-204-SEN-08,pression,pression,bar,3.5852,0.58,7.89,normal,93.9,96.8,128,GW-Modbus-03,1.1
2026-04-17 02:03:48,C-118,Compresseur à vis,C-118-SEN-01,accelerometre,accelerometre,mm/s,2.1095,0.31,4.36,normal,93.4,97.0,128,GW-OPCUA-02,1.0
2026-04-17 02:03:09,C-118,Compresseur à vis,C-118-SEN-02,accelerometre,accelerometre,g,0.4754,0.07,0.93,normal,92.1,96.9,128,GW-Modbus-03,1.2
2026-04-17 02:03:29,C-118,Compresseur à vis,C-118-SEN-03,thermique,thermique,°C,36.9892,4.99,67.15,normal,94.9,98.3,2000,GW-MQTT-01,1.6
2026-04-17 02:03:59,C-118,Compresseur à vis,C-118-SEN-04,sonde_proximite,sonde_proximite,microns,43.7472,6.66,90.99,normal,91.7,95.5,5000,GW-Modbus-03,1.7
2026-04-17 02:03:34,C-118,Compresseur à vis,C-118-SEN-05,ultrason,ultrason,dB,30.5471,4.66,63.04,normal,92.3,96.5,1000,GW-Modbus-03,1.2
2026-04-17 02:03:41,C-118,Compresseur à vis,C-118-SEN-06,courant,courant,A,86.6884,13.32,178.7,normal,90.0,98.6,5000,GW-Modbus-03,-0.0
2026-04-17 02:03:48,C-118,Compresseur à vis,C-118-SEN-07,debit,debit,m3/h,71.3814,9.43,126.13,normal,91.5,94.0,2000,GW-MQTT-01,1.6
2026-04-17 02:03:31,C-118,Compresseur à vis,C-118-SEN-08,pression,pression,bar,4.7321,0.72,9.73,normal,93.6,95.1,5000,GW-Modbus-03,0.7
2026-04-17 02:03:38,V-302,Ventilateur tirage,V-302-SEN-01,accelerometre,accelerometre,mm/s,2.7031,0.37,5.19,normal,91.4,100.2,512,GW-MQTT-01,1.6
2026-04-17 02:03:47,V-302,Ventilateur tirage,V-302-SEN-02,accelerometre,accelerometre,g,0.5764,0.08,1.11,normal,96.2,96.5,1000,GW-OPCUA-02,1.5
2026-04-17 02:03:16,V-302,Ventilateur tirage,V-302-SEN-03,thermique,thermique,°C,39.7704,5.94,79.85,normal,92.5,97.7,1000,GW-Modbus-03,1.2
2026-04-17 02:03:36,V-302,Ventilateur tirage,V-302-SEN-04,sonde_proximite,sonde_proximite,microns,42.6858,7.92,108.2,normal,92.1,99.5,5000,GW-Modbus-03,1.2
2026-04-17 02:03:08,V-302,Ventilateur tirage,V-302-SEN-05,ultrason,ultrason,dB,38.1518,5.54,74.96,normal,89.2,98.8,5000,GW-OPCUA-02,1.5
2026-04-17 02:03:02,V-302,Ventilateur tirage,V-302-SEN-06,courant,courant,A,103.6499,15.84,212.5,normal,95.5,99.6,128,GW-OPCUA-02,1.4
2026-04-17 02:03:40,V-302,Ventilateur tirage,V-302-SEN-07,debit,debit,m3/h,82.6724,11.22,149.99,normal,94.6,96.0,512,GW-Modbus-03,0.5
2026-04-17 02:03:25,V-302,Ventilateur tirage,V-302-SEN-08,pression,pression,bar,5.4447,0.86,11.57,normal,96.0,97.6,1000,GW-Modbus-03,0.9
2026-04-17 02:03:05,M-019,Moteur électrique 400kW,M-019-SEN-01,accelerometre,accelerometre,mm/s,3.3551,0.43,6.01,normal,94.1,93.3,256,GW-MQTT-01,1.0
2026-04-17 02:03:47,M-019,Moteur électrique 400kW,M-019-SEN-02,accelerometre,accelerometre,g,0.8008,0.09,1.28,normal,96.2,96.6,128,GW-OPCUA-02,1.8
2026-04-17 02:03:36,M-019,Moteur électrique 400kW,M-019-SEN-03,thermique,thermique,°C,44.7567,6.88,92.55,normal,90.9,99.3,256,GW-OPCUA-02,0.8
2026-04-17 02:03:38,M-019,Moteur électrique 400kW,M-019-SEN-04,sonde_proximite,sonde_proximite,microns,66.9358,9.18,125.42,normal,93.1,99.5,128,GW-MQTT-01,1.3
2026-04-17 02:03:02,M-019,Moteur électrique 400kW,M-019-SEN-05,ultrason,ultrason,dB,40.9087,6.43,86.89,normal,90.5,94.1,128,GW-OPCUA-02,0.6
2026-04-17 02:03:59,M-019,Moteur électrique 400kW,M-019-SEN-06,courant,courant,A,123.8497,18.36,246.31,normal,90.6,96.5,2000,GW-MQTT-01,1.6
2026-04-17 02:03:49,M-019,Moteur électrique 400kW,M-019-SEN-07,debit,debit,m3/h,89.7985,13.01,173.85,normal,90.0,100.7,128,GW-Modbus-03,1.2
2026-04-17 02:03:36,M-019,Moteur électrique 400kW,M-019-SEN-08,pression,pression,bar,6.1844,0.99,13.41,normal,89.2,100.3,1000,GW-OPCUA-02,1.0
2026-04-17 02:03:17,R-077,Réducteur convoyeur,R-077-SEN-01,accelerometre,accelerometre,mm/s,3.8154,0.49,6.84,normal,91.6,100.2,5000,GW-Modbus-03,1.6
2026-04-17 02:03:40,R-077,Réducteur convoyeur,R-077-SEN-02,accelerometre,accelerometre,g,0.5966,0.1,1.46,normal,89.6,97.9,2000,GW-MQTT-01,1.0
2026-04-17 02:03:05,R-077,Réducteur convoyeur,R-077-SEN-03,thermique,thermique,°C,53.3537,7.83,105.26,normal,91.3,96.0,512,GW-MQTT-01,0.9
2026-04-17 02:03:42,R-077,Réducteur convoyeur,R-077-SEN-04,sonde_proximite,sonde_proximite,microns,77.6675,10.44,142.63,normal,95.9,96.0,2000,GW-MQTT-01,1.0
2026-04-17 02:03:07,R-077,Réducteur convoyeur,R-077-SEN-05,ultrason,ultrason,dB,50.0256,7.31,98.81,normal,90.2,92.5,256,GW-MQTT-01,1.3
2026-04-17 02:03:24,R-077,Réducteur convoyeur,R-077-SEN-06,courant,courant,A,146.0815,20.88,280.12,normal,91.8,95.7,128,GW-OPCUA-02,1.6
2026-04-17 02:03:56,R-077,Réducteur convoyeur,R-077-SEN-07,debit,debit,m3/h,93.9805,14.79,197.72,normal,95.0,98.9,512,GW-OPCUA-02,1.5
2026-04-17 02:03:00,R-077,Réducteur convoyeur,R-077-SEN-08,pression,pression,bar,7.1843,1.13,15.25,normal,91.5,100.4,1000,GW-OPCUA-02,0.9
2026-04-17 02:03:08,P-311,Pompe centrifuge BP,P-311-SEN-01,accelerometre,accelerometre,mm/s,4.1276,0.55,7.66,normal,92.3,100.4,1000,GW-OPCUA-02,1.1
2026-04-17 02:03:13,P-311,Pompe centrifuge BP,P-311-SEN-02,accelerometre,accelerometre,g,0.9344,0.12,1.64,normal,90.4,96.3,1000,GW-Modbus-03,1.6
2026-04-17 02:03:03,P-311,Pompe centrifuge BP,P-311-SEN-03,thermique,thermique,°C,60.4771,8.78,117.96,normal,93.1,97.2,5000,GW-Modbus-03,2.1
2026-04-17 02:03:52,P-311,Pompe centrifuge BP,P-311-SEN-04,sonde_proximite,sonde_proximite,microns,93.0647,11.7,159.85,normal,94.9,97.3,256,GW-OPCUA-02,1.4
2026-04-17 02:03:20,P-311,Pompe centrifuge BP,P-311-SEN-05,ultrason,ultrason,dB,52.0081,8.19,110.74,normal,92.0,98.7,128,GW-Modbus-03,1.3
2026-04-17 02:03:37,P-311,Pompe centrifuge BP,P-311-SEN-06,courant,courant,A,171.7758,23.4,313.92,normal,96.1,100.9,5000,GW-MQTT-01,1.6
2026-04-17 02:03:29,P-311,Pompe centrifuge BP,P-311-SEN-07,debit,debit,m3/h,105.0767,16.57,221.58,normal,92.2,96.8,128,GW-OPCUA-02,1.4
2026-04-17 02:03:05,P-311,Pompe centrifuge BP,P-311-SEN-08,pression,pression,bar,8.6263,1.27,17.09,normal,92.4,96.5,1000,GW-MQTT-01,0.7
2026-04-17 03:14:19,P-204,Pompe centrifuge HP,P-204-SEN-01,accelerometre,accelerometre,mm/s,1.8778,0.25,3.54,normal,89.6,99.1,1000,GW-Modbus-03,1.1
2026-04-17 03:14:49,P-204,Pompe centrifuge HP,P-204-SEN-02,accelerometre,accelerometre,g,0.3586,0.05,0.76,normal,96.0,95.0,2000,GW-OPCUA-02,1.3
2026-04-17 03:14:58,P-204,Pompe centrifuge HP,P-204-SEN-03,thermique,thermique,°C,28.3891,4.05,54.45,normal,93.8,95.1,512,GW-MQTT-01,1.2
2026-04-17 03:14:21,P-204,Pompe centrifuge HP,P-204-SEN-04,sonde_proximite,sonde_proximite,microns,18.5825,5.4,73.8,normal,91.4,96.2,5000,GW-Modbus-03,0.4
2026-04-17 03:14:06,P-204,Pompe centrifuge HP,P-204-SEN-05,ultrason,ultrason,dB,25.3441,3.78,51.12,normal,88.8,95.2,256,GW-MQTT-01,1.5
2026-04-17 03:14:21,P-204,Pompe centrifuge HP,P-204-SEN-06,courant,courant,A,75.7787,10.8,144.9,normal,91.5,98.3,1000,GW-MQTT-01,1.6
2026-04-17 03:14:54,P-204,Pompe centrifuge HP,P-204-SEN-07,debit,debit,m3/h,45.204,7.65,102.27,normal,93.7,95.4,5000,GW-MQTT-01,0.7
2026-04-17 03:14:41,P-204,Pompe centrifuge HP,P-204-SEN-08,pression,pression,bar,4.3304,0.58,7.89,normal,88.9,96.4,2000,GW-Modbus-03,1.3
2026-04-17 03:14:41,C-118,Compresseur à vis,C-118-SEN-01,accelerometre,accelerometre,mm/s,2.7418,0.31,4.37,normal,94.6,94.0,512,GW-MQTT-01,1.2
2026-04-17 03:14:58,C-118,Compresseur à vis,C-118-SEN-02,accelerometre,accelerometre,g,0.3514,0.07,0.93,normal,94.9,94.4,128,GW-Modbus-03,1.2
2026-04-17 03:14:30,C-118,Compresseur à vis,C-118-SEN-03,thermique,thermique,°C,34.563,4.99,67.16,normal,91.5,93.8,5000,GW-Modbus-03,0.1
2026-04-17 03:14:17,C-118,Compresseur à vis,C-118-SEN-04,sonde_proximite,sonde_proximite,microns,67.936,6.66,91.02,normal,96.2,95.0,1000,GW-OPCUA-02,1.2
2026-04-17 03:14:33,C-118,Compresseur à vis,C-118-SEN-05,ultrason,ultrason,dB,34.0009,4.66,63.05,normal,92.0,97.4,1000,GW-MQTT-01,0.6
2026-04-17 03:14:34,C-118,Compresseur à vis,C-118-SEN-06,courant,courant,A,78.2979,13.32,178.71,normal,95.6,98.9,128,GW-Modbus-03,0.9
2026-04-17 03:14:29,C-118,Compresseur à vis,C-118-SEN-07,debit,debit,m3/h,70.8136,9.43,126.13,normal,93.4,96.6,512,GW-MQTT-01,1.3
2026-04-17 03:14:54,C-118,Compresseur à vis,C-118-SEN-08,pression,pression,bar,4.8693,0.72,9.73,normal,91.5,97.5,512,GW-MQTT-01,0.6
2026-04-17 03:14:42,V-302,Ventilateur tirage,V-302-SEN-01,accelerometre,accelerometre,mm/s,2.6829,0.37,5.19,normal,92.9,98.0,512,GW-OPCUA-02,1.4
2026-04-17 03:14:05,V-302,Ventilateur tirage,V-302-SEN-02,accelerometre,accelerometre,g,0.5868,0.08,1.11,normal,88.8,98.0,512,GW-MQTT-01,2.2
2026-04-17 03:14:27,V-302,Ventilateur tirage,V-302-SEN-03,thermique,thermique,°C,36.8125,5.94,79.86,normal,91.3,98.5,1000,GW-MQTT-01,1.2
2026-04-17 03:14:23,V-302,Ventilateur tirage,V-302-SEN-04,sonde_proximite,sonde_proximite,microns,60.7484,7.92,108.24,normal,94.8,94.9,128,GW-OPCUA-02,1.1
2026-04-17 03:14:28,V-302,Ventilateur tirage,V-302-SEN-05,ultrason,ultrason,dB,47.1474,5.54,74.98,normal,96.1,96.3,512,GW-OPCUA-02,1.0
2026-04-17 03:14:21,V-302,Ventilateur tirage,V-302-SEN-06,courant,courant,A,119.7969,15.84,212.52,normal,92.2,96.9,5000,GW-MQTT-01,0.7
2026-04-17 03:14:04,V-302,Ventilateur tirage,V-302-SEN-07,debit,debit,m3/h,69.0166,11.22,150.0,normal,90.1,97.1,5000,GW-OPCUA-02,0.5
2026-04-17 03:14:31,V-302,Ventilateur tirage,V-302-SEN-08,pression,pression,bar,5.9966,0.86,11.57,normal,90.7,94.3,512,GW-MQTT-01,1.1
2026-04-17 03:14:25,M-019,Moteur électrique 400kW,M-019-SEN-01,accelerometre,accelerometre,mm/s,3.6625,0.43,6.02,normal,90.7,98.5,5000,GW-OPCUA-02,0.7
2026-04-17 03:14:00,M-019,Moteur électrique 400kW,M-019-SEN-02,accelerometre,accelerometre,g,0.6642,0.09,1.29,normal,90.7,99.9,2000,GW-MQTT-01,0.5
2026-04-17 03:14:59,M-019,Moteur électrique 400kW,M-019-SEN-03,thermique,thermique,°C,45.1651,6.88,92.56,normal,90.7,93.7,128,GW-Modbus-03,1.4
2026-04-17 03:14:33,M-019,Moteur électrique 400kW,M-019-SEN-04,sonde_proximite,sonde_proximite,microns,70.0252,9.18,125.46,normal,94.8,96.9,2000,GW-OPCUA-02,1.7
2026-04-17 03:14:36,M-019,Moteur électrique 400kW,M-019-SEN-05,ultrason,ultrason,dB,44.372,6.43,86.9,normal,89.1,96.7,1000,GW-OPCUA-02,1.2
2026-04-17 03:14:29,M-019,Moteur électrique 400kW,M-019-SEN-06,courant,courant,A,117.354,18.36,246.33,normal,93.0,98.8,1000,GW-MQTT-01,1.0
2026-04-17 03:14:22,M-019,Moteur électrique 400kW,M-019-SEN-07,debit,debit,m3/h,78.6341,13.01,173.86,normal,94.2,95.9,256,GW-OPCUA-02,0.8
2026-04-17 03:14:40,M-019,Moteur électrique 400kW,M-019-SEN-08,pression,pression,bar,7.0083,0.99,13.41,normal,94.3,98.0,5000,GW-Modbus-03,1.6
2026-04-17 03:14:35,R-077,Réducteur convoyeur,R-077-SEN-01,accelerometre,accelerometre,mm/s,3.2414,0.49,6.84,normal,94.6,94.3,5000,GW-Modbus-03,0.9
2026-04-17 03:14:26,R-077,Réducteur convoyeur,R-077-SEN-02,accelerometre,accelerometre,g,0.6979,0.1,1.46,normal,93.4,93.3,5000,GW-Modbus-03,0.8
2026-04-17 03:14:04,R-077,Réducteur convoyeur,R-077-SEN-03,thermique,thermique,°C,50.6405,7.83,105.27,normal,90.8,93.9,1000,GW-Modbus-03,0.6
2026-04-17 03:14:31,R-077,Réducteur convoyeur,R-077-SEN-04,sonde_proximite,sonde_proximite,microns,66.9124,10.44,142.68,normal,92.8,99.6,5000,GW-Modbus-03,1.5
2026-04-17 03:14:35,R-077,Réducteur convoyeur,R-077-SEN-05,ultrason,ultrason,dB,60.4622,7.31,98.83,normal,92.5,95.3,512,GW-Modbus-03,1.9
2026-04-17 03:14:25,R-077,Réducteur convoyeur,R-077-SEN-06,courant,courant,A,144.5039,20.88,280.14,normal,95.3,96.8,512,GW-Modbus-03,1.3
2026-04-17 03:14:14,R-077,Réducteur convoyeur,R-077-SEN-07,debit,debit,m3/h,98.2126,14.79,197.72,normal,92.1,97.1,1000,GW-OPCUA-02,1.7
2026-04-17 03:14:49,R-077,Réducteur convoyeur,R-077-SEN-08,pression,pression,bar,6.9647,1.13,15.25,normal,88.8,97.4,512,GW-OPCUA-02,1.1
2026-04-17 03:14:23,P-311,Pompe centrifuge BP,P-311-SEN-01,accelerometre,accelerometre,mm/s,3.4296,0.55,7.67,normal,94.0,95.7,5000,GW-OPCUA-02,1.3
2026-04-17 03:14:54,P-311,Pompe centrifuge BP,P-311-SEN-02,accelerometre,accelerometre,g,0.9112,0.12,1.64,normal,92.9,94.7,2000,GW-MQTT-01,1.6
2026-04-17 03:14:29,P-311,Pompe centrifuge BP,P-311-SEN-03,thermique,thermique,°C,58.7344,8.78,117.97,normal,89.0,95.8,5000,GW-MQTT-01,1.2
2026-04-17 03:14:45,P-311,Pompe centrifuge BP,P-311-SEN-04,sonde_proximite,sonde_proximite,microns,78.3448,11.7,159.9,normal,94.3,95.8,5000,GW-MQTT-01,1.2
2026-04-17 03:14:14,P-311,Pompe centrifuge BP,P-311-SEN-05,ultrason,ultrason,dB,55.6311,8.19,110.76,normal,89.7,102.6,1000,GW-MQTT-01,1.2
2026-04-17 03:14:27,P-311,Pompe centrifuge BP,P-311-SEN-06,courant,courant,A,163.0594,23.4,313.95,normal,95.9,96.6,128,GW-MQTT-01,1.9
2026-04-17 03:14:16,P-311,Pompe centrifuge BP,P-311-SEN-07,debit,debit,m3/h,111.3569,16.57,221.59,normal,90.6,95.7,128,GW-OPCUA-02,1.0
2026-04-17 03:14:36,P-311,Pompe centrifuge BP,P-311-SEN-08,pression,pression,bar,8.5857,1.27,17.1,normal,96.2,97.2,2000,GW-MQTT-01,1.3
2026-04-17 04:02:15,P-204,Pompe centrifuge HP,P-204-SEN-01,accelerometre,accelerometre,mm/s,1.8107,0.25,3.54,normal,92.0,98.0,128,GW-Modbus-03,1.1
2026-04-17 04:02:18,P-204,Pompe centrifuge HP,P-204-SEN-02,accelerometre,accelerometre,g,0.3494,0.05,0.76,normal,90.7,96.4,2000,GW-MQTT-01,1.2
2026-04-17 04:02:19,P-204,Pompe centrifuge HP,P-204-SEN-03,thermique,thermique,°C,32.6632,4.05,54.46,normal,93.4,99.1,2000,GW-OPCUA-02,1.1
2026-04-17 04:02:11,P-204,Pompe centrifuge HP,P-204-SEN-04,sonde_proximite,sonde_proximite,microns,32.9284,5.4,73.82,normal,92.9,95.9,2000,GW-OPCUA-02,0.6
2026-04-17 04:02:11,P-204,Pompe centrifuge HP,P-204-SEN-05,ultrason,ultrason,dB,25.4007,3.78,51.13,normal,94.8,98.6,256,GW-MQTT-01,0.4
2026-04-17 04:02:50,P-204,Pompe centrifuge HP,P-204-SEN-06,courant,courant,A,54.8452,10.8,144.91,normal,88.9,97.2,2000,GW-OPCUA-02,1.1
2026-04-17 04:02:42,P-204,Pompe centrifuge HP,P-204-SEN-07,debit,debit,m3/h,56.9648,7.65,102.27,normal,93.8,95.0,512,GW-MQTT-01,1.7
2026-04-17 04:02:14,P-204,Pompe centrifuge HP,P-204-SEN-08,pression,pression,bar,3.9997,0.58,7.89,normal,89.6,98.6,2000,GW-Modbus-03,1.5
2026-04-17 04:02:42,C-118,Compresseur à vis,C-118-SEN-01,accelerometre,accelerometre,mm/s,2.2466,0.31,4.37,normal,93.0,98.2,512,GW-MQTT-01,0.7
2026-04-17 04:02:33,C-118,Compresseur à vis,C-118-SEN-02,accelerometre,accelerometre,g,0.5088,0.07,0.93,normal,90.8,92.8,5000,GW-MQTT-01,2.1
2026-04-17 04:02:56,C-118,Compresseur à vis,C-118-SEN-03,thermique,thermique,°C,33.5787,4.99,67.16,normal,91.7,93.2,256,GW-Modbus-03,1.5
2026-04-17 04:02:26,C-118,Compresseur à vis,C-118-SEN-04,sonde_proximite,sonde_proximite,microns,38.8115,6.66,91.05,normal,91.3,95.7,128,GW-Modbus-03,1.0
2026-04-17 04:02:13,C-118,Compresseur à vis,C-118-SEN-05,ultrason,ultrason,dB,31.6122,4.66,63.06,normal,90.0,100.5,512,GW-OPCUA-02,1.4
2026-04-17 04:02:50,C-118,Compresseur à vis,C-118-SEN-06,courant,courant,A,87.9198,13.32,178.72,normal,93.6,96.5,2000,GW-OPCUA-02,1.8
2026-04-17 04:02:29,C-118,Compresseur à vis,C-118-SEN-07,debit,debit,m3/h,55.2807,9.43,126.14,normal,96.2,99.5,2000,GW-Modbus-03,0.4
2026-04-17 04:02:48,C-118,Compresseur à vis,C-118-SEN-08,pression,pression,bar,4.658,0.72,9.73,normal,90.2,97.7,2000,GW-OPCUA-02,2.1
2026-04-17 04:02:35,V-302,Ventilateur tirage,V-302-SEN-01,accelerometre,accelerometre,mm/s,3.0153,0.37,5.2,normal,92.9,97.4,128,GW-MQTT-01,1.7
2026-04-17 04:02:37,V-302,Ventilateur tirage,V-302-SEN-02,accelerometre,accelerometre,g,0.551,0.08,1.11,normal,94.0,94.9,512,GW-OPCUA-02,1.5
2026-04-17 04:02:48,V-302,Ventilateur tirage,V-302-SEN-03,thermique,thermique,°C,37.5418,5.94,79.87,normal,92.1,96.8,2000,GW-OPCUA-02,2.0
2026-04-17 04:02:51,V-302,Ventilateur tirage,V-302-SEN-04,sonde_proximite,sonde_proximite,microns,50.8277,7.92,108.28,normal,93.9,99.3,256,GW-Modbus-03,1.0
2026-04-17 04:02:16,V-302,Ventilateur tirage,V-302-SEN-05,ultrason,ultrason,dB,37.5447,5.54,74.99,normal,90.4,96.6,128,GW-MQTT-01,1.1
2026-04-17 04:02:31,V-302,Ventilateur tirage,V-302-SEN-06,courant,courant,A,102.7321,15.84,212.54,normal,91.0,97.6,5000,GW-MQTT-01,1.3
2026-04-17 04:02:20,V-302,Ventilateur tirage,V-302-SEN-07,debit,debit,m3/h,82.5779,11.22,150.0,normal,89.1,96.8,5000,GW-MQTT-01,1.3
2026-04-17 04:02:22,V-302,Ventilateur tirage,V-302-SEN-08,pression,pression,bar,5.5377,0.86,11.57,normal,89.8,98.9,1000,GW-MQTT-01,0.8
2026-04-17 04:02:05,M-019,Moteur électrique 400kW,M-019-SEN-01,accelerometre,accelerometre,mm/s,3.4224,0.43,6.02,normal,94.5,100.1,128,GW-Modbus-03,1.1
2026-04-17 04:02:29,M-019,Moteur électrique 400kW,M-019-SEN-02,accelerometre,accelerometre,g,0.5617,0.09,1.29,normal,95.9,98.2,1000,GW-OPCUA-02,1.3
2026-04-17 04:02:41,M-019,Moteur électrique 400kW,M-019-SEN-03,thermique,thermique,°C,48.1919,6.88,92.58,normal,95.4,100.3,128,GW-Modbus-03,1.2
2026-04-17 04:02:39,M-019,Moteur électrique 400kW,M-019-SEN-04,sonde_proximite,sonde_proximite,microns,72.785,9.18,125.5,normal,93.1,97.7,5000,GW-Modbus-03,1.3
2026-04-17 04:02:11,M-019,Moteur électrique 400kW,M-019-SEN-05,ultrason,ultrason,dB,35.8312,6.43,86.92,normal,89.6,93.3,1000,GW-Modbus-03,0.9
2026-04-17 04:02:12,M-019,Moteur électrique 400kW,M-019-SEN-06,courant,courant,A,114.3972,18.36,246.35,normal,95.2,96.1,512,GW-OPCUA-02,1.0
2026-04-17 04:02:48,M-019,Moteur électrique 400kW,M-019-SEN-07,debit,debit,m3/h,83.2269,13.01,173.87,normal,93.8,96.0,256,GW-Modbus-03,1.3
2026-04-17 04:02:01,M-019,Moteur électrique 400kW,M-019-SEN-08,pression,pression,bar,6.2945,0.99,13.42,normal,94.8,98.2,2000,GW-Modbus-03,1.7
2026-04-17 04:02:30,R-077,Réducteur convoyeur,R-077-SEN-01,accelerometre,accelerometre,mm/s,3.2987,0.49,6.85,normal,94.9,96.9,5000,GW-Modbus-03,0.8
2026-04-17 04:02:37,R-077,Réducteur convoyeur,R-077-SEN-02,accelerometre,accelerometre,g,0.7762,0.1,1.46,normal,91.5,99.0,256,GW-OPCUA-02,1.3
2026-04-17 04:02:54,R-077,Réducteur convoyeur,R-077-SEN-03,thermique,thermique,°C,52.8718,7.83,105.28,normal,94.6,95.9,256,GW-Modbus-03,1.6
2026-04-17 04:02:45,R-077,Réducteur convoyeur,R-077-SEN-04,sonde_proximite,sonde_proximite,microns,78.2237,10.44,142.73,normal,91.9,96.2,128,GW-MQTT-01,1.4
2026-04-17 04:02:52,R-077,Réducteur convoyeur,R-077-SEN-05,ultrason,ultrason,dB,48.7961,7.31,98.85,normal,92.8,95.6,256,GW-OPCUA-02,0.6
2026-04-17 04:02:09,R-077,Réducteur convoyeur,R-077-SEN-06,courant,courant,A,154.3886,20.88,280.16,normal,94.8,94.6,512,GW-MQTT-01,1.4
2026-04-17 04:02:16,R-077,Réducteur convoyeur,R-077-SEN-07,debit,debit,m3/h,98.306,14.79,197.73,normal,95.9,96.8,256,GW-OPCUA-02,1.5
2026-04-17 04:02:34,R-077,Réducteur convoyeur,R-077-SEN-08,pression,pression,bar,8.1475,1.13,15.26,normal,93.5,95.4,256,GW-MQTT-01,1.0
2026-04-17 04:02:51,P-311,Pompe centrifuge BP,P-311-SEN-01,accelerometre,accelerometre,mm/s,3.5411,0.55,7.68,normal,92.3,97.5,512,GW-MQTT-01,1.8
2026-04-17 04:02:08,P-311,Pompe centrifuge BP,P-311-SEN-02,accelerometre,accelerometre,g,0.8015,0.12,1.64,normal,95.5,96.3,1000,GW-Modbus-03,1.4
2026-04-17 04:02:17,P-311,Pompe centrifuge BP,P-311-SEN-03,thermique,thermique,°C,60.899,8.78,117.99,normal,95.1,94.9,2000,GW-MQTT-01,1.3
2026-04-17 04:02:33,P-311,Pompe centrifuge BP,P-311-SEN-04,sonde_proximite,sonde_proximite,microns,69.3023,11.7,159.95,normal,93.3,97.1,1000,GW-MQTT-01,1.2
2026-04-17 04:02:35,P-311,Pompe centrifuge BP,P-311-SEN-05,ultrason,ultrason,dB,51.7751,8.19,110.78,normal,93.2,95.2,128,GW-Modbus-03,0.6
2026-04-17 04:02:06,P-311,Pompe centrifuge BP,P-311-SEN-06,courant,courant,A,154.0324,23.4,313.98,normal,89.6,98.5,5000,GW-OPCUA-02,0.8
2026-04-17 04:02:25,P-311,Pompe centrifuge BP,P-311-SEN-07,debit,debit,m3/h,110.271,16.57,221.59,normal,89.2,97.9,256,GW-OPCUA-02,1.4
2026-04-17 04:02:32,P-311,Pompe centrifuge BP,P-311-SEN-08,pression,pression,bar,8.8712,1.27,17.1,normal,93.6,98.6,1000,GW-Modbus-03,2.0
2026-04-17 05:06:10,P-204,Pompe centrifuge HP,P-204-SEN-01,accelerometre,accelerometre,mm/s,1.6202,0.25,3.54,normal,94.1,98.2,5000,GW-Modbus-03,1.3
2026-04-17 05:06:08,P-204,Pompe centrifuge HP,P-204-SEN-02,accelerometre,accelerometre,g,0.3513,0.05,0.76,normal,93.5,92.3,2000,GW-MQTT-01,1.3
2026-04-17 05:06:06,P-204,Pompe centrifuge HP,P-204-SEN-03,thermique,thermique,°C,28.7551,4.05,54.46,normal,92.3,92.9,5000,GW-OPCUA-02,1.7
2026-04-17 05:06:19,P-204,Pompe centrifuge HP,P-204-SEN-04,sonde_proximite,sonde_proximite,microns,25.5749,5.4,73.85,normal,88.5,97.7,1000,GW-OPCUA-02,1.5
2026-04-17 05:06:22,P-204,Pompe centrifuge HP,P-204-SEN-05,ultrason,ultrason,dB,17.8869,3.78,51.14,normal,91.2,97.5,5000,GW-OPCUA-02,1.4
2026-04-17 05:06:39,P-204,Pompe centrifuge HP,P-204-SEN-06,courant,courant,A,81.8475,10.8,144.92,normal,91.6,97.3,5000,GW-OPCUA-02,1.0
2026-04-17 05:06:12,P-204,Pompe centrifuge HP,P-204-SEN-07,debit,debit,m3/h,52.6349,7.65,102.28,normal,88.7,99.6,5000,GW-Modbus-03,1.3
2026-04-17 05:06:09,P-204,Pompe centrifuge HP,P-204-SEN-08,pression,pression,bar,3.9423,0.58,7.89,normal,89.1,98.1,128,GW-OPCUA-02,0.6
2026-04-17 05:06:22,C-118,Compresseur à vis,C-118-SEN-01,accelerometre,accelerometre,mm/s,2.4286,0.31,4.37,normal,93.3,98.5,256,GW-Modbus-03,1.2
2026-04-17 05:06:11,C-118,Compresseur à vis,C-118-SEN-02,accelerometre,accelerometre,g,0.6063,0.07,0.93,normal,91.6,98.7,256,GW-MQTT-01,1.3
2026-04-17 05:06:52,C-118,Compresseur à vis,C-118-SEN-03,thermique,thermique,°C,32.9924,4.99,67.17,normal,93.0,97.2,256,GW-Modbus-03,1.2
2026-04-17 05:06:14,C-118,Compresseur à vis,C-118-SEN-04,sonde_proximite,sonde_proximite,microns,50.0927,6.66,91.08,normal,90.4,98.1,256,GW-OPCUA-02,0.7
2026-04-17 05:06:51,C-118,Compresseur à vis,C-118-SEN-05,ultrason,ultrason,dB,36.0833,4.66,63.07,normal,95.8,97.9,512,GW-Modbus-03,1.3
2026-04-17 05:06:20,C-118,Compresseur à vis,C-118-SEN-06,courant,courant,A,73.2272,13.32,178.74,normal,90.5,97.3,5000,GW-OPCUA-02,0.9
2026-04-17 05:06:34,C-118,Compresseur à vis,C-118-SEN-07,debit,debit,m3/h,58.8022,9.43,126.14,normal,92.4,99.5,5000,GW-OPCUA-02,1.3
2026-04-17 05:06:37,C-118,Compresseur à vis,C-118-SEN-08,pression,pression,bar,4.6252,0.72,9.73,normal,89.1,95.1,2000,GW-MQTT-01,1.1
2026-04-17 05:06:44,V-302,Ventilateur tirage,V-302-SEN-01,accelerometre,accelerometre,mm/s,2.4787,0.37,5.2,normal,91.5,96.6,2000,GW-MQTT-01,1.1
2026-04-17 05:06:46,V-302,Ventilateur tirage,V-302-SEN-02,accelerometre,accelerometre,g,0.3523,0.08,1.11,normal,96.1,99.0,512,GW-Modbus-03,1.1
2026-04-17 05:06:53,V-302,Ventilateur tirage,V-302-SEN-03,thermique,thermique,°C,43.601,5.94,79.88,normal,92.0,99.7,2000,GW-OPCUA-02,1.7
2026-04-17 05:06:44,V-302,Ventilateur tirage,V-302-SEN-04,sonde_proximite,sonde_proximite,microns,42.8427,7.92,108.31,normal,91.6,95.5,1000,GW-OPCUA-02,1.9
2026-04-17 05:06:58,V-302,Ventilateur tirage,V-302-SEN-05,ultrason,ultrason,dB,39.0661,5.54,75.0,normal,90.5,96.6,256,GW-Modbus-03,1.5
2026-04-17 05:06:42,V-302,Ventilateur tirage,V-302-SEN-06,courant,courant,A,92.098,15.84,212.56,normal,90.7,95.0,1000,GW-OPCUA-02,1.4
2026-04-17 05:06:05,V-302,Ventilateur tirage,V-302-SEN-07,debit,debit,m3/h,72.5238,11.22,150.01,normal,94.1,96.4,512,GW-OPCUA-02,1.8
2026-04-17 05:06:08,V-302,Ventilateur tirage,V-302-SEN-08,pression,pression,bar,6.0627,0.86,11.58,normal,92.9,98.5,1000,GW-Modbus-03,1.1
2026-04-17 05:06:55,M-019,Moteur électrique 400kW,M-019-SEN-01,accelerometre,accelerometre,mm/s,3.4276,0.43,6.03,normal,93.0,97.9,128,GW-OPCUA-02,1.2
2026-04-17 05:06:23,M-019,Moteur électrique 400kW,M-019-SEN-02,accelerometre,accelerometre,g,0.7261,0.09,1.29,normal,88.9,97.2,128,GW-MQTT-01,1.5
2026-04-17 05:06:52,M-019,Moteur électrique 400kW,M-019-SEN-03,thermique,thermique,°C,51.5973,6.88,92.59,normal,90.8,98.4,2000,GW-OPCUA-02,1.0
2026-04-17 05:06:15,M-019,Moteur électrique 400kW,M-019-SEN-04,sonde_proximite,sonde_proximite,microns,68.8302,9.18,125.54,normal,88.9,97.3,1000,GW-OPCUA-02,1.8
2026-04-17 05:06:02,M-019,Moteur électrique 400kW,M-019-SEN-05,ultrason,ultrason,dB,43.4072,6.43,86.94,normal,89.7,95.4,128,GW-MQTT-01,1.3
2026-04-17 05:06:06,M-019,Moteur électrique 400kW,M-019-SEN-06,courant,courant,A,125.6875,18.36,246.37,normal,90.4,97.4,2000,GW-MQTT-01,0.9
2026-04-17 05:06:18,M-019,Moteur électrique 400kW,M-019-SEN-07,debit,debit,m3/h,87.5761,13.01,173.87,normal,91.4,98.2,512,GW-MQTT-01,1.3
2026-04-17 05:06:45,M-019,Moteur électrique 400kW,M-019-SEN-08,pression,pression,bar,6.3257,0.99,13.42,normal,94.6,95.2,512,GW-MQTT-01,0.9
2026-04-17 05:06:07,R-077,Réducteur convoyeur,R-077-SEN-01,accelerometre,accelerometre,mm/s,3.0045,0.49,6.85,normal,90.5,95.6,5000,GW-MQTT-01,1.4
2026-04-17 05:06:40,R-077,Réducteur convoyeur,R-077-SEN-02,accelerometre,accelerometre,g,0.8125,0.1,1.46,normal,91.1,100.7,1000,GW-Modbus-03,1.2
2026-04-17 05:06:38,R-077,Réducteur convoyeur,R-077-SEN-03,thermique,thermique,°C,50.5975,7.83,105.29,normal,91.2,96.8,128,GW-Modbus-03,1.1
2026-04-17 05:06:17,R-077,Réducteur convoyeur,R-077-SEN-04,sonde_proximite,sonde_proximite,microns,62.4215,10.44,142.77,normal,95.5,96.1,1000,GW-Modbus-03,1.3
2026-04-17 05:06:14,R-077,Réducteur convoyeur,R-077-SEN-05,ultrason,ultrason,dB,50.7588,7.31,98.87,normal,92.4,100.9,512,GW-OPCUA-02,0.8
2026-04-17 05:06:30,R-077,Réducteur convoyeur,R-077-SEN-06,courant,courant,A,140.5957,20.88,280.19,normal,89.1,95.8,2000,GW-MQTT-01,2.5
2026-04-17 05:06:12,R-077,Réducteur convoyeur,R-077-SEN-07,debit,debit,m3/h,104.1505,14.79,197.74,normal,89.9,94.7,2000,GW-Modbus-03,0.9
2026-04-17 05:06:28,R-077,Réducteur convoyeur,R-077-SEN-08,pression,pression,bar,7.4388,1.13,15.26,normal,95.9,94.5,2000,GW-MQTT-01,1.5
2026-04-17 05:06:16,P-311,Pompe centrifuge BP,P-311-SEN-01,accelerometre,accelerometre,mm/s,3.3471,0.55,7.68,normal,94.0,96.2,128,GW-MQTT-01,1.5
2026-04-17 05:06:53,P-311,Pompe centrifuge BP,P-311-SEN-02,accelerometre,accelerometre,g,0.8286,0.12,1.64,normal,94.6,93.0,5000,GW-Modbus-03,0.8
2026-04-17 05:06:16,P-311,Pompe centrifuge BP,P-311-SEN-03,thermique,thermique,°C,57.6871,8.78,118.0,normal,94.9,99.4,512,GW-MQTT-01,1.5
2026-04-17 05:06:09,P-311,Pompe centrifuge BP,P-311-SEN-04,sonde_proximite,sonde_proximite,microns,74.5905,11.7,160.0,normal,89.0,99.0,1000,GW-Modbus-03,1.5
2026-04-17 05:06:50,P-311,Pompe centrifuge BP,P-311-SEN-05,ultrason,ultrason,dB,57.1358,8.19,110.8,normal,89.2,95.9,256,GW-OPCUA-02,0.9
2026-04-17 05:06:39,P-311,Pompe centrifuge BP,P-311-SEN-06,courant,courant,A,168.6998,23.4,314.0,normal,93.8,97.1,2000,GW-MQTT-01,1.1
2026-04-17 05:06:36,P-311,Pompe centrifuge BP,P-311-SEN-07,debit,debit,m3/h,123.2144,16.57,221.6,normal,92.0,102.7,256,GW-OPCUA-02,0.6
2026-04-17 05:06:44,P-311,Pompe centrifuge BP,P-311-SEN-08,pression,pression,bar,8.5979,1.27,17.1,normal,88.8,97.8,1000,GW-OPCUA-02,0.7
2026-04-17 06:13:51,P-204,Pompe centrifuge HP,P-204-SEN-01,accelerometre,accelerometre,mm/s,1.9818,0.25,3.55,normal,88.7,94.6,256,GW-MQTT-01,0.6
2026-04-17 06:13:59,P-204,Pompe centrifuge HP,P-204-SEN-02,accelerometre,accelerometre,g,0.3943,0.05,0.76,normal,94.3,92.9,1000,GW-MQTT-01,1.2
2026-04-17 06:13:26,P-204,Pompe centrifuge HP,P-204-SEN-03,thermique,thermique,°C,28.528,4.05,54.47,normal,92.8,94.4,512,GW-MQTT-01,2.3
2026-04-17 06:13:36,P-204,Pompe centrifuge HP,P-204-SEN-04,sonde_proximite,sonde_proximite,microns,39.5773,5.4,73.87,normal,94.9,96.5,128,GW-MQTT-01,1.6
2026-04-17 06:13:31,P-204,Pompe centrifuge HP,P-204-SEN-05,ultrason,ultrason,dB,26.0674,3.78,51.15,normal,90.0,99.1,5000,GW-OPCUA-02,1.5
2026-04-17 06:13:26,P-204,Pompe centrifuge HP,P-204-SEN-06,courant,courant,A,80.6134,10.8,144.94,normal,95.9,94.4,256,GW-MQTT-01,0.4
2026-04-17 06:13:49,P-204,Pompe centrifuge HP,P-204-SEN-07,debit,debit,m3/h,54.7385,7.65,102.28,normal,94.6,99.3,2000,GW-MQTT-01,2.1
2026-04-17 06:13:50,P-204,Pompe centrifuge HP,P-204-SEN-08,pression,pression,bar,4.5495,0.58,7.89,normal,94.0,95.0,512,GW-MQTT-01,1.1
2026-04-17 06:13:44,C-118,Compresseur à vis,C-118-SEN-01,accelerometre,accelerometre,mm/s,2.4316,0.31,4.37,normal,90.7,100.0,512,GW-Modbus-03,1.8
2026-04-17 06:13:41,C-118,Compresseur à vis,C-118-SEN-02,accelerometre,accelerometre,g,0.5695,0.07,0.93,normal,91.6,95.1,256,GW-MQTT-01,1.8
2026-04-17 06:13:47,C-118,Compresseur à vis,C-118-SEN-03,thermique,thermique,°C,31.5697,4.99,67.18,normal,94.4,100.5,256,GW-MQTT-01,1.1
2026-04-17 06:13:50,C-118,Compresseur à vis,C-118-SEN-04,sonde_proximite,sonde_proximite,microns,35.4521,6.66,91.11,normal,95.8,96.8,256,GW-OPCUA-02,0.9
2026-04-17 06:13:39,C-118,Compresseur à vis,C-118-SEN-05,ultrason,ultrason,dB,32.1182,4.66,63.08,normal,93.8,99.0,2000,GW-OPCUA-02,1.7
2026-04-17 06:13:27,C-118,Compresseur à vis,C-118-SEN-06,courant,courant,A,104.0971,13.32,178.75,normal,89.5,98.3,5000,GW-Modbus-03,1.9
2026-04-17 06:13:50,C-118,Compresseur à vis,C-118-SEN-07,debit,debit,m3/h,51.311,9.43,126.15,normal,95.5,96.1,5000,GW-OPCUA-02,0.4
2026-04-17 06:13:45,C-118,Compresseur à vis,C-118-SEN-08,pression,pression,bar,4.6989,0.72,9.74,normal,88.4,97.4,2000,GW-Modbus-03,1.1
2026-04-17 06:13:57,V-302,Ventilateur tirage,V-302-SEN-01,accelerometre,accelerometre,mm/s,2.1507,0.37,5.2,normal,88.9,98.2,128,GW-Modbus-03,1.4
2026-04-17 06:13:16,V-302,Ventilateur tirage,V-302-SEN-02,accelerometre,accelerometre,g,0.5881,0.08,1.11,normal,91.1,94.1,1000,GW-Modbus-03,0.8
2026-04-17 06:13:54,V-302,Ventilateur tirage,V-302-SEN-03,thermique,thermique,°C,37.6602,5.94,79.89,normal,91.3,96.2,2000,GW-MQTT-01,1.2
2026-04-17 06:13:24,V-302,Ventilateur tirage,V-302-SEN-04,sonde_proximite,sonde_proximite,microns,47.3902,7.92,108.35,normal,92.4,97.3,128,GW-MQTT-01,1.2
2026-04-17 06:13:28,V-302,Ventilateur tirage,V-302-SEN-05,ultrason,ultrason,dB,37.2641,5.54,75.02,normal,90.8,96.4,512,GW-Modbus-03,1.5
2026-04-17 06:13:41,V-302,Ventilateur tirage,V-302-SEN-06,courant,courant,A,100.3902,15.84,212.57,normal,94.3,94.4,1000,GW-Modbus-03,1.3
2026-04-17 06:13:24,V-302,Ventilateur tirage,V-302-SEN-07,debit,debit,m3/h,70.8095,11.22,150.01,normal,89.6,97.3,1000,GW-OPCUA-02,1.0
2026-04-17 06:13:05,V-302,Ventilateur tirage,V-302-SEN-08,pression,pression,bar,5.4328,0.86,11.58,normal,95.2,96.1,512,GW-OPCUA-02,1.5
2026-04-17 06:13:46,M-019,Moteur électrique 400kW,M-019-SEN-01,accelerometre,accelerometre,mm/s,3.7136,0.43,6.03,normal,95.3,96.8,256,GW-OPCUA-02,1.3
2026-04-17 06:13:15,M-019,Moteur électrique 400kW,M-019-SEN-02,accelerometre,accelerometre,g,0.7503,0.09,1.29,normal,89.7,96.9,1000,GW-OPCUA-02,1.4
2026-04-17 06:13:25,M-019,Moteur électrique 400kW,M-019-SEN-03,thermique,thermique,°C,45.2118,6.88,92.6,normal,91.7,99.0,5000,GW-MQTT-01,1.3
2026-04-17 06:13:51,M-019,Moteur électrique 400kW,M-019-SEN-04,sonde_proximite,sonde_proximite,microns,65.9252,9.18,125.58,normal,94.8,95.4,1000,GW-MQTT-01,1.5
2026-04-17 06:13:00,M-019,Moteur électrique 400kW,M-019-SEN-05,ultrason,ultrason,dB,35.1554,6.43,86.95,normal,92.0,96.0,1000,GW-OPCUA-02,1.3
2026-04-17 06:13:50,M-019,Moteur électrique 400kW,M-019-SEN-06,courant,courant,A,115.5057,18.36,246.39,normal,91.1,94.5,256,GW-OPCUA-02,0.9
2026-04-17 06:13:13,M-019,Moteur électrique 400kW,M-019-SEN-07,debit,debit,m3/h,92.5293,13.01,173.88,normal,88.7,98.1,2000,GW-OPCUA-02,0.9
2026-04-17 06:13:31,M-019,Moteur électrique 400kW,M-019-SEN-08,pression,pression,bar,7.0145,0.99,13.42,normal,91.3,94.9,1000,GW-MQTT-01,1.4
2026-04-17 06:13:10,R-077,Réducteur convoyeur,R-077-SEN-01,accelerometre,accelerometre,mm/s,3.2682,0.49,6.86,normal,89.1,97.7,128,GW-Modbus-03,1.2
2026-04-17 06:13:56,R-077,Réducteur convoyeur,R-077-SEN-02,accelerometre,accelerometre,g,0.8549,0.1,1.46,normal,90.6,94.9,256,GW-MQTT-01,1.8
2026-04-17 06:13:53,R-077,Réducteur convoyeur,R-077-SEN-03,thermique,thermique,°C,51.7798,7.83,105.3,normal,94.2,94.0,128,GW-OPCUA-02,0.7
2026-04-17 06:13:01,R-077,Réducteur convoyeur,R-077-SEN-04,sonde_proximite,sonde_proximite,microns,74.7136,10.44,142.82,normal,89.6,101.1,256,GW-Modbus-03,0.9
2026-04-17 06:13:55,R-077,Réducteur convoyeur,R-077-SEN-05,ultrason,ultrason,dB,45.2679,7.31,98.89,normal,90.6,99.9,2000,GW-OPCUA-02,1.1
2026-04-17 06:13:37,R-077,Réducteur convoyeur,R-077-SEN-06,courant,courant,A,147.3472,20.88,280.21,normal,89.7,94.6,5000,GW-MQTT-01,1.8
2026-04-17 06:13:26,R-077,Réducteur convoyeur,R-077-SEN-07,debit,debit,m3/h,97.8471,14.79,197.74,normal,92.1,93.7,512,GW-OPCUA-02,1.7
2026-04-17 06:13:43,R-077,Réducteur convoyeur,R-077-SEN-08,pression,pression,bar,8.0467,1.13,15.26,normal,95.0,94.7,512,GW-OPCUA-02,1.5
2026-04-17 06:13:21,P-311,Pompe centrifuge BP,P-311-SEN-01,accelerometre,accelerometre,mm/s,3.7834,0.55,7.69,normal,95.0,100.6,128,GW-OPCUA-02,1.5
2026-04-17 06:13:52,P-311,Pompe centrifuge BP,P-311-SEN-02,accelerometre,accelerometre,g,0.8072,0.12,1.64,normal,89.1,100.3,512,GW-OPCUA-02,0.5
2026-04-17 06:13:43,P-311,Pompe centrifuge BP,P-311-SEN-03,thermique,thermique,°C,61.9544,8.78,118.01,normal,93.5,98.1,512,GW-OPCUA-02,1.9
2026-04-17 06:13:17,P-311,Pompe centrifuge BP,P-311-SEN-04,sonde_proximite,sonde_proximite,microns,72.9103,11.7,160.06,normal,91.1,96.4,2000,GW-MQTT-01,1.1
2026-04-17 06:13:30,P-311,Pompe centrifuge BP,P-311-SEN-05,ultrason,ultrason,dB,48.4786,8.19,110.82,normal,96.0,101.3,5000,GW-OPCUA-02,1.3
2026-04-17 06:13:51,P-311,Pompe centrifuge BP,P-311-SEN-06,courant,courant,A,157.1296,23.4,314.03,normal,92.3,96.5,2000,GW-MQTT-01,0.9
2026-04-17 06:13:29,P-311,Pompe centrifuge BP,P-311-SEN-07,debit,debit,m3/h,119.124,16.57,221.61,normal,93.8,99.1,1000,GW-OPCUA-02,0.9
2026-04-17 06:13:29,P-311,Pompe centrifuge BP,P-311-SEN-08,pression,pression,bar,8.577,1.27,17.1,normal,91.3,98.9,128,GW-Modbus-03,1.6
2026-04-17 07:42:07,P-204,Pompe centrifuge HP,P-204-SEN-01,accelerometre,accelerometre,mm/s,1.7971,0.25,3.55,normal,88.6,96.7,2000,GW-Modbus-03,1.8
2026-04-17 07:42:54,P-204,Pompe centrifuge HP,P-204-SEN-02,accelerometre,accelerometre,g,0.3745,0.05,0.76,normal,92.8,95.4,5000,GW-OPCUA-02,1.3
2026-04-17 07:42:52,P-204,Pompe centrifuge HP,P-204-SEN-03,thermique,thermique,°C,28.4862,4.05,54.47,normal,88.4,94.0,2000,GW-OPCUA-02,0.7
2026-04-17 07:42:55,P-204,Pompe centrifuge HP,P-204-SEN-04,sonde_proximite,sonde_proximite,microns,28.2178,5.4,73.9,normal,92.7,93.9,128,GW-OPCUA-02,1.0
2026-04-17 07:42:36,P-204,Pompe centrifuge HP,P-204-SEN-05,ultrason,ultrason,dB,23.2402,3.78,51.16,normal,88.3,103.1,512,GW-Modbus-03,0.7
2026-04-17 07:42:41,P-204,Pompe centrifuge HP,P-204-SEN-06,courant,courant,A,51.3385,10.8,144.95,normal,94.1,95.4,2000,GW-Modbus-03,1.9
2026-04-17 07:42:20,P-204,Pompe centrifuge HP,P-204-SEN-07,debit,debit,m3/h,53.9502,7.65,102.28,normal,90.2,96.5,5000,GW-MQTT-01,1.3
2026-04-17 07:42:03,P-204,Pompe centrifuge HP,P-204-SEN-08,pression,pression,bar,3.982,0.58,7.89,normal,89.3,99.6,256,GW-MQTT-01,1.0
2026-04-17 07:42:07,C-118,Compresseur à vis,C-118-SEN-01,accelerometre,accelerometre,mm/s,1.6992,0.31,4.38,normal,91.5,94.8,2000,GW-OPCUA-02,0.5
2026-04-17 07:42:14,C-118,Compresseur à vis,C-118-SEN-02,accelerometre,accelerometre,g,0.3684,0.07,0.93,normal,89.6,98.0,5000,GW-MQTT-01,0.9
2026-04-17 07:42:17,C-118,Compresseur à vis,C-118-SEN-03,thermique,thermique,°C,33.906,4.99,67.18,normal,94.4,95.1,5000,GW-MQTT-01,0.7
2026-04-17 07:42:23,C-118,Compresseur à vis,C-118-SEN-04,sonde_proximite,sonde_proximite,microns,44.1413,6.66,91.14,normal,92.1,99.3,5000,GW-MQTT-01,1.2
2026-04-17 07:42:01,C-118,Compresseur à vis,C-118-SEN-05,ultrason,ultrason,dB,32.6417,4.66,63.1,normal,90.1,98.2,1000,GW-Modbus-03,1.2
2026-04-17 07:42:16,C-118,Compresseur à vis,C-118-SEN-06,courant,courant,A,86.8887,13.32,178.77,normal,94.5,95.0,1000,GW-MQTT-01,1.6
2026-04-17 07:42:23,C-118,Compresseur à vis,C-118-SEN-07,debit,debit,m3/h,65.9875,9.43,126.15,normal,93.3,97.6,2000,GW-OPCUA-02,1.4
2026-04-17 07:42:57,C-118,Compresseur à vis,C-118-SEN-08,pression,pression,bar,4.3552,0.72,9.74,normal,96.0,94.5,256,GW-OPCUA-02,1.1
2026-04-17 07:42:15,V-302,Ventilateur tirage,V-302-SEN-01,accelerometre,accelerometre,mm/s,3.2481,0.37,5.21,normal,88.5,95.2,512,GW-Modbus-03,1.5
2026-04-17 07:42:59,V-302,Ventilateur tirage,V-302-SEN-02,accelerometre,accelerometre,g,0.5177,0.08,1.11,normal,90.7,94.4,5000,GW-MQTT-01,0.8
2026-04-17 07:42:01,V-302,Ventilateur tirage,V-302-SEN-03,thermique,thermique,°C,38.4968,5.94,79.9,normal,89.1,95.5,512,GW-Modbus-03,1.8
2026-04-17 07:42:37,V-302,Ventilateur tirage,V-302-SEN-04,sonde_proximite,sonde_proximite,microns,64.1548,7.92,108.38,normal,90.8,100.0,512,GW-OPCUA-02,1.3
2026-04-17 07:42:42,V-302,Ventilateur tirage,V-302-SEN-05,ultrason,ultrason,dB,33.0668,5.54,75.03,normal,96.0,96.9,5000,GW-Modbus-03,1.3
2026-04-17 07:42:13,V-302,Ventilateur tirage,V-302-SEN-06,courant,courant,A,109.0099,15.84,212.59,normal,91.1,95.0,128,GW-Modbus-03,0.6
2026-04-17 07:42:23,V-302,Ventilateur tirage,V-302-SEN-07,debit,debit,m3/h,76.7924,11.22,150.02,normal,94.9,96.5,256,GW-MQTT-01,2.2
2026-04-17 07:42:56,V-302,Ventilateur tirage,V-302-SEN-08,pression,pression,bar,6.4934,0.86,11.58,normal,94.3,98.5,5000,GW-OPCUA-02,1.2
2026-04-17 07:42:31,M-019,Moteur électrique 400kW,M-019-SEN-01,accelerometre,accelerometre,mm/s,2.564,0.43,6.03,normal,89.3,94.2,256,GW-OPCUA-02,1.1
2026-04-17 07:42:16,M-019,Moteur électrique 400kW,M-019-SEN-02,accelerometre,accelerometre,g,0.8449,0.09,1.29,normal,93.2,99.7,5000,GW-Modbus-03,1.3
2026-04-17 07:42:46,M-019,Moteur électrique 400kW,M-019-SEN-03,thermique,thermique,°C,48.7844,6.88,92.61,normal,89.5,100.1,1000,GW-Modbus-03,1.3
2026-04-17 07:42:43,M-019,Moteur électrique 400kW,M-019-SEN-04,sonde_proximite,sonde_proximite,microns,66.8159,9.18,125.62,normal,93.1,97.7,128,GW-MQTT-01,1.5
2026-04-17 07:42:05,M-019,Moteur électrique 400kW,M-019-SEN-05,ultrason,ultrason,dB,49.9353,6.43,86.97,normal,94.4,99.6,128,GW-MQTT-01,1.3
2026-04-17 07:42:06,M-019,Moteur électrique 400kW,M-019-SEN-06,courant,courant,A,116.1825,18.36,246.41,normal,91.3,97.0,2000,GW-OPCUA-02,0.8
2026-04-17 07:42:40,M-019,Moteur électrique 400kW,M-019-SEN-07,debit,debit,m3/h,76.2279,13.01,173.88,normal,91.9,97.7,256,GW-Modbus-03,1.6
2026-04-17 07:42:19,M-019,Moteur électrique 400kW,M-019-SEN-08,pression,pression,bar,7.0398,0.99,13.42,normal,94.3,98.2,512,GW-MQTT-01,0.8
2026-04-17 07:42:29,R-077,Réducteur convoyeur,R-077-SEN-01,accelerometre,accelerometre,mm/s,3.4139,0.49,6.86,normal,90.9,96.2,2000,GW-Modbus-03,1.1
2026-04-17 07:42:48,R-077,Réducteur convoyeur,R-077-SEN-02,accelerometre,accelerometre,g,0.6651,0.1,1.47,normal,89.9,95.6,5000,GW-Modbus-03,1.0
2026-04-17 07:42:25,R-077,Réducteur convoyeur,R-077-SEN-03,thermique,thermique,°C,50.4034,7.83,105.32,normal,91.1,96.6,5000,GW-MQTT-01,1.5
2026-04-17 07:42:53,R-077,Réducteur convoyeur,R-077-SEN-04,sonde_proximite,sonde_proximite,microns,63.4596,10.44,142.87,normal,89.8,95.0,2000,GW-OPCUA-02,0.1
2026-04-17 07:42:01,R-077,Réducteur convoyeur,R-077-SEN-05,ultrason,ultrason,dB,42.3409,7.31,98.91,normal,94.4,98.9,5000,GW-Modbus-03,0.8
2026-04-17 07:42:09,R-077,Réducteur convoyeur,R-077-SEN-06,courant,courant,A,131.4729,20.88,280.23,normal,92.6,97.6,512,GW-OPCUA-02,1.9
2026-04-17 07:42:23,R-077,Réducteur convoyeur,R-077-SEN-07,debit,debit,m3/h,100.1843,14.79,197.75,normal,88.4,100.5,256,GW-MQTT-01,1.2
2026-04-17 07:42:44,R-077,Réducteur convoyeur,R-077-SEN-08,pression,pression,bar,8.2979,1.13,15.26,normal,95.0,94.7,2000,GW-MQTT-01,1.1
2026-04-17 07:42:32,P-311,Pompe centrifuge BP,P-311-SEN-01,accelerometre,accelerometre,mm/s,3.8024,0.55,7.69,normal,91.9,94.6,2000,GW-OPCUA-02,0.5
2026-04-17 07:42:05,P-311,Pompe centrifuge BP,P-311-SEN-02,accelerometre,accelerometre,g,0.7855,0.12,1.64,normal,96.0,94.6,128,GW-Modbus-03,1.5
2026-04-17 07:42:01,P-311,Pompe centrifuge BP,P-311-SEN-03,thermique,thermique,°C,58.2872,8.78,118.03,normal,92.1,95.6,2000,GW-OPCUA-02,1.7
2026-04-17 07:42:08,P-311,Pompe centrifuge BP,P-311-SEN-04,sonde_proximite,sonde_proximite,microns,76.6332,11.7,160.11,normal,88.7,96.6,1000,GW-Modbus-03,1.2
2026-04-17 07:42:54,P-311,Pompe centrifuge BP,P-311-SEN-05,ultrason,ultrason,dB,63.0265,8.19,110.84,normal,93.9,94.8,512,GW-OPCUA-02,1.5
2026-04-17 07:42:57,P-311,Pompe centrifuge BP,P-311-SEN-06,courant,courant,A,161.9206,23.4,314.05,normal,90.8,94.6,2000,GW-Modbus-03,2.1
2026-04-17 07:42:15,P-311,Pompe centrifuge BP,P-311-SEN-07,debit,debit,m3/h,114.1644,16.57,221.62,normal,89.5,95.1,1000,GW-MQTT-01,1.6
2026-04-17 07:42:44,P-311,Pompe centrifuge BP,P-311-SEN-08,pression,pression,bar,7.8785,1.27,17.11,normal,95.8,96.3,2000,GW-OPCUA-02,1.2
2026-04-17 08:30:51,P-204,Pompe centrifuge HP,P-204-SEN-01,accelerometre,accelerometre,mm/s,1.9867,0.25,3.55,normal,95.3,97.3,256,GW-MQTT-01,0.7
2026-04-17 08:30:25,P-204,Pompe centrifuge HP,P-204-SEN-02,accelerometre,accelerometre,g,0.4176,0.05,0.76,normal,95.6,98.8,128,GW-Modbus-03,1.1
2026-04-17 08:30:26,P-204,Pompe centrifuge HP,P-204-SEN-03,thermique,thermique,°C,30.3953,4.05,54.48,normal,89.9,95.5,2000,GW-OPCUA-02,1.6
2026-04-17 08:30:14,P-204,Pompe centrifuge HP,P-204-SEN-04,sonde_proximite,sonde_proximite,microns,27.6543,5.4,73.92,normal,90.8,95.7,1000,GW-MQTT-01,0.9
2026-04-17 08:30:41,P-204,Pompe centrifuge HP,P-204-SEN-05,ultrason,ultrason,dB,18.6821,3.78,51.17,normal,91.5,97.4,256,GW-MQTT-01,0.9
2026-04-17 08:30:17,P-204,Pompe centrifuge HP,P-204-SEN-06,courant,courant,A,64.8993,10.8,144.96,normal,92.9,98.1,512,GW-MQTT-01,2.0
2026-04-17 08:30:30,P-204,Pompe centrifuge HP,P-204-SEN-07,debit,debit,m3/h,40.9955,7.65,102.29,normal,91.9,95.0,128,GW-OPCUA-02,1.7
2026-04-17 08:30:56,P-204,Pompe centrifuge HP,P-204-SEN-08,pression,pression,bar,3.6231,0.58,7.9,normal,94.7,97.8,128,GW-MQTT-01,1.5
2026-04-17 08:30:03,C-118,Compresseur à vis,C-118-SEN-01,accelerometre,accelerometre,mm/s,2.2647,0.31,4.38,normal,90.0,97.5,256,GW-Modbus-03,1.3
2026-04-17 08:30:15,C-118,Compresseur à vis,C-118-SEN-02,accelerometre,accelerometre,g,0.4412,0.07,0.94,normal,90.0,97.8,5000,GW-Modbus-03,1.2
2026-04-17 08:30:05,C-118,Compresseur à vis,C-118-SEN-03,thermique,thermique,°C,35.896,4.99,67.19,normal,94.5,97.8,128,GW-OPCUA-02,0.9
2026-04-17 08:30:19,C-118,Compresseur à vis,C-118-SEN-04,sonde_proximite,sonde_proximite,microns,50.7896,6.66,91.17,normal,94.6,98.6,5000,GW-OPCUA-02,1.4
2026-04-17 08:30:47,C-118,Compresseur à vis,C-118-SEN-05,ultrason,ultrason,dB,29.1964,4.66,63.11,normal,89.7,96.8,5000,GW-Modbus-03,0.8
2026-04-17 08:30:42,C-118,Compresseur à vis,C-118-SEN-06,courant,courant,A,89.2335,13.32,178.78,normal,89.1,97.9,128,GW-OPCUA-02,1.1
2026-04-17 08:30:06,C-118,Compresseur à vis,C-118-SEN-07,debit,debit,m3/h,67.8623,9.43,126.16,normal,89.6,94.9,2000,GW-MQTT-01,1.8
2026-04-17 08:30:47,C-118,Compresseur à vis,C-118-SEN-08,pression,pression,bar,5.1744,0.72,9.74,normal,90.7,96.2,2000,GW-MQTT-01,1.2
2026-04-17 08:30:22,V-302,Ventilateur tirage,V-302-SEN-01,accelerometre,accelerometre,mm/s,2.5992,0.37,5.21,normal,89.0,95.9,2000,GW-OPCUA-02,1.1
2026-04-17 08:30:50,V-302,Ventilateur tirage,V-302-SEN-02,accelerometre,accelerometre,g,0.6096,0.08,1.11,normal,88.9,96.8,128,GW-Modbus-03,2.1
2026-04-17 08:30:22,V-302,Ventilateur tirage,V-302-SEN-03,thermique,thermique,°C,37.3525,5.94,79.9,normal,94.1,99.3,128,GW-Modbus-03,1.1
2026-04-17 08:30:36,V-302,Ventilateur tirage,V-302-SEN-04,sonde_proximite,sonde_proximite,microns,53.9023,7.92,108.42,normal,89.6,97.1,1000,GW-OPCUA-02,0.7
2026-04-17 08:30:38,V-302,Ventilateur tirage,V-302-SEN-05,ultrason,ultrason,dB,35.1977,5.54,75.05,normal,91.6,93.1,1000,GW-OPCUA-02,1.0
2026-04-17 08:30:49,V-302,Ventilateur tirage,V-302-SEN-06,courant,courant,A,78.9167,15.84,212.61,normal,88.9,95.5,512,GW-MQTT-01,1.4
2026-04-17 08:30:28,V-302,Ventilateur tirage,V-302-SEN-07,debit,debit,m3/h,71.4006,11.22,150.02,normal,88.2,94.7,2000,GW-MQTT-01,0.7
2026-04-17 08:30:18,V-302,Ventilateur tirage,V-302-SEN-08,pression,pression,bar,5.7782,0.86,11.58,normal,94.0,95.9,512,GW-Modbus-03,1.4
2026-04-17 08:30:16,M-019,Moteur électrique 400kW,M-019-SEN-01,accelerometre,accelerometre,mm/s,3.0428,0.43,6.04,normal,92.3,94.9,256,GW-OPCUA-02,1.7
2026-04-17 08:30:36,M-019,Moteur électrique 400kW,M-019-SEN-02,accelerometre,accelerometre,g,0.6202,0.09,1.29,normal,90.7,97.5,1000,GW-Modbus-03,1.2
2026-04-17 08:30:14,M-019,Moteur électrique 400kW,M-019-SEN-03,thermique,thermique,°C,43.4657,6.88,92.62,normal,94.1,97.7,2000,GW-Modbus-03,-0.1
2026-04-17 08:30:48,M-019,Moteur électrique 400kW,M-019-SEN-04,sonde_proximite,sonde_proximite,microns,64.7174,9.18,125.66,normal,88.3,95.0,512,GW-Modbus-03,1.2
2026-04-17 08:30:27,M-019,Moteur électrique 400kW,M-019-SEN-05,ultrason,ultrason,dB,40.9118,6.43,86.99,normal,95.2,100.7,2000,GW-Modbus-03,1.1
2026-04-17 08:30:58,M-019,Moteur électrique 400kW,M-019-SEN-06,courant,courant,A,119.488,18.36,246.43,normal,92.4,99.8,128,GW-Modbus-03,0.8
2026-04-17 08:30:29,M-019,Moteur électrique 400kW,M-019-SEN-07,debit,debit,m3/h,83.053,13.01,173.89,normal,91.7,96.9,1000,GW-MQTT-01,1.8
2026-04-17 08:30:33,M-019,Moteur électrique 400kW,M-019-SEN-08,pression,pression,bar,6.6701,0.99,13.42,normal,89.6,97.0,512,GW-OPCUA-02,1.2
2026-04-17 08:30:49,R-077,Réducteur convoyeur,R-077-SEN-01,accelerometre,accelerometre,mm/s,3.3741,0.49,6.87,normal,95.8,98.0,512,GW-MQTT-01,0.8
2026-04-17 08:30:39,R-077,Réducteur convoyeur,R-077-SEN-02,accelerometre,accelerometre,g,0.6598,0.1,1.47,normal,90.4,97.6,512,GW-MQTT-01,1.7
2026-04-17 08:30:27,R-077,Réducteur convoyeur,R-077-SEN-03,thermique,thermique,°C,49.0535,7.83,105.33,normal,88.6,97.1,1000,GW-OPCUA-02,1.0
2026-04-17 08:30:36,R-077,Réducteur convoyeur,R-077-SEN-04,sonde_proximite,sonde_proximite,microns,67.7112,10.44,142.91,normal,89.2,93.5,2000,GW-Modbus-03,1.0
2026-04-17 08:30:12,R-077,Réducteur convoyeur,R-077-SEN-05,ultrason,ultrason,dB,52.0375,7.31,98.92,normal,96.0,97.1,2000,GW-OPCUA-02,1.0
2026-04-17 08:30:11,R-077,Réducteur convoyeur,R-077-SEN-06,courant,courant,A,135.0964,20.88,280.26,normal,89.8,97.0,5000,GW-MQTT-01,1.3
2026-04-17 08:30:24,R-077,Réducteur convoyeur,R-077-SEN-07,debit,debit,m3/h,101.3223,14.79,197.76,normal,89.7,96.8,1000,GW-MQTT-01,1.5
2026-04-17 08:30:44,R-077,Réducteur convoyeur,R-077-SEN-08,pression,pression,bar,8.082,1.13,15.27,normal,90.1,99.3,5000,GW-OPCUA-02,1.3
2026-04-17 08:30:47,P-311,Pompe centrifuge BP,P-311-SEN-01,accelerometre,accelerometre,mm/s,3.9509,0.55,7.7,normal,93.0,99.1,512,GW-Modbus-03,1.8
2026-04-17 08:30:22,P-311,Pompe centrifuge BP,P-311-SEN-02,accelerometre,accelerometre,g,0.8584,0.12,1.64,normal,95.4,94.8,512,GW-OPCUA-02,0.7
2026-04-17 08:30:14,P-311,Pompe centrifuge BP,P-311-SEN-03,thermique,thermique,°C,58.6574,8.78,118.04,normal,94.8,99.2,512,GW-MQTT-01,1.6
2026-04-17 08:30:26,P-311,Pompe centrifuge BP,P-311-SEN-04,sonde_proximite,sonde_proximite,microns,86.719,11.7,160.16,normal,88.0,95.9,512,GW-OPCUA-02,1.4
2026-04-17 08:30:59,P-311,Pompe centrifuge BP,P-311-SEN-05,ultrason,ultrason,dB,56.3256,8.19,110.86,normal,91.8,100.8,512,GW-OPCUA-02,1.5
2026-04-17 08:30:39,P-311,Pompe centrifuge BP,P-311-SEN-06,courant,courant,A,144.2141,23.4,314.08,normal,90.0,93.3,128,GW-Modbus-03,2.2
2026-04-17 08:30:27,P-311,Pompe centrifuge BP,P-311-SEN-07,debit,debit,m3/h,112.3226,16.57,221.62,normal,89.7,95.8,128,GW-Modbus-03,0.8
2026-04-17 08:30:35,P-311,Pompe centrifuge BP,P-311-SEN-08,pression,pression,bar,8.9637,1.27,17.11,normal,92.9,92.8,512,GW-OPCUA-02,1.3
2026-04-17 09:14:36,P-204,Pompe centrifuge HP,P-204-SEN-01,accelerometre,accelerometre,mm/s,1.4991,0.25,3.55,normal,91.0,93.7,2000,GW-Modbus-03,1.7
2026-04-17 09:14:06,P-204,Pompe centrifuge HP,P-204-SEN-02,accelerometre,accelerometre,g,0.5506,0.05,0.76,normal,93.3,93.9,512,GW-OPCUA-02,1.3
2026-04-17 09:14:25,P-204,Pompe centrifuge HP,P-204-SEN-03,thermique,thermique,°C,26.0695,4.05,54.49,normal,94.9,97.9,2000,GW-MQTT-01,0.9
2026-04-17 09:14:16,P-204,Pompe centrifuge HP,P-204-SEN-04,sonde_proximite,sonde_proximite,microns,37.4369,5.4,73.94,normal,95.5,96.2,512,GW-Modbus-03,0.8
2026-04-17 09:14:51,P-204,Pompe centrifuge HP,P-204-SEN-05,ultrason,ultrason,dB,30.4301,3.78,51.18,normal,94.7,94.8,5000,GW-Modbus-03,0.8
2026-04-17 09:14:51,P-204,Pompe centrifuge HP,P-204-SEN-06,courant,courant,A,65.142,10.8,144.97,normal,88.6,96.4,5000,GW-MQTT-01,0.7
2026-04-17 09:14:47,P-204,Pompe centrifuge HP,P-204-SEN-07,debit,debit,m3/h,51.3971,7.65,102.29,normal,89.6,94.0,128,GW-MQTT-01,1.6
2026-04-17 09:14:47,P-204,Pompe centrifuge HP,P-204-SEN-08,pression,pression,bar,4.0684,0.58,7.9,normal,91.3,100.2,256,GW-Modbus-03,1.9
2026-04-17 09:14:40,C-118,Compresseur à vis,C-118-SEN-01,accelerometre,accelerometre,mm/s,2.0879,0.31,4.38,normal,90.5,99.0,512,GW-OPCUA-02,1.6
2026-04-17 09:14:23,C-118,Compresseur à vis,C-118-SEN-02,accelerometre,accelerometre,g,0.4578,0.07,0.94,normal,88.9,95.6,2000,GW-OPCUA-02,1.7
2026-04-17 09:14:06,C-118,Compresseur à vis,C-118-SEN-03,thermique,thermique,°C,34.4279,4.99,67.2,normal,91.2,95.9,512,GW-MQTT-01,1.7
2026-04-17 09:14:41,C-118,Compresseur à vis,C-118-SEN-04,sonde_proximite,sonde_proximite,microns,35.6011,6.66,91.2,normal,91.0,97.8,512,GW-MQTT-01,1.1
2026-04-17 09:14:33,C-118,Compresseur à vis,C-118-SEN-05,ultrason,ultrason,dB,35.0072,4.66,63.12,normal,89.2,96.0,512,GW-MQTT-01,1.3
2026-04-17 09:14:53,C-118,Compresseur à vis,C-118-SEN-06,courant,courant,A,79.1237,13.32,178.8,normal,90.7,96.0,2000,GW-MQTT-01,0.9
2026-04-17 09:14:28,C-118,Compresseur à vis,C-118-SEN-07,debit,debit,m3/h,62.6736,9.43,126.16,normal,92.3,98.4,1000,GW-MQTT-01,0.5
2026-04-17 09:14:45,C-118,Compresseur à vis,C-118-SEN-08,pression,pression,bar,3.9345,0.72,9.74,normal,89.1,98.4,1000,GW-Modbus-03,1.1
2026-04-17 09:14:54,V-302,Ventilateur tirage,V-302-SEN-01,accelerometre,accelerometre,mm/s,2.2409,0.37,5.21,normal,88.4,99.7,512,GW-Modbus-03,1.2
2026-04-17 09:14:52,V-302,Ventilateur tirage,V-302-SEN-02,accelerometre,accelerometre,g,0.6369,0.08,1.11,normal,91.1,95.7,512,GW-Modbus-03,1.1
2026-04-17 09:14:58,V-302,Ventilateur tirage,V-302-SEN-03,thermique,thermique,°C,43.4281,5.94,79.91,normal,95.9,97.0,2000,GW-Modbus-03,1.1
2026-04-17 09:14:31,V-302,Ventilateur tirage,V-302-SEN-04,sonde_proximite,sonde_proximite,microns,58.8386,7.92,108.45,normal,88.5,96.7,5000,GW-OPCUA-02,0.9
2026-04-17 09:14:38,V-302,Ventilateur tirage,V-302-SEN-05,ultrason,ultrason,dB,41.6987,5.54,75.06,normal,90.6,96.6,128,GW-MQTT-01,1.1
2026-04-17 09:14:02,V-302,Ventilateur tirage,V-302-SEN-06,courant,courant,A,99.3624,15.84,212.63,normal,93.6,97.0,128,GW-MQTT-01,0.9
2026-04-17 09:14:16,V-302,Ventilateur tirage,V-302-SEN-07,debit,debit,m3/h,81.014,11.22,150.03,normal,93.1,97.8,5000,GW-Modbus-03,1.2
2026-04-17 09:14:32,V-302,Ventilateur tirage,V-302-SEN-08,pression,pression,bar,5.4781,0.86,11.58,normal,90.5,97.1,256,GW-Modbus-03,1.1
2026-04-17 09:14:34,M-019,Moteur électrique 400kW,M-019-SEN-01,accelerometre,accelerometre,mm/s,2.9391,0.43,6.04,normal,91.2,99.3,5000,GW-Modbus-03,1.6
2026-04-17 09:14:51,M-019,Moteur électrique 400kW,M-019-SEN-02,accelerometre,accelerometre,g,0.6146,0.09,1.29,normal,93.5,96.5,2000,GW-MQTT-01,0.9
2026-04-17 09:14:02,M-019,Moteur électrique 400kW,M-019-SEN-03,thermique,thermique,°C,50.2033,6.88,92.63,normal,95.9,98.6,5000,GW-OPCUA-02,1.5
2026-04-17 09:14:04,M-019,Moteur électrique 400kW,M-019-SEN-04,sonde_proximite,sonde_proximite,microns,62.3612,9.18,125.7,normal,92.4,96.1,2000,GW-OPCUA-02,1.3
2026-04-17 09:14:37,M-019,Moteur électrique 400kW,M-019-SEN-05,ultrason,ultrason,dB,42.3357,6.43,87.0,normal,94.4,97.0,2000,GW-Modbus-03,0.7
2026-04-17 09:14:49,M-019,Moteur électrique 400kW,M-019-SEN-06,courant,courant,A,103.1847,18.36,246.45,normal,89.0,97.2,2000,GW-OPCUA-02,1.4
2026-04-17 09:14:35,M-019,Moteur électrique 400kW,M-019-SEN-07,debit,debit,m3/h,85.247,13.01,173.9,normal,89.2,98.5,256,GW-Modbus-03,1.1
2026-04-17 09:14:00,M-019,Moteur électrique 400kW,M-019-SEN-08,pression,pression,bar,6.9469,0.99,13.43,normal,94.7,93.4,5000,GW-Modbus-03,0.9
2026-04-17 09:14:09,R-077,Réducteur convoyeur,R-077-SEN-01,accelerometre,accelerometre,mm/s,3.4281,0.49,6.87,normal,93.2,97.2,512,GW-Modbus-03,1.4
2026-04-17 09:14:08,R-077,Réducteur convoyeur,R-077-SEN-02,accelerometre,accelerometre,g,0.8354,0.1,1.47,normal,88.3,98.6,1000,GW-MQTT-01,1.8
2026-04-17 09:14:41,R-077,Réducteur convoyeur,R-077-SEN-03,thermique,thermique,°C,55.297,7.83,105.34,normal,93.0,96.8,512,GW-Modbus-03,1.4
2026-04-17 09:14:44,R-077,Réducteur convoyeur,R-077-SEN-04,sonde_proximite,sonde_proximite,microns,59.727,10.44,142.96,normal,93.1,98.6,2000,GW-Modbus-03,1.8
2026-04-17 09:14:16,R-077,Réducteur convoyeur,R-077-SEN-05,ultrason,ultrason,dB,45.1162,7.31,98.94,normal,95.0,96.0,1000,GW-MQTT-01,1.2
2026-04-17 09:14:47,R-077,Réducteur convoyeur,R-077-SEN-06,courant,courant,A,132.5938,20.88,280.28,normal,95.8,98.3,512,GW-MQTT-01,0.9
2026-04-17 09:14:35,R-077,Réducteur convoyeur,R-077-SEN-07,debit,debit,m3/h,101.2781,14.79,197.76,normal,88.3,93.7,2000,GW-MQTT-01,1.3
2026-04-17 09:14:44,R-077,Réducteur convoyeur,R-077-SEN-08,pression,pression,bar,7.9622,1.13,15.27,normal,94.7,93.4,256,GW-OPCUA-02,1.5
2026-04-17 09:14:29,P-311,Pompe centrifuge BP,P-311-SEN-01,accelerometre,accelerometre,mm/s,3.4981,0.55,7.7,normal,91.2,99.5,512,GW-OPCUA-02,1.6
2026-04-17 09:14:01,P-311,Pompe centrifuge BP,P-311-SEN-02,accelerometre,accelerometre,g,0.7694,0.12,1.64,normal,90.1,99.7,128,GW-OPCUA-02,0.7
2026-04-17 09:14:59,P-311,Pompe centrifuge BP,P-311-SEN-03,thermique,thermique,°C,61.6236,8.78,118.05,normal,88.5,100.9,2000,GW-MQTT-01,1.1
2026-04-17 09:14:16,P-311,Pompe centrifuge BP,P-311-SEN-04,sonde_proximite,sonde_proximite,microns,86.1098,11.7,160.21,normal,94.0,96.8,1000,GW-OPCUA-02,2.0
2026-04-17 09:14:19,P-311,Pompe centrifuge BP,P-311-SEN-05,ultrason,ultrason,dB,54.8954,8.19,110.88,normal,94.8,96.7,128,GW-MQTT-01,0.8
2026-04-17 09:14:04,P-311,Pompe centrifuge BP,P-311-SEN-06,courant,courant,A,156.5723,23.4,314.11,normal,88.4,97.4,5000,GW-OPCUA-02,0.9
2026-04-17 09:14:26,P-311,Pompe centrifuge BP,P-311-SEN-07,debit,debit,m3/h,114.8797,16.57,221.63,normal,93.5,97.9,1000,GW-OPCUA-02,0.5
2026-04-17 09:14:13,P-311,Pompe centrifuge BP,P-311-SEN-08,pression,pression,bar,8.5016,1.27,17.11,normal,88.3,96.7,128,GW-MQTT-01,1.4
2026-04-17 10:25:57,P-204,Pompe centrifuge HP,P-204-SEN-01,accelerometre,accelerometre,mm/s,1.3572,0.25,3.56,normal,90.0,95.0,2000,GW-Modbus-03,1.4
2026-04-17 10:25:50,P-204,Pompe centrifuge HP,P-204-SEN-02,accelerometre,accelerometre,g,0.4136,0.05,0.76,normal,93.6,99.5,5000,GW-MQTT-01,1.1
2026-04-17 10:25:16,P-204,Pompe centrifuge HP,P-204-SEN-03,thermique,thermique,°C,25.1458,4.05,54.49,normal,95.2,100.7,5000,GW-Modbus-03,1.5
2026-04-17 10:25:34,P-204,Pompe centrifuge HP,P-204-SEN-04,sonde_proximite,sonde_proximite,microns,31.0391,5.4,73.97,normal,94.7,95.4,128,GW-MQTT-01,1.4
2026-04-17 10:25:58,P-204,Pompe centrifuge HP,P-204-SEN-05,ultrason,ultrason,dB,25.2565,3.78,51.19,normal,90.8,97.2,512,GW-OPCUA-02,1.3
2026-04-17 10:25:02,P-204,Pompe centrifuge HP,P-204-SEN-06,courant,courant,A,67.6981,10.8,144.98,normal,95.5,98.0,1000,GW-OPCUA-02,0.7
2026-04-17 10:25:44,P-204,Pompe centrifuge HP,P-204-SEN-07,debit,debit,m3/h,56.3167,7.65,102.3,normal,88.4,98.1,2000,GW-MQTT-01,1.2
2026-04-17 10:25:50,P-204,Pompe centrifuge HP,P-204-SEN-08,pression,pression,bar,3.9494,0.58,7.9,normal,93.8,97.7,512,GW-OPCUA-02,0.9
2026-04-17 10:25:25,C-118,Compresseur à vis,C-118-SEN-01,accelerometre,accelerometre,mm/s,1.6907,0.31,4.39,normal,89.1,97.5,512,GW-Modbus-03,1.6
2026-04-17 10:25:46,C-118,Compresseur à vis,C-118-SEN-02,accelerometre,accelerometre,g,0.4645,0.07,0.94,normal,95.0,93.8,2000,GW-OPCUA-02,1.3
2026-04-17 10:25:04,C-118,Compresseur à vis,C-118-SEN-03,thermique,thermique,°C,34.1163,4.99,67.21,normal,88.3,98.3,1000,GW-MQTT-01,0.9
2026-04-17 10:25:53,C-118,Compresseur à vis,C-118-SEN-04,sonde_proximite,sonde_proximite,microns,62.3468,6.66,91.23,normal,87.8,95.4,2000,GW-OPCUA-02,0.7
2026-04-17 10:25:17,C-118,Compresseur à vis,C-118-SEN-05,ultrason,ultrason,dB,32.2561,4.66,63.13,normal,90.1,99.6,1000,GW-MQTT-01,0.6
2026-04-17 10:25:52,C-118,Compresseur à vis,C-118-SEN-06,courant,courant,A,100.5865,13.32,178.81,normal,95.4,98.5,1000,GW-MQTT-01,1.4
2026-04-17 10:25:43,C-118,Compresseur à vis,C-118-SEN-07,debit,debit,m3/h,62.2373,9.43,126.16,normal,87.8,94.3,1000,GW-OPCUA-02,1.9
2026-04-17 10:25:01,C-118,Compresseur à vis,C-118-SEN-08,pression,pression,bar,5.1816,0.72,9.74,normal,95.1,98.4,256,GW-MQTT-01,1.1
2026-04-17 10:25:33,V-302,Ventilateur tirage,V-302-SEN-01,accelerometre,accelerometre,mm/s,2.7251,0.37,5.22,normal,93.5,97.2,1000,GW-OPCUA-02,0.7
2026-04-17 10:25:45,V-302,Ventilateur tirage,V-302-SEN-02,accelerometre,accelerometre,g,0.5237,0.08,1.11,normal,92.3,94.2,5000,GW-Modbus-03,1.2
2026-04-17 10:25:44,V-302,Ventilateur tirage,V-302-SEN-03,thermique,thermique,°C,41.4028,5.94,79.92,normal,93.6,96.9,5000,GW-OPCUA-02,1.7
2026-04-17 10:25:19,V-302,Ventilateur tirage,V-302-SEN-04,sonde_proximite,sonde_proximite,microns,44.687,7.92,108.49,normal,94.0,97.7,512,GW-Modbus-03,1.5
2026-04-17 10:25:10,V-302,Ventilateur tirage,V-302-SEN-05,ultrason,ultrason,dB,33.2838,5.54,75.07,normal,90.1,103.7,5000,GW-MQTT-01,0.9
2026-04-17 10:25:51,V-302,Ventilateur tirage,V-302-SEN-06,courant,courant,A,107.7114,15.84,212.64,normal,93.7,99.5,1000,GW-OPCUA-02,1.1
2026-04-17 10:25:18,V-302,Ventilateur tirage,V-302-SEN-07,debit,debit,m3/h,79.1565,11.22,150.03,normal,95.6,92.6,128,GW-MQTT-01,0.7
2026-04-17 10:25:35,V-302,Ventilateur tirage,V-302-SEN-08,pression,pression,bar,6.0385,0.86,11.58,normal,95.3,96.3,256,GW-OPCUA-02,1.3
2026-04-17 10:25:36,M-019,Moteur électrique 400kW,M-019-SEN-01,accelerometre,accelerometre,mm/s,3.189,0.43,6.05,normal,94.6,99.4,256,GW-MQTT-01,1.4
2026-04-17 10:25:11,M-019,Moteur électrique 400kW,M-019-SEN-02,accelerometre,accelerometre,g,0.6544,0.09,1.29,normal,95.6,95.3,2000,GW-OPCUA-02,2.2
2026-04-17 10:25:43,M-019,Moteur électrique 400kW,M-019-SEN-03,thermique,thermique,°C,46.7015,6.88,92.64,normal,89.9,99.7,512,GW-Modbus-03,1.5
2026-04-17 10:25:41,M-019,Moteur électrique 400kW,M-019-SEN-04,sonde_proximite,sonde_proximite,microns,70.4395,9.18,125.75,normal,93.5,99.4,128,GW-MQTT-01,1.1
2026-04-17 10:25:12,M-019,Moteur électrique 400kW,M-019-SEN-05,ultrason,ultrason,dB,38.797,6.43,87.02,normal,88.2,97.8,5000,GW-MQTT-01,1.6
2026-04-17 10:25:55,M-019,Moteur électrique 400kW,M-019-SEN-06,courant,courant,A,117.9552,18.36,246.47,normal,93.0,94.9,1000,GW-OPCUA-02,0.9
2026-04-17 10:25:59,M-019,Moteur électrique 400kW,M-019-SEN-07,debit,debit,m3/h,90.972,13.01,173.9,normal,93.4,96.2,128,GW-MQTT-01,1.3
2026-04-17 10:25:49,M-019,Moteur électrique 400kW,M-019-SEN-08,pression,pression,bar,7.1947,0.99,13.43,normal,89.4,101.5,2000,GW-MQTT-01,1.3
2026-04-17 10:25:21,R-077,Réducteur convoyeur,R-077-SEN-01,accelerometre,accelerometre,mm/s,3.4959,0.49,6.88,normal,92.8,96.2,1000,GW-OPCUA-02,1.3
2026-04-17 10:25:03,R-077,Réducteur convoyeur,R-077-SEN-02,accelerometre,accelerometre,g,0.7862,0.1,1.47,normal,91.5,96.0,128,GW-MQTT-01,0.9
2026-04-17 10:25:27,R-077,Réducteur convoyeur,R-077-SEN-03,thermique,thermique,°C,49.2381,7.83,105.35,normal,93.9,95.5,128,GW-OPCUA-02,1.6
2026-04-17 10:25:41,R-077,Réducteur convoyeur,R-077-SEN-04,sonde_proximite,sonde_proximite,microns,75.737,10.44,143.0,normal,92.6,99.0,512,GW-OPCUA-02,1.9
2026-04-17 10:25:41,R-077,Réducteur convoyeur,R-077-SEN-05,ultrason,ultrason,dB,52.0448,7.31,98.96,normal,90.8,98.4,256,GW-MQTT-01,1.5
2026-04-17 10:25:08,R-077,Réducteur convoyeur,R-077-SEN-06,courant,courant,A,158.1738,20.88,280.3,normal,94.8,97.3,256,GW-Modbus-03,1.4
2026-04-17 10:25:34,R-077,Réducteur convoyeur,R-077-SEN-07,debit,debit,m3/h,88.1497,14.79,197.77,normal,95.3,94.4,1000,GW-Modbus-03,1.0
2026-04-17 10:25:56,R-077,Réducteur convoyeur,R-077-SEN-08,pression,pression,bar,8.3718,1.13,15.27,normal,92.1,97.3,256,GW-OPCUA-02,1.7
2026-04-17 10:25:16,P-311,Pompe centrifuge BP,P-311-SEN-01,accelerometre,accelerometre,mm/s,3.8803,0.55,7.71,normal,90.5,98.9,256,GW-MQTT-01,0.8
2026-04-17 10:25:03,P-311,Pompe centrifuge BP,P-311-SEN-02,accelerometre,accelerometre,g,0.8378,0.12,1.65,normal,93.4,92.8,5000,GW-OPCUA-02,1.6
2026-04-17 10:25:39,P-311,Pompe centrifuge BP,P-311-SEN-03,thermique,thermique,°C,61.3225,8.78,118.07,normal,92.5,95.8,128,GW-MQTT-01,1.4
2026-04-17 10:25:21,P-311,Pompe centrifuge BP,P-311-SEN-04,sonde_proximite,sonde_proximite,microns,85.8798,11.7,160.26,normal,94.1,95.0,256,GW-MQTT-01,0.9
2026-04-17 10:25:47,P-311,Pompe centrifuge BP,P-311-SEN-05,ultrason,ultrason,dB,57.217,8.19,110.91,normal,89.3,99.1,128,GW-MQTT-01,0.9
2026-04-17 10:25:05,P-311,Pompe centrifuge BP,P-311-SEN-06,courant,courant,A,163.9148,23.4,314.13,normal,89.6,99.4,512,GW-Modbus-03,0.8
2026-04-17 10:25:58,P-311,Pompe centrifuge BP,P-311-SEN-07,debit,debit,m3/h,116.2257,16.57,221.64,normal,91.1,98.9,2000,GW-OPCUA-02,0.6
2026-04-17 10:25:34,P-311,Pompe centrifuge BP,P-311-SEN-08,pression,pression,bar,8.6681,1.27,17.11,normal,93.1,95.4,128,GW-Modbus-03,0.9
2026-04-17 11:34:28,P-204,Pompe centrifuge HP,P-204-SEN-01,accelerometre,accelerometre,mm/s,1.7099,0.25,3.56,normal,91.6,96.3,512,GW-Modbus-03,1.3
2026-04-17 11:34:52,P-204,Pompe centrifuge HP,P-204-SEN-02,accelerometre,accelerometre,g,0.2908,0.05,0.76,normal,91.2,99.7,5000,GW-Modbus-03,1.3
2026-04-17 11:34:03,P-204,Pompe centrifuge HP,P-204-SEN-03,thermique,thermique,°C,26.7834,4.05,54.5,normal,87.9,96.3,512,GW-OPCUA-02,0.7
2026-04-17 11:34:50,P-204,Pompe centrifuge HP,P-204-SEN-04,sonde_proximite,sonde_proximite,microns,45.4733,5.4,73.99,normal,95.6,97.1,5000,GW-OPCUA-02,1.4
2026-04-17 11:34:28,P-204,Pompe centrifuge HP,P-204-SEN-05,ultrason,ultrason,dB,27.0254,3.78,51.2,normal,91.7,95.7,128,GW-OPCUA-02,1.5
2026-04-17 11:34:40,P-204,Pompe centrifuge HP,P-204-SEN-06,courant,courant,A,66.9815,10.8,145.0,normal,94.2,99.9,128,GW-Modbus-03,1.5
2026-04-17 11:34:17,P-204,Pompe centrifuge HP,P-204-SEN-07,debit,debit,m3/h,57.1003,7.65,102.3,normal,95.5,101.0,1000,GW-MQTT-01,1.1
2026-04-17 11:34:42,P-204,Pompe centrifuge HP,P-204-SEN-08,pression,pression,bar,3.8122,0.58,7.9,normal,88.3,96.1,512,GW-OPCUA-02,1.6
2026-04-17 11:34:41,C-118,Compresseur à vis,C-118-SEN-01,accelerometre,accelerometre,mm/s,2.2861,0.31,4.39,normal,92.7,96.1,5000,GW-MQTT-01,1.0
2026-04-17 11:34:15,C-118,Compresseur à vis,C-118-SEN-02,accelerometre,accelerometre,g,0.4909,0.07,0.94,normal,92.1,97.9,512,GW-OPCUA-02,0.9
2026-04-17 11:34:21,C-118,Compresseur à vis,C-118-SEN-03,thermique,thermique,°C,31.689,4.99,67.21,normal,89.4,95.7,1000,GW-OPCUA-02,0.6
2026-04-17 11:34:54,C-118,Compresseur à vis,C-118-SEN-04,sonde_proximite,sonde_proximite,microns,55.8005,6.66,91.26,normal,92.5,101.1,2000,GW-MQTT-01,1.3
2026-04-17 11:34:04,C-118,Compresseur à vis,C-118-SEN-05,ultrason,ultrason,dB,43.3009,4.66,63.14,normal,92.9,98.2,128,GW-MQTT-01,1.4
2026-04-17 11:34:05,C-118,Compresseur à vis,C-118-SEN-06,courant,courant,A,71.1489,13.32,178.83,normal,87.8,94.9,5000,GW-OPCUA-02,1.7
2026-04-17 11:34:39,C-118,Compresseur à vis,C-118-SEN-07,debit,debit,m3/h,52.4435,9.43,126.17,normal,92.9,95.1,1000,GW-OPCUA-02,0.8
2026-04-17 11:34:56,C-118,Compresseur à vis,C-118-SEN-08,pression,pression,bar,4.6426,0.72,9.74,normal,95.6,95.0,128,GW-OPCUA-02,2.0
2026-04-17 11:34:15,V-302,Ventilateur tirage,V-302-SEN-01,accelerometre,accelerometre,mm/s,2.1957,0.37,5.22,normal,92.8,97.9,256,GW-Modbus-03,0.8
2026-04-17 11:34:56,V-302,Ventilateur tirage,V-302-SEN-02,accelerometre,accelerometre,g,0.4546,0.08,1.11,normal,93.8,95.0,512,GW-MQTT-01,1.2
2026-04-17 11:34:30,V-302,Ventilateur tirage,V-302-SEN-03,thermique,thermique,°C,36.7456,5.94,79.93,normal,91.4,91.8,128,GW-MQTT-01,1.6
2026-04-17 11:34:48,V-302,Ventilateur tirage,V-302-SEN-04,sonde_proximite,sonde_proximite,microns,60.316,7.92,108.52,normal,90.0,93.6,256,GW-OPCUA-02,1.2
2026-04-17 11:34:07,V-302,Ventilateur tirage,V-302-SEN-05,ultrason,ultrason,dB,28.8954,5.54,75.09,normal,90.9,96.8,1000,GW-Modbus-03,1.0
2026-04-17 11:34:51,V-302,Ventilateur tirage,V-302-SEN-06,courant,courant,A,105.6873,15.84,212.66,normal,90.4,99.7,256,GW-OPCUA-02,1.2
2026-04-17 11:34:14,V-302,Ventilateur tirage,V-302-SEN-07,debit,debit,m3/h,80.0612,11.22,150.04,normal,95.4,95.3,256,GW-OPCUA-02,1.0
2026-04-17 11:34:22,V-302,Ventilateur tirage,V-302-SEN-08,pression,pression,bar,5.8785,0.86,11.59,normal,89.8,95.9,1000,GW-MQTT-01,1.2
2026-04-17 11:34:03,M-019,Moteur électrique 400kW,M-019-SEN-01,accelerometre,accelerometre,mm/s,3.0713,0.43,6.05,normal,95.2,94.6,256,GW-Modbus-03,1.6
2026-04-17 11:34:25,M-019,Moteur électrique 400kW,M-019-SEN-02,accelerometre,accelerometre,g,0.5361,0.09,1.29,normal,95.4,100.1,1000,GW-Modbus-03,1.2
2026-04-17 11:34:26,M-019,Moteur électrique 400kW,M-019-SEN-03,thermique,thermique,°C,47.8064,6.88,92.65,normal,92.7,100.3,2000,GW-Modbus-03,1.7
2026-04-17 11:34:36,M-019,Moteur électrique 400kW,M-019-SEN-04,sonde_proximite,sonde_proximite,microns,60.4611,9.18,125.79,normal,91.5,97.5,5000,GW-OPCUA-02,0.9
2026-04-17 11:34:41,M-019,Moteur électrique 400kW,M-019-SEN-05,ultrason,ultrason,dB,53.74,6.43,87.03,normal,91.0,94.7,2000,GW-Modbus-03,1.7
2026-04-17 11:34:28,M-019,Moteur électrique 400kW,M-019-SEN-06,courant,courant,A,116.2892,18.36,246.49,normal,91.8,96.5,5000,GW-OPCUA-02,1.4
2026-04-17 11:34:51,M-019,Moteur électrique 400kW,M-019-SEN-07,debit,debit,m3/h,92.1956,13.01,173.91,normal,94.1,94.9,256,GW-OPCUA-02,1.0
2026-04-17 11:34:09,M-019,Moteur électrique 400kW,M-019-SEN-08,pression,pression,bar,7.405,0.99,13.43,normal,92.6,95.1,256,GW-Modbus-03,1.3
2026-04-17 11:34:49,R-077,Réducteur convoyeur,R-077-SEN-01,accelerometre,accelerometre,mm/s,3.4362,0.49,6.88,normal,91.8,98.4,5000,GW-MQTT-01,1.3
2026-04-17 11:34:42,R-077,Réducteur convoyeur,R-077-SEN-02,accelerometre,accelerometre,g,0.6752,0.1,1.47,normal,93.3,99.2,256,GW-MQTT-01,1.2
2026-04-17 11:34:21,R-077,Réducteur convoyeur,R-077-SEN-03,thermique,thermique,°C,52.4352,7.83,105.36,normal,95.1,96.8,256,GW-OPCUA-02,0.6
2026-04-17 11:34:43,R-077,Réducteur convoyeur,R-077-SEN-04,sonde_proximite,sonde_proximite,microns,67.9556,10.44,143.05,normal,92.6,95.8,2000,GW-Modbus-03,0.9
2026-04-17 11:34:50,R-077,Réducteur convoyeur,R-077-SEN-05,ultrason,ultrason,dB,44.7637,7.31,98.98,normal,91.6,97.0,128,GW-OPCUA-02,1.0
2026-04-17 11:34:16,R-077,Réducteur convoyeur,R-077-SEN-06,courant,courant,A,136.0795,20.88,280.33,normal,88.3,94.9,512,GW-Modbus-03,1.5
2026-04-17 11:34:36,R-077,Réducteur convoyeur,R-077-SEN-07,debit,debit,m3/h,99.5782,14.79,197.78,normal,95.6,96.3,256,GW-OPCUA-02,1.4
2026-04-17 11:34:44,R-077,Réducteur convoyeur,R-077-SEN-08,pression,pression,bar,7.5726,1.13,15.27,normal,89.2,98.0,128,GW-Modbus-03,1.4
2026-04-17 11:34:46,P-311,Pompe centrifuge BP,P-311-SEN-01,accelerometre,accelerometre,mm/s,3.6051,0.55,7.71,normal,90.6,100.1,2000,GW-Modbus-03,1.2
2026-04-17 11:34:55,P-311,Pompe centrifuge BP,P-311-SEN-02,accelerometre,accelerometre,g,0.8559,0.12,1.65,normal,93.1,98.8,1000,GW-Modbus-03,1.1
2026-04-17 11:34:31,P-311,Pompe centrifuge BP,P-311-SEN-03,thermique,thermique,°C,56.1064,8.78,118.08,normal,95.2,98.0,2000,GW-MQTT-01,1.3
2026-04-17 11:34:57,P-311,Pompe centrifuge BP,P-311-SEN-04,sonde_proximite,sonde_proximite,microns,79.9183,11.7,160.32,normal,90.0,95.0,1000,GW-Modbus-03,1.3
2026-04-17 11:34:59,P-311,Pompe centrifuge BP,P-311-SEN-05,ultrason,ultrason,dB,52.9172,8.19,110.93,normal,88.8,102.2,2000,GW-Modbus-03,1.6
2026-04-17 11:34:52,P-311,Pompe centrifuge BP,P-311-SEN-06,courant,courant,A,167.8024,23.4,314.16,normal,92.0,96.3,256,GW-Modbus-03,0.5
2026-04-17 11:34:32,P-311,Pompe centrifuge BP,P-311-SEN-07,debit,debit,m3/h,103.3591,16.57,221.65,normal,90.6,95.9,256,GW-MQTT-01,1.2
2026-04-17 11:34:09,P-311,Pompe centrifuge BP,P-311-SEN-08,pression,pression,bar,9.0232,1.27,17.12,normal,90.9,96.0,256,GW-Modbus-03,1.5
2026-04-17 12:38:13,P-204,Pompe centrifuge HP,P-204-SEN-01,accelerometre,accelerometre,mm/s,2.1369,0.25,3.56,normal,95.3,91.9,5000,GW-Modbus-03,1.6
2026-04-17 12:38:04,P-204,Pompe centrifuge HP,P-204-SEN-02,accelerometre,accelerometre,g,0.4579,0.05,0.76,normal,94.3,98.8,1000,GW-MQTT-01,1.7
2026-04-17 12:38:45,P-204,Pompe centrifuge HP,P-204-SEN-03,thermique,thermique,°C,29.686,4.05,54.5,normal,88.5,95.8,2000,GW-Modbus-03,1.5
2026-04-17 12:38:33,P-204,Pompe centrifuge HP,P-204-SEN-04,sonde_proximite,sonde_proximite,microns,32.7449,5.4,74.02,normal,87.9,97.9,512,GW-MQTT-01,1.2
2026-04-17 12:38:24,P-204,Pompe centrifuge HP,P-204-SEN-05,ultrason,ultrason,dB,33.473,3.78,51.21,normal,92.8,96.6,128,GW-OPCUA-02,1.0
2026-04-17 12:38:41,P-204,Pompe centrifuge HP,P-204-SEN-06,courant,courant,A,83.8806,10.8,145.01,normal,91.5,98.2,512,GW-OPCUA-02,0.6
2026-04-17 12:38:41,P-204,Pompe centrifuge HP,P-204-SEN-07,debit,debit,m3/h,57.0431,7.65,102.3,normal,92.0,97.3,2000,GW-OPCUA-02,1.2
2026-04-17 12:38:50,P-204,Pompe centrifuge HP,P-204-SEN-08,pression,pression,bar,4.536,0.58,7.9,normal,94.7,99.0,2000,GW-MQTT-01,1.6
2026-04-17 12:38:58,C-118,Compresseur à vis,C-118-SEN-01,accelerometre,accelerometre,mm/s,2.4495,0.31,4.39,normal,94.5,97.0,128,GW-Modbus-03,1.3
2026-04-17 12:38:18,C-118,Compresseur à vis,C-118-SEN-02,accelerometre,accelerometre,g,0.4559,0.07,0.94,normal,94.2,98.8,256,GW-MQTT-01,1.9
2026-04-17 12:38:15,C-118,Compresseur à vis,C-118-SEN-03,thermique,thermique,°C,38.0728,4.99,67.22,normal,92.3,96.5,5000,GW-OPCUA-02,1.5
2026-04-17 12:38:25,C-118,Compresseur à vis,C-118-SEN-04,sonde_proximite,sonde_proximite,microns,47.0512,6.66,91.29,normal,91.4,96.1,128,GW-MQTT-01,1.4
2026-04-17 12:38:08,C-118,Compresseur à vis,C-118-SEN-05,ultrason,ultrason,dB,26.606,4.66,63.15,normal,92.9,96.7,1000,GW-OPCUA-02,1.0
2026-04-17 12:38:30,C-118,Compresseur à vis,C-118-SEN-06,courant,courant,A,102.169,13.32,178.84,normal,94.1,95.7,5000,GW-OPCUA-02,0.3
2026-04-17 12:38:13,C-118,Compresseur à vis,C-118-SEN-07,debit,debit,m3/h,49.0662,9.43,126.17,normal,90.3,96.7,256,GW-Modbus-03,1.5
2026-04-17 12:38:12,C-118,Compresseur à vis,C-118-SEN-08,pression,pression,bar,5.172,0.72,9.74,normal,95.3,101.0,5000,GW-OPCUA-02,0.8
2026-04-17 12:38:04,V-302,Ventilateur tirage,V-302-SEN-01,accelerometre,accelerometre,mm/s,2.5272,0.37,5.22,normal,92.1,96.2,128,GW-Modbus-03,1.4
2026-04-17 12:38:55,V-302,Ventilateur tirage,V-302-SEN-02,accelerometre,accelerometre,g,0.6248,0.08,1.12,normal,89.3,93.2,256,GW-OPCUA-02,1.1
2026-04-17 12:38:16,V-302,Ventilateur tirage,V-302-SEN-03,thermique,thermique,°C,37.5834,5.94,79.94,normal,94.8,99.2,2000,GW-OPCUA-02,1.0
2026-04-17 12:38:17,V-302,Ventilateur tirage,V-302-SEN-04,sonde_proximite,sonde_proximite,microns,73.4457,7.92,108.56,normal,89.8,97.0,128,GW-Modbus-03,1.1
2026-04-17 12:38:21,V-302,Ventilateur tirage,V-302-SEN-05,ultrason,ultrason,dB,38.484,5.54,75.1,normal,95.4,96.9,128,GW-MQTT-01,1.1
2026-04-17 12:38:38,V-302,Ventilateur tirage,V-302-SEN-06,courant,courant,A,106.6019,15.84,212.68,normal,88.6,95.6,1000,GW-OPCUA-02,1.8
2026-04-17 12:38:49,V-302,Ventilateur tirage,V-302-SEN-07,debit,debit,m3/h,73.7223,11.22,150.04,normal,91.6,99.0,2000,GW-Modbus-03,0.3
2026-04-17 12:38:33,V-302,Ventilateur tirage,V-302-SEN-08,pression,pression,bar,5.6337,0.86,11.59,normal,89.4,95.5,5000,GW-OPCUA-02,1.6
2026-04-17 12:38:31,M-019,Moteur électrique 400kW,M-019-SEN-01,accelerometre,accelerometre,mm/s,2.8849,0.43,6.05,normal,91.9,95.7,512,GW-OPCUA-02,1.2
2026-04-17 12:38:51,M-019,Moteur électrique 400kW,M-019-SEN-02,accelerometre,accelerometre,g,0.5579,0.09,1.29,normal,89.9,96.5,128,GW-Modbus-03,0.2
2026-04-17 12:38:35,M-019,Moteur électrique 400kW,M-019-SEN-03,thermique,thermique,°C,47.1758,6.88,92.66,normal,89.0,98.6,256,GW-Modbus-03,1.0
2026-04-17 12:38:20,M-019,Moteur électrique 400kW,M-019-SEN-04,sonde_proximite,sonde_proximite,microns,72.2315,9.18,125.83,normal,87.7,98.9,5000,GW-Modbus-03,1.0
2026-04-17 12:38:52,M-019,Moteur électrique 400kW,M-019-SEN-05,ultrason,ultrason,dB,48.5491,6.43,87.05,normal,93.4,98.4,512,GW-Modbus-03,2.5
2026-04-17 12:38:34,M-019,Moteur électrique 400kW,M-019-SEN-06,courant,courant,A,126.7572,18.36,246.51,normal,95.7,98.7,512,GW-Modbus-03,1.9
2026-04-17 12:38:39,M-019,Moteur électrique 400kW,M-019-SEN-07,debit,debit,m3/h,80.8859,13.01,173.91,normal,93.5,98.2,5000,GW-MQTT-01,0.8
2026-04-17 12:38:01,M-019,Moteur électrique 400kW,M-019-SEN-08,pression,pression,bar,6.3861,0.99,13.43,normal,89.5,96.1,1000,GW-MQTT-01,2.1
2026-04-17 12:38:52,R-077,Réducteur convoyeur,R-077-SEN-01,accelerometre,accelerometre,mm/s,2.9753,0.49,6.89,normal,94.4,96.4,256,GW-Modbus-03,0.8
2026-04-17 12:38:41,R-077,Réducteur convoyeur,R-077-SEN-02,accelerometre,accelerometre,g,0.6904,0.1,1.47,normal,90.9,95.3,2000,GW-MQTT-01,0.9
2026-04-17 12:38:23,R-077,Réducteur convoyeur,R-077-SEN-03,thermique,thermique,°C,53.3343,7.83,105.37,normal,92.9,98.1,5000,GW-Modbus-03,1.4
2026-04-17 12:38:51,R-077,Réducteur convoyeur,R-077-SEN-04,sonde_proximite,sonde_proximite,microns,73.3424,10.44,143.1,normal,88.8,98.2,256,GW-MQTT-01,0.8
2026-04-17 12:38:04,R-077,Réducteur convoyeur,R-077-SEN-05,ultrason,ultrason,dB,50.2872,7.31,99.0,normal,95.4,93.7,1000,GW-Modbus-03,0.6
2026-04-17 12:38:21,R-077,Réducteur convoyeur,R-077-SEN-06,courant,courant,A,138.7897,20.88,280.35,normal,94.5,94.2,256,GW-Modbus-03,1.8
2026-04-17 12:38:59,R-077,Réducteur convoyeur,R-077-SEN-07,debit,debit,m3/h,92.9751,14.79,197.78,normal,88.6,99.1,1000,GW-Modbus-03,1.1
2026-04-17 12:38:39,R-077,Réducteur convoyeur,R-077-SEN-08,pression,pression,bar,8.0776,1.13,15.27,normal,90.6,98.7,512,GW-MQTT-01,1.2
2026-04-17 12:38:03,P-311,Pompe centrifuge BP,P-311-SEN-01,accelerometre,accelerometre,mm/s,3.9312,0.55,7.72,normal,94.2,97.4,128,GW-Modbus-03,1.2
2026-04-17 12:38:32,P-311,Pompe centrifuge BP,P-311-SEN-02,accelerometre,accelerometre,g,0.6917,0.12,1.65,normal,95.0,98.5,5000,GW-Modbus-03,1.6
2026-04-17 12:38:32,P-311,Pompe centrifuge BP,P-311-SEN-03,thermique,thermique,°C,60.6068,8.78,118.09,normal,94.7,97.8,1000,GW-OPCUA-02,1.1
2026-04-17 12:38:29,P-311,Pompe centrifuge BP,P-311-SEN-04,sonde_proximite,sonde_proximite,microns,73.894,11.7,160.37,normal,92.2,97.6,5000,GW-OPCUA-02,1.5
2026-04-17 12:38:50,P-311,Pompe centrifuge BP,P-311-SEN-05,ultrason,ultrason,dB,65.7098,8.19,110.95,normal,95.0,100.1,2000,GW-OPCUA-02,0.9
2026-04-17 12:38:15,P-311,Pompe centrifuge BP,P-311-SEN-06,courant,courant,A,153.2106,23.4,314.18,normal,88.8,96.9,2000,GW-OPCUA-02,1.0
2026-04-17 12:38:55,P-311,Pompe centrifuge BP,P-311-SEN-07,debit,debit,m3/h,106.2181,16.57,221.66,normal,90.0,92.9,256,GW-OPCUA-02,1.0
2026-04-17 12:38:24,P-311,Pompe centrifuge BP,P-311-SEN-08,pression,pression,bar,8.2157,1.27,17.12,normal,95.3,97.5,5000,GW-Modbus-03,1.6
2026-04-17 13:29:11,P-204,Pompe centrifuge HP,P-204-SEN-01,accelerometre,accelerometre,mm/s,1.6417,0.25,3.56,normal,89.5,96.1,5000,GW-Modbus-03,1.0
2026-04-17 13:29:59,P-204,Pompe centrifuge HP,P-204-SEN-02,accelerometre,accelerometre,g,0.3498,0.05,0.76,normal,88.7,96.0,5000,GW-Modbus-03,1.7
2026-04-17 13:29:27,P-204,Pompe centrifuge HP,P-204-SEN-03,thermique,thermique,°C,29.4063,4.05,54.51,normal,94.1,97.2,512,GW-MQTT-01,1.7
2026-04-17 13:29:18,P-204,Pompe centrifuge HP,P-204-SEN-04,sonde_proximite,sonde_proximite,microns,31.7469,5.4,74.04,normal,91.1,97.8,512,GW-Modbus-03,1.2
2026-04-17 13:29:06,P-204,Pompe centrifuge HP,P-204-SEN-05,ultrason,ultrason,dB,24.0838,3.78,51.22,normal,87.8,96.6,256,GW-MQTT-01,1.4
2026-04-17 13:29:58,P-204,Pompe centrifuge HP,P-204-SEN-06,courant,courant,A,86.5974,10.8,145.02,normal,89.8,97.9,256,GW-OPCUA-02,2.1
2026-04-17 13:29:21,P-204,Pompe centrifuge HP,P-204-SEN-07,debit,debit,m3/h,48.9171,7.65,102.31,normal,91.3,94.7,256,GW-MQTT-01,1.8
2026-04-17 13:29:13,P-204,Pompe centrifuge HP,P-204-SEN-08,pression,pression,bar,4.2747,0.58,7.9,normal,89.2,96.2,5000,GW-MQTT-01,1.1
2026-04-17 13:29:33,C-118,Compresseur à vis,C-118-SEN-01,accelerometre,accelerometre,mm/s,2.3204,0.31,4.4,normal,93.9,96.4,512,GW-OPCUA-02,0.9
2026-04-17 13:29:43,C-118,Compresseur à vis,C-118-SEN-02,accelerometre,accelerometre,g,0.5564,0.07,0.94,normal,90.1,97.1,128,GW-MQTT-01,1.6
2026-04-17 13:29:14,C-118,Compresseur à vis,C-118-SEN-03,thermique,thermique,°C,28.2949,4.99,67.23,normal,89.2,99.6,2000,GW-Modbus-03,1.3
2026-04-17 13:29:02,C-118,Compresseur à vis,C-118-SEN-04,sonde_proximite,sonde_proximite,microns,44.8537,6.66,91.32,normal,91.5,98.1,1000,GW-OPCUA-02,1.3
2026-04-17 13:29:41,C-118,Compresseur à vis,C-118-SEN-05,ultrason,ultrason,dB,31.7442,4.66,63.17,normal,94.2,98.0,512,GW-MQTT-01,0.8
2026-04-17 13:29:15,C-118,Compresseur à vis,C-118-SEN-06,courant,courant,A,86.8329,13.32,178.86,normal,93.2,95.5,5000,GW-MQTT-01,1.5
2026-04-17 13:29:25,C-118,Compresseur à vis,C-118-SEN-07,debit,debit,m3/h,70.3323,9.43,126.18,normal,88.4,96.0,512,GW-Modbus-03,1.5
2026-04-17 13:29:37,C-118,Compresseur à vis,C-118-SEN-08,pression,pression,bar,4.6285,0.72,9.75,normal,94.8,95.2,512,GW-MQTT-01,1.4
2026-04-17 13:29:05,V-302,Ventilateur tirage,V-302-SEN-01,accelerometre,accelerometre,mm/s,2.8401,0.37,5.23,normal,93.3,99.9,5000,GW-Modbus-03,1.2
2026-04-17 13:29:39,V-302,Ventilateur tirage,V-302-SEN-02,accelerometre,accelerometre,g,0.5165,0.08,1.12,normal,87.6,95.7,5000,GW-OPCUA-02,0.7
2026-04-17 13:29:25,V-302,Ventilateur tirage,V-302-SEN-03,thermique,thermique,°C,42.0949,5.94,79.95,normal,93.1,95.0,512,GW-Modbus-03,1.7
2026-04-17 13:29:29,V-302,Ventilateur tirage,V-302-SEN-04,sonde_proximite,sonde_proximite,microns,51.9582,7.92,108.59,normal,94.3,98.3,5000,GW-OPCUA-02,1.5
2026-04-17 13:29:22,V-302,Ventilateur tirage,V-302-SEN-05,ultrason,ultrason,dB,40.4178,5.54,75.12,normal,90.6,95.7,1000,GW-MQTT-01,1.0
2026-04-17 13:29:00,V-302,Ventilateur tirage,V-302-SEN-06,courant,courant,A,97.628,15.84,212.7,normal,95.0,95.2,128,GW-OPCUA-02,1.3
2026-04-17 13:29:10,V-302,Ventilateur tirage,V-302-SEN-07,debit,debit,m3/h,72.327,11.22,150.05,normal,88.5,101.1,5000,GW-OPCUA-02,1.4
2026-04-17 13:29:10,V-302,Ventilateur tirage,V-302-SEN-08,pression,pression,bar,6.2766,0.86,11.59,normal,94.2,96.7,512,GW-MQTT-01,0.5
2026-04-17 13:29:43,M-019,Moteur électrique 400kW,M-019-SEN-01,accelerometre,accelerometre,mm/s,2.9749,0.43,6.06,normal,92.6,95.1,5000,GW-OPCUA-02,0.8
2026-04-17 13:29:20,M-019,Moteur électrique 400kW,M-019-SEN-02,accelerometre,accelerometre,g,0.6509,0.09,1.29,normal,92.5,101.9,1000,GW-MQTT-01,0.7
2026-04-17 13:29:10,M-019,Moteur électrique 400kW,M-019-SEN-03,thermique,thermique,°C,48.9039,6.88,92.67,normal,93.3,98.2,5000,GW-OPCUA-02,1.0
2026-04-17 13:29:25,M-019,Moteur électrique 400kW,M-019-SEN-04,sonde_proximite,sonde_proximite,microns,64.6113,9.18,125.87,normal,87.9,95.5,512,GW-Modbus-03,1.5
2026-04-17 13:29:14,M-019,Moteur électrique 400kW,M-019-SEN-05,ultrason,ultrason,dB,35.6508,6.43,87.07,normal,93.1,100.1,512,GW-MQTT-01,1.3
2026-04-17 13:29:53,M-019,Moteur électrique 400kW,M-019-SEN-06,courant,courant,A,134.9964,18.36,246.53,normal,94.3,94.7,512,GW-OPCUA-02,1.1
2026-04-17 13:29:57,M-019,Moteur électrique 400kW,M-019-SEN-07,debit,debit,m3/h,85.2618,13.01,173.92,normal,94.6,96.4,512,GW-MQTT-01,1.0
2026-04-17 13:29:59,M-019,Moteur électrique 400kW,M-019-SEN-08,pression,pression,bar,6.8817,0.99,13.43,normal,94.4,94.6,5000,GW-MQTT-01,1.0
2026-04-17 13:29:54,R-077,Réducteur convoyeur,R-077-SEN-01,accelerometre,accelerometre,mm/s,3.4306,0.49,6.89,normal,87.8,98.5,1000,GW-OPCUA-02,1.5
2026-04-17 13:29:50,R-077,Réducteur convoyeur,R-077-SEN-02,accelerometre,accelerometre,g,0.6924,0.1,1.47,normal,92.2,96.4,512,GW-Modbus-03,1.6
2026-04-17 13:29:43,R-077,Réducteur convoyeur,R-077-SEN-03,thermique,thermique,°C,53.338,7.83,105.39,normal,95.1,97.6,1000,GW-OPCUA-02,1.4
2026-04-17 13:29:13,R-077,Réducteur convoyeur,R-077-SEN-04,sonde_proximite,sonde_proximite,microns,80.657,10.44,143.14,normal,90.7,95.7,256,GW-OPCUA-02,1.7
2026-04-17 13:29:03,R-077,Réducteur convoyeur,R-077-SEN-05,ultrason,ultrason,dB,48.3753,7.31,99.02,normal,87.8,98.2,5000,GW-Modbus-03,1.2
2026-04-17 13:29:41,R-077,Réducteur convoyeur,R-077-SEN-06,courant,courant,A,136.9419,20.88,280.37,normal,89.9,95.7,256,GW-MQTT-01,1.9
2026-04-17 13:29:42,R-077,Réducteur convoyeur,R-077-SEN-07,debit,debit,m3/h,95.5093,14.79,197.79,normal,90.8,98.0,128,GW-OPCUA-02,1.0
2026-04-17 13:29:34,R-077,Réducteur convoyeur,R-077-SEN-08,pression,pression,bar,7.9147,1.13,15.28,normal,90.5,100.3,256,GW-MQTT-01,1.0
2026-04-17 13:29:08,P-311,Pompe centrifuge BP,P-311-SEN-01,accelerometre,accelerometre,mm/s,3.59,0.55,7.72,normal,95.5,95.9,5000,GW-MQTT-01,1.0
2026-04-17 13:29:15,P-311,Pompe centrifuge BP,P-311-SEN-02,accelerometre,accelerometre,g,0.7532,0.12,1.65,normal,90.6,96.4,512,GW-Modbus-03,1.0
2026-04-17 13:29:48,P-311,Pompe centrifuge BP,P-311-SEN-03,thermique,thermique,°C,57.2693,8.78,118.11,normal,91.8,97.0,256,GW-OPCUA-02,1.4
2026-04-17 13:29:09,P-311,Pompe centrifuge BP,P-311-SEN-04,sonde_proximite,sonde_proximite,microns,91.323,11.7,160.42,normal,93.5,95.2,128,GW-OPCUA-02,1.2
2026-04-17 13:29:35,P-311,Pompe centrifuge BP,P-311-SEN-05,ultrason,ultrason,dB,58.1231,8.19,110.97,normal,92.5,101.2,256,GW-MQTT-01,0.9
2026-04-17 13:29:31,P-311,Pompe centrifuge BP,P-311-SEN-06,courant,courant,A,157.8819,23.4,314.21,normal,95.4,96.4,5000,GW-MQTT-01,1.7
2026-04-17 13:29:24,P-311,Pompe centrifuge BP,P-311-SEN-07,debit,debit,m3/h,114.3034,16.57,221.66,normal,90.9,98.1,2000,GW-MQTT-01,1.4
2026-04-17 13:29:47,P-311,Pompe centrifuge BP,P-311-SEN-08,pression,pression,bar,9.3027,1.27,17.12,normal,93.6,97.5,256,GW-Modbus-03,1.0
2026-04-17 14:57:52,P-204,Pompe centrifuge HP,P-204-SEN-01,accelerometre,accelerometre,mm/s,1.8903,0.25,3.57,normal,94.5,96.6,512,GW-Modbus-03,0.3
2026-04-17 14:57:12,P-204,Pompe centrifuge HP,P-204-SEN-02,accelerometre,accelerometre,g,0.4677,0.05,0.76,normal,89.7,95.7,128,GW-OPCUA-02,0.8
2026-04-17 14:57:06,P-204,Pompe centrifuge HP,P-204-SEN-03,thermique,thermique,°C,27.5728,4.05,54.52,normal,92.1,99.3,512,GW-MQTT-01,1.1
2026-04-17 14:57:22,P-204,Pompe centrifuge HP,P-204-SEN-04,sonde_proximite,sonde_proximite,microns,25.3845,5.4,74.06,normal,89.1,97.7,2000,GW-Modbus-03,0.8
2026-04-17 14:57:18,P-204,Pompe centrifuge HP,P-204-SEN-05,ultrason,ultrason,dB,22.9634,3.78,51.23,normal,92.0,99.2,512,GW-MQTT-01,1.6
2026-04-17 14:57:49,P-204,Pompe centrifuge HP,P-204-SEN-06,courant,courant,A,80.8779,10.8,145.03,normal,88.0,94.0,1000,GW-MQTT-01,1.8
2026-04-17 14:57:17,P-204,Pompe centrifuge HP,P-204-SEN-07,debit,debit,m3/h,59.4232,7.65,102.31,normal,87.8,95.2,5000,GW-MQTT-01,0.6
2026-04-17 14:57:58,P-204,Pompe centrifuge HP,P-204-SEN-08,pression,pression,bar,4.4904,0.58,7.9,normal,91.8,99.1,2000,GW-OPCUA-02,1.3
2026-04-17 14:57:02,C-118,Compresseur à vis,C-118-SEN-01,accelerometre,accelerometre,mm/s,2.0124,0.31,4.4,normal,91.1,97.3,256,GW-Modbus-03,0.9
2026-04-17 14:57:15,C-118,Compresseur à vis,C-118-SEN-02,accelerometre,accelerometre,g,0.4651,0.07,0.94,normal,88.1,94.3,2000,GW-Modbus-03,0.9
2026-04-17 14:57:42,C-118,Compresseur à vis,C-118-SEN-03,thermique,thermique,°C,34.3064,4.99,67.24,normal,91.6,97.6,128,GW-OPCUA-02,1.1
2026-04-17 14:57:09,C-118,Compresseur à vis,C-118-SEN-04,sonde_proximite,sonde_proximite,microns,42.1048,6.66,91.35,normal,94.3,97.9,1000,GW-MQTT-01,1.2
2026-04-17 14:57:18,C-118,Compresseur à vis,C-118-SEN-05,ultrason,ultrason,dB,30.1676,4.66,63.18,normal,94.0,94.4,5000,GW-Modbus-03,1.1
2026-04-17 14:57:24,C-118,Compresseur à vis,C-118-SEN-06,courant,courant,A,84.4513,13.32,178.87,normal,88.2,95.4,2000,GW-Modbus-03,1.1
2026-04-17 14:57:42,C-118,Compresseur à vis,C-118-SEN-07,debit,debit,m3/h,63.256,9.43,126.18,normal,92.1,96.3,1000,GW-MQTT-01,0.6
2026-04-17 14:57:25,C-118,Compresseur à vis,C-118-SEN-08,pression,pression,bar,4.8491,0.72,9.75,normal,91.1,97.4,256,GW-OPCUA-02,1.5
2026-04-17 14:57:01,V-302,Ventilateur tirage,V-302-SEN-01,accelerometre,accelerometre,mm/s,2.9997,0.37,5.23,normal,93.7,91.6,256,GW-MQTT-01,1.2
2026-04-17 14:57:04,V-302,Ventilateur tirage,V-302-SEN-02,accelerometre,accelerometre,g,0.5236,0.08,1.12,normal,90.8,96.9,1000,GW-Modbus-03,1.4
2026-04-17 14:57:32,V-302,Ventilateur tirage,V-302-SEN-03,thermique,thermique,°C,38.948,5.94,79.96,normal,87.4,99.0,2000,GW-OPCUA-02,1.4
2026-04-17 14:57:47,V-302,Ventilateur tirage,V-302-SEN-04,sonde_proximite,sonde_proximite,microns,45.3702,7.92,108.63,normal,91.9,98.3,1000,GW-MQTT-01,1.1
2026-04-17 14:57:48,V-302,Ventilateur tirage,V-302-SEN-05,ultrason,ultrason,dB,34.7638,5.54,75.13,normal,89.3,96.5,512,GW-OPCUA-02,1.3
2026-04-17 14:57:59,V-302,Ventilateur tirage,V-302-SEN-06,courant,courant,A,101.1331,15.84,212.71,normal,91.7,96.9,128,GW-OPCUA-02,2.0
2026-04-17 14:57:37,V-302,Ventilateur tirage,V-302-SEN-07,debit,debit,m3/h,65.1049,11.22,150.05,normal,90.4,95.3,512,GW-Modbus-03,0.7
2026-04-17 14:57:28,V-302,Ventilateur tirage,V-302-SEN-08,pression,pression,bar,5.9974,0.86,11.59,normal,92.9,96.4,256,GW-Modbus-03,0.8
2026-04-17 14:57:20,M-019,Moteur électrique 400kW,M-019-SEN-01,accelerometre,accelerometre,mm/s,2.9208,0.43,6.06,normal,92.8,94.8,128,GW-OPCUA-02,0.1
2026-04-17 14:57:15,M-019,Moteur électrique 400kW,M-019-SEN-02,accelerometre,accelerometre,g,0.7457,0.09,1.29,normal,90.6,95.7,1000,GW-Modbus-03,1.4
2026-04-17 14:57:09,M-019,Moteur électrique 400kW,M-019-SEN-03,thermique,thermique,°C,45.9314,6.88,92.68,normal,90.0,96.0,512,GW-Modbus-03,0.8
2026-04-17 14:57:01,M-019,Moteur électrique 400kW,M-019-SEN-04,sonde_proximite,sonde_proximite,microns,48.3026,9.18,125.91,normal,95.0,94.3,128,GW-MQTT-01,0.9
2026-04-17 14:57:05,M-019,Moteur électrique 400kW,M-019-SEN-05,ultrason,ultrason,dB,45.0613,6.43,87.08,normal,92.5,96.4,128,GW-OPCUA-02,1.4
2026-04-17 14:57:10,M-019,Moteur électrique 400kW,M-019-SEN-06,courant,courant,A,133.7141,18.36,246.55,normal,94.5,99.5,512,GW-MQTT-01,1.0
2026-04-17 14:57:37,M-019,Moteur électrique 400kW,M-019-SEN-07,debit,debit,m3/h,89.7285,13.01,173.93,normal,90.6,94.2,2000,GW-MQTT-01,1.4
2026-04-17 14:57:37,M-019,Moteur électrique 400kW,M-019-SEN-08,pression,pression,bar,6.7283,0.99,13.44,normal,88.8,94.1,512,GW-MQTT-01,1.2
2026-04-17 14:57:53,R-077,Réducteur convoyeur,R-077-SEN-01,accelerometre,accelerometre,mm/s,3.1598,0.49,6.9,normal,92.2,100.5,256,GW-OPCUA-02,1.4
2026-04-17 14:57:22,R-077,Réducteur convoyeur,R-077-SEN-02,accelerometre,accelerometre,g,0.8908,0.1,1.47,normal,90.8,97.0,128,GW-OPCUA-02,1.0
2026-04-17 14:57:01,R-077,Réducteur convoyeur,R-077-SEN-03,thermique,thermique,°C,56.5425,7.83,105.4,normal,87.9,97.1,128,GW-MQTT-01,1.3
2026-04-17 14:57:46,R-077,Réducteur convoyeur,R-077-SEN-04,sonde_proximite,sonde_proximite,microns,69.2698,10.44,143.19,normal,89.2,98.7,2000,GW-MQTT-01,1.1
2026-04-17 14:57:10,R-077,Réducteur convoyeur,R-077-SEN-05,ultrason,ultrason,dB,43.1558,7.31,99.04,normal,88.2,98.2,128,GW-Modbus-03,1.4
2026-04-17 14:57:50,R-077,Réducteur convoyeur,R-077-SEN-06,courant,courant,A,144.8324,20.88,280.4,normal,93.6,95.1,256,GW-MQTT-01,1.6
2026-04-17 14:57:00,R-077,Réducteur convoyeur,R-077-SEN-07,debit,debit,m3/h,95.3786,14.79,197.8,normal,94.3,99.8,2000,GW-OPCUA-02,0.6
2026-04-17 14:57:31,R-077,Réducteur convoyeur,R-077-SEN-08,pression,pression,bar,7.3352,1.13,15.28,normal,88.5,103.7,128,GW-OPCUA-02,1.3
2026-04-17 14:57:26,P-311,Pompe centrifuge BP,P-311-SEN-01,accelerometre,accelerometre,mm/s,4.1184,0.55,7.73,normal,91.4,96.1,2000,GW-OPCUA-02,1.0
2026-04-17 14:57:38,P-311,Pompe centrifuge BP,P-311-SEN-02,accelerometre,accelerometre,g,0.7204,0.12,1.65,normal,87.7,95.0,512,GW-OPCUA-02,1.1
2026-04-17 14:57:03,P-311,Pompe centrifuge BP,P-311-SEN-03,thermique,thermique,°C,60.0962,8.78,118.12,normal,88.6,98.2,1000,GW-OPCUA-02,0.8
2026-04-17 14:57:02,P-311,Pompe centrifuge BP,P-311-SEN-04,sonde_proximite,sonde_proximite,microns,76.6105,11.7,160.47,normal,95.3,95.6,128,GW-Modbus-03,0.5
2026-04-17 14:57:57,P-311,Pompe centrifuge BP,P-311-SEN-05,ultrason,ultrason,dB,56.0331,8.19,110.99,normal,93.1,99.2,2000,GW-MQTT-01,1.4
2026-04-17 14:57:41,P-311,Pompe centrifuge BP,P-311-SEN-06,courant,courant,A,167.56,23.4,314.24,normal,90.6,100.1,256,GW-MQTT-01,0.6
2026-04-17 14:57:14,P-311,Pompe centrifuge BP,P-311-SEN-07,debit,debit,m3/h,108.5278,16.57,221.67,normal,94.7,97.8,2000,GW-MQTT-01,1.4
2026-04-17 14:57:01,P-311,Pompe centrifuge BP,P-311-SEN-08,pression,pression,bar,7.6509,1.27,17.12,normal,94.3,94.6,1000,GW-Modbus-03,0.5
2026-04-17 15:49:55,P-204,Pompe centrifuge HP,P-204-SEN-01,accelerometre,accelerometre,mm/s,1.5248,0.25,3.57,normal,94.5,97.5,128,GW-MQTT-01,1.9
2026-04-17 15:49:39,P-204,Pompe centrifuge HP,P-204-SEN-02,accelerometre,accelerometre,g,0.5011,0.05,0.76,normal,90.8,97.6,512,GW-MQTT-01,1.2
2026-04-17 15:49:24,P-204,Pompe centrifuge HP,P-204-SEN-03,thermique,thermique,°C,26.5813,4.05,54.52,normal,87.4,96.0,1000,GW-Modbus-03,1.2
2026-04-17 15:49:30,P-204,Pompe centrifuge HP,P-204-SEN-04,sonde_proximite,sonde_proximite,microns,56.7087,5.4,74.09,normal,89.4,99.0,1000,GW-MQTT-01,0.8
2026-04-17 15:49:13,P-204,Pompe centrifuge HP,P-204-SEN-05,ultrason,ultrason,dB,26.5235,3.78,51.24,normal,93.0,102.1,128,GW-Modbus-03,0.7
2026-04-17 15:49:33,P-204,Pompe centrifuge HP,P-204-SEN-06,courant,courant,A,67.8433,10.8,145.04,normal,89.2,99.9,1000,GW-OPCUA-02,1.0
2026-04-17 15:49:21,P-204,Pompe centrifuge HP,P-204-SEN-07,debit,debit,m3/h,50.6329,7.65,102.31,normal,92.7,99.1,5000,GW-MQTT-01,0.5
2026-04-17 15:49:10,P-204,Pompe centrifuge HP,P-204-SEN-08,pression,pression,bar,4.1229,0.58,7.9,normal,89.4,95.6,512,GW-OPCUA-02,1.3
2026-04-17 15:49:50,C-118,Compresseur à vis,C-118-SEN-01,accelerometre,accelerometre,mm/s,1.6317,0.31,4.4,normal,94.1,95.5,5000,GW-Modbus-03,1.5
2026-04-17 15:49:09,C-118,Compresseur à vis,C-118-SEN-02,accelerometre,accelerometre,g,0.5301,0.07,0.94,normal,94.4,96.8,512,GW-MQTT-01,1.1
2026-04-17 15:49:25,C-118,Compresseur à vis,C-118-SEN-03,thermique,thermique,°C,32.7351,4.99,67.24,normal,90.2,95.2,5000,GW-MQTT-01,1.4
2026-04-17 15:49:06,C-118,Compresseur à vis,C-118-SEN-04,sonde_proximite,sonde_proximite,microns,32.0085,6.66,91.38,normal,93.5,100.5,5000,GW-OPCUA-02,1.0
2026-04-17 15:49:36,C-118,Compresseur à vis,C-118-SEN-05,ultrason,ultrason,dB,38.2593,4.66,63.19,normal,95.5,93.9,256,GW-OPCUA-02,1.4
2026-04-17 15:49:06,C-118,Compresseur à vis,C-118-SEN-06,courant,courant,A,85.0988,13.32,178.89,normal,94.1,102.8,256,GW-Modbus-03,1.6
2026-04-17 15:49:06,C-118,Compresseur à vis,C-118-SEN-07,debit,debit,m3/h,60.5919,9.43,126.19,normal,95.2,101.8,512,GW-Modbus-03,1.4
2026-04-17 15:49:46,C-118,Compresseur à vis,C-118-SEN-08,pression,pression,bar,4.4263,0.72,9.75,normal,90.5,95.7,1000,GW-MQTT-01,1.3
2026-04-17 15:49:44,V-302,Ventilateur tirage,V-302-SEN-01,accelerometre,accelerometre,mm/s,2.4874,0.37,5.23,normal,92.7,93.1,2000,GW-OPCUA-02,1.3
2026-04-17 15:49:21,V-302,Ventilateur tirage,V-302-SEN-02,accelerometre,accelerometre,g,0.5484,0.08,1.12,normal,89.5,97.3,256,GW-Modbus-03,1.7
2026-04-17 15:49:28,V-302,Ventilateur tirage,V-302-SEN-03,thermique,thermique,°C,40.8679,5.94,79.97,normal,87.7,100.5,512,GW-MQTT-01,1.9
2026-04-17 15:49:58,V-302,Ventilateur tirage,V-302-SEN-04,sonde_proximite,sonde_proximite,microns,55.8705,7.92,108.66,normal,87.4,98.1,1000,GW-Modbus-03,1.1
2026-04-17 15:49:13,V-302,Ventilateur tirage,V-302-SEN-05,ultrason,ultrason,dB,38.2153,5.54,75.14,normal,88.5,99.5,2000,GW-OPCUA-02,1.0
2026-04-17 15:49:54,V-302,Ventilateur tirage,V-302-SEN-06,courant,courant,A,110.6425,15.84,212.73,normal,92.8,96.4,128,GW-MQTT-01,1.1
2026-04-17 15:49:41,V-302,Ventilateur tirage,V-302-SEN-07,debit,debit,m3/h,72.4322,11.22,150.06,normal,94.6,100.2,256,GW-MQTT-01,1.1
2026-04-17 15:49:44,V-302,Ventilateur tirage,V-302-SEN-08,pression,pression,bar,5.3155,0.86,11.59,normal,91.0,97.5,256,GW-MQTT-01,0.4
2026-04-17 15:49:57,M-019,Moteur électrique 400kW,M-019-SEN-01,accelerometre,accelerometre,mm/s,3.6038,0.43,6.07,normal,88.6,94.7,512,GW-MQTT-01,1.5
2026-04-17 15:49:42,M-019,Moteur électrique 400kW,M-019-SEN-02,accelerometre,accelerometre,g,0.7969,0.09,1.29,normal,89.9,95.3,1000,GW-OPCUA-02,1.2
2026-04-17 15:49:37,M-019,Moteur électrique 400kW,M-019-SEN-03,thermique,thermique,°C,41.4165,6.88,92.69,normal,95.5,96.4,512,GW-OPCUA-02,2.2
2026-04-17 15:49:22,M-019,Moteur électrique 400kW,M-019-SEN-04,sonde_proximite,sonde_proximite,microns,58.5004,9.18,125.95,normal,90.5,99.7,5000,GW-MQTT-01,1.6
2026-04-17 15:49:53,M-019,Moteur électrique 400kW,M-019-SEN-05,ultrason,ultrason,dB,44.4059,6.43,87.1,normal,91.0,94.8,2000,GW-OPCUA-02,1.1
2026-04-17 15:49:11,M-019,Moteur électrique 400kW,M-019-SEN-06,courant,courant,A,119.9719,18.36,246.57,normal,92.1,96.6,2000,GW-MQTT-01,1.5
2026-04-17 15:49:38,M-019,Moteur électrique 400kW,M-019-SEN-07,debit,debit,m3/h,81.4224,13.01,173.93,normal,95.3,96.8,512,GW-OPCUA-02,0.2
2026-04-17 15:49:39,M-019,Moteur électrique 400kW,M-019-SEN-08,pression,pression,bar,6.3994,0.99,13.44,normal,91.7,99.1,1000,GW-OPCUA-02,1.0
2026-04-17 15:49:30,R-077,Réducteur convoyeur,R-077-SEN-01,accelerometre,accelerometre,mm/s,3.5063,0.49,6.9,normal,93.9,95.2,256,GW-Modbus-03,0.3
2026-04-17 15:49:40,R-077,Réducteur convoyeur,R-077-SEN-02,accelerometre,accelerometre,g,0.7354,0.1,1.47,normal,88.0,97.5,256,GW-MQTT-01,1.2
2026-04-17 15:49:26,R-077,Réducteur convoyeur,R-077-SEN-03,thermique,thermique,°C,50.7376,7.83,105.41,normal,95.5,92.7,5000,GW-MQTT-01,1.1
2026-04-17 15:49:27,R-077,Réducteur convoyeur,R-077-SEN-04,sonde_proximite,sonde_proximite,microns,84.5943,10.44,143.24,normal,94.7,94.0,5000,GW-OPCUA-02,0.8
2026-04-17 15:49:20,R-077,Réducteur convoyeur,R-077-SEN-05,ultrason,ultrason,dB,48.91,7.31,99.05,normal,91.9,96.7,256,GW-MQTT-01,1.3
2026-04-17 15:49:27,R-077,Réducteur convoyeur,R-077-SEN-06,courant,courant,A,140.9909,20.88,280.42,normal,92.0,96.8,256,GW-Modbus-03,1.4
2026-04-17 15:49:59,R-077,Réducteur convoyeur,R-077-SEN-07,debit,debit,m3/h,97.439,14.79,197.81,normal,91.4,98.9,2000,GW-Modbus-03,1.7
2026-04-17 15:49:50,R-077,Réducteur convoyeur,R-077-SEN-08,pression,pression,bar,7.4546,1.13,15.28,normal,88.6,95.3,512,GW-Modbus-03,1.4
2026-04-17 15:49:01,P-311,Pompe centrifuge BP,P-311-SEN-01,accelerometre,accelerometre,mm/s,3.9003,0.55,7.73,normal,90.1,95.0,256,GW-OPCUA-02,0.5
2026-04-17 15:49:22,P-311,Pompe centrifuge BP,P-311-SEN-02,accelerometre,accelerometre,g,0.8545,0.12,1.65,normal,90.1,96.9,5000,GW-MQTT-01,0.7
2026-04-17 15:49:36,P-311,Pompe centrifuge BP,P-311-SEN-03,thermique,thermique,°C,59.6686,8.78,118.13,normal,92.9,97.6,5000,GW-OPCUA-02,2.1
2026-04-17 15:49:06,P-311,Pompe centrifuge BP,P-311-SEN-04,sonde_proximite,sonde_proximite,microns,81.6283,11.7,160.52,normal,92.2,98.8,1000,GW-MQTT-01,0.8
2026-04-17 15:49:25,P-311,Pompe centrifuge BP,P-311-SEN-05,ultrason,ultrason,dB,56.4573,8.19,111.01,normal,91.5,100.2,5000,GW-OPCUA-02,0.9
2026-04-17 15:49:35,P-311,Pompe centrifuge BP,P-311-SEN-06,courant,courant,A,147.8488,23.4,314.26,normal,94.5,99.1,128,GW-OPCUA-02,1.5
2026-04-17 15:49:52,P-311,Pompe centrifuge BP,P-311-SEN-07,debit,debit,m3/h,109.9779,16.57,221.68,normal,92.3,97.3,2000,GW-MQTT-01,0.8
2026-04-17 15:49:10,P-311,Pompe centrifuge BP,P-311-SEN-08,pression,pression,bar,8.6802,1.27,17.13,normal,87.9,99.7,128,GW-OPCUA-02,1.7
2026-04-17 16:39:52,P-204,Pompe centrifuge HP,P-204-SEN-01,accelerometre,accelerometre,mm/s,2.0322,0.25,3.57,normal,89.9,96.2,512,GW-MQTT-01,0.8
2026-04-17 16:39:43,P-204,Pompe centrifuge HP,P-204-SEN-02,accelerometre,accelerometre,g,0.2897,0.05,0.76,normal,94.4,94.6,512,GW-OPCUA-02,1.2
2026-04-17 16:39:54,P-204,Pompe centrifuge HP,P-204-SEN-03,thermique,thermique,°C,24.0177,4.05,54.53,normal,92.4,98.2,512,GW-MQTT-01,1.3
2026-04-17 16:39:54,P-204,Pompe centrifuge HP,P-204-SEN-04,sonde_proximite,sonde_proximite,microns,29.9296,5.4,74.11,normal,92.0,100.2,1000,GW-OPCUA-02,1.2
2026-04-17 16:39:51,P-204,Pompe centrifuge HP,P-204-SEN-05,ultrason,ultrason,dB,28.3002,3.78,51.24,normal,94.5,103.0,2000,GW-Modbus-03,1.7
2026-04-17 16:39:56,P-204,Pompe centrifuge HP,P-204-SEN-06,courant,courant,A,85.5981,10.8,145.06,normal,87.2,94.9,512,GW-Modbus-03,1.1
2026-04-17 16:39:12,P-204,Pompe centrifuge HP,P-204-SEN-07,debit,debit,m3/h,48.6394,7.65,102.32,normal,93.3,100.7,128,GW-Modbus-03,1.1
2026-04-17 16:39:19,P-204,Pompe centrifuge HP,P-204-SEN-08,pression,pression,bar,4.1822,0.58,7.91,normal,89.9,97.3,1000,GW-MQTT-01,1.4
2026-04-17 16:39:08,C-118,Compresseur à vis,C-118-SEN-01,accelerometre,accelerometre,mm/s,2.0383,0.31,4.4,normal,90.8,97.4,256,GW-Modbus-03,0.8
2026-04-17 16:39:56,C-118,Compresseur à vis,C-118-SEN-02,accelerometre,accelerometre,g,0.5363,0.07,0.94,normal,91.4,99.1,512,GW-MQTT-01,1.2
2026-04-17 16:39:51,C-118,Compresseur à vis,C-118-SEN-03,thermique,thermique,°C,32.8426,4.99,67.25,normal,94.9,95.9,5000,GW-OPCUA-02,1.6
2026-04-17 16:39:47,C-118,Compresseur à vis,C-118-SEN-04,sonde_proximite,sonde_proximite,microns,44.3868,6.66,91.4,normal,93.2,96.8,512,GW-MQTT-01,1.5
2026-04-17 16:39:23,C-118,Compresseur à vis,C-118-SEN-05,ultrason,ultrason,dB,31.1263,4.66,63.2,normal,91.4,97.9,128,GW-OPCUA-02,1.2
2026-04-17 16:39:46,C-118,Compresseur à vis,C-118-SEN-06,courant,courant,A,96.3378,13.32,178.9,normal,92.8,97.2,5000,GW-OPCUA-02,1.4
2026-04-17 16:39:48,C-118,Compresseur à vis,C-118-SEN-07,debit,debit,m3/h,59.3883,9.43,126.19,normal,91.8,98.7,5000,GW-Modbus-03,1.3
2026-04-17 16:39:38,C-118,Compresseur à vis,C-118-SEN-08,pression,pression,bar,4.262,0.72,9.75,normal,86.9,95.1,1000,GW-Modbus-03,1.5
2026-04-17 16:39:18,V-302,Ventilateur tirage,V-302-SEN-01,accelerometre,accelerometre,mm/s,2.4489,0.37,5.24,normal,93.8,97.7,5000,GW-Modbus-03,1.1
2026-04-17 16:39:15,V-302,Ventilateur tirage,V-302-SEN-02,accelerometre,accelerometre,g,0.6452,0.08,1.12,normal,86.9,92.8,2000,GW-Modbus-03,1.7
2026-04-17 16:39:04,V-302,Ventilateur tirage,V-302-SEN-03,thermique,thermique,°C,42.3434,5.94,79.97,normal,91.7,98.2,1000,GW-Modbus-03,1.0
2026-04-17 16:39:07,V-302,Ventilateur tirage,V-302-SEN-04,sonde_proximite,sonde_proximite,microns,44.7757,7.92,108.7,normal,87.2,98.5,2000,GW-OPCUA-02,0.9
2026-04-17 16:39:46,V-302,Ventilateur tirage,V-302-SEN-05,ultrason,ultrason,dB,38.1803,5.54,75.16,normal,92.6,99.0,512,GW-Modbus-03,0.9
2026-04-17 16:39:45,V-302,Ventilateur tirage,V-302-SEN-06,courant,courant,A,98.3507,15.84,212.75,normal,94.4,94.7,5000,GW-MQTT-01,0.8
2026-04-17 16:39:42,V-302,Ventilateur tirage,V-302-SEN-07,debit,debit,m3/h,77.6023,11.22,150.06,normal,91.5,98.9,5000,GW-MQTT-01,1.5
2026-04-17 16:39:18,V-302,Ventilateur tirage,V-302-SEN-08,pression,pression,bar,5.2272,0.86,11.59,normal,93.4,94.6,512,GW-Modbus-03,0.8
2026-04-17 16:39:30,M-019,Moteur électrique 400kW,M-019-SEN-01,accelerometre,accelerometre,mm/s,3.3402,0.43,6.07,normal,94.2,97.8,1000,GW-MQTT-01,1.7
2026-04-17 16:39:38,M-019,Moteur électrique 400kW,M-019-SEN-02,accelerometre,accelerometre,g,0.7873,0.09,1.3,normal,91.0,93.0,1000,GW-OPCUA-02,1.6
2026-04-17 16:39:05,M-019,Moteur électrique 400kW,M-019-SEN-03,thermique,thermique,°C,43.2227,6.88,92.7,normal,88.9,95.1,128,GW-MQTT-01,0.9
2026-04-17 16:39:10,M-019,Moteur électrique 400kW,M-019-SEN-04,sonde_proximite,sonde_proximite,microns,56.4497,9.18,125.99,normal,91.5,95.2,256,GW-MQTT-01,1.5
2026-04-17 16:39:28,M-019,Moteur électrique 400kW,M-019-SEN-05,ultrason,ultrason,dB,44.5902,6.43,87.12,normal,91.0,96.9,256,GW-Modbus-03,1.1
2026-04-17 16:39:48,M-019,Moteur électrique 400kW,M-019-SEN-06,courant,courant,A,118.5569,18.36,246.6,normal,93.6,96.0,256,GW-OPCUA-02,1.9
2026-04-17 16:39:54,M-019,Moteur électrique 400kW,M-019-SEN-07,debit,debit,m3/h,86.3016,13.01,173.94,normal,93.5,95.4,512,GW-MQTT-01,1.7
2026-04-17 16:39:57,M-019,Moteur électrique 400kW,M-019-SEN-08,pression,pression,bar,6.7289,0.99,13.44,normal,89.4,98.6,256,GW-MQTT-01,1.3
2026-04-17 16:39:52,R-077,Réducteur convoyeur,R-077-SEN-01,accelerometre,accelerometre,mm/s,3.1685,0.49,6.9,normal,86.8,93.6,2000,GW-MQTT-01,2.0
2026-04-17 16:39:16,R-077,Réducteur convoyeur,R-077-SEN-02,accelerometre,accelerometre,g,0.6202,0.1,1.47,normal,94.9,97.0,1000,GW-MQTT-01,1.5
2026-04-17 16:39:08,R-077,Réducteur convoyeur,R-077-SEN-03,thermique,thermique,°C,51.3898,7.83,105.42,normal,95.5,96.1,2000,GW-OPCUA-02,1.1
2026-04-17 16:39:00,R-077,Réducteur convoyeur,R-077-SEN-04,sonde_proximite,sonde_proximite,microns,70.7733,10.44,143.28,normal,87.1,97.2,256,GW-OPCUA-02,1.0
2026-04-17 16:39:14,R-077,Réducteur convoyeur,R-077-SEN-05,ultrason,ultrason,dB,46.2402,7.31,99.07,normal,93.4,99.6,1000,GW-Modbus-03,1.3
2026-04-17 16:39:19,R-077,Réducteur convoyeur,R-077-SEN-06,courant,courant,A,142.1974,20.88,280.44,normal,90.7,95.1,512,GW-OPCUA-02,0.6
2026-04-17 16:39:28,R-077,Réducteur convoyeur,R-077-SEN-07,debit,debit,m3/h,96.9439,14.79,197.81,normal,93.0,97.3,128,GW-Modbus-03,1.3
2026-04-17 16:39:38,R-077,Réducteur convoyeur,R-077-SEN-08,pression,pression,bar,6.765,1.13,15.28,normal,89.9,94.0,128,GW-Modbus-03,0.7
2026-04-17 16:39:02,P-311,Pompe centrifuge BP,P-311-SEN-01,accelerometre,accelerometre,mm/s,3.9136,0.55,7.74,normal,94.6,94.6,5000,GW-MQTT-01,1.1
2026-04-17 16:39:11,P-311,Pompe centrifuge BP,P-311-SEN-02,accelerometre,accelerometre,g,0.7828,0.12,1.65,normal,92.8,95.8,128,GW-OPCUA-02,0.9
2026-04-17 16:39:20,P-311,Pompe centrifuge BP,P-311-SEN-03,thermique,thermique,°C,60.0517,8.78,118.14,normal,88.7,97.1,256,GW-MQTT-01,1.3
2026-04-17 16:39:26,P-311,Pompe centrifuge BP,P-311-SEN-04,sonde_proximite,sonde_proximite,microns,89.6049,11.7,160.58,normal,87.6,96.2,512,GW-Modbus-03,1.2
2026-04-17 16:39:17,P-311,Pompe centrifuge BP,P-311-SEN-05,ultrason,ultrason,dB,50.1523,8.19,111.03,normal,90.8,98.0,256,GW-Modbus-03,1.0
2026-04-17 16:39:52,P-311,Pompe centrifuge BP,P-311-SEN-06,courant,courant,A,158.083,23.4,314.29,normal,92.4,97.6,512,GW-MQTT-01,0.8
2026-04-17 16:39:16,P-311,Pompe centrifuge BP,P-311-SEN-07,debit,debit,m3/h,117.2725,16.57,221.69,normal,91.4,97.2,128,GW-Modbus-03,0.8
2026-04-17 16:39:50,P-311,Pompe centrifuge BP,P-311-SEN-08,pression,pression,bar,9.0727,1.27,17.13,normal,94.5,96.4,2000,GW-MQTT-01,1.1
2026-04-17 17:46:01,P-204,Pompe centrifuge HP,P-204-SEN-01,accelerometre,accelerometre,mm/s,1.8115,0.25,3.57,normal,87.7,97.4,1000,GW-Modbus-03,1.4
2026-04-17 17:46:54,P-204,Pompe centrifuge HP,P-204-SEN-02,accelerometre,accelerometre,g,0.3373,0.05,0.76,normal,91.0,100.8,2000,GW-Modbus-03,1.0
2026-04-17 17:46:40,P-204,Pompe centrifuge HP,P-204-SEN-03,thermique,thermique,°C,30.0586,4.05,54.53,normal,86.7,96.0,128,GW-MQTT-01,1.1
2026-04-17 17:46:48,P-204,Pompe centrifuge HP,P-204-SEN-04,sonde_proximite,sonde_proximite,microns,30.4381,5.4,74.14,normal,88.2,96.9,1000,GW-OPCUA-02,1.7
2026-04-17 17:46:03,P-204,Pompe centrifuge HP,P-204-SEN-05,ultrason,ultrason,dB,18.9636,3.78,51.25,normal,88.7,97.0,512,GW-OPCUA-02,1.6
2026-04-17 17:46:24,P-204,Pompe centrifuge HP,P-204-SEN-06,courant,courant,A,72.9914,10.8,145.07,normal,88.8,93.7,2000,GW-Modbus-03,0.9
2026-04-17 17:46:03,P-204,Pompe centrifuge HP,P-204-SEN-07,debit,debit,m3/h,49.9451,7.65,102.32,normal,94.4,97.4,256,GW-MQTT-01,0.9
2026-04-17 17:46:11,P-204,Pompe centrifuge HP,P-204-SEN-08,pression,pression,bar,3.768,0.58,7.91,normal,88.0,97.5,1000,GW-MQTT-01,1.1
2026-04-17 17:46:50,C-118,Compresseur à vis,C-118-SEN-01,accelerometre,accelerometre,mm/s,2.2089,0.31,4.41,normal,90.7,98.5,128,GW-OPCUA-02,1.1
2026-04-17 17:46:29,C-118,Compresseur à vis,C-118-SEN-02,accelerometre,accelerometre,g,0.5652,0.07,0.94,normal,87.0,96.7,256,GW-MQTT-01,0.9
2026-04-17 17:46:17,C-118,Compresseur à vis,C-118-SEN-03,thermique,thermique,°C,32.3696,4.99,67.26,normal,90.4,98.1,2000,GW-Modbus-03,1.2
2026-04-17 17:46:39,C-118,Compresseur à vis,C-118-SEN-04,sonde_proximite,sonde_proximite,microns,49.3669,6.66,91.43,normal,87.1,99.3,512,GW-Modbus-03,1.2
2026-04-17 17:46:45,C-118,Compresseur à vis,C-118-SEN-05,ultrason,ultrason,dB,41.7929,4.66,63.21,normal,91.6,96.3,1000,GW-OPCUA-02,0.2
2026-04-17 17:46:18,C-118,Compresseur à vis,C-118-SEN-06,courant,courant,A,89.5699,13.32,178.92,normal,94.4,98.9,256,GW-MQTT-01,1.2
2026-04-17 17:46:26,C-118,Compresseur à vis,C-118-SEN-07,debit,debit,m3/h,64.2121,9.43,126.2,normal,94.0,97.0,128,GW-MQTT-01,1.5
2026-04-17 17:46:17,C-118,Compresseur à vis,C-118-SEN-08,pression,pression,bar,4.9424,0.72,9.75,normal,89.4,97.9,5000,GW-Modbus-03,1.1
2026-04-17 17:46:01,V-302,Ventilateur tirage,V-302-SEN-01,accelerometre,accelerometre,mm/s,3.0927,0.37,5.24,normal,91.9,96.0,512,GW-Modbus-03,1.3
2026-04-17 17:46:35,V-302,Ventilateur tirage,V-302-SEN-02,accelerometre,accelerometre,g,0.4831,0.08,1.12,normal,94.2,98.0,128,GW-Modbus-03,0.9
2026-04-17 17:46:25,V-302,Ventilateur tirage,V-302-SEN-03,thermique,thermique,°C,39.5044,5.94,79.98,normal,89.7,95.1,2000,GW-MQTT-01,0.7
2026-04-17 17:46:10,V-302,Ventilateur tirage,V-302-SEN-04,sonde_proximite,sonde_proximite,microns,52.5533,7.92,108.73,normal,92.9,99.8,1000,GW-MQTT-01,1.4
2026-04-17 17:46:04,V-302,Ventilateur tirage,V-302-SEN-05,ultrason,ultrason,dB,43.2402,5.54,75.17,normal,95.1,97.9,5000,GW-MQTT-01,1.9
2026-04-17 17:46:16,V-302,Ventilateur tirage,V-302-SEN-06,courant,courant,A,112.8403,15.84,212.77,normal,93.3,95.5,1000,GW-OPCUA-02,1.7
2026-04-17 17:46:02,V-302,Ventilateur tirage,V-302-SEN-07,debit,debit,m3/h,74.7643,11.22,150.07,normal,90.3,100.2,1000,GW-OPCUA-02,1.1
2026-04-17 17:46:46,V-302,Ventilateur tirage,V-302-SEN-08,pression,pression,bar,6.0968,0.86,11.6,normal,91.8,95.3,256,GW-MQTT-01,1.6
2026-04-17 17:46:33,M-019,Moteur électrique 400kW,M-019-SEN-01,accelerometre,accelerometre,mm/s,3.0355,0.43,6.08,normal,90.8,96.9,512,GW-OPCUA-02,0.6
2026-04-17 17:46:31,M-019,Moteur électrique 400kW,M-019-SEN-02,accelerometre,accelerometre,g,0.4797,0.09,1.3,normal,89.2,95.8,256,GW-OPCUA-02,0.7
2026-04-17 17:46:20,M-019,Moteur électrique 400kW,M-019-SEN-03,thermique,thermique,°C,42.1345,6.88,92.71,normal,89.2,95.2,512,GW-MQTT-01,1.1
2026-04-17 17:46:51,M-019,Moteur électrique 400kW,M-019-SEN-04,sonde_proximite,sonde_proximite,microns,80.3919,9.18,126.03,normal,89.5,98.6,512,GW-OPCUA-02,0.6
2026-04-17 17:46:56,M-019,Moteur électrique 400kW,M-019-SEN-05,ultrason,ultrason,dB,46.1824,6.43,87.13,normal,94.1,96.9,1000,GW-Modbus-03,0.6
2026-04-17 17:46:30,M-019,Moteur électrique 400kW,M-019-SEN-06,courant,courant,A,108.6054,18.36,246.62,normal,88.9,98.4,128,GW-Modbus-03,1.5
2026-04-17 17:46:09,M-019,Moteur électrique 400kW,M-019-SEN-07,debit,debit,m3/h,90.6267,13.01,173.94,normal,90.3,95.6,128,GW-Modbus-03,1.0
2026-04-17 17:46:30,M-019,Moteur électrique 400kW,M-019-SEN-08,pression,pression,bar,6.8441,0.99,13.44,normal,94.8,98.7,2000,GW-Modbus-03,2.0
2026-04-17 17:46:15,R-077,Réducteur convoyeur,R-077-SEN-01,accelerometre,accelerometre,mm/s,3.2076,0.49,6.91,normal,86.9,95.6,1000,GW-MQTT-01,1.4
2026-04-17 17:46:08,R-077,Réducteur convoyeur,R-077-SEN-02,accelerometre,accelerometre,g,0.8394,0.1,1.47,normal,89.8,92.7,256,GW-Modbus-03,0.5
2026-04-17 17:46:11,R-077,Réducteur convoyeur,R-077-SEN-03,thermique,thermique,°C,52.8074,7.83,105.43,normal,87.6,96.1,128,GW-OPCUA-02,0.6
2026-04-17 17:46:37,R-077,Réducteur convoyeur,R-077-SEN-04,sonde_proximite,sonde_proximite,microns,64.6693,10.44,143.33,normal,88.4,93.8,128,GW-MQTT-01,0.7
2026-04-17 17:46:20,R-077,Réducteur convoyeur,R-077-SEN-05,ultrason,ultrason,dB,42.6513,7.31,99.09,normal,87.3,97.7,128,GW-OPCUA-02,1.6
2026-04-17 17:46:50,R-077,Réducteur convoyeur,R-077-SEN-06,courant,courant,A,143.848,20.88,280.46,normal,95.2,94.4,2000,GW-MQTT-01,0.8
2026-04-17 17:46:19,R-077,Réducteur convoyeur,R-077-SEN-07,debit,debit,m3/h,95.6578,14.79,197.82,normal,94.9,98.1,5000,GW-Modbus-03,0.9
2026-04-17 17:46:05,R-077,Réducteur convoyeur,R-077-SEN-08,pression,pression,bar,7.4695,1.13,15.29,normal,87.9,95.3,5000,GW-Modbus-03,0.8
2026-04-17 17:46:44,P-311,Pompe centrifuge BP,P-311-SEN-01,accelerometre,accelerometre,mm/s,4.1234,0.55,7.74,normal,95.0,98.4,1000,GW-Modbus-03,1.5
2026-04-17 17:46:04,P-311,Pompe centrifuge BP,P-311-SEN-02,accelerometre,accelerometre,g,0.718,0.12,1.65,normal,88.8,99.9,1000,GW-MQTT-01,1.1
2026-04-17 17:46:14,P-311,Pompe centrifuge BP,P-311-SEN-03,thermique,thermique,°C,61.0577,8.78,118.16,normal,87.6,98.8,256,GW-MQTT-01,1.1
2026-04-17 17:46:32,P-311,Pompe centrifuge BP,P-311-SEN-04,sonde_proximite,sonde_proximite,microns,86.1908,11.7,160.63,normal,89.4,96.6,512,GW-Modbus-03,1.4
2026-04-17 17:46:15,P-311,Pompe centrifuge BP,P-311-SEN-05,ultrason,ultrason,dB,59.5629,8.19,111.05,normal,86.7,97.9,256,GW-Modbus-03,1.2
2026-04-17 17:46:03,P-311,Pompe centrifuge BP,P-311-SEN-06,courant,courant,A,147.101,23.4,314.31,normal,90.4,95.3,2000,GW-Modbus-03,1.1
2026-04-17 17:46:56,P-311,Pompe centrifuge BP,P-311-SEN-07,debit,debit,m3/h,118.4699,16.57,221.69,normal,92.2,99.4,256,GW-Modbus-03,0.8
2026-04-17 17:46:33,P-311,Pompe centrifuge BP,P-311-SEN-08,pression,pression,bar,8.3784,1.27,17.13,normal,90.4,97.6,256,GW-OPCUA-02,1.3
2026-04-17 18:56:13,P-204,Pompe centrifuge HP,P-204-SEN-01,accelerometre,accelerometre,mm/s,1.9965,0.25,3.58,normal,95.0,96.1,2000,GW-Modbus-03,1.4
2026-04-17 18:56:12,P-204,Pompe centrifuge HP,P-204-SEN-02,accelerometre,accelerometre,g,0.3556,0.05,0.76,normal,87.5,96.8,5000,GW-MQTT-01,0.5
2026-04-17 18:56:11,P-204,Pompe centrifuge HP,P-204-SEN-03,thermique,thermique,°C,28.8964,4.05,54.54,normal,91.7,98.1,256,GW-OPCUA-02,1.0
2026-04-17 18:56:46,P-204,Pompe centrifuge HP,P-204-SEN-04,sonde_proximite,sonde_proximite,microns,54.4832,5.4,74.16,normal,89.1,96.6,256,GW-Modbus-03,0.9
2026-04-17 18:56:10,P-204,Pompe centrifuge HP,P-204-SEN-05,ultrason,ultrason,dB,31.9901,3.78,51.26,normal,94.7,99.5,1000,GW-OPCUA-02,1.3
2026-04-17 18:56:36,P-204,Pompe centrifuge HP,P-204-SEN-06,courant,courant,A,70.5802,10.8,145.08,normal,88.0,96.6,512,GW-OPCUA-02,1.1
2026-04-17 18:56:39,P-204,Pompe centrifuge HP,P-204-SEN-07,debit,debit,m3/h,55.9038,7.65,102.32,normal,87.0,97.3,256,GW-MQTT-01,1.7
2026-04-17 18:56:50,P-204,Pompe centrifuge HP,P-204-SEN-08,pression,pression,bar,4.5456,0.58,7.91,normal,88.6,96.6,5000,GW-MQTT-01,1.7
2026-04-17 18:56:25,C-118,Compresseur à vis,C-118-SEN-01,accelerometre,accelerometre,mm/s,2.5922,0.31,4.41,normal,86.9,96.8,1000,GW-Modbus-03,1.5
2026-04-17 18:56:54,C-118,Compresseur à vis,C-118-SEN-02,accelerometre,accelerometre,g,0.5059,0.07,0.94,normal,89.4,99.7,256,GW-MQTT-01,1.0
2026-04-17 18:56:48,C-118,Compresseur à vis,C-118-SEN-03,thermique,thermique,°C,34.3387,4.99,67.27,normal,89.8,99.0,128,GW-Modbus-03,1.4
2026-04-17 18:56:57,C-118,Compresseur à vis,C-118-SEN-04,sonde_proximite,sonde_proximite,microns,50.4292,6.66,91.46,normal,92.6,98.4,512,GW-OPCUA-02,1.2
2026-04-17 18:56:27,C-118,Compresseur à vis,C-118-SEN-05,ultrason,ultrason,dB,26.3789,4.66,63.23,normal,91.0,98.0,5000,GW-MQTT-01,1.0
2026-04-17 18:56:29,C-118,Compresseur à vis,C-118-SEN-06,courant,courant,A,84.4785,13.32,178.93,normal,90.1,99.6,128,GW-Modbus-03,1.4
2026-04-17 18:56:06,C-118,Compresseur à vis,C-118-SEN-07,debit,debit,m3/h,65.1204,9.43,126.2,normal,94.9,96.5,256,GW-Modbus-03,1.1
2026-04-17 18:56:43,C-118,Compresseur à vis,C-118-SEN-08,pression,pression,bar,4.9975,0.72,9.75,normal,91.2,98.1,1000,GW-Modbus-03,1.3
2026-04-17 18:56:30,V-302,Ventilateur tirage,V-302-SEN-01,accelerometre,accelerometre,mm/s,3.1581,0.37,5.24,normal,87.4,96.3,256,GW-MQTT-01,0.6
2026-04-17 18:56:16,V-302,Ventilateur tirage,V-302-SEN-02,accelerometre,accelerometre,g,0.6266,0.08,1.12,normal,90.8,96.8,512,GW-MQTT-01,1.0
2026-04-17 18:56:04,V-302,Ventilateur tirage,V-302-SEN-03,thermique,thermique,°C,40.2864,5.94,79.99,normal,86.7,97.3,2000,GW-OPCUA-02,1.3
2026-04-17 18:56:40,V-302,Ventilateur tirage,V-302-SEN-04,sonde_proximite,sonde_proximite,microns,39.1021,7.92,108.77,normal,92.2,98.9,1000,GW-Modbus-03,1.5
2026-04-17 18:56:30,V-302,Ventilateur tirage,V-302-SEN-05,ultrason,ultrason,dB,33.3889,5.54,75.19,normal,89.5,95.7,256,GW-MQTT-01,1.7
2026-04-17 18:56:05,V-302,Ventilateur tirage,V-302-SEN-06,courant,courant,A,106.3439,15.84,212.78,normal,93.0,97.3,1000,GW-Modbus-03,0.8
2026-04-17 18:56:49,V-302,Ventilateur tirage,V-302-SEN-07,debit,debit,m3/h,76.482,11.22,150.08,normal,89.1,97.5,1000,GW-OPCUA-02,1.3
2026-04-17 18:56:03,V-302,Ventilateur tirage,V-302-SEN-08,pression,pression,bar,5.933,0.86,11.6,normal,92.5,96.2,1000,GW-Modbus-03,1.4
2026-04-17 18:56:58,M-019,Moteur électrique 400kW,M-019-SEN-01,accelerometre,accelerometre,mm/s,3.537,0.43,6.08,normal,89.0,96.3,128,GW-MQTT-01,1.2
2026-04-17 18:56:21,M-019,Moteur électrique 400kW,M-019-SEN-02,accelerometre,accelerometre,g,0.5366,0.09,1.3,normal,93.4,100.9,256,GW-OPCUA-02,1.1
2026-04-17 18:56:45,M-019,Moteur électrique 400kW,M-019-SEN-03,thermique,thermique,°C,45.4554,6.88,92.72,normal,87.3,99.6,2000,GW-Modbus-03,1.1
2026-04-17 18:56:53,M-019,Moteur électrique 400kW,M-019-SEN-04,sonde_proximite,sonde_proximite,microns,74.22,9.18,126.07,normal,86.6,96.1,2000,GW-Modbus-03,1.5
2026-04-17 18:56:55,M-019,Moteur électrique 400kW,M-019-SEN-05,ultrason,ultrason,dB,41.2902,6.43,87.15,normal,89.4,98.8,1000,GW-MQTT-01,0.9
2026-04-17 18:56:48,M-019,Moteur électrique 400kW,M-019-SEN-06,courant,courant,A,123.4413,18.36,246.64,normal,94.5,95.6,5000,GW-Modbus-03,0.8
2026-04-17 18:56:53,M-019,Moteur électrique 400kW,M-019-SEN-07,debit,debit,m3/h,84.3467,13.01,173.95,normal,89.3,96.5,1000,GW-Modbus-03,0.8
2026-04-17 18:56:17,M-019,Moteur électrique 400kW,M-019-SEN-08,pression,pression,bar,6.8686,0.99,13.44,normal,92.7,99.7,512,GW-Modbus-03,1.5
2026-04-17 18:56:18,R-077,Réducteur convoyeur,R-077-SEN-01,accelerometre,accelerometre,mm/s,4.1634,0.49,6.91,normal,94.9,95.0,128,GW-MQTT-01,1.1
2026-04-17 18:56:42,R-077,Réducteur convoyeur,R-077-SEN-02,accelerometre,accelerometre,g,0.7554,0.1,1.48,normal,92.6,101.3,5000,GW-OPCUA-02,1.4
2026-04-17 18:56:41,R-077,Réducteur convoyeur,R-077-SEN-03,thermique,thermique,°C,54.3131,7.83,105.44,normal,88.0,94.6,5000,GW-Modbus-03,1.3
2026-04-17 18:56:04,R-077,Réducteur convoyeur,R-077-SEN-04,sonde_proximite,sonde_proximite,microns,73.1119,10.44,143.38,normal,94.8,98.5,128,GW-OPCUA-02,1.2
2026-04-17 18:56:55,R-077,Réducteur convoyeur,R-077-SEN-05,ultrason,ultrason,dB,51.5775,7.31,99.11,normal,87.7,94.5,256,GW-MQTT-01,1.1
2026-04-17 18:56:23,R-077,Réducteur convoyeur,R-077-SEN-06,courant,courant,A,140.8718,20.88,280.49,normal,94.8,97.7,1000,GW-OPCUA-02,1.1
2026-04-17 18:56:45,R-077,Réducteur convoyeur,R-077-SEN-07,debit,debit,m3/h,97.653,14.79,197.83,normal,94.2,96.4,2000,GW-Modbus-03,2.1
2026-04-17 18:56:39,R-077,Réducteur convoyeur,R-077-SEN-08,pression,pression,bar,7.313,1.13,15.29,normal,93.8,95.1,1000,GW-MQTT-01,1.1
2026-04-17 18:56:41,P-311,Pompe centrifuge BP,P-311-SEN-01,accelerometre,accelerometre,mm/s,3.6871,0.55,7.75,normal,91.1,99.3,128,GW-MQTT-01,0.5
2026-04-17 18:56:22,P-311,Pompe centrifuge BP,P-311-SEN-02,accelerometre,accelerometre,g,0.931,0.12,1.65,normal,91.5,95.5,5000,GW-OPCUA-02,1.0
2026-04-17 18:56:40,P-311,Pompe centrifuge BP,P-311-SEN-03,thermique,thermique,°C,61.1818,8.78,118.17,normal,88.8,95.7,5000,GW-MQTT-01,0.7
2026-04-17 18:56:41,P-311,Pompe centrifuge BP,P-311-SEN-04,sonde_proximite,sonde_proximite,microns,83.9512,11.7,160.68,normal,93.3,96.6,1000,GW-MQTT-01,1.4
2026-04-17 18:56:28,P-311,Pompe centrifuge BP,P-311-SEN-05,ultrason,ultrason,dB,53.9554,8.19,111.07,normal,92.4,96.9,512,GW-Modbus-03,1.3
2026-04-17 18:56:07,P-311,Pompe centrifuge BP,P-311-SEN-06,courant,courant,A,164.0169,23.4,314.34,normal,86.7,96.4,5000,GW-Modbus-03,1.5
2026-04-17 18:56:55,P-311,Pompe centrifuge BP,P-311-SEN-07,debit,debit,m3/h,111.5873,16.57,221.7,normal,89.5,100.1,5000,GW-OPCUA-02,0.4
2026-04-17 18:56:06,P-311,Pompe centrifuge BP,P-311-SEN-08,pression,pression,bar,9.1932,1.27,17.13,normal,92.3,98.1,256,GW-OPCUA-02,0.9
2026-04-17 19:37:33,P-204,Pompe centrifuge HP,P-204-SEN-01,accelerometre,accelerometre,mm/s,1.6539,0.25,3.58,normal,92.2,97.2,2000,GW-Modbus-03,0.8
2026-04-17 19:37:32,P-204,Pompe centrifuge HP,P-204-SEN-02,accelerometre,accelerometre,g,0.3415,0.05,0.76,normal,94.1,99.7,1000,GW-Modbus-03,1.2
2026-04-17 19:37:36,P-204,Pompe centrifuge HP,P-204-SEN-03,thermique,thermique,°C,28.5845,4.05,54.55,normal,87.5,94.6,5000,GW-Modbus-03,1.8
2026-04-17 19:37:09,P-204,Pompe centrifuge HP,P-204-SEN-04,sonde_proximite,sonde_proximite,microns,26.0274,5.4,74.18,normal,92.4,98.1,5000,GW-Modbus-03,0.9
2026-04-17 19:37:13,P-204,Pompe centrifuge HP,P-204-SEN-05,ultrason,ultrason,dB,24.3878,3.78,51.27,normal,90.1,96.2,128,GW-Modbus-03,1.6
2026-04-17 19:37:14,P-204,Pompe centrifuge HP,P-204-SEN-06,courant,courant,A,60.341,10.8,145.09,normal,94.5,100.1,128,GW-OPCUA-02,0.6
2026-04-17 19:37:18,P-204,Pompe centrifuge HP,P-204-SEN-07,debit,debit,m3/h,49.0914,7.65,102.33,normal,94.6,93.1,1000,GW-Modbus-03,1.9
2026-04-17 19:37:35,P-204,Pompe centrifuge HP,P-204-SEN-08,pression,pression,bar,4.0273,0.58,7.91,normal,92.5,98.5,128,GW-MQTT-01,1.2
2026-04-17 19:37:31,C-118,Compresseur à vis,C-118-SEN-01,accelerometre,accelerometre,mm/s,1.9454,0.31,4.41,normal,93.1,100.7,2000,GW-Modbus-03,0.6
2026-04-17 19:37:46,C-118,Compresseur à vis,C-118-SEN-02,accelerometre,accelerometre,g,0.4749,0.07,0.94,normal,93.0,95.9,2000,GW-OPCUA-02,0.5
2026-04-17 19:37:18,C-118,Compresseur à vis,C-118-SEN-03,thermique,thermique,°C,35.0646,4.99,67.27,normal,95.4,96.7,256,GW-MQTT-01,1.7
2026-04-17 19:37:31,C-118,Compresseur à vis,C-118-SEN-04,sonde_proximite,sonde_proximite,microns,39.1399,6.66,91.49,normal,88.4,94.0,2000,GW-OPCUA-02,1.4
2026-04-17 19:37:25,C-118,Compresseur à vis,C-118-SEN-05,ultrason,ultrason,dB,29.743,4.66,63.24,normal,90.0,97.0,5000,GW-Modbus-03,1.2
2026-04-17 19:37:54,C-118,Compresseur à vis,C-118-SEN-06,courant,courant,A,98.748,13.32,178.95,normal,94.1,98.0,128,GW-MQTT-01,1.1
2026-04-17 19:37:50,C-118,Compresseur à vis,C-118-SEN-07,debit,debit,m3/h,66.8046,9.43,126.2,normal,91.5,95.9,5000,GW-Modbus-03,0.8
2026-04-17 19:37:28,C-118,Compresseur à vis,C-118-SEN-08,pression,pression,bar,4.9301,0.72,9.75,normal,95.0,98.1,1000,GW-OPCUA-02,1.3
2026-04-17 19:37:50,V-302,Ventilateur tirage,V-302-SEN-01,accelerometre,accelerometre,mm/s,2.6286,0.37,5.25,normal,86.9,96.1,256,GW-Modbus-03,1.0
2026-04-17 19:37:40,V-302,Ventilateur tirage,V-302-SEN-02,accelerometre,accelerometre,g,0.6172,0.08,1.12,normal,92.3,94.5,512,GW-OPCUA-02,2.1
2026-04-17 19:37:56,V-302,Ventilateur tirage,V-302-SEN-03,thermique,thermique,°C,40.2075,5.94,80.0,normal,94.6,100.4,256,GW-MQTT-01,0.9
2026-04-17 19:37:49,V-302,Ventilateur tirage,V-302-SEN-04,sonde_proximite,sonde_proximite,microns,74.4232,7.92,108.8,normal,93.9,98.0,5000,GW-Modbus-03,1.3
2026-04-17 19:37:31,V-302,Ventilateur tirage,V-302-SEN-05,ultrason,ultrason,dB,31.6125,5.54,75.2,normal,91.8,99.2,1000,GW-Modbus-03,1.2
2026-04-17 19:37:24,V-302,Ventilateur tirage,V-302-SEN-06,courant,courant,A,97.3608,15.84,212.8,normal,91.1,96.1,1000,GW-OPCUA-02,1.2
2026-04-17 19:37:17,V-302,Ventilateur tirage,V-302-SEN-07,debit,debit,m3/h,75.9187,11.22,150.08,normal,88.6,97.4,128,GW-Modbus-03,0.6
2026-04-17 19:37:16,V-302,Ventilateur tirage,V-302-SEN-08,pression,pression,bar,5.7259,0.86,11.6,normal,91.6,96.9,5000,GW-Modbus-03,1.8
2026-04-17 19:37:39,M-019,Moteur électrique 400kW,M-019-SEN-01,accelerometre,accelerometre,mm/s,3.3919,0.43,6.08,normal,86.7,99.5,2000,GW-MQTT-01,0.7
2026-04-17 19:37:52,M-019,Moteur électrique 400kW,M-019-SEN-02,accelerometre,accelerometre,g,0.5837,0.09,1.3,normal,91.0,99.9,2000,GW-OPCUA-02,1.2
2026-04-17 19:37:32,M-019,Moteur électrique 400kW,M-019-SEN-03,thermique,thermique,°C,47.2267,6.88,92.73,normal,88.3,95.2,128,GW-MQTT-01,1.5
2026-04-17 19:37:47,M-019,Moteur électrique 400kW,M-019-SEN-04,sonde_proximite,sonde_proximite,microns,57.6938,9.18,126.11,normal,90.5,98.6,2000,GW-OPCUA-02,1.3
2026-04-17 19:37:31,M-019,Moteur électrique 400kW,M-019-SEN-05,ultrason,ultrason,dB,39.9411,6.43,87.17,normal,92.1,95.8,5000,GW-MQTT-01,0.4
2026-04-17 19:37:18,M-019,Moteur électrique 400kW,M-019-SEN-06,courant,courant,A,109.2915,18.36,246.66,normal,90.7,98.3,1000,GW-Modbus-03,1.4
2026-04-17 19:37:39,M-019,Moteur électrique 400kW,M-019-SEN-07,debit,debit,m3/h,80.3926,13.01,173.96,normal,89.4,96.6,2000,GW-Modbus-03,0.7
2026-04-17 19:37:30,M-019,Moteur électrique 400kW,M-019-SEN-08,pression,pression,bar,6.4529,0.99,13.45,normal,94.9,95.1,2000,GW-OPCUA-02,1.2
2026-04-17 19:37:44,R-077,Réducteur convoyeur,R-077-SEN-01,accelerometre,accelerometre,mm/s,3.409,0.49,6.92,normal,95.2,96.5,512,GW-MQTT-01,1.0
2026-04-17 19:37:20,R-077,Réducteur convoyeur,R-077-SEN-02,accelerometre,accelerometre,g,0.6983,0.1,1.48,normal,86.5,96.0,2000,GW-OPCUA-02,1.5
2026-04-17 19:37:37,R-077,Réducteur convoyeur,R-077-SEN-03,thermique,thermique,°C,53.6741,7.83,105.46,normal,90.1,94.7,5000,GW-MQTT-01,0.9
2026-04-17 19:37:42,R-077,Réducteur convoyeur,R-077-SEN-04,sonde_proximite,sonde_proximite,microns,76.4435,10.44,143.42,normal,87.6,97.1,1000,GW-Modbus-03,1.4
2026-04-17 19:37:15,R-077,Réducteur convoyeur,R-077-SEN-05,ultrason,ultrason,dB,49.2225,7.31,99.13,normal,91.0,98.0,1000,GW-MQTT-01,1.4
2026-04-17 19:37:23,R-077,Réducteur convoyeur,R-077-SEN-06,courant,courant,A,139.9563,20.88,280.51,normal,87.6,98.8,256,GW-OPCUA-02,1.6
2026-04-17 19:37:00,R-077,Réducteur convoyeur,R-077-SEN-07,debit,debit,m3/h,93.9463,14.79,197.83,normal,91.4,96.3,256,GW-Modbus-03,1.8
2026-04-17 19:37:09,R-077,Réducteur convoyeur,R-077-SEN-08,pression,pression,bar,7.372,1.13,15.29,normal,89.7,94.7,256,GW-Modbus-03,1.3
2026-04-17 19:37:30,P-311,Pompe centrifuge BP,P-311-SEN-01,accelerometre,accelerometre,mm/s,3.6238,0.55,7.75,normal,91.2,103.7,256,GW-MQTT-01,1.0
2026-04-17 19:37:47,P-311,Pompe centrifuge BP,P-311-SEN-02,accelerometre,accelerometre,g,0.8377,0.12,1.65,normal,92.7,96.6,512,GW-Modbus-03,1.2
2026-04-17 19:37:45,P-311,Pompe centrifuge BP,P-311-SEN-03,thermique,thermique,°C,60.7531,8.78,118.18,normal,86.4,98.4,256,GW-Modbus-03,1.9
2026-04-17 19:37:34,P-311,Pompe centrifuge BP,P-311-SEN-04,sonde_proximite,sonde_proximite,microns,72.7083,11.7,160.73,normal,92.3,95.4,1000,GW-OPCUA-02,1.1
2026-04-17 19:37:24,P-311,Pompe centrifuge BP,P-311-SEN-05,ultrason,ultrason,dB,53.4096,8.19,111.09,normal,94.1,95.5,128,GW-OPCUA-02,1.1
2026-04-17 19:37:45,P-311,Pompe centrifuge BP,P-311-SEN-06,courant,courant,A,156.1997,23.4,314.37,normal,89.0,99.8,128,GW-Modbus-03,0.6
2026-04-17 19:37:18,P-311,Pompe centrifuge BP,P-311-SEN-07,debit,debit,m3/h,119.1548,16.57,221.71,normal,89.3,99.4,2000,GW-OPCUA-02,1.3
2026-04-17 19:37:27,P-311,Pompe centrifuge BP,P-311-SEN-08,pression,pression,bar,7.5027,1.27,17.14,normal,88.6,97.8,1000,GW-OPCUA-02,1.4
2026-04-17 20:04:07,P-204,Pompe centrifuge HP,P-204-SEN-01,accelerometre,accelerometre,mm/s,1.4249,0.25,3.58,normal,87.6,96.3,128,GW-OPCUA-02,0.7
2026-04-17 20:04:19,P-204,Pompe centrifuge HP,P-204-SEN-02,accelerometre,accelerometre,g,0.353,0.05,0.76,normal,88.5,99.1,2000,GW-MQTT-01,1.6
2026-04-17 20:04:32,P-204,Pompe centrifuge HP,P-204-SEN-03,thermique,thermique,°C,27.2525,4.05,54.55,normal,88.8,98.7,5000,GW-MQTT-01,1.1
2026-04-17 20:04:31,P-204,Pompe centrifuge HP,P-204-SEN-04,sonde_proximite,sonde_proximite,microns,28.5453,5.4,74.21,normal,94.2,97.5,256,GW-MQTT-01,1.7
2026-04-17 20:04:23,P-204,Pompe centrifuge HP,P-204-SEN-05,ultrason,ultrason,dB,30.5275,3.78,51.28,normal,94.8,97.2,512,GW-OPCUA-02,2.0
2026-04-17 20:04:54,P-204,Pompe centrifuge HP,P-204-SEN-06,courant,courant,A,79.0722,10.8,145.1,normal,89.4,101.8,2000,GW-MQTT-01,1.0
2026-04-17 20:04:24,P-204,Pompe centrifuge HP,P-204-SEN-07,debit,debit,m3/h,48.4737,7.65,102.33,normal,91.8,99.3,256,GW-OPCUA-02,0.7
2026-04-17 20:04:58,P-204,Pompe centrifuge HP,P-204-SEN-08,pression,pression,bar,3.8963,0.58,7.91,normal,95.1,101.2,512,GW-Modbus-03,0.7
2026-04-17 20:04:46,C-118,Compresseur à vis,C-118-SEN-01,accelerometre,accelerometre,mm/s,2.3462,0.31,4.42,normal,92.2,99.0,512,GW-OPCUA-02,1.5
2026-04-17 20:04:15,C-118,Compresseur à vis,C-118-SEN-02,accelerometre,accelerometre,g,0.4105,0.07,0.94,normal,90.8,95.5,512,GW-MQTT-01,0.9
2026-04-17 20:04:04,C-118,Compresseur à vis,C-118-SEN-03,thermique,thermique,°C,32.2598,4.99,67.28,normal,94.6,101.1,5000,GW-MQTT-01,1.3
2026-04-17 20:04:00,C-118,Compresseur à vis,C-118-SEN-04,sonde_proximite,sonde_proximite,microns,42.4077,6.66,91.52,normal,91.6,100.2,128,GW-OPCUA-02,1.7
2026-04-17 20:04:56,C-118,Compresseur à vis,C-118-SEN-05,ultrason,ultrason,dB,30.7606,4.66,63.25,normal,94.7,96.2,5000,GW-MQTT-01,1.1
2026-04-17 20:04:34,C-118,Compresseur à vis,C-118-SEN-06,courant,courant,A,86.5092,13.32,178.96,normal,88.0,92.0,1000,GW-OPCUA-02,1.6
2026-04-17 20:04:56,C-118,Compresseur à vis,C-118-SEN-07,debit,debit,m3/h,61.2327,9.43,126.21,normal,88.7,98.2,512,GW-Modbus-03,1.0
2026-04-17 20:04:39,C-118,Compresseur à vis,C-118-SEN-08,pression,pression,bar,4.7847,0.72,9.76,normal,88.4,99.2,512,GW-MQTT-01,1.4
2026-04-17 20:04:38,V-302,Ventilateur tirage,V-302-SEN-01,accelerometre,accelerometre,mm/s,3.1324,0.37,5.25,normal,95.1,99.1,1000,GW-MQTT-01,1.6
2026-04-17 20:04:22,V-302,Ventilateur tirage,V-302-SEN-02,accelerometre,accelerometre,g,0.4714,0.08,1.12,normal,92.8,97.1,256,GW-MQTT-01,1.8
2026-04-17 20:04:53,V-302,Ventilateur tirage,V-302-SEN-03,thermique,thermique,°C,40.6096,5.94,80.01,normal,88.0,100.4,512,GW-OPCUA-02,0.8
2026-04-17 20:04:44,V-302,Ventilateur tirage,V-302-SEN-04,sonde_proximite,sonde_proximite,microns,58.5745,7.92,108.84,normal,90.0,97.2,1000,GW-OPCUA-02,1.4
2026-04-17 20:04:30,V-302,Ventilateur tirage,V-302-SEN-05,ultrason,ultrason,dB,35.6918,5.54,75.22,normal,91.0,94.8,2000,GW-Modbus-03,1.5
2026-04-17 20:04:28,V-302,Ventilateur tirage,V-302-SEN-06,courant,courant,A,93.1402,15.84,212.82,normal,92.4,97.5,5000,GW-MQTT-01,1.4
2026-04-17 20:04:33,V-302,Ventilateur tirage,V-302-SEN-07,debit,debit,m3/h,85.6011,11.22,150.09,normal,87.8,99.8,512,GW-Modbus-03,1.3
2026-04-17 20:04:05,V-302,Ventilateur tirage,V-302-SEN-08,pression,pression,bar,6.7457,0.86,11.6,normal,86.3,94.6,1000,GW-OPCUA-02,0.8
2026-04-17 20:04:41,M-019,Moteur électrique 400kW,M-019-SEN-01,accelerometre,accelerometre,mm/s,2.9935,0.43,6.09,normal,92.4,96.8,512,GW-OPCUA-02,1.0
2026-04-17 20:04:33,M-019,Moteur électrique 400kW,M-019-SEN-02,accelerometre,accelerometre,g,0.5747,0.09,1.3,normal,94.0,101.0,512,GW-OPCUA-02,0.8
2026-04-17 20:04:18,M-019,Moteur électrique 400kW,M-019-SEN-03,thermique,thermique,°C,48.7465,6.88,92.74,normal,91.3,97.9,1000,GW-Modbus-03,0.9
2026-04-17 20:04:10,M-019,Moteur électrique 400kW,M-019-SEN-04,sonde_proximite,sonde_proximite,microns,63.8983,9.18,126.15,normal,88.5,97.4,5000,GW-MQTT-01,0.4
2026-04-17 20:04:05,M-019,Moteur électrique 400kW,M-019-SEN-05,ultrason,ultrason,dB,44.0817,6.43,87.18,normal,86.3,96.1,128,GW-OPCUA-02,1.1
2026-04-17 20:04:19,M-019,Moteur électrique 400kW,M-019-SEN-06,courant,courant,A,121.7373,18.36,246.68,normal,90.2,98.3,5000,GW-Modbus-03,1.7
2026-04-17 20:04:11,M-019,Moteur électrique 400kW,M-019-SEN-07,debit,debit,m3/h,89.9052,13.01,173.96,normal,92.3,98.5,128,GW-Modbus-03,1.3
2026-04-17 20:04:36,M-019,Moteur électrique 400kW,M-019-SEN-08,pression,pression,bar,6.6466,0.99,13.45,normal,88.2,100.2,5000,GW-MQTT-01,1.3
2026-04-17 20:04:49,R-077,Réducteur convoyeur,R-077-SEN-01,accelerometre,accelerometre,mm/s,3.642,0.49,6.92,normal,93.1,96.9,512,GW-Modbus-03,0.7
2026-04-17 20:04:33,R-077,Réducteur convoyeur,R-077-SEN-02,accelerometre,accelerometre,g,0.7138,0.1,1.48,normal,91.9,97.4,128,GW-Modbus-03,1.7
2026-04-17 20:04:33,R-077,Réducteur convoyeur,R-077-SEN-03,thermique,thermique,°C,50.8868,7.83,105.47,normal,88.7,93.7,2000,GW-MQTT-01,1.5
2026-04-17 20:04:23,R-077,Réducteur convoyeur,R-077-SEN-04,sonde_proximite,sonde_proximite,microns,83.8364,10.44,143.47,normal,90.4,98.8,1000,GW-Modbus-03,1.5
2026-04-17 20:04:10,R-077,Réducteur convoyeur,R-077-SEN-05,ultrason,ultrason,dB,47.4129,7.31,99.15,normal,94.3,98.8,5000,GW-Modbus-03,1.1
2026-04-17 20:04:56,R-077,Réducteur convoyeur,R-077-SEN-06,courant,courant,A,148.2338,20.88,280.53,normal,89.3,94.1,2000,GW-MQTT-01,1.4
2026-04-17 20:04:23,R-077,Réducteur convoyeur,R-077-SEN-07,debit,debit,m3/h,106.6437,14.79,197.84,normal,91.1,101.2,512,GW-MQTT-01,1.3
2026-04-17 20:04:11,R-077,Réducteur convoyeur,R-077-SEN-08,pression,pression,bar,8.2158,1.13,15.29,normal,93.5,95.1,1000,GW-OPCUA-02,1.3
2026-04-17 20:04:30,P-311,Pompe centrifuge BP,P-311-SEN-01,accelerometre,accelerometre,mm/s,3.8414,0.55,7.76,normal,92.2,96.5,2000,GW-OPCUA-02,0.9
2026-04-17 20:04:08,P-311,Pompe centrifuge BP,P-311-SEN-02,accelerometre,accelerometre,g,0.6813,0.12,1.66,normal,91.5,97.8,128,GW-OPCUA-02,1.5
2026-04-17 20:04:19,P-311,Pompe centrifuge BP,P-311-SEN-03,thermique,thermique,°C,60.3457,8.78,118.2,normal,95.1,95.4,256,GW-OPCUA-02,1.4
2026-04-17 20:04:29,P-311,Pompe centrifuge BP,P-311-SEN-04,sonde_proximite,sonde_proximite,microns,79.7761,11.7,160.78,normal,91.3,97.1,2000,GW-OPCUA-02,0.9
2026-04-17 20:04:54,P-311,Pompe centrifuge BP,P-311-SEN-05,ultrason,ultrason,dB,56.5338,8.19,111.11,normal,94.5,95.7,5000,GW-Modbus-03,2.0
2026-04-17 20:04:03,P-311,Pompe centrifuge BP,P-311-SEN-06,courant,courant,A,143.6888,23.4,314.39,normal,86.9,97.4,128,GW-OPCUA-02,1.6
2026-04-17 20:04:20,P-311,Pompe centrifuge BP,P-311-SEN-07,debit,debit,m3/h,104.6787,16.57,221.72,normal,92.5,95.3,2000,GW-Modbus-03,0.8
2026-04-17 20:04:45,P-311,Pompe centrifuge BP,P-311-SEN-08,pression,pression,bar,9.0764,1.27,17.14,normal,93.3,96.7,128,GW-OPCUA-02,0.8
2026-04-17 21:29:03,P-204,Pompe centrifuge HP,P-204-SEN-01,accelerometre,accelerometre,mm/s,1.8044,0.25,3.58,normal,92.2,97.0,128,GW-MQTT-01,1.0
2026-04-17 21:29:22,P-204,Pompe centrifuge HP,P-204-SEN-02,accelerometre,accelerometre,g,0.4875,0.05,0.76,normal,87.1,97.9,1000,GW-OPCUA-02,1.8
2026-04-17 21:29:16,P-204,Pompe centrifuge HP,P-204-SEN-03,thermique,thermique,°C,26.4693,4.05,54.56,normal,88.8,98.1,256,GW-Modbus-03,1.8
2026-04-17 21:29:16,P-204,Pompe centrifuge HP,P-204-SEN-04,sonde_proximite,sonde_proximite,microns,36.7043,5.4,74.23,normal,90.2,97.3,5000,GW-Modbus-03,0.6
2026-04-17 21:29:27,P-204,Pompe centrifuge HP,P-204-SEN-05,ultrason,ultrason,dB,21.3224,3.78,51.29,normal,92.9,100.1,1000,GW-MQTT-01,1.7
2026-04-17 21:29:36,P-204,Pompe centrifuge HP,P-204-SEN-06,courant,courant,A,75.1386,10.8,145.12,normal,88.9,95.6,2000,GW-OPCUA-02,1.6
2026-04-17 21:29:46,P-204,Pompe centrifuge HP,P-204-SEN-07,debit,debit,m3/h,52.0507,7.65,102.33,normal,90.0,99.0,128,GW-OPCUA-02,0.7
2026-04-17 21:29:18,P-204,Pompe centrifuge HP,P-204-SEN-08,pression,pression,bar,3.926,0.58,7.91,normal,93.1,95.2,512,GW-Modbus-03,1.4
2026-04-17 21:29:15,C-118,Compresseur à vis,C-118-SEN-01,accelerometre,accelerometre,mm/s,2.3691,0.31,4.42,normal,88.9,96.7,2000,GW-Modbus-03,1.6
2026-04-17 21:29:13,C-118,Compresseur à vis,C-118-SEN-02,accelerometre,accelerometre,g,0.3999,0.07,0.94,normal,89.1,97.6,1000,GW-Modbus-03,0.6
2026-04-17 21:29:50,C-118,Compresseur à vis,C-118-SEN-03,thermique,thermique,°C,35.8332,4.99,67.29,normal,93.2,97.3,1000,GW-OPCUA-02,1.2
2026-04-17 21:29:36,C-118,Compresseur à vis,C-118-SEN-04,sonde_proximite,sonde_proximite,microns,38.4996,6.66,91.55,normal,93.6,97.4,256,GW-OPCUA-02,0.6
2026-04-17 21:29:12,C-118,Compresseur à vis,C-118-SEN-05,ultrason,ultrason,dB,32.9353,4.66,63.26,normal,93.1,97.9,256,GW-OPCUA-02,0.7
2026-04-17 21:29:13,C-118,Compresseur à vis,C-118-SEN-06,courant,courant,A,70.6106,13.32,178.98,normal,89.6,96.6,256,GW-Modbus-03,0.8
2026-04-17 21:29:15,C-118,Compresseur à vis,C-118-SEN-07,debit,debit,m3/h,61.8475,9.43,126.21,normal,92.5,97.0,256,GW-OPCUA-02,1.0
2026-04-17 21:29:00,C-118,Compresseur à vis,C-118-SEN-08,pression,pression,bar,4.4443,0.72,9.76,normal,90.0,93.6,1000,GW-MQTT-01,0.8
2026-04-17 21:29:10,V-302,Ventilateur tirage,V-302-SEN-01,accelerometre,accelerometre,mm/s,2.5556,0.37,5.26,normal,91.8,95.0,128,GW-OPCUA-02,0.8
2026-04-17 21:29:10,V-302,Ventilateur tirage,V-302-SEN-02,accelerometre,accelerometre,g,0.6452,0.08,1.12,normal,92.4,100.1,2000,GW-Modbus-03,1.5
2026-04-17 21:29:24,V-302,Ventilateur tirage,V-302-SEN-03,thermique,thermique,°C,39.8084,5.94,80.02,normal,91.7,97.8,256,GW-MQTT-01,1.3
2026-04-17 21:29:44,V-302,Ventilateur tirage,V-302-SEN-04,sonde_proximite,sonde_proximite,microns,60.9777,7.92,108.87,normal,86.6,96.5,256,GW-Modbus-03,2.0
2026-04-17 21:29:54,V-302,Ventilateur tirage,V-302-SEN-05,ultrason,ultrason,dB,43.5242,5.54,75.23,normal,90.7,99.2,256,GW-Modbus-03,1.1
2026-04-17 21:29:47,V-302,Ventilateur tirage,V-302-SEN-06,courant,courant,A,81.8867,15.84,212.84,normal,87.2,96.1,2000,GW-Modbus-03,1.1
2026-04-17 21:29:56,V-302,Ventilateur tirage,V-302-SEN-07,debit,debit,m3/h,73.7403,11.22,150.09,normal,91.4,98.5,5000,GW-OPCUA-02,1.2
2026-04-17 21:29:25,V-302,Ventilateur tirage,V-302-SEN-08,pression,pression,bar,6.0732,0.86,11.6,normal,94.7,99.4,256,GW-OPCUA-02,1.2
2026-04-17 21:29:55,M-019,Moteur électrique 400kW,M-019-SEN-01,accelerometre,accelerometre,mm/s,3.0048,0.43,6.09,normal,90.7,95.9,512,GW-MQTT-01,0.9
2026-04-17 21:29:46,M-019,Moteur électrique 400kW,M-019-SEN-02,accelerometre,accelerometre,g,0.528,0.09,1.3,normal,92.5,97.0,512,GW-MQTT-01,1.5
2026-04-17 21:29:28,M-019,Moteur électrique 400kW,M-019-SEN-03,thermique,thermique,°C,44.2361,6.88,92.75,normal,94.1,98.9,1000,GW-MQTT-01,0.6
2026-04-17 21:29:47,M-019,Moteur électrique 400kW,M-019-SEN-04,sonde_proximite,sonde_proximite,microns,47.5141,9.18,126.19,normal,91.8,94.5,2000,GW-Modbus-03,0.6
2026-04-17 21:29:55,M-019,Moteur électrique 400kW,M-019-SEN-05,ultrason,ultrason,dB,44.3038,6.43,87.2,normal,87.0,95.8,256,GW-OPCUA-02,1.5
2026-04-17 21:29:51,M-019,Moteur électrique 400kW,M-019-SEN-06,courant,courant,A,117.7778,18.36,246.7,normal,88.9,97.3,128,GW-MQTT-01,0.9
2026-04-17 21:29:56,M-019,Moteur électrique 400kW,M-019-SEN-07,debit,debit,m3/h,78.2153,13.01,173.97,normal,95.3,97.7,128,GW-OPCUA-02,1.5
2026-04-17 21:29:23,M-019,Moteur électrique 400kW,M-019-SEN-08,pression,pression,bar,7.0471,0.99,13.45,normal,87.8,97.8,1000,GW-MQTT-01,1.2
2026-04-17 21:29:24,R-077,Réducteur convoyeur,R-077-SEN-01,accelerometre,accelerometre,mm/s,3.2553,0.49,6.93,normal,95.2,98.2,2000,GW-Modbus-03,1.1
2026-04-17 21:29:19,R-077,Réducteur convoyeur,R-077-SEN-02,accelerometre,accelerometre,g,0.7822,0.1,1.48,normal,91.8,95.8,1000,GW-Modbus-03,1.4
2026-04-17 21:29:29,R-077,Réducteur convoyeur,R-077-SEN-03,thermique,thermique,°C,52.5587,7.83,105.48,normal,88.8,91.9,128,GW-OPCUA-02,1.6
2026-04-17 21:29:37,R-077,Réducteur convoyeur,R-077-SEN-04,sonde_proximite,sonde_proximite,microns,78.5735,10.44,143.52,normal,87.8,97.6,128,GW-MQTT-01,1.8
2026-04-17 21:29:57,R-077,Réducteur convoyeur,R-077-SEN-05,ultrason,ultrason,dB,46.0113,7.31,99.17,normal,90.4,95.6,5000,GW-OPCUA-02,1.7
2026-04-17 21:29:06,R-077,Réducteur convoyeur,R-077-SEN-06,courant,courant,A,150.0028,20.88,280.56,normal,94.0,96.3,1000,GW-MQTT-01,1.3
2026-04-17 21:29:30,R-077,Réducteur convoyeur,R-077-SEN-07,debit,debit,m3/h,103.3865,14.79,197.85,normal,92.7,99.8,1000,GW-Modbus-03,0.6
2026-04-17 21:29:29,R-077,Réducteur convoyeur,R-077-SEN-08,pression,pression,bar,8.0077,1.13,15.3,normal,91.2,93.8,1000,GW-Modbus-03,1.2
2026-04-17 21:29:52,P-311,Pompe centrifuge BP,P-311-SEN-01,accelerometre,accelerometre,mm/s,4.0034,0.55,7.76,normal,86.2,99.2,256,GW-Modbus-03,1.8
2026-04-17 21:29:12,P-311,Pompe centrifuge BP,P-311-SEN-02,accelerometre,accelerometre,g,0.8719,0.12,1.66,normal,88.0,97.2,1000,GW-Modbus-03,1.8
2026-04-17 21:29:11,P-311,Pompe centrifuge BP,P-311-SEN-03,thermique,thermique,°C,60.7264,8.78,118.21,normal,94.4,97.5,512,GW-Modbus-03,1.3
2026-04-17 21:29:02,P-311,Pompe centrifuge BP,P-311-SEN-04,sonde_proximite,sonde_proximite,microns,74.7555,11.7,160.84,normal,89.3,99.3,5000,GW-OPCUA-02,1.6
2026-04-17 21:29:10,P-311,Pompe centrifuge BP,P-311-SEN-05,ultrason,ultrason,dB,57.6354,8.19,111.13,normal,87.8,100.1,512,GW-OPCUA-02,1.1
2026-04-17 21:29:01,P-311,Pompe centrifuge BP,P-311-SEN-06,courant,courant,A,152.7427,23.4,314.42,normal,93.2,95.7,5000,GW-MQTT-01,1.5
2026-04-17 21:29:54,P-311,Pompe centrifuge BP,P-311-SEN-07,debit,debit,m3/h,105.8685,16.57,221.73,normal,95.3,96.6,256,GW-Modbus-03,0.5
2026-04-17 21:29:19,P-311,Pompe centrifuge BP,P-311-SEN-08,pression,pression,bar,8.8601,1.27,17.14,normal,94.0,97.3,2000,GW-MQTT-01,1.3
2026-04-17 22:06:31,P-204,Pompe centrifuge HP,P-204-SEN-01,accelerometre,accelerometre,mm/s,2.3854,0.25,3.59,normal,90.1,96.0,256,GW-MQTT-01,1.4
2026-04-17 22:06:01,P-204,Pompe centrifuge HP,P-204-SEN-02,accelerometre,accelerometre,g,0.4895,0.05,0.77,normal,94.2,97.6,2000,GW-OPCUA-02,1.3
2026-04-17 22:06:49,P-204,Pompe centrifuge HP,P-204-SEN-03,thermique,thermique,°C,29.3319,4.05,54.56,normal,92.5,97.8,128,GW-Modbus-03,1.2
2026-04-17 22:06:16,P-204,Pompe centrifuge HP,P-204-SEN-04,sonde_proximite,sonde_proximite,microns,28.462,5.4,74.26,normal,90.2,101.0,128,GW-Modbus-03,1.8
2026-04-17 22:06:27,P-204,Pompe centrifuge HP,P-204-SEN-05,ultrason,ultrason,dB,27.1992,3.78,51.3,normal,95.2,99.4,1000,GW-OPCUA-02,1.9
2026-04-17 22:06:19,P-204,Pompe centrifuge HP,P-204-SEN-06,courant,courant,A,72.5854,10.8,145.13,normal,94.3,98.9,512,GW-Modbus-03,1.1
2026-04-17 22:06:13,P-204,Pompe centrifuge HP,P-204-SEN-07,debit,debit,m3/h,39.1843,7.65,102.34,normal,90.6,98.4,1000,GW-OPCUA-02,1.3
2026-04-17 22:06:42,P-204,Pompe centrifuge HP,P-204-SEN-08,pression,pression,bar,2.6051,0.58,7.91,normal,89.7,98.3,2000,GW-MQTT-01,0.9
2026-04-17 22:06:55,C-118,Compresseur à vis,C-118-SEN-01,accelerometre,accelerometre,mm/s,2.2068,0.31,4.42,normal,93.1,97.8,5000,GW-MQTT-01,1.4
2026-04-17 22:06:02,C-118,Compresseur à vis,C-118-SEN-02,accelerometre,accelerometre,g,0.4265,0.07,0.94,normal,88.2,99.0,1000,GW-Modbus-03,1.5
2026-04-17 22:06:28,C-118,Compresseur à vis,C-118-SEN-03,thermique,thermique,°C,32.1439,4.99,67.3,normal,86.4,93.6,512,GW-OPCUA-02,0.3
2026-04-17 22:06:48,C-118,Compresseur à vis,C-118-SEN-04,sonde_proximite,sonde_proximite,microns,46.8603,6.66,91.58,normal,86.2,95.4,512,GW-Modbus-03,2.1
2026-04-17 22:06:08,C-118,Compresseur à vis,C-118-SEN-05,ultrason,ultrason,dB,32.6286,4.66,63.27,normal,90.2,93.3,128,GW-Modbus-03,1.1
2026-04-17 22:06:42,C-118,Compresseur à vis,C-118-SEN-06,courant,courant,A,80.5032,13.32,178.99,normal,88.5,95.6,512,GW-MQTT-01,1.7
2026-04-17 22:06:59,C-118,Compresseur à vis,C-118-SEN-07,debit,debit,m3/h,62.991,9.43,126.22,normal,89.5,97.1,2000,GW-MQTT-01,1.4
2026-04-17 22:06:22,C-118,Compresseur à vis,C-118-SEN-08,pression,pression,bar,4.7695,0.72,9.76,normal,87.0,97.8,2000,GW-OPCUA-02,1.7
2026-04-17 22:06:50,V-302,Ventilateur tirage,V-302-SEN-01,accelerometre,accelerometre,mm/s,2.4328,0.37,5.26,normal,94.6,97.1,256,GW-MQTT-01,1.8
2026-04-17 22:06:46,V-302,Ventilateur tirage,V-302-SEN-02,accelerometre,accelerometre,g,0.4301,0.08,1.12,normal,90.7,95.8,5000,GW-MQTT-01,1.3
2026-04-17 22:06:00,V-302,Ventilateur tirage,V-302-SEN-03,thermique,thermique,°C,39.5174,5.94,80.03,normal,88.9,97.7,256,GW-MQTT-01,1.5
2026-04-17 22:06:59,V-302,Ventilateur tirage,V-302-SEN-04,sonde_proximite,sonde_proximite,microns,41.095,7.92,108.91,normal,94.4,99.7,5000,GW-OPCUA-02,0.9
2026-04-17 22:06:16,V-302,Ventilateur tirage,V-302-SEN-05,ultrason,ultrason,dB,36.743,5.54,75.24,normal,94.1,98.1,512,GW-Modbus-03,1.0
2026-04-17 22:06:40,V-302,Ventilateur tirage,V-302-SEN-06,courant,courant,A,96.8558,15.84,212.85,normal,93.7,97.2,2000,GW-OPCUA-02,0.9
2026-04-17 22:06:03,V-302,Ventilateur tirage,V-302-SEN-07,debit,debit,m3/h,72.401,11.22,150.1,normal,94.6,99.3,2000,GW-OPCUA-02,1.3
2026-04-17 22:06:07,V-302,Ventilateur tirage,V-302-SEN-08,pression,pression,bar,5.3131,0.86,11.61,normal,87.1,97.2,256,GW-MQTT-01,1.0
2026-04-17 22:06:47,M-019,Moteur électrique 400kW,M-019-SEN-01,accelerometre,accelerometre,mm/s,3.4462,0.43,6.1,normal,94.4,98.5,256,GW-MQTT-01,1.5
2026-04-17 22:06:50,M-019,Moteur électrique 400kW,M-019-SEN-02,accelerometre,accelerometre,g,0.4833,0.09,1.3,normal,94.6,96.6,1000,GW-OPCUA-02,1.3
2026-04-17 22:06:54,M-019,Moteur électrique 400kW,M-019-SEN-03,thermique,thermique,°C,47.1793,6.88,92.76,normal,90.8,98.7,128,GW-Modbus-03,1.2
2026-04-17 22:06:46,M-019,Moteur électrique 400kW,M-019-SEN-04,sonde_proximite,sonde_proximite,microns,47.9617,9.18,126.24,normal,91.1,96.3,512,GW-Modbus-03,0.7
2026-04-17 22:06:36,M-019,Moteur électrique 400kW,M-019-SEN-05,ultrason,ultrason,dB,48.2121,6.43,87.21,normal,87.3,95.4,2000,GW-Modbus-03,1.1
2026-04-17 22:06:51,M-019,Moteur électrique 400kW,M-019-SEN-06,courant,courant,A,119.0454,18.36,246.72,normal,93.0,99.0,256,GW-OPCUA-02,0.5
2026-04-17 22:06:39,M-019,Moteur électrique 400kW,M-019-SEN-07,debit,debit,m3/h,80.1283,13.01,173.98,normal,94.7,96.6,512,GW-Modbus-03,1.6
2026-04-17 22:06:02,M-019,Moteur électrique 400kW,M-019-SEN-08,pression,pression,bar,7.1039,0.99,13.45,normal,92.5,97.2,5000,GW-MQTT-01,2.0
2026-04-17 22:06:39,R-077,Réducteur convoyeur,R-077-SEN-01,accelerometre,accelerometre,mm/s,3.1284,0.49,6.93,normal,95.2,94.1,256,GW-OPCUA-02,0.8
2026-04-17 22:06:57,R-077,Réducteur convoyeur,R-077-SEN-02,accelerometre,accelerometre,g,0.749,0.1,1.48,normal,86.4,97.5,128,GW-OPCUA-02,1.7
2026-04-17 22:06:58,R-077,Réducteur convoyeur,R-077-SEN-03,thermique,thermique,°C,51.7749,7.83,105.49,normal,92.3,96.3,1000,GW-Modbus-03,1.7
2026-04-17 22:06:40,R-077,Réducteur convoyeur,R-077-SEN-04,sonde_proximite,sonde_proximite,microns,69.4621,10.44,143.56,normal,92.6,100.7,128,GW-MQTT-01,0.8
2026-04-17 22:06:41,R-077,Réducteur convoyeur,R-077-SEN-05,ultrason,ultrason,dB,42.5824,7.31,99.18,normal,89.9,100.6,512,GW-Modbus-03,1.3
2026-04-17 22:06:15,R-077,Réducteur convoyeur,R-077-SEN-06,courant,courant,A,135.6332,20.88,280.58,normal,91.2,101.2,2000,GW-OPCUA-02,0.6
2026-04-17 22:06:46,R-077,Réducteur convoyeur,R-077-SEN-07,debit,debit,m3/h,102.3712,14.79,197.85,normal,93.3,94.9,512,GW-MQTT-01,1.3
2026-04-17 22:06:11,R-077,Réducteur convoyeur,R-077-SEN-08,pression,pression,bar,8.2531,1.13,15.3,normal,87.8,101.8,256,GW-MQTT-01,1.2
2026-04-17 22:06:48,P-311,Pompe centrifuge BP,P-311-SEN-01,accelerometre,accelerometre,mm/s,3.5684,0.55,7.77,normal,92.7,99.3,128,GW-OPCUA-02,1.3
2026-04-17 22:06:08,P-311,Pompe centrifuge BP,P-311-SEN-02,accelerometre,accelerometre,g,0.8776,0.12,1.66,normal,94.3,97.1,5000,GW-MQTT-01,1.4
2026-04-17 22:06:59,P-311,Pompe centrifuge BP,P-311-SEN-03,thermique,thermique,°C,56.0472,8.78,118.22,normal,87.9,96.2,1000,GW-Modbus-03,1.4
2026-04-17 22:06:41,P-311,Pompe centrifuge BP,P-311-SEN-04,sonde_proximite,sonde_proximite,microns,64.1048,11.7,160.89,normal,92.5,96.6,1000,GW-Modbus-03,1.7
2026-04-17 22:06:17,P-311,Pompe centrifuge BP,P-311-SEN-05,ultrason,ultrason,dB,54.1175,8.19,111.16,normal,94.9,95.4,5000,GW-Modbus-03,0.8
2026-04-17 22:06:14,P-311,Pompe centrifuge BP,P-311-SEN-06,courant,courant,A,150.9452,23.4,314.44,normal,91.5,94.9,5000,GW-Modbus-03,1.1
2026-04-17 22:06:42,P-311,Pompe centrifuge BP,P-311-SEN-07,debit,debit,m3/h,103.7047,16.57,221.73,normal,92.3,94.5,512,GW-Modbus-03,1.0
2026-04-17 22:06:11,P-311,Pompe centrifuge BP,P-311-SEN-08,pression,pression,bar,8.061,1.27,17.14,normal,87.2,93.9,128,GW-Modbus-03,1.1
2026-04-17 23:04:40,P-204,Pompe centrifuge HP,P-204-SEN-01,accelerometre,accelerometre,mm/s,1.8611,0.25,3.59,normal,94.5,98.7,5000,GW-OPCUA-02,1.4
2026-04-17 23:04:59,P-204,Pompe centrifuge HP,P-204-SEN-02,accelerometre,accelerometre,g,0.2686,0.05,0.77,normal,89.9,95.2,2000,GW-MQTT-01,0.9
2026-04-17 23:04:43,P-204,Pompe centrifuge HP,P-204-SEN-03,thermique,thermique,°C,26.7611,4.05,54.57,normal,86.1,94.3,5000,GW-MQTT-01,1.4
2026-04-17 23:04:19,P-204,Pompe centrifuge HP,P-204-SEN-04,sonde_proximite,sonde_proximite,microns,40.0852,5.4,74.28,normal,89.7,95.8,2000,GW-MQTT-01,1.0
2026-04-17 23:04:16,P-204,Pompe centrifuge HP,P-204-SEN-05,ultrason,ultrason,dB,19.7409,3.78,51.31,normal,92.5,98.4,2000,GW-OPCUA-02,1.1
2026-04-17 23:04:25,P-204,Pompe centrifuge HP,P-204-SEN-06,courant,courant,A,53.2988,10.8,145.14,normal,90.9,94.7,256,GW-MQTT-01,0.6
2026-04-17 23:04:28,P-204,Pompe centrifuge HP,P-204-SEN-07,debit,debit,m3/h,52.3889,7.65,102.34,normal,91.5,96.7,256,GW-Modbus-03,0.8
2026-04-17 23:04:28,P-204,Pompe centrifuge HP,P-204-SEN-08,pression,pression,bar,3.902,0.58,7.91,normal,89.1,97.1,256,GW-OPCUA-02,0.8
2026-04-17 23:04:26,C-118,Compresseur à vis,C-118-SEN-01,accelerometre,accelerometre,mm/s,1.8243,0.31,4.43,normal,91.1,97.2,512,GW-OPCUA-02,0.9
2026-04-17 23:04:02,C-118,Compresseur à vis,C-118-SEN-02,accelerometre,accelerometre,g,0.5286,0.07,0.94,normal,87.2,96.1,256,GW-Modbus-03,1.5
2026-04-17 23:04:04,C-118,Compresseur à vis,C-118-SEN-03,thermique,thermique,°C,33.1347,4.99,67.3,normal,86.2,97.4,5000,GW-MQTT-01,1.8
2026-04-17 23:04:46,C-118,Compresseur à vis,C-118-SEN-04,sonde_proximite,sonde_proximite,microns,55.4584,6.66,91.61,normal,91.2,97.1,128,GW-OPCUA-02,1.1
2026-04-17 23:04:05,C-118,Compresseur à vis,C-118-SEN-05,ultrason,ultrason,dB,35.4074,4.66,63.28,normal,87.3,95.7,512,GW-Modbus-03,1.3
2026-04-17 23:04:06,C-118,Compresseur à vis,C-118-SEN-06,courant,courant,A,96.8984,13.32,179.01,normal,87.3,96.9,128,GW-OPCUA-02,0.7
2026-04-17 23:04:45,C-118,Compresseur à vis,C-118-SEN-07,debit,debit,m3/h,69.4447,9.43,126.22,normal,90.3,95.1,2000,GW-MQTT-01,0.9
2026-04-17 23:04:10,C-118,Compresseur à vis,C-118-SEN-08,pression,pression,bar,4.3966,0.72,9.76,normal,91.6,92.3,1000,GW-Modbus-03,1.6
2026-04-17 23:04:58,V-302,Ventilateur tirage,V-302-SEN-01,accelerometre,accelerometre,mm/s,2.5532,0.37,5.26,normal,93.6,96.4,256,GW-MQTT-01,1.3
2026-04-17 23:04:59,V-302,Ventilateur tirage,V-302-SEN-02,accelerometre,accelerometre,g,0.4357,0.08,1.12,normal,89.5,96.1,5000,GW-MQTT-01,0.7
2026-04-17 23:04:37,V-302,Ventilateur tirage,V-302-SEN-03,thermique,thermique,°C,41.6404,5.94,80.04,normal,86.0,95.6,2000,GW-Modbus-03,1.6
2026-04-17 23:04:04,V-302,Ventilateur tirage,V-302-SEN-04,sonde_proximite,sonde_proximite,microns,35.449,7.92,108.94,normal,93.6,95.5,256,GW-OPCUA-02,1.2
2026-04-17 23:04:20,V-302,Ventilateur tirage,V-302-SEN-05,ultrason,ultrason,dB,38.391,5.54,75.26,normal,93.3,96.8,2000,GW-MQTT-01,1.7
2026-04-17 23:04:54,V-302,Ventilateur tirage,V-302-SEN-06,courant,courant,A,114.9295,15.84,212.87,normal,94.5,97.4,5000,GW-MQTT-01,0.7
2026-04-17 23:04:03,V-302,Ventilateur tirage,V-302-SEN-07,debit,debit,m3/h,79.3263,11.22,150.1,normal,87.3,94.0,1000,GW-Modbus-03,2.0
2026-04-17 23:04:27,V-302,Ventilateur tirage,V-302-SEN-08,pression,pression,bar,5.221,0.86,11.61,normal,87.4,95.9,512,GW-Modbus-03,1.4
2026-04-17 23:04:21,M-019,Moteur électrique 400kW,M-019-SEN-01,accelerometre,accelerometre,mm/s,2.7438,0.43,6.1,normal,92.4,96.0,1000,GW-OPCUA-02,1.3
2026-04-17 23:04:00,M-019,Moteur électrique 400kW,M-019-SEN-02,accelerometre,accelerometre,g,0.7457,0.09,1.3,normal,92.0,96.4,128,GW-MQTT-01,1.0
2026-04-17 23:04:28,M-019,Moteur électrique 400kW,M-019-SEN-03,thermique,thermique,°C,45.7565,6.88,92.77,normal,95.0,98.0,128,GW-OPCUA-02,1.1
2026-04-17 23:04:58,M-019,Moteur électrique 400kW,M-019-SEN-04,sonde_proximite,sonde_proximite,microns,62.4177,9.18,126.28,normal,93.4,95.4,128,GW-MQTT-01,1.2
2026-04-17 23:04:57,M-019,Moteur électrique 400kW,M-019-SEN-05,ultrason,ultrason,dB,39.7226,6.43,87.23,normal,94.7,99.5,256,GW-OPCUA-02,0.8
2026-04-17 23:04:40,M-019,Moteur électrique 400kW,M-019-SEN-06,courant,courant,A,116.41,18.36,246.74,normal,88.5,96.9,512,GW-OPCUA-02,0.8
2026-04-17 23:04:46,M-019,Moteur électrique 400kW,M-019-SEN-07,debit,debit,m3/h,86.7793,13.01,173.98,normal,91.3,94.6,256,GW-Modbus-03,1.4
2026-04-17 23:04:40,M-019,Moteur électrique 400kW,M-019-SEN-08,pression,pression,bar,6.5661,0.99,13.45,normal,92.7,96.0,5000,GW-OPCUA-02,1.3
2026-04-17 23:04:30,R-077,Réducteur convoyeur,R-077-SEN-01,accelerometre,accelerometre,mm/s,3.0139,0.49,6.94,normal,90.9,98.3,5000,GW-OPCUA-02,1.4
2026-04-17 23:04:58,R-077,Réducteur convoyeur,R-077-SEN-02,accelerometre,accelerometre,g,0.8017,0.1,1.48,normal,92.6,96.1,512,GW-MQTT-01,1.2
2026-04-17 23:04:03,R-077,Réducteur convoyeur,R-077-SEN-03,thermique,thermique,°C,52.029,7.83,105.5,normal,92.2,97.1,256,GW-Modbus-03,1.0
2026-04-17 23:04:08,R-077,Réducteur convoyeur,R-077-SEN-04,sonde_proximite,sonde_proximite,microns,57.3757,10.44,143.61,normal,94.5,96.5,1000,GW-MQTT-01,1.6
2026-04-17 23:04:41,R-077,Réducteur convoyeur,R-077-SEN-05,ultrason,ultrason,dB,54.7735,7.31,99.2,normal,91.8,97.8,128,GW-Modbus-03,1.0
2026-04-17 23:04:23,R-077,Réducteur convoyeur,R-077-SEN-06,courant,courant,A,137.9108,20.88,280.6,normal,90.0,98.2,128,GW-MQTT-01,1.2
2026-04-17 23:04:58,R-077,Réducteur convoyeur,R-077-SEN-07,debit,debit,m3/h,99.6845,14.79,197.86,normal,87.4,98.6,512,GW-Modbus-03,0.6
2026-04-17 23:04:46,R-077,Réducteur convoyeur,R-077-SEN-08,pression,pression,bar,7.6112,1.13,15.3,normal,94.4,96.1,2000,GW-Modbus-03,1.6
2026-04-17 23:04:51,P-311,Pompe centrifuge BP,P-311-SEN-01,accelerometre,accelerometre,mm/s,3.2424,0.55,7.77,normal,94.2,98.7,1000,GW-OPCUA-02,1.3
2026-04-17 23:04:21,P-311,Pompe centrifuge BP,P-311-SEN-02,accelerometre,accelerometre,g,0.8002,0.12,1.66,normal,91.9,96.1,256,GW-OPCUA-02,0.8
2026-04-17 23:04:58,P-311,Pompe centrifuge BP,P-311-SEN-03,thermique,thermique,°C,59.0832,8.78,118.23,normal,89.8,94.4,256,GW-OPCUA-02,1.3
2026-04-17 23:04:08,P-311,Pompe centrifuge BP,P-311-SEN-04,sonde_proximite,sonde_proximite,microns,76.8534,11.7,160.94,normal,93.3,96.1,1000,GW-Modbus-03,0.7
2026-04-17 23:04:22,P-311,Pompe centrifuge BP,P-311-SEN-05,ultrason,ultrason,dB,55.1745,8.19,111.18,normal,88.8,96.9,512,GW-MQTT-01,0.7
2026-04-17 23:04:35,P-311,Pompe centrifuge BP,P-311-SEN-06,courant,courant,A,162.6095,23.4,314.47,normal,87.7,97.3,1000,GW-MQTT-01,1.4
2026-04-17 23:04:35,P-311,Pompe centrifuge BP,P-311-SEN-07,debit,debit,m3/h,106.5031,16.57,221.74,normal,87.6,98.2,5000,GW-Modbus-03,1.2
2026-04-17 23:04:35,P-311,Pompe centrifuge BP,P-311-SEN-08,pression,pression,bar,8.2819,1.27,17.15,normal,86.2,99.7,2000,GW-Modbus-03,1.0
2026-04-18 00:55:08,P-204,Pompe centrifuge HP,P-204-SEN-01,accelerometre,accelerometre,mm/s,1.8892,0.25,3.59,normal,94.5,101.8,512,GW-MQTT-01,1.6
2026-04-18 00:55:19,P-204,Pompe centrifuge HP,P-204-SEN-02,accelerometre,accelerometre,g,0.2064,0.05,0.77,normal,86.6,96.3,512,GW-MQTT-01,1.4
2026-04-18 00:55:37,P-204,Pompe centrifuge HP,P-204-SEN-03,thermique,thermique,°C,28.5768,4.05,54.58,normal,94.7,99.6,2000,GW-MQTT-01,1.3
2026-04-18 00:55:28,P-204,Pompe centrifuge HP,P-204-SEN-04,sonde_proximite,sonde_proximite,microns,38.761,5.4,74.3,normal,88.6,96.9,1000,GW-MQTT-01,1.0
2026-04-18 00:55:05,P-204,Pompe centrifuge HP,P-204-SEN-05,ultrason,ultrason,dB,27.6524,3.78,51.32,normal,95.2,99.1,512,GW-OPCUA-02,1.0
2026-04-18 00:55:23,P-204,Pompe centrifuge HP,P-204-SEN-06,courant,courant,A,82.2114,10.8,145.15,normal,89.2,95.3,128,GW-MQTT-01,1.3
2026-04-18 00:55:32,P-204,Pompe centrifuge HP,P-204-SEN-07,debit,debit,m3/h,58.9428,7.65,102.35,normal,91.9,98.0,2000,GW-OPCUA-02,1.3
2026-04-18 00:55:00,P-204,Pompe centrifuge HP,P-204-SEN-08,pression,pression,bar,3.8688,0.58,7.92,normal,88.7,94.2,1000,GW-OPCUA-02,1.3
2026-04-18 00:55:06,C-118,Compresseur à vis,C-118-SEN-01,accelerometre,accelerometre,mm/s,1.7054,0.31,4.43,normal,91.9,98.7,2000,GW-Modbus-03,1.9
2026-04-18 00:55:47,C-118,Compresseur à vis,C-118-SEN-02,accelerometre,accelerometre,g,0.4657,0.07,0.94,normal,91.5,94.0,128,GW-MQTT-01,1.5
2026-04-18 00:55:58,C-118,Compresseur à vis,C-118-SEN-03,thermique,thermique,°C,31.8276,4.99,67.31,normal,86.8,97.2,2000,GW-MQTT-01,1.1
2026-04-18 00:55:22,C-118,Compresseur à vis,C-118-SEN-04,sonde_proximite,sonde_proximite,microns,47.3707,6.66,91.64,normal,92.3,92.5,2000,GW-MQTT-01,1.2
2026-04-18 00:55:30,C-118,Compresseur à vis,C-118-SEN-05,ultrason,ultrason,dB,24.5719,4.66,63.3,normal,95.0,98.1,2000,GW-MQTT-01,1.3
2026-04-18 00:55:47,C-118,Compresseur à vis,C-118-SEN-06,courant,courant,A,87.1984,13.32,179.02,normal,94.3,95.9,5000,GW-OPCUA-02,0.6
2026-04-18 00:55:33,C-118,Compresseur à vis,C-118-SEN-07,debit,debit,m3/h,55.3381,9.43,126.23,normal,87.2,97.3,1000,GW-OPCUA-02,0.7
2026-04-18 00:55:56,C-118,Compresseur à vis,C-118-SEN-08,pression,pression,bar,4.3028,0.72,9.76,normal,90.3,98.9,128,GW-MQTT-01,0.5
2026-04-18 00:55:35,V-302,Ventilateur tirage,V-302-SEN-01,accelerometre,accelerometre,mm/s,2.9165,0.37,5.27,normal,93.5,95.7,5000,GW-MQTT-01,0.7
2026-04-18 00:55:01,V-302,Ventilateur tirage,V-302-SEN-02,accelerometre,accelerometre,g,0.6364,0.08,1.12,normal,90.1,93.9,2000,GW-Modbus-03,1.0
2026-04-18 00:55:26,V-302,Ventilateur tirage,V-302-SEN-03,thermique,thermique,°C,37.0136,5.94,80.04,normal,86.1,99.2,2000,GW-Modbus-03,1.3
2026-04-18 00:55:01,V-302,Ventilateur tirage,V-302-SEN-04,sonde_proximite,sonde_proximite,microns,49.0761,7.92,108.98,normal,89.6,97.1,128,GW-OPCUA-02,1.4
2026-04-18 00:55:51,V-302,Ventilateur tirage,V-302-SEN-05,ultrason,ultrason,dB,30.8638,5.54,75.27,normal,89.0,98.5,512,GW-MQTT-01,0.5
2026-04-18 00:55:59,V-302,Ventilateur tirage,V-302-SEN-06,courant,courant,A,104.8032,15.84,212.89,normal,90.2,96.7,5000,GW-OPCUA-02,1.3
2026-04-18 00:55:01,V-302,Ventilateur tirage,V-302-SEN-07,debit,debit,m3/h,77.2175,11.22,150.11,normal,88.8,96.4,128,GW-OPCUA-02,1.0
2026-04-18 00:55:21,V-302,Ventilateur tirage,V-302-SEN-08,pression,pression,bar,5.3315,0.86,11.61,normal,94.4,94.3,128,GW-OPCUA-02,1.8
2026-04-18 00:55:43,M-019,Moteur électrique 400kW,M-019-SEN-01,accelerometre,accelerometre,mm/s,2.9144,0.43,6.1,normal,94.7,100.1,5000,GW-MQTT-01,1.1
2026-04-18 00:55:00,M-019,Moteur électrique 400kW,M-019-SEN-02,accelerometre,accelerometre,g,0.5633,0.09,1.3,normal,93.7,97.2,2000,GW-OPCUA-02,1.7
2026-04-18 00:55:05,M-019,Moteur électrique 400kW,M-019-SEN-03,thermique,thermique,°C,45.0701,6.88,92.78,normal,85.6,97.7,128,GW-OPCUA-02,0.1
2026-04-18 00:55:36,M-019,Moteur électrique 400kW,M-019-SEN-04,sonde_proximite,sonde_proximite,microns,65.7978,9.18,126.32,normal,91.1,97.1,2000,GW-MQTT-01,1.7
2026-04-18 00:55:59,M-019,Moteur électrique 400kW,M-019-SEN-05,ultrason,ultrason,dB,46.3283,6.43,87.25,normal,94.0,94.7,1000,GW-Modbus-03,1.6
2026-04-18 00:55:11,M-019,Moteur électrique 400kW,M-019-SEN-06,courant,courant,A,114.9321,18.36,246.76,normal,86.5,97.6,2000,GW-OPCUA-02,1.2
2026-04-18 00:55:39,M-019,Moteur électrique 400kW,M-019-SEN-07,debit,debit,m3/h,86.5912,13.01,173.99,normal,93.5,98.3,512,GW-OPCUA-02,1.2
2026-04-18 00:55:29,M-019,Moteur électrique 400kW,M-019-SEN-08,pression,pression,bar,6.8196,0.99,13.46,normal,91.6,97.1,512,GW-OPCUA-02,1.1
2026-04-18 00:55:46,R-077,Réducteur convoyeur,R-077-SEN-01,accelerometre,accelerometre,mm/s,3.4672,0.49,6.94,normal,86.5,98.4,2000,GW-Modbus-03,1.3
2026-04-18 00:55:10,R-077,Réducteur convoyeur,R-077-SEN-02,accelerometre,accelerometre,g,0.7299,0.1,1.48,normal,94.6,97.6,256,GW-Modbus-03,1.3
2026-04-18 00:55:09,R-077,Réducteur convoyeur,R-077-SEN-03,thermique,thermique,°C,54.0582,7.83,105.51,normal,90.9,101.7,5000,GW-MQTT-01,1.3
2026-04-18 00:55:09,R-077,Réducteur convoyeur,R-077-SEN-04,sonde_proximite,sonde_proximite,microns,78.4219,10.44,143.65,normal,86.0,95.0,256,GW-Modbus-03,1.2
2026-04-18 00:55:49,R-077,Réducteur convoyeur,R-077-SEN-05,ultrason,ultrason,dB,43.9919,7.31,99.22,normal,91.3,100.2,2000,GW-Modbus-03,1.0
2026-04-18 00:55:42,R-077,Réducteur convoyeur,R-077-SEN-06,courant,courant,A,135.299,20.88,280.63,normal,91.8,98.6,5000,GW-OPCUA-02,0.6
2026-04-18 00:55:52,R-077,Réducteur convoyeur,R-077-SEN-07,debit,debit,m3/h,94.1716,14.79,197.87,normal,92.7,95.1,512,GW-MQTT-01,0.9
2026-04-18 00:55:27,R-077,Réducteur convoyeur,R-077-SEN-08,pression,pression,bar,7.4281,1.13,15.3,normal,90.9,98.9,5000,GW-Modbus-03,1.5
2026-04-18 00:55:20,P-311,Pompe centrifuge BP,P-311-SEN-01,accelerometre,accelerometre,mm/s,3.7733,0.55,7.78,normal,89.4,98.2,1000,GW-OPCUA-02,1.0
2026-04-18 00:55:25,P-311,Pompe centrifuge BP,P-311-SEN-02,accelerometre,accelerometre,g,0.9916,0.12,1.66,normal,86.2,96.6,256,GW-MQTT-01,0.9
2026-04-18 00:55:24,P-311,Pompe centrifuge BP,P-311-SEN-03,thermique,thermique,°C,59.5648,8.78,118.25,normal,90.5,99.2,5000,GW-OPCUA-02,1.2
2026-04-18 00:55:29,P-311,Pompe centrifuge BP,P-311-SEN-04,sonde_proximite,sonde_proximite,microns,84.3793,11.7,160.99,normal,91.1,99.4,512,GW-OPCUA-02,1.0
2026-04-18 00:55:17,P-311,Pompe centrifuge BP,P-311-SEN-05,ultrason,ultrason,dB,53.441,8.19,111.2,normal,87.6,94.3,5000,GW-Modbus-03,1.0
2026-04-18 00:55:37,P-311,Pompe centrifuge BP,P-311-SEN-06,courant,courant,A,142.813,23.4,314.5,normal,88.2,100.3,5000,GW-OPCUA-02,0.9
2026-04-18 00:55:01,P-311,Pompe centrifuge BP,P-311-SEN-07,debit,debit,m3/h,101.9131,16.57,221.75,normal,89.1,95.3,256,GW-OPCUA-02,1.3
2026-04-18 00:55:58,P-311,Pompe centrifuge BP,P-311-SEN-08,pression,pression,bar,8.7353,1.27,17.15,normal,92.6,99.4,512,GW-OPCUA-02,1.2
2026-04-18 01:45:10,P-204,Pompe centrifuge HP,P-204-SEN-01,accelerometre,accelerometre,mm/s,1.5955,0.25,3.59,normal,89.2,96.8,2000,GW-Modbus-03,1.6
2026-04-18 01:45:37,P-204,Pompe centrifuge HP,P-204-SEN-02,accelerometre,accelerometre,g,0.4707,0.05,0.77,normal,93.1,98.6,256,GW-Modbus-03,1.0
2026-04-18 01:45:38,P-204,Pompe centrifuge HP,P-204-SEN-03,thermique,thermique,°C,25.2677,4.05,54.58,normal,92.2,98.8,512,GW-OPCUA-02,1.5
2026-04-18 01:45:38,P-204,Pompe centrifuge HP,P-204-SEN-04,sonde_proximite,sonde_proximite,microns,33.2924,5.4,74.33,normal,93.5,96.8,5000,GW-OPCUA-02,1.4
2026-04-18 01:45:39,P-204,Pompe centrifuge HP,P-204-SEN-05,ultrason,ultrason,dB,23.5636,3.78,51.33,normal,94.8,97.6,256,GW-MQTT-01,0.8
2026-04-18 01:45:08,P-204,Pompe centrifuge HP,P-204-SEN-06,courant,courant,A,65.1126,10.8,145.16,normal,92.6,95.3,5000,GW-MQTT-01,1.2
2026-04-18 01:45:35,P-204,Pompe centrifuge HP,P-204-SEN-07,debit,debit,m3/h,51.3838,7.65,102.35,normal,91.8,96.6,2000,GW-OPCUA-02,1.1
2026-04-18 01:45:42,P-204,Pompe centrifuge HP,P-204-SEN-08,pression,pression,bar,3.5803,0.58,7.92,normal,94.2,98.8,5000,GW-MQTT-01,1.3
2026-04-18 01:45:44,C-118,Compresseur à vis,C-118-SEN-01,accelerometre,accelerometre,mm/s,1.9873,0.31,4.43,normal,90.8,100.9,512,GW-OPCUA-02,0.7
2026-04-18 01:45:44,C-118,Compresseur à vis,C-118-SEN-02,accelerometre,accelerometre,g,0.5071,0.07,0.95,normal,88.8,94.6,256,GW-MQTT-01,1.5
2026-04-18 01:45:17,C-118,Compresseur à vis,C-118-SEN-03,thermique,thermique,°C,33.6298,4.99,67.32,normal,90.8,94.8,1000,GW-OPCUA-02,1.3
2026-04-18 01:45:44,C-118,Compresseur à vis,C-118-SEN-04,sonde_proximite,sonde_proximite,microns,32.8806,6.66,91.67,normal,94.3,97.5,5000,GW-OPCUA-02,1.1
2026-04-18 01:45:26,C-118,Compresseur à vis,C-118-SEN-05,ultrason,ultrason,dB,32.208,4.66,63.31,normal,87.7,95.1,256,GW-MQTT-01,1.9
2026-04-18 01:45:21,C-118,Compresseur à vis,C-118-SEN-06,courant,courant,A,88.1691,13.32,179.04,normal,91.2,103.5,128,GW-MQTT-01,0.8
2026-04-18 01:45:58,C-118,Compresseur à vis,C-118-SEN-07,debit,debit,m3/h,55.4342,9.43,126.23,normal,93.0,100.4,2000,GW-OPCUA-02,1.6
2026-04-18 01:45:01,C-118,Compresseur à vis,C-118-SEN-08,pression,pression,bar,3.8883,0.72,9.76,normal,88.8,97.7,1000,GW-MQTT-01,1.3
2026-04-18 01:45:51,V-302,Ventilateur tirage,V-302-SEN-01,accelerometre,accelerometre,mm/s,2.2539,0.37,5.27,normal,85.8,97.6,5000,GW-MQTT-01,0.8
2026-04-18 01:45:44,V-302,Ventilateur tirage,V-302-SEN-02,accelerometre,accelerometre,g,0.6262,0.08,1.12,normal,93.8,95.4,5000,GW-OPCUA-02,2.0
2026-04-18 01:45:36,V-302,Ventilateur tirage,V-302-SEN-03,thermique,thermique,°C,42.4861,5.94,80.05,normal,92.8,97.5,5000,GW-MQTT-01,1.5
2026-04-18 01:45:06,V-302,Ventilateur tirage,V-302-SEN-04,sonde_proximite,sonde_proximite,microns,65.7691,7.92,109.01,normal,91.1,97.1,128,GW-OPCUA-02,1.6
2026-04-18 01:45:52,V-302,Ventilateur tirage,V-302-SEN-05,ultrason,ultrason,dB,35.3093,5.54,75.29,normal,92.4,94.8,512,GW-OPCUA-02,1.0
2026-04-18 01:45:46,V-302,Ventilateur tirage,V-302-SEN-06,courant,courant,A,115.0263,15.84,212.91,normal,86.1,98.3,128,GW-Modbus-03,1.3
2026-04-18 01:45:02,V-302,Ventilateur tirage,V-302-SEN-07,debit,debit,m3/h,67.669,11.22,150.11,normal,94.9,97.1,5000,GW-MQTT-01,0.6
2026-04-18 01:45:35,V-302,Ventilateur tirage,V-302-SEN-08,pression,pression,bar,5.84,0.86,11.61,normal,94.0,93.6,256,GW-MQTT-01,1.0
2026-04-18 01:45:31,M-019,Moteur électrique 400kW,M-019-SEN-01,accelerometre,accelerometre,mm/s,2.3212,0.43,6.11,normal,92.0,98.6,512,GW-MQTT-01,0.8
2026-04-18 01:45:05,M-019,Moteur électrique 400kW,M-019-SEN-02,accelerometre,accelerometre,g,0.5594,0.09,1.3,normal,88.0,98.7,128,GW-Modbus-03,1.2
2026-04-18 01:45:43,M-019,Moteur électrique 400kW,M-019-SEN-03,thermique,thermique,°C,44.7071,6.88,92.79,normal,91.9,99.5,128,GW-Modbus-03,0.5
2026-04-18 01:45:42,M-019,Moteur électrique 400kW,M-019-SEN-04,sonde_proximite,sonde_proximite,microns,55.5363,9.18,126.36,normal,93.6,101.1,1000,GW-Modbus-03,2.0
2026-04-18 01:45:28,M-019,Moteur électrique 400kW,M-019-SEN-05,ultrason,ultrason,dB,40.7964,6.43,87.26,normal,89.7,100.6,128,GW-Modbus-03,1.8
2026-04-18 01:45:36,M-019,Moteur électrique 400kW,M-019-SEN-06,courant,courant,A,120.3705,18.36,246.78,normal,92.2,96.7,2000,GW-OPCUA-02,1.5
2026-04-18 01:45:51,M-019,Moteur électrique 400kW,M-019-SEN-07,debit,debit,m3/h,81.2549,13.01,173.99,normal,94.6,96.6,5000,GW-MQTT-01,0.9
2026-04-18 01:45:12,M-019,Moteur électrique 400kW,M-019-SEN-08,pression,pression,bar,6.9528,0.99,13.46,normal,92.4,96.1,1000,GW-Modbus-03,1.4
2026-04-18 01:45:16,R-077,Réducteur convoyeur,R-077-SEN-01,accelerometre,accelerometre,mm/s,3.7441,0.49,6.95,normal,86.2,95.8,2000,GW-OPCUA-02,1.8
2026-04-18 01:45:00,R-077,Réducteur convoyeur,R-077-SEN-02,accelerometre,accelerometre,g,0.7747,0.1,1.48,normal,91.3,100.3,128,GW-Modbus-03,0.8
2026-04-18 01:45:34,R-077,Réducteur convoyeur,R-077-SEN-03,thermique,thermique,°C,51.0271,7.83,105.53,normal,94.8,94.9,256,GW-Modbus-03,0.8
2026-04-18 01:45:19,R-077,Réducteur convoyeur,R-077-SEN-04,sonde_proximite,sonde_proximite,microns,69.0533,10.44,143.7,normal,89.8,94.9,5000,GW-MQTT-01,1.1
2026-04-18 01:45:45,R-077,Réducteur convoyeur,R-077-SEN-05,ultrason,ultrason,dB,58.5948,7.31,99.24,normal,91.3,99.0,5000,GW-Modbus-03,1.8
2026-04-18 01:45:03,R-077,Réducteur convoyeur,R-077-SEN-06,courant,courant,A,139.3389,20.88,280.65,normal,89.5,96.1,2000,GW-MQTT-01,1.5
2026-04-18 01:45:49,R-077,Réducteur convoyeur,R-077-SEN-07,debit,debit,m3/h,99.9533,14.79,197.88,normal,94.0,96.8,512,GW-Modbus-03,1.8
2026-04-18 01:45:37,R-077,Réducteur convoyeur,R-077-SEN-08,pression,pression,bar,8.2975,1.13,15.31,normal,86.5,96.6,1000,GW-OPCUA-02,0.4
2026-04-18 01:45:28,P-311,Pompe centrifuge BP,P-311-SEN-01,accelerometre,accelerometre,mm/s,3.6058,0.55,7.78,normal,86.2,97.0,512,GW-Modbus-03,0.6
2026-04-18 01:45:10,P-311,Pompe centrifuge BP,P-311-SEN-02,accelerometre,accelerometre,g,0.9648,0.12,1.66,normal,86.3,96.6,256,GW-MQTT-01,1.1
2026-04-18 01:45:20,P-311,Pompe centrifuge BP,P-311-SEN-03,thermique,thermique,°C,58.7912,8.78,118.26,normal,86.5,94.3,5000,GW-OPCUA-02,0.6
2026-04-18 01:45:56,P-311,Pompe centrifuge BP,P-311-SEN-04,sonde_proximite,sonde_proximite,microns,80.459,11.7,161.04,normal,91.2,94.3,2000,GW-MQTT-01,1.6
2026-04-18 01:45:02,P-311,Pompe centrifuge BP,P-311-SEN-05,ultrason,ultrason,dB,52.8742,8.19,111.22,normal,85.8,93.6,128,GW-Modbus-03,1.2
2026-04-18 01:45:32,P-311,Pompe centrifuge BP,P-311-SEN-06,courant,courant,A,147.1595,23.4,314.52,normal,89.8,95.6,512,GW-MQTT-01,0.7
2026-04-18 01:45:17,P-311,Pompe centrifuge BP,P-311-SEN-07,debit,debit,m3/h,109.589,16.57,221.76,normal,92.3,98.4,128,GW-MQTT-01,1.1
2026-04-18 01:45:05,P-311,Pompe centrifuge BP,P-311-SEN-08,pression,pression,bar,8.5135,1.27,17.15,normal,92.4,95.0,2000,GW-Modbus-03,1.8
2026-04-18 02:01:55,P-204,Pompe centrifuge HP,P-204-SEN-01,accelerometre,accelerometre,mm/s,1.6724,0.25,3.6,normal,91.0,98.1,512,GW-MQTT-01,1.8
2026-04-18 02:01:05,P-204,Pompe centrifuge HP,P-204-SEN-02,accelerometre,accelerometre,g,0.2773,0.05,0.77,normal,93.8,99.0,1000,GW-MQTT-01,1.2
2026-04-18 02:01:30,P-204,Pompe centrifuge HP,P-204-SEN-03,thermique,thermique,°C,25.8195,4.05,54.59,normal,86.3,94.8,256,GW-Modbus-03,1.6
2026-04-18 02:01:51,P-204,Pompe centrifuge HP,P-204-SEN-04,sonde_proximite,sonde_proximite,microns,34.876,5.4,74.35,normal,89.5,97.6,2000,GW-OPCUA-02,1.4
2026-04-18 02:01:51,P-204,Pompe centrifuge HP,P-204-SEN-05,ultrason,ultrason,dB,17.407,3.78,51.34,normal,90.7,97.4,128,GW-OPCUA-02,0.9
2026-04-18 02:01:54,P-204,Pompe centrifuge HP,P-204-SEN-06,courant,courant,A,66.8119,10.8,145.18,normal,91.9,97.4,1000,GW-Modbus-03,1.2
2026-04-18 02:01:13,P-204,Pompe centrifuge HP,P-204-SEN-07,debit,debit,m3/h,44.0572,7.65,102.35,normal,89.9,96.0,512,GW-Modbus-03,1.8
2026-04-18 02:01:30,P-204,Pompe centrifuge HP,P-204-SEN-08,pression,pression,bar,4.2018,0.58,7.92,normal,90.1,94.0,256,GW-OPCUA-02,0.8
2026-04-18 02:01:59,C-118,Compresseur à vis,C-118-SEN-01,accelerometre,accelerometre,mm/s,1.499,0.31,4.43,normal,87.5,98.7,512,GW-OPCUA-02,1.1
2026-04-18 02:01:20,C-118,Compresseur à vis,C-118-SEN-02,accelerometre,accelerometre,g,0.3051,0.07,0.95,normal,93.8,98.6,5000,GW-MQTT-01,1.8
2026-04-18 02:01:51,C-118,Compresseur à vis,C-118-SEN-03,thermique,thermique,°C,32.9289,4.99,67.33,normal,86.2,98.0,256,GW-MQTT-01,1.1
2026-04-18 02:01:34,C-118,Compresseur à vis,C-118-SEN-04,sonde_proximite,sonde_proximite,microns,44.0388,6.66,91.7,normal,93.5,98.4,512,GW-OPCUA-02,1.8
2026-04-18 02:01:54,C-118,Compresseur à vis,C-118-SEN-05,ultrason,ultrason,dB,40.6222,4.66,63.32,normal,94.9,95.2,2000,GW-OPCUA-02,1.1
2026-04-18 02:01:34,C-118,Compresseur à vis,C-118-SEN-06,courant,courant,A,90.663,13.32,179.05,normal,90.6,97.4,128,GW-Modbus-03,0.9
2026-04-18 02:01:37,C-118,Compresseur à vis,C-118-SEN-07,debit,debit,m3/h,68.6462,9.43,126.24,normal,93.3,93.3,128,GW-OPCUA-02,0.9
2026-04-18 02:01:55,C-118,Compresseur à vis,C-118-SEN-08,pression,pression,bar,4.7721,0.72,9.77,normal,90.3,96.1,128,GW-MQTT-01,0.3
2026-04-18 02:01:34,V-302,Ventilateur tirage,V-302-SEN-01,accelerometre,accelerometre,mm/s,3.053,0.37,5.27,normal,85.7,93.7,128,GW-MQTT-01,1.3
2026-04-18 02:01:57,V-302,Ventilateur tirage,V-302-SEN-02,accelerometre,accelerometre,g,0.5733,0.08,1.12,normal,89.2,94.6,1000,GW-Modbus-03,1.2
2026-04-18 02:01:51,V-302,Ventilateur tirage,V-302-SEN-03,thermique,thermique,°C,39.1297,5.94,80.06,normal,87.1,98.0,128,GW-Modbus-03,1.2
2026-04-18 02:01:51,V-302,Ventilateur tirage,V-302-SEN-04,sonde_proximite,sonde_proximite,microns,51.2088,7.92,109.05,normal,89.2,94.2,256,GW-OPCUA-02,1.5
2026-04-18 02:01:32,V-302,Ventilateur tirage,V-302-SEN-05,ultrason,ultrason,dB,38.8143,5.54,75.3,normal,86.8,99.7,128,GW-OPCUA-02,1.5
2026-04-18 02:01:54,V-302,Ventilateur tirage,V-302-SEN-06,courant,courant,A,98.2854,15.84,212.92,normal,92.4,98.7,2000,GW-MQTT-01,1.2
2026-04-18 02:01:03,V-302,Ventilateur tirage,V-302-SEN-07,debit,debit,m3/h,79.1624,11.22,150.12,normal,92.7,92.1,512,GW-MQTT-01,0.7
2026-04-18 02:01:06,V-302,Ventilateur tirage,V-302-SEN-08,pression,pression,bar,6.3269,0.86,11.61,normal,90.3,95.5,256,GW-Modbus-03,0.8
2026-04-18 02:01:45,M-019,Moteur électrique 400kW,M-019-SEN-01,accelerometre,accelerometre,mm/s,3.4318,0.43,6.11,normal,93.0,96.8,512,GW-MQTT-01,1.5
2026-04-18 02:01:24,M-019,Moteur électrique 400kW,M-019-SEN-02,accelerometre,accelerometre,g,0.5632,0.09,1.3,normal,85.7,94.5,5000,GW-MQTT-01,2.0
2026-04-18 02:01:30,M-019,Moteur électrique 400kW,M-019-SEN-03,thermique,thermique,°C,45.3178,6.88,92.8,normal,85.7,96.9,5000,GW-MQTT-01,1.4
2026-04-18 02:01:48,M-019,Moteur électrique 400kW,M-019-SEN-04,sonde_proximite,sonde_proximite,microns,45.7864,9.18,126.4,normal,87.9,96.5,1000,GW-MQTT-01,0.9
2026-04-18 02:01:34,M-019,Moteur électrique 400kW,M-019-SEN-05,ultrason,ultrason,dB,46.7779,6.43,87.28,normal,91.9,97.4,128,GW-OPCUA-02,1.5
2026-04-18 02:01:24,M-019,Moteur électrique 400kW,M-019-SEN-06,courant,courant,A,109.1137,18.36,246.8,normal,87.0,98.1,128,GW-OPCUA-02,1.3
2026-04-18 02:01:39,M-019,Moteur électrique 400kW,M-019-SEN-07,debit,debit,m3/h,89.4395,13.01,174.0,normal,91.1,98.3,2000,GW-Modbus-03,1.5
2026-04-18 02:01:04,M-019,Moteur électrique 400kW,M-019-SEN-08,pression,pression,bar,6.216,0.99,13.46,normal,87.8,93.7,256,GW-Modbus-03,1.2
2026-04-18 02:01:44,R-077,Réducteur convoyeur,R-077-SEN-01,accelerometre,accelerometre,mm/s,3.8134,0.49,6.95,normal,87.5,101.5,2000,GW-OPCUA-02,1.3
2026-04-18 02:01:46,R-077,Réducteur convoyeur,R-077-SEN-02,accelerometre,accelerometre,g,0.853,0.1,1.48,normal,87.6,96.3,1000,GW-Modbus-03,1.6
2026-04-18 02:01:34,R-077,Réducteur convoyeur,R-077-SEN-03,thermique,thermique,°C,52.2361,7.83,105.54,normal,90.8,96.2,256,GW-OPCUA-02,1.9
2026-04-18 02:01:00,R-077,Réducteur convoyeur,R-077-SEN-04,sonde_proximite,sonde_proximite,microns,72.9741,10.44,143.75,normal,89.3,98.1,5000,GW-Modbus-03,1.1
2026-04-18 02:01:11,R-077,Réducteur convoyeur,R-077-SEN-05,ultrason,ultrason,dB,45.3678,7.31,99.26,normal,93.8,97.7,2000,GW-OPCUA-02,1.5
2026-04-18 02:01:59,R-077,Réducteur convoyeur,R-077-SEN-06,courant,courant,A,146.4465,20.88,280.67,normal,92.8,94.9,512,GW-Modbus-03,1.1
2026-04-18 02:01:49,R-077,Réducteur convoyeur,R-077-SEN-07,debit,debit,m3/h,94.937,14.79,197.88,normal,88.1,97.7,5000,GW-MQTT-01,0.7
2026-04-18 02:01:12,R-077,Réducteur convoyeur,R-077-SEN-08,pression,pression,bar,7.4792,1.13,15.31,normal,90.5,102.5,256,GW-MQTT-01,1.0
2026-04-18 02:01:25,P-311,Pompe centrifuge BP,P-311-SEN-01,accelerometre,accelerometre,mm/s,4.0322,0.55,7.79,normal,94.9,96.9,1000,GW-Modbus-03,0.9
2026-04-18 02:01:45,P-311,Pompe centrifuge BP,P-311-SEN-02,accelerometre,accelerometre,g,0.8285,0.12,1.66,normal,87.7,91.7,2000,GW-MQTT-01,1.4
2026-04-18 02:01:23,P-311,Pompe centrifuge BP,P-311-SEN-03,thermique,thermique,°C,60.0147,8.78,118.27,normal,92.6,98.0,1000,GW-OPCUA-02,1.4
2026-04-18 02:01:20,P-311,Pompe centrifuge BP,P-311-SEN-04,sonde_proximite,sonde_proximite,microns,84.4498,11.7,161.1,normal,90.7,99.1,256,GW-Modbus-03,0.9
2026-04-18 02:01:35,P-311,Pompe centrifuge BP,P-311-SEN-05,ultrason,ultrason,dB,57.9044,8.19,111.24,normal,95.0,96.9,5000,GW-Modbus-03,1.4
2026-04-18 02:01:30,P-311,Pompe centrifuge BP,P-311-SEN-06,courant,courant,A,147.6202,23.4,314.55,normal,93.8,96.7,256,GW-Modbus-03,1.1
2026-04-18 02:01:50,P-311,Pompe centrifuge BP,P-311-SEN-07,debit,debit,m3/h,114.4295,16.57,221.76,normal,86.0,94.0,512,GW-OPCUA-02,1.0
2026-04-18 02:01:21,P-311,Pompe centrifuge BP,P-311-SEN-08,pression,pression,bar,8.5727,1.27,17.15,normal,85.9,97.6,2000,GW-OPCUA-02,1.6
2026-04-18 03:37:34,P-204,Pompe centrifuge HP,P-204-SEN-01,accelerometre,accelerometre,mm/s,1.3153,0.25,3.6,normal,86.8,98.4,512,GW-Modbus-03,1.6
2026-04-18 03:37:56,P-204,Pompe centrifuge HP,P-204-SEN-02,accelerometre,accelerometre,g,0.3746,0.05,0.77,normal,87.3,98.2,128,GW-Modbus-03,1.0
2026-04-18 03:37:28,P-204,Pompe centrifuge HP,P-204-SEN-03,thermique,thermique,°C,25.4712,4.05,54.59,normal,94.1,93.6,5000,GW-OPCUA-02,0.4
2026-04-18 03:37:17,P-204,Pompe centrifuge HP,P-204-SEN-04,sonde_proximite,sonde_proximite,microns,37.1387,5.4,74.38,normal,90.2,96.8,128,GW-Modbus-03,1.5
2026-04-18 03:37:14,P-204,Pompe centrifuge HP,P-204-SEN-05,ultrason,ultrason,dB,21.5659,3.78,51.35,normal,91.4,96.6,5000,GW-MQTT-01,1.1
2026-04-18 03:37:02,P-204,Pompe centrifuge HP,P-204-SEN-06,courant,courant,A,74.0007,10.8,145.19,normal,93.7,98.1,128,GW-OPCUA-02,1.1
2026-04-18 03:37:56,P-204,Pompe centrifuge HP,P-204-SEN-07,debit,debit,m3/h,53.1413,7.65,102.36,normal,90.9,97.5,256,GW-MQTT-01,0.7
2026-04-18 03:37:19,P-204,Pompe centrifuge HP,P-204-SEN-08,pression,pression,bar,4.24,0.58,7.92,normal,93.0,97.8,128,GW-OPCUA-02,0.8
2026-04-18 03:37:45,C-118,Compresseur à vis,C-118-SEN-01,accelerometre,accelerometre,mm/s,2.1086,0.31,4.44,normal,89.6,97.2,2000,GW-OPCUA-02,1.6
2026-04-18 03:37:46,C-118,Compresseur à vis,C-118-SEN-02,accelerometre,accelerometre,g,0.55,0.07,0.95,normal,92.1,99.8,2000,GW-MQTT-01,0.8
2026-04-18 03:37:18,C-118,Compresseur à vis,C-118-SEN-03,thermique,thermique,°C,33.6723,4.99,67.33,normal,89.6,99.3,128,GW-Modbus-03,0.9
2026-04-18 03:37:11,C-118,Compresseur à vis,C-118-SEN-04,sonde_proximite,sonde_proximite,microns,41.3105,6.66,91.73,normal,89.8,103.5,128,GW-MQTT-01,0.8
2026-04-18 03:37:28,C-118,Compresseur à vis,C-118-SEN-05,ultrason,ultrason,dB,36.0957,4.66,63.33,normal,87.9,95.1,1000,GW-OPCUA-02,0.8
2026-04-18 03:37:26,C-118,Compresseur à vis,C-118-SEN-06,courant,courant,A,87.522,13.32,179.07,normal,92.5,98.0,1000,GW-MQTT-01,0.6
2026-04-18 03:37:03,C-118,Compresseur à vis,C-118-SEN-07,debit,debit,m3/h,55.1038,9.43,126.24,normal,86.3,96.9,128,GW-OPCUA-02,1.1
2026-04-18 03:37:03,C-118,Compresseur à vis,C-118-SEN-08,pression,pression,bar,5.2991,0.72,9.77,normal,90.9,97.5,512,GW-MQTT-01,0.7
2026-04-18 03:37:09,V-302,Ventilateur tirage,V-302-SEN-01,accelerometre,accelerometre,mm/s,1.884,0.37,5.28,normal,86.1,103.4,2000,GW-OPCUA-02,1.1
2026-04-18 03:37:50,V-302,Ventilateur tirage,V-302-SEN-02,accelerometre,accelerometre,g,0.6339,0.08,1.13,normal,90.0,96.8,2000,GW-MQTT-01,0.3
2026-04-18 03:37:05,V-302,Ventilateur tirage,V-302-SEN-03,thermique,thermique,°C,43.2255,5.94,80.07,normal,91.1,97.0,128,GW-Modbus-03,1.8
2026-04-18 03:37:13,V-302,Ventilateur tirage,V-302-SEN-04,sonde_proximite,sonde_proximite,microns,55.3665,7.92,109.08,normal,89.8,98.8,512,GW-OPCUA-02,0.8
2026-04-18 03:37:28,V-302,Ventilateur tirage,V-302-SEN-05,ultrason,ultrason,dB,41.1658,5.54,75.31,normal,86.5,95.7,256,GW-OPCUA-02,1.2
2026-04-18 03:37:16,V-302,Ventilateur tirage,V-302-SEN-06,courant,courant,A,104.0172,15.84,212.94,normal,93.8,97.1,256,GW-OPCUA-02,1.3
2026-04-18 03:37:17,V-302,Ventilateur tirage,V-302-SEN-07,debit,debit,m3/h,73.025,11.22,150.12,normal,92.9,97.2,128,GW-Modbus-03,1.8
2026-04-18 03:37:36,V-302,Ventilateur tirage,V-302-SEN-08,pression,pression,bar,6.0613,0.86,11.61,normal,87.3,98.1,5000,GW-OPCUA-02,1.4
2026-04-18 03:37:01,M-019,Moteur électrique 400kW,M-019-SEN-01,accelerometre,accelerometre,mm/s,2.8493,0.43,6.12,normal,88.2,95.5,256,GW-Modbus-03,0.7
2026-04-18 03:37:43,M-019,Moteur électrique 400kW,M-019-SEN-02,accelerometre,accelerometre,g,0.7015,0.09,1.3,normal,88.9,99.3,512,GW-MQTT-01,1.4
2026-04-18 03:37:21,M-019,Moteur électrique 400kW,M-019-SEN-03,thermique,thermique,°C,44.9248,6.88,92.81,normal,90.3,98.3,1000,GW-OPCUA-02,1.2
2026-04-18 03:37:35,M-019,Moteur électrique 400kW,M-019-SEN-04,sonde_proximite,sonde_proximite,microns,55.3854,9.18,126.44,normal,89.9,97.7,512,GW-Modbus-03,1.3
2026-04-18 03:37:37,M-019,Moteur électrique 400kW,M-019-SEN-05,ultrason,ultrason,dB,39.1832,6.43,87.3,normal,85.8,96.9,5000,GW-OPCUA-02,1.3
2026-04-18 03:37:00,M-019,Moteur électrique 400kW,M-019-SEN-06,courant,courant,A,124.8765,18.36,246.82,normal,91.3,94.3,128,GW-MQTT-01,0.9
2026-04-18 03:37:36,M-019,Moteur électrique 400kW,M-019-SEN-07,debit,debit,m3/h,84.6684,13.01,174.01,normal,87.3,97.6,5000,GW-Modbus-03,1.3
2026-04-18 03:37:56,M-019,Moteur électrique 400kW,M-019-SEN-08,pression,pression,bar,6.8235,0.99,13.46,normal,90.5,95.8,5000,GW-OPCUA-02,1.4
2026-04-18 03:37:16,R-077,Réducteur convoyeur,R-077-SEN-01,accelerometre,accelerometre,mm/s,3.5534,0.49,6.96,normal,94.9,94.8,2000,GW-Modbus-03,1.7
2026-04-18 03:37:35,R-077,Réducteur convoyeur,R-077-SEN-02,accelerometre,accelerometre,g,0.7057,0.1,1.48,normal,88.8,93.3,128,GW-MQTT-01,1.6
2026-04-18 03:37:27,R-077,Réducteur convoyeur,R-077-SEN-03,thermique,thermique,°C,54.2592,7.83,105.55,normal,85.8,100.1,2000,GW-Modbus-03,1.6
2026-04-18 03:37:33,R-077,Réducteur convoyeur,R-077-SEN-04,sonde_proximite,sonde_proximite,microns,85.7887,10.44,143.79,normal,85.5,94.3,256,GW-MQTT-01,0.7
2026-04-18 03:37:23,R-077,Réducteur convoyeur,R-077-SEN-05,ultrason,ultrason,dB,53.0525,7.31,99.28,normal,91.2,98.7,5000,GW-MQTT-01,1.2
2026-04-18 03:37:29,R-077,Réducteur convoyeur,R-077-SEN-06,courant,courant,A,143.5274,20.88,280.7,normal,93.4,97.3,5000,GW-MQTT-01,0.7
2026-04-18 03:37:17,R-077,Réducteur convoyeur,R-077-SEN-07,debit,debit,m3/h,98.5721,14.79,197.89,normal,89.5,97.8,1000,GW-Modbus-03,0.6
2026-04-18 03:37:06,R-077,Réducteur convoyeur,R-077-SEN-08,pression,pression,bar,7.564,1.13,15.31,normal,93.7,95.0,128,GW-Modbus-03,1.4
2026-04-18 03:37:31,P-311,Pompe centrifuge BP,P-311-SEN-01,accelerometre,accelerometre,mm/s,3.5155,0.55,7.79,normal,94.3,97.6,5000,GW-MQTT-01,1.3
2026-04-18 03:37:42,P-311,Pompe centrifuge BP,P-311-SEN-02,accelerometre,accelerometre,g,0.7375,0.12,1.66,normal,88.8,97.3,2000,GW-MQTT-01,1.7
2026-04-18 03:37:56,P-311,Pompe centrifuge BP,P-311-SEN-03,thermique,thermique,°C,61.0874,8.78,118.29,normal,89.5,97.5,1000,GW-OPCUA-02,1.3
2026-04-18 03:37:07,P-311,Pompe centrifuge BP,P-311-SEN-04,sonde_proximite,sonde_proximite,microns,96.9645,11.7,161.15,normal,89.7,99.9,128,GW-MQTT-01,0.6
2026-04-18 03:37:28,P-311,Pompe centrifuge BP,P-311-SEN-05,ultrason,ultrason,dB,54.4286,8.19,111.26,normal,87.7,94.9,128,GW-MQTT-01,1.1
2026-04-18 03:37:27,P-311,Pompe centrifuge BP,P-311-SEN-06,courant,courant,A,146.9165,23.4,314.57,normal,93.3,97.2,5000,GW-Modbus-03,1.1
2026-04-18 03:37:00,P-311,Pompe centrifuge BP,P-311-SEN-07,debit,debit,m3/h,115.7932,16.57,221.77,normal,86.3,95.5,512,GW-OPCUA-02,0.6
2026-04-18 03:37:22,P-311,Pompe centrifuge BP,P-311-SEN-08,pression,pression,bar,8.6152,1.27,17.16,normal,91.8,97.9,5000,GW-MQTT-01,0.9
2026-04-18 04:14:22,P-204,Pompe centrifuge HP,P-204-SEN-01,accelerometre,accelerometre,mm/s,2.5162,0.25,3.6,normal,94.6,94.2,512,GW-Modbus-03,2.0
2026-04-18 04:14:59,P-204,Pompe centrifuge HP,P-204-SEN-02,accelerometre,accelerometre,g,0.4822,0.05,0.77,normal,93.1,95.6,512,GW-Modbus-03,1.1
2026-04-18 04:14:45,P-204,Pompe centrifuge HP,P-204-SEN-03,thermique,thermique,°C,26.5184,4.05,54.6,normal,91.7,98.1,2000,GW-Modbus-03,1.3
2026-04-18 04:14:20,P-204,Pompe centrifuge HP,P-204-SEN-04,sonde_proximite,sonde_proximite,microns,26.0142,5.4,74.4,normal,87.3,94.9,256,GW-Modbus-03,1.4
2026-04-18 04:14:36,P-204,Pompe centrifuge HP,P-204-SEN-05,ultrason,ultrason,dB,30.6101,3.78,51.36,normal,90.4,96.8,512,GW-Modbus-03,0.7
2026-04-18 04:14:52,P-204,Pompe centrifuge HP,P-204-SEN-06,courant,courant,A,62.8125,10.8,145.2,normal,85.8,93.1,2000,GW-MQTT-01,1.0
2026-04-18 04:14:36,P-204,Pompe centrifuge HP,P-204-SEN-07,debit,debit,m3/h,45.7022,7.65,102.36,normal,93.8,96.1,128,GW-OPCUA-02,1.2
2026-04-18 04:14:08,P-204,Pompe centrifuge HP,P-204-SEN-08,pression,pression,bar,4.5587,0.58,7.92,normal,94.1,97.6,128,GW-MQTT-01,1.2
2026-04-18 04:14:06,C-118,Compresseur à vis,C-118-SEN-01,accelerometre,accelerometre,mm/s,2.6032,0.31,4.44,normal,93.9,94.7,1000,GW-OPCUA-02,1.8
2026-04-18 04:14:22,C-118,Compresseur à vis,C-118-SEN-02,accelerometre,accelerometre,g,0.5513,0.07,0.95,normal,85.4,98.6,5000,GW-Modbus-03,0.3
2026-04-18 04:14:05,C-118,Compresseur à vis,C-118-SEN-03,thermique,thermique,°C,32.193,4.99,67.34,normal,86.0,97.0,256,GW-OPCUA-02,1.5
2026-04-18 04:14:36,C-118,Compresseur à vis,C-118-SEN-04,sonde_proximite,sonde_proximite,microns,50.9449,6.66,91.76,normal,92.6,98.0,256,GW-MQTT-01,1.4
2026-04-18 04:14:52,C-118,Compresseur à vis,C-118-SEN-05,ultrason,ultrason,dB,37.9359,4.66,63.34,normal,86.1,98.1,128,GW-OPCUA-02,1.1
2026-04-18 04:14:09,C-118,Compresseur à vis,C-118-SEN-06,courant,courant,A,85.923,13.32,179.08,normal,86.9,95.1,512,GW-OPCUA-02,1.4
2026-04-18 04:14:36,C-118,Compresseur à vis,C-118-SEN-07,debit,debit,m3/h,65.3614,9.43,126.24,normal,94.5,96.3,2000,GW-MQTT-01,1.3
2026-04-18 04:14:24,C-118,Compresseur à vis,C-118-SEN-08,pression,pression,bar,5.0861,0.72,9.77,normal,89.9,96.5,1000,GW-Modbus-03,1.1
2026-04-18 04:14:37,V-302,Ventilateur tirage,V-302-SEN-01,accelerometre,accelerometre,mm/s,2.453,0.37,5.28,normal,86.8,96.8,2000,GW-OPCUA-02,1.7
2026-04-18 04:14:16,V-302,Ventilateur tirage,V-302-SEN-02,accelerometre,accelerometre,g,0.5086,0.08,1.13,normal,90.4,97.7,512,GW-MQTT-01,1.3
2026-04-18 04:14:15,V-302,Ventilateur tirage,V-302-SEN-03,thermique,thermique,°C,38.9875,5.94,80.08,normal,92.8,98.1,2000,GW-MQTT-01,0.6
2026-04-18 04:14:51,V-302,Ventilateur tirage,V-302-SEN-04,sonde_proximite,sonde_proximite,microns,62.5586,7.92,109.12,normal,85.0,96.4,512,GW-Modbus-03,1.3
2026-04-18 04:14:05,V-302,Ventilateur tirage,V-302-SEN-05,ultrason,ultrason,dB,39.9631,5.54,75.33,normal,89.8,98.7,2000,GW-OPCUA-02,1.2
2026-04-18 04:14:32,V-302,Ventilateur tirage,V-302-SEN-06,courant,courant,A,107.6924,15.84,212.96,normal,91.1,95.6,128,GW-MQTT-01,0.6
2026-04-18 04:14:44,V-302,Ventilateur tirage,V-302-SEN-07,debit,debit,m3/h,64.1205,11.22,150.13,normal,85.1,100.4,5000,GW-OPCUA-02,1.6
2026-04-18 04:14:57,V-302,Ventilateur tirage,V-302-SEN-08,pression,pression,bar,6.4809,0.86,11.62,normal,86.9,100.2,512,GW-Modbus-03,1.3
2026-04-18 04:14:44,M-019,Moteur électrique 400kW,M-019-SEN-01,accelerometre,accelerometre,mm/s,3.72,0.43,6.12,normal,91.7,94.3,256,GW-MQTT-01,1.5
2026-04-18 04:14:58,M-019,Moteur électrique 400kW,M-019-SEN-02,accelerometre,accelerometre,g,0.8604,0.09,1.31,normal,91.9,94.7,5000,GW-Modbus-03,0.6
2026-04-18 04:14:27,M-019,Moteur électrique 400kW,M-019-SEN-03,thermique,thermique,°C,48.2486,6.88,92.82,normal,91.7,96.1,5000,GW-OPCUA-02,1.4
2026-04-18 04:14:59,M-019,Moteur électrique 400kW,M-019-SEN-04,sonde_proximite,sonde_proximite,microns,65.376,9.18,126.48,normal,86.1,99.1,128,GW-OPCUA-02,2.0
2026-04-18 04:14:38,M-019,Moteur électrique 400kW,M-019-SEN-05,ultrason,ultrason,dB,42.6808,6.43,87.31,normal,88.8,96.9,1000,GW-Modbus-03,0.9
2026-04-18 04:14:00,M-019,Moteur électrique 400kW,M-019-SEN-06,courant,courant,A,112.198,18.36,246.84,normal,90.1,97.3,128,GW-MQTT-01,0.9
2026-04-18 04:14:54,M-019,Moteur électrique 400kW,M-019-SEN-07,debit,debit,m3/h,81.4043,13.01,174.01,normal,86.9,99.5,5000,GW-Modbus-03,0.1
2026-04-18 04:14:00,M-019,Moteur électrique 400kW,M-019-SEN-08,pression,pression,bar,7.5141,0.99,13.46,normal,87.6,96.8,256,GW-Modbus-03,1.1
2026-04-18 04:14:24,R-077,Réducteur convoyeur,R-077-SEN-01,accelerometre,accelerometre,mm/s,3.3197,0.49,6.96,normal,94.5,99.0,5000,GW-MQTT-01,1.5
2026-04-18 04:14:37,R-077,Réducteur convoyeur,R-077-SEN-02,accelerometre,accelerometre,g,0.6868,0.1,1.48,normal,90.1,94.9,256,GW-MQTT-01,2.0
2026-04-18 04:14:32,R-077,Réducteur convoyeur,R-077-SEN-03,thermique,thermique,°C,52.5917,7.83,105.56,normal,87.5,98.3,512,GW-Modbus-03,1.7
2026-04-18 04:14:41,R-077,Réducteur convoyeur,R-077-SEN-04,sonde_proximite,sonde_proximite,microns,80.657,10.44,143.84,normal,94.5,94.4,2000,GW-OPCUA-02,1.6
2026-04-18 04:14:14,R-077,Réducteur convoyeur,R-077-SEN-05,ultrason,ultrason,dB,53.963,7.31,99.3,normal,87.5,94.1,2000,GW-MQTT-01,1.5
2026-04-18 04:14:58,R-077,Réducteur convoyeur,R-077-SEN-06,courant,courant,A,147.5613,20.88,280.72,normal,92.8,99.8,128,GW-OPCUA-02,1.1
2026-04-18 04:14:35,R-077,Réducteur convoyeur,R-077-SEN-07,debit,debit,m3/h,95.2749,14.79,197.9,normal,88.8,99.4,512,GW-MQTT-01,1.3
2026-04-18 04:14:43,R-077,Réducteur convoyeur,R-077-SEN-08,pression,pression,bar,7.8052,1.13,15.31,normal,91.9,95.7,128,GW-Modbus-03,1.2
2026-04-18 04:14:12,P-311,Pompe centrifuge BP,P-311-SEN-01,accelerometre,accelerometre,mm/s,3.8314,0.55,7.8,normal,85.3,99.3,1000,GW-MQTT-01,1.1
2026-04-18 04:14:11,P-311,Pompe centrifuge BP,P-311-SEN-02,accelerometre,accelerometre,g,0.8841,0.12,1.66,normal,94.1,94.7,512,GW-MQTT-01,1.1
2026-04-18 04:14:58,P-311,Pompe centrifuge BP,P-311-SEN-03,thermique,thermique,°C,58.6089,8.78,118.3,normal,94.9,92.9,256,GW-MQTT-01,1.1
2026-04-18 04:14:45,P-311,Pompe centrifuge BP,P-311-SEN-04,sonde_proximite,sonde_proximite,microns,70.4619,11.7,161.2,normal,92.2,93.7,512,GW-OPCUA-02,1.4
2026-04-18 04:14:30,P-311,Pompe centrifuge BP,P-311-SEN-05,ultrason,ultrason,dB,58.0398,8.19,111.28,normal,93.1,98.5,256,GW-Modbus-03,1.1
2026-04-18 04:14:45,P-311,Pompe centrifuge BP,P-311-SEN-06,courant,courant,A,148.8025,23.4,314.6,normal,94.0,96.5,2000,GW-OPCUA-02,1.7
2026-04-18 04:14:36,P-311,Pompe centrifuge BP,P-311-SEN-07,debit,debit,m3/h,108.2174,16.57,221.78,normal,93.6,96.8,5000,GW-MQTT-01,2.0
2026-04-18 04:14:56,P-311,Pompe centrifuge BP,P-311-SEN-08,pression,pression,bar,8.107,1.27,17.16,normal,86.3,93.4,1000,GW-MQTT-01,2.0
2026-04-18 05:11:22,P-204,Pompe centrifuge HP,P-204-SEN-01,accelerometre,accelerometre,mm/s,1.4557,0.25,3.6,normal,86.9,96.2,5000,GW-MQTT-01,0.4
2026-04-18 05:11:21,P-204,Pompe centrifuge HP,P-204-SEN-02,accelerometre,accelerometre,g,0.4096,0.05,0.77,normal,94.1,98.7,5000,GW-Modbus-03,0.9
2026-04-18 05:11:35,P-204,Pompe centrifuge HP,P-204-SEN-03,thermique,thermique,°C,25.5708,4.05,54.61,normal,90.4,94.6,256,GW-MQTT-01,1.5
2026-04-18 05:11:19,P-204,Pompe centrifuge HP,P-204-SEN-04,sonde_proximite,sonde_proximite,microns,29.552,5.4,74.42,normal,94.0,95.6,5000,GW-MQTT-01,0.9
2026-04-18 05:11:13,P-204,Pompe centrifuge HP,P-204-SEN-05,ultrason,ultrason,dB,23.9542,3.78,51.37,normal,90.6,95.9,128,GW-OPCUA-02,0.9
2026-04-18 05:11:24,P-204,Pompe centrifuge HP,P-204-SEN-06,courant,courant,A,65.9861,10.8,145.21,normal,88.4,93.0,512,GW-MQTT-01,1.1
2026-04-18 05:11:40,P-204,Pompe centrifuge HP,P-204-SEN-07,debit,debit,m3/h,51.1477,7.65,102.36,normal,92.5,99.3,256,GW-OPCUA-02,1.8
2026-04-18 05:11:16,P-204,Pompe centrifuge HP,P-204-SEN-08,pression,pression,bar,4.0017,0.58,7.92,normal,93.6,94.8,512,GW-OPCUA-02,1.3
2026-04-18 05:11:06,C-118,Compresseur à vis,C-118-SEN-01,accelerometre,accelerometre,mm/s,2.2738,0.31,4.44,normal,85.2,96.3,5000,GW-MQTT-01,1.4
2026-04-18 05:11:51,C-118,Compresseur à vis,C-118-SEN-02,accelerometre,accelerometre,g,0.4774,0.07,0.95,normal,92.5,95.4,512,GW-Modbus-03,1.7
2026-04-18 05:11:09,C-118,Compresseur à vis,C-118-SEN-03,thermique,thermique,°C,31.7189,4.99,67.35,normal,88.3,99.5,1000,GW-MQTT-01,0.7
2026-04-18 05:11:39,C-118,Compresseur à vis,C-118-SEN-04,sonde_proximite,sonde_proximite,microns,60.4279,6.66,91.79,normal,86.2,98.7,5000,GW-OPCUA-02,1.4
2026-04-18 05:11:27,C-118,Compresseur à vis,C-118-SEN-05,ultrason,ultrason,dB,32.2502,4.66,63.36,normal,87.2,95.9,2000,GW-OPCUA-02,1.9
2026-04-18 05:11:28,C-118,Compresseur à vis,C-118-SEN-06,courant,courant,A,86.9704,13.32,179.09,normal,92.4,96.4,256,GW-Modbus-03,1.4
2026-04-18 05:11:23,C-118,Compresseur à vis,C-118-SEN-07,debit,debit,m3/h,63.8375,9.43,126.25,normal,93.1,94.4,128,GW-OPCUA-02,0.9
2026-04-18 05:11:54,C-118,Compresseur à vis,C-118-SEN-08,pression,pression,bar,5.5861,0.72,9.77,normal,85.5,99.3,256,GW-MQTT-01,1.6
2026-04-18 05:11:20,V-302,Ventilateur tirage,V-302-SEN-01,accelerometre,accelerometre,mm/s,2.4656,0.37,5.28,normal,89.2,95.6,256,GW-MQTT-01,1.4
2026-04-18 05:11:13,V-302,Ventilateur tirage,V-302-SEN-02,accelerometre,accelerometre,g,0.4271,0.08,1.13,normal,86.8,99.1,1000,GW-Modbus-03,0.9
2026-04-18 05:11:02,V-302,Ventilateur tirage,V-302-SEN-03,thermique,thermique,°C,41.6499,5.94,80.09,normal,90.0,93.6,1000,GW-OPCUA-02,1.1
2026-04-18 05:11:50,V-302,Ventilateur tirage,V-302-SEN-04,sonde_proximite,sonde_proximite,microns,49.7793,7.92,109.16,normal,88.3,97.7,5000,GW-OPCUA-02,0.7
2026-04-18 05:11:54,V-302,Ventilateur tirage,V-302-SEN-05,ultrason,ultrason,dB,36.8883,5.54,75.34,normal,92.1,94.6,2000,GW-OPCUA-02,1.7
2026-04-18 05:11:48,V-302,Ventilateur tirage,V-302-SEN-06,courant,courant,A,112.4487,15.84,212.98,normal,86.6,96.6,5000,GW-OPCUA-02,1.1
2026-04-18 05:11:00,V-302,Ventilateur tirage,V-302-SEN-07,debit,debit,m3/h,83.0109,11.22,150.13,normal,91.3,95.7,256,GW-Modbus-03,1.1
2026-04-18 05:11:37,V-302,Ventilateur tirage,V-302-SEN-08,pression,pression,bar,5.4875,0.86,11.62,normal,94.1,96.0,2000,GW-MQTT-01,1.0
2026-04-18 05:11:01,M-019,Moteur électrique 400kW,M-019-SEN-01,accelerometre,accelerometre,mm/s,3.4463,0.43,6.12,normal,93.3,94.3,5000,GW-MQTT-01,1.6
2026-04-18 05:11:32,M-019,Moteur électrique 400kW,M-019-SEN-02,accelerometre,accelerometre,g,0.6752,0.09,1.31,normal,94.1,98.8,512,GW-MQTT-01,1.8
2026-04-18 05:11:17,M-019,Moteur électrique 400kW,M-019-SEN-03,thermique,thermique,°C,48.4984,6.88,92.83,normal,87.9,96.4,256,GW-MQTT-01,1.3
2026-04-18 05:11:11,M-019,Moteur électrique 400kW,M-019-SEN-04,sonde_proximite,sonde_proximite,microns,60.8308,9.18,126.52,normal,88.1,97.7,128,GW-MQTT-01,1.2
2026-04-18 05:11:22,M-019,Moteur électrique 400kW,M-019-SEN-05,ultrason,ultrason,dB,36.6416,6.43,87.33,normal,87.9,97.8,512,GW-MQTT-01,1.4
2026-04-18 05:11:19,M-019,Moteur électrique 400kW,M-019-SEN-06,courant,courant,A,129.5493,18.36,246.86,normal,87.6,97.2,256,GW-MQTT-01,1.5
2026-04-18 05:11:14,M-019,Moteur électrique 400kW,M-019-SEN-07,debit,debit,m3/h,85.3362,13.01,174.02,normal,89.4,97.7,128,GW-Modbus-03,0.2
2026-04-18 05:11:20,M-019,Moteur électrique 400kW,M-019-SEN-08,pression,pression,bar,6.1753,0.99,13.47,normal,90.9,98.0,2000,GW-Modbus-03,1.0
2026-04-18 05:11:20,R-077,Réducteur convoyeur,R-077-SEN-01,accelerometre,accelerometre,mm/s,3.5162,0.49,6.96,normal,87.0,96.8,512,GW-MQTT-01,1.6
2026-04-18 05:11:52,R-077,Réducteur convoyeur,R-077-SEN-02,accelerometre,accelerometre,g,0.6316,0.1,1.49,normal,87.4,98.1,2000,GW-Modbus-03,1.6
2026-04-18 05:11:12,R-077,Réducteur convoyeur,R-077-SEN-03,thermique,thermique,°C,53.167,7.83,105.57,normal,90.2,98.3,5000,GW-OPCUA-02,0.7
2026-04-18 05:11:08,R-077,Réducteur convoyeur,R-077-SEN-04,sonde_proximite,sonde_proximite,microns,66.2437,10.44,143.89,normal,92.4,95.9,2000,GW-OPCUA-02,1.1
2026-04-18 05:11:00,R-077,Réducteur convoyeur,R-077-SEN-05,ultrason,ultrason,dB,51.621,7.31,99.31,normal,93.0,97.5,512,GW-MQTT-01,1.6
2026-04-18 05:11:34,R-077,Réducteur convoyeur,R-077-SEN-06,courant,courant,A,147.1106,20.88,280.74,normal,87.9,96.5,512,GW-MQTT-01,1.6
2026-04-18 05:11:07,R-077,Réducteur convoyeur,R-077-SEN-07,debit,debit,m3/h,98.5423,14.79,197.9,normal,85.6,94.8,1000,GW-Modbus-03,1.3
2026-04-18 05:11:48,R-077,Réducteur convoyeur,R-077-SEN-08,pression,pression,bar,7.4299,1.13,15.31,normal,91.5,97.8,1000,GW-MQTT-01,1.2
2026-04-18 05:11:59,P-311,Pompe centrifuge BP,P-311-SEN-01,accelerometre,accelerometre,mm/s,4.0031,0.55,7.81,normal,89.7,99.2,1000,GW-OPCUA-02,1.4
2026-04-18 05:11:06,P-311,Pompe centrifuge BP,P-311-SEN-02,accelerometre,accelerometre,g,0.753,0.12,1.67,normal,87.8,96.4,5000,GW-Modbus-03,1.4
2026-04-18 05:11:58,P-311,Pompe centrifuge BP,P-311-SEN-03,thermique,thermique,°C,57.9111,8.78,118.31,normal,89.0,94.9,2000,GW-OPCUA-02,0.5
2026-04-18 05:11:59,P-311,Pompe centrifuge BP,P-311-SEN-04,sonde_proximite,sonde_proximite,microns,84.4052,11.7,161.25,normal,87.1,94.9,256,GW-OPCUA-02,1.0
2026-04-18 05:11:25,P-311,Pompe centrifuge BP,P-311-SEN-05,ultrason,ultrason,dB,60.635,8.19,111.3,normal,90.3,99.7,256,GW-OPCUA-02,0.9
2026-04-18 05:11:44,P-311,Pompe centrifuge BP,P-311-SEN-06,courant,courant,A,157.4391,23.4,314.63,normal,85.1,94.9,128,GW-MQTT-01,1.6
2026-04-18 05:11:12,P-311,Pompe centrifuge BP,P-311-SEN-07,debit,debit,m3/h,106.2019,16.57,221.79,normal,91.2,93.7,5000,GW-MQTT-01,1.6
2026-04-18 05:11:12,P-311,Pompe centrifuge BP,P-311-SEN-08,pression,pression,bar,8.6478,1.27,17.16,normal,90.2,95.3,1000,GW-Modbus-03,1.2
2026-04-18 06:58:21,P-204,Pompe centrifuge HP,P-204-SEN-01,accelerometre,accelerometre,mm/s,1.5517,0.25,3.6,normal,86.2,95.5,128,GW-Modbus-03,1.1
2026-04-18 06:58:53,P-204,Pompe centrifuge HP,P-204-SEN-02,accelerometre,accelerometre,g,0.45,0.05,0.77,normal,89.9,96.0,128,GW-Modbus-03,1.3
2026-04-18 06:58:18,P-204,Pompe centrifuge HP,P-204-SEN-03,thermique,thermique,°C,25.2522,4.05,54.61,normal,94.1,100.3,5000,GW-MQTT-01,1.4
2026-04-18 06:58:03,P-204,Pompe centrifuge HP,P-204-SEN-04,sonde_proximite,sonde_proximite,microns,40.535,5.4,74.45,normal,93.1,93.8,1000,GW-MQTT-01,1.0
2026-04-18 06:58:10,P-204,Pompe centrifuge HP,P-204-SEN-05,ultrason,ultrason,dB,25.3339,3.78,51.38,normal,87.0,97.8,256,GW-OPCUA-02,1.4
2026-04-18 06:58:43,P-204,Pompe centrifuge HP,P-204-SEN-06,courant,courant,A,65.4731,10.8,145.22,normal,92.1,99.8,512,GW-Modbus-03,0.8
2026-04-18 06:58:42,P-204,Pompe centrifuge HP,P-204-SEN-07,debit,debit,m3/h,55.2414,7.65,102.37,normal,90.3,93.1,256,GW-OPCUA-02,0.9
2026-04-18 06:58:02,P-204,Pompe centrifuge HP,P-204-SEN-08,pression,pression,bar,4.5347,0.58,7.92,normal,87.6,97.0,2000,GW-MQTT-01,1.3
2026-04-18 06:58:40,C-118,Compresseur à vis,C-118-SEN-01,accelerometre,accelerometre,mm/s,1.7377,0.31,4.45,normal,92.9,98.9,128,GW-OPCUA-02,0.8
2026-04-18 06:58:00,C-118,Compresseur à vis,C-118-SEN-02,accelerometre,accelerometre,g,0.6149,0.07,0.95,normal,87.2,98.3,128,GW-Modbus-03,1.2
2026-04-18 06:58:39,C-118,Compresseur à vis,C-118-SEN-03,thermique,thermique,°C,33.8981,4.99,67.35,normal,92.7,95.1,512,GW-OPCUA-02,0.8
2026-04-18 06:58:16,C-118,Compresseur à vis,C-118-SEN-04,sonde_proximite,sonde_proximite,microns,44.232,6.66,91.82,normal,88.3,95.4,1000,GW-MQTT-01,2.1
2026-04-18 06:58:21,C-118,Compresseur à vis,C-118-SEN-05,ultrason,ultrason,dB,33.2492,4.66,63.37,normal,87.6,99.2,128,GW-MQTT-01,0.4
2026-04-18 06:58:14,C-118,Compresseur à vis,C-118-SEN-06,courant,courant,A,100.3594,13.32,179.11,normal,92.5,94.0,1000,GW-Modbus-03,1.6
2026-04-18 06:58:51,C-118,Compresseur à vis,C-118-SEN-07,debit,debit,m3/h,64.545,9.43,126.25,normal,89.3,96.6,512,GW-MQTT-01,1.0
2026-04-18 06:58:22,C-118,Compresseur à vis,C-118-SEN-08,pression,pression,bar,4.8613,0.72,9.77,normal,85.5,95.1,1000,GW-OPCUA-02,0.8
2026-04-18 06:58:16,V-302,Ventilateur tirage,V-302-SEN-01,accelerometre,accelerometre,mm/s,2.7685,0.37,5.29,normal,87.8,96.0,5000,GW-Modbus-03,1.4
2026-04-18 06:58:11,V-302,Ventilateur tirage,V-302-SEN-02,accelerometre,accelerometre,g,0.5467,0.08,1.13,normal,88.0,95.4,2000,GW-OPCUA-02,1.4
2026-04-18 06:58:52,V-302,Ventilateur tirage,V-302-SEN-03,thermique,thermique,°C,39.2821,5.94,80.1,normal,92.2,94.5,5000,GW-MQTT-01,0.3
2026-04-18 06:58:11,V-302,Ventilateur tirage,V-302-SEN-04,sonde_proximite,sonde_proximite,microns,53.9468,7.92,109.19,normal,87.7,97.1,512,GW-OPCUA-02,1.6
2026-04-18 06:58:58,V-302,Ventilateur tirage,V-302-SEN-05,ultrason,ultrason,dB,35.9245,5.54,75.36,normal,90.7,96.4,1000,GW-OPCUA-02,0.6
2026-04-18 06:58:48,V-302,Ventilateur tirage,V-302-SEN-06,courant,courant,A,97.1982,15.84,213.0,normal,88.4,98.3,128,GW-MQTT-01,0.8
2026-04-18 06:58:19,V-302,Ventilateur tirage,V-302-SEN-07,debit,debit,m3/h,70.0461,11.22,150.14,normal,85.9,97.4,256,GW-Modbus-03,1.0
2026-04-18 06:58:56,V-302,Ventilateur tirage,V-302-SEN-08,pression,pression,bar,5.4971,0.86,11.62,normal,86.0,98.1,256,GW-OPCUA-02,0.9
2026-04-18 06:58:11,M-019,Moteur électrique 400kW,M-019-SEN-01,accelerometre,accelerometre,mm/s,3.3811,0.43,6.13,normal,87.3,94.5,512,GW-MQTT-01,1.6
2026-04-18 06:58:04,M-019,Moteur électrique 400kW,M-019-SEN-02,accelerometre,accelerometre,g,0.6703,0.09,1.31,normal,86.2,93.7,512,GW-Modbus-03,0.9
2026-04-18 06:58:56,M-019,Moteur électrique 400kW,M-019-SEN-03,thermique,thermique,°C,45.5459,6.88,92.84,normal,85.2,96.9,2000,GW-MQTT-01,1.4
2026-04-18 06:58:40,M-019,Moteur électrique 400kW,M-019-SEN-04,sonde_proximite,sonde_proximite,microns,62.8686,9.18,126.56,normal,86.3,98.4,128,GW-OPCUA-02,1.5
2026-04-18 06:58:16,M-019,Moteur électrique 400kW,M-019-SEN-05,ultrason,ultrason,dB,44.0397,6.43,87.34,normal,90.9,97.3,2000,GW-MQTT-01,1.0
2026-04-18 06:58:09,M-019,Moteur électrique 400kW,M-019-SEN-06,courant,courant,A,111.6192,18.36,246.88,normal,84.9,99.1,1000,GW-Modbus-03,0.8
2026-04-18 06:58:43,M-019,Moteur électrique 400kW,M-019-SEN-07,debit,debit,m3/h,89.0882,13.01,174.02,normal,87.2,92.5,2000,GW-MQTT-01,1.7
2026-04-18 06:58:32,M-019,Moteur électrique 400kW,M-019-SEN-08,pression,pression,bar,6.4143,0.99,13.47,normal,92.7,99.3,1000,GW-OPCUA-02,1.1
2026-04-18 06:58:57,R-077,Réducteur convoyeur,R-077-SEN-01,accelerometre,accelerometre,mm/s,3.4447,0.49,6.97,normal,85.7,93.5,256,GW-MQTT-01,0.6
2026-04-18 06:58:23,R-077,Réducteur convoyeur,R-077-SEN-02,accelerometre,accelerometre,g,0.7557,0.1,1.49,normal,88.3,95.9,128,GW-MQTT-01,1.4
2026-04-18 06:58:42,R-077,Réducteur convoyeur,R-077-SEN-03,thermique,thermique,°C,55.4621,7.83,105.58,normal,88.1,94.8,1000,GW-MQTT-01,1.5
2026-04-18 06:58:50,R-077,Réducteur convoyeur,R-077-SEN-04,sonde_proximite,sonde_proximite,microns,67.2233,10.44,143.93,normal,94.3,96.0,128,GW-MQTT-01,1.9
2026-04-18 06:58:49,R-077,Réducteur convoyeur,R-077-SEN-05,ultrason,ultrason,dB,44.0572,7.31,99.33,normal,90.7,98.3,256,GW-Modbus-03,1.5
2026-04-18 06:58:03,R-077,Réducteur convoyeur,R-077-SEN-06,courant,courant,A,145.0382,20.88,280.77,normal,86.5,96.6,5000,GW-MQTT-01,1.0
2026-04-18 06:58:37,R-077,Réducteur convoyeur,R-077-SEN-07,debit,debit,m3/h,95.0655,14.79,197.91,normal,88.8,95.7,2000,GW-OPCUA-02,0.6
2026-04-18 06:58:08,R-077,Réducteur convoyeur,R-077-SEN-08,pression,pression,bar,8.0637,1.13,15.32,normal,91.6,97.4,256,GW-OPCUA-02,1.4
2026-04-18 06:58:11,P-311,Pompe centrifuge BP,P-311-SEN-01,accelerometre,accelerometre,mm/s,3.8066,0.55,7.81,normal,89.3,96.8,1000,GW-OPCUA-02,1.0
2026-04-18 06:58:00,P-311,Pompe centrifuge BP,P-311-SEN-02,accelerometre,accelerometre,g,0.9677,0.12,1.67,normal,87.6,95.5,2000,GW-Modbus-03,1.3
2026-04-18 06:58:26,P-311,Pompe centrifuge BP,P-311-SEN-03,thermique,thermique,°C,62.4105,8.78,118.33,normal,91.9,98.5,2000,GW-Modbus-03,0.9
2026-04-18 06:58:38,P-311,Pompe centrifuge BP,P-311-SEN-04,sonde_proximite,sonde_proximite,microns,74.3195,11.7,161.3,normal,89.4,96.4,256,GW-OPCUA-02,1.3
2026-04-18 06:58:15,P-311,Pompe centrifuge BP,P-311-SEN-05,ultrason,ultrason,dB,57.6291,8.19,111.32,normal,89.4,98.4,128,GW-Modbus-03,1.3
2026-04-18 06:58:33,P-311,Pompe centrifuge BP,P-311-SEN-06,courant,courant,A,155.0462,23.4,314.65,normal,91.0,98.3,2000,GW-OPCUA-02,0.9
2026-04-18 06:58:13,P-311,Pompe centrifuge BP,P-311-SEN-07,debit,debit,m3/h,105.7709,16.57,221.8,normal,86.0,99.6,512,GW-MQTT-01,1.1
2026-04-18 06:58:46,P-311,Pompe centrifuge BP,P-311-SEN-08,pression,pression,bar,8.7616,1.27,17.17,normal,94.1,95.7,1000,GW-Modbus-03,1.1
2026-04-18 07:47:49,P-204,Pompe centrifuge HP,P-204-SEN-01,accelerometre,accelerometre,mm/s,1.1403,0.25,3.61,normal,89.7,99.0,1000,GW-MQTT-01,0.7
2026-04-18 07:47:54,P-204,Pompe centrifuge HP,P-204-SEN-02,accelerometre,accelerometre,g,0.4105,0.05,0.77,normal,93.7,98.5,5000,GW-MQTT-01,1.5
2026-04-18 07:47:17,P-204,Pompe centrifuge HP,P-204-SEN-03,thermique,thermique,°C,28.4893,4.05,54.62,normal,88.6,100.4,1000,GW-Modbus-03,0.6
2026-04-18 07:47:48,P-204,Pompe centrifuge HP,P-204-SEN-04,sonde_proximite,sonde_proximite,microns,31.6077,5.4,74.47,normal,85.8,97.6,1000,GW-MQTT-01,1.4
2026-04-18 07:47:41,P-204,Pompe centrifuge HP,P-204-SEN-05,ultrason,ultrason,dB,25.9777,3.78,51.39,normal,84.8,96.1,128,GW-OPCUA-02,1.0
2026-04-18 07:47:09,P-204,Pompe centrifuge HP,P-204-SEN-06,courant,courant,A,74.3031,10.8,145.24,normal,86.2,98.7,512,GW-MQTT-01,1.3
2026-04-18 07:47:44,P-204,Pompe centrifuge HP,P-204-SEN-07,debit,debit,m3/h,47.5375,7.65,102.37,normal,92.9,95.6,128,GW-MQTT-01,1.4
2026-04-18 07:47:11,P-204,Pompe centrifuge HP,P-204-SEN-08,pression,pression,bar,3.1616,0.58,7.92,normal,87.3,97.6,128,GW-OPCUA-02,1.6
2026-04-18 07:47:52,C-118,Compresseur à vis,C-118-SEN-01,accelerometre,accelerometre,mm/s,1.9435,0.31,4.45,normal,94.3,94.1,5000,GW-Modbus-03,1.6
2026-04-18 07:47:54,C-118,Compresseur à vis,C-118-SEN-02,accelerometre,accelerometre,g,0.4135,0.07,0.95,normal,87.9,99.5,512,GW-Modbus-03,1.3
2026-04-18 07:47:53,C-118,Compresseur à vis,C-118-SEN-03,thermique,thermique,°C,31.8378,4.99,67.36,normal,94.2,97.2,2000,GW-OPCUA-02,2.2
2026-04-18 07:47:55,C-118,Compresseur à vis,C-118-SEN-04,sonde_proximite,sonde_proximite,microns,39.8203,6.66,91.85,normal,93.4,97.6,2000,GW-OPCUA-02,1.2
2026-04-18 07:47:52,C-118,Compresseur à vis,C-118-SEN-05,ultrason,ultrason,dB,23.2899,4.66,63.38,normal,87.8,98.3,256,GW-Modbus-03,0.9
2026-04-18 07:47:05,C-118,Compresseur à vis,C-118-SEN-06,courant,courant,A,100.8037,13.32,179.12,normal,85.8,98.7,128,GW-MQTT-01,1.0
2026-04-18 07:47:48,C-118,Compresseur à vis,C-118-SEN-07,debit,debit,m3/h,67.006,9.43,126.26,normal,92.4,97.4,2000,GW-Modbus-03,1.0
2026-04-18 07:47:24,C-118,Compresseur à vis,C-118-SEN-08,pression,pression,bar,4.8,0.72,9.77,normal,84.7,97.2,256,GW-OPCUA-02,1.3
2026-04-18 07:47:55,V-302,Ventilateur tirage,V-302-SEN-01,accelerometre,accelerometre,mm/s,2.047,0.37,5.29,normal,86.7,95.8,128,GW-OPCUA-02,1.5
2026-04-18 07:47:36,V-302,Ventilateur tirage,V-302-SEN-02,accelerometre,accelerometre,g,0.5354,0.08,1.13,normal,85.9,96.5,256,GW-OPCUA-02,1.4
2026-04-18 07:47:26,V-302,Ventilateur tirage,V-302-SEN-03,thermique,thermique,°C,43.8365,5.94,80.11,normal,92.7,97.4,128,GW-OPCUA-02,1.1
2026-04-18 07:47:50,V-302,Ventilateur tirage,V-302-SEN-04,sonde_proximite,sonde_proximite,microns,57.3887,7.92,109.23,normal,93.0,94.4,5000,GW-Modbus-03,1.3
2026-04-18 07:47:23,V-302,Ventilateur tirage,V-302-SEN-05,ultrason,ultrason,dB,41.4382,5.54,75.37,normal,90.6,100.1,2000,GW-MQTT-01,0.9
2026-04-18 07:47:07,V-302,Ventilateur tirage,V-302-SEN-06,courant,courant,A,96.3867,15.84,213.01,normal,92.2,96.7,5000,GW-Modbus-03,1.6
2026-04-18 07:47:53,V-302,Ventilateur tirage,V-302-SEN-07,debit,debit,m3/h,81.5485,11.22,150.14,normal,91.2,96.7,512,GW-OPCUA-02,1.4
2026-04-18 07:47:59,V-302,Ventilateur tirage,V-302-SEN-08,pression,pression,bar,4.9734,0.86,11.62,normal,88.1,93.0,256,GW-MQTT-01,2.0
2026-04-18 07:47:23,M-019,Moteur électrique 400kW,M-019-SEN-01,accelerometre,accelerometre,mm/s,2.8977,0.43,6.13,normal,86.4,96.6,256,GW-MQTT-01,0.9
2026-04-18 07:47:45,M-019,Moteur électrique 400kW,M-019-SEN-02,accelerometre,accelerometre,g,0.5653,0.09,1.31,normal,87.2,93.3,2000,GW-OPCUA-02,1.8
2026-04-18 07:47:30,M-019,Moteur électrique 400kW,M-019-SEN-03,thermique,thermique,°C,42.815,6.88,92.85,normal,94.7,97.0,1000,GW-MQTT-01,0.8
2026-04-18 07:47:23,M-019,Moteur électrique 400kW,M-019-SEN-04,sonde_proximite,sonde_proximite,microns,63.2502,9.18,126.6,normal,87.7,94.8,2000,GW-MQTT-01,0.7
2026-04-18 07:47:48,M-019,Moteur électrique 400kW,M-019-SEN-05,ultrason,ultrason,dB,40.5679,6.43,87.36,normal,92.2,100.4,512,GW-Modbus-03,0.1
2026-04-18 07:47:27,M-019,Moteur électrique 400kW,M-019-SEN-06,courant,courant,A,130.378,18.36,246.9,normal,85.8,93.2,2000,GW-MQTT-01,1.5
2026-04-18 07:47:23,M-019,Moteur électrique 400kW,M-019-SEN-07,debit,debit,m3/h,87.1053,13.01,174.03,normal,91.6,95.0,512,GW-Modbus-03,1.1
2026-04-18 07:47:29,M-019,Moteur électrique 400kW,M-019-SEN-08,pression,pression,bar,7.0481,0.99,13.47,normal,94.4,98.7,512,GW-MQTT-01,0.9
2026-04-18 07:47:49,R-077,Réducteur convoyeur,R-077-SEN-01,accelerometre,accelerometre,mm/s,3.1765,0.49,6.97,normal,91.3,97.3,256,GW-Modbus-03,1.1
2026-04-18 07:47:16,R-077,Réducteur convoyeur,R-077-SEN-02,accelerometre,accelerometre,g,0.7502,0.1,1.49,normal,87.4,95.3,256,GW-MQTT-01,0.2
2026-04-18 07:47:54,R-077,Réducteur convoyeur,R-077-SEN-03,thermique,thermique,°C,50.9119,7.83,105.59,normal,94.5,96.5,128,GW-OPCUA-02,1.1
2026-04-18 07:47:14,R-077,Réducteur convoyeur,R-077-SEN-04,sonde_proximite,sonde_proximite,microns,73.106,10.44,143.98,normal,94.4,95.6,1000,GW-OPCUA-02,1.1
2026-04-18 07:47:38,R-077,Réducteur convoyeur,R-077-SEN-05,ultrason,ultrason,dB,49.5878,7.31,99.35,normal,91.9,95.7,256,GW-Modbus-03,1.4
2026-04-18 07:47:42,R-077,Réducteur convoyeur,R-077-SEN-06,courant,courant,A,142.28,20.88,280.79,normal,94.7,99.1,5000,GW-MQTT-01,0.8
2026-04-18 07:47:29,R-077,Réducteur convoyeur,R-077-SEN-07,debit,debit,m3/h,99.6019,14.79,197.92,normal,89.1,99.3,2000,GW-Modbus-03,0.9
2026-04-18 07:47:00,R-077,Réducteur convoyeur,R-077-SEN-08,pression,pression,bar,6.8183,1.13,15.32,normal,89.7,98.6,5000,GW-Modbus-03,0.4
2026-04-18 07:47:52,P-311,Pompe centrifuge BP,P-311-SEN-01,accelerometre,accelerometre,mm/s,3.4622,0.55,7.82,normal,91.0,96.7,128,GW-Modbus-03,1.6
2026-04-18 07:47:35,P-311,Pompe centrifuge BP,P-311-SEN-02,accelerometre,accelerometre,g,0.8178,0.12,1.67,normal,85.1,95.8,1000,GW-Modbus-03,1.0
2026-04-18 07:47:49,P-311,Pompe centrifuge BP,P-311-SEN-03,thermique,thermique,°C,58.2817,8.78,118.34,normal,91.4,97.7,1000,GW-Modbus-03,0.8
2026-04-18 07:47:14,P-311,Pompe centrifuge BP,P-311-SEN-04,sonde_proximite,sonde_proximite,microns,86.5072,11.7,161.36,normal,91.7,96.6,2000,GW-Modbus-03,1.2
2026-04-18 07:47:11,P-311,Pompe centrifuge BP,P-311-SEN-05,ultrason,ultrason,dB,50.6784,8.19,111.34,normal,87.5,98.1,2000,GW-MQTT-01,1.8
2026-04-18 07:47:09,P-311,Pompe centrifuge BP,P-311-SEN-06,courant,courant,A,173.5221,23.4,314.68,normal,92.7,96.4,256,GW-MQTT-01,1.3
2026-04-18 07:47:25,P-311,Pompe centrifuge BP,P-311-SEN-07,debit,debit,m3/h,119.3156,16.57,221.8,normal,89.3,99.7,1000,GW-MQTT-01,0.8
2026-04-18 07:47:05,P-311,Pompe centrifuge BP,P-311-SEN-08,pression,pression,bar,8.4601,1.27,17.17,normal,85.8,96.0,512,GW-Modbus-03,0.7
2026-04-18 08:03:51,P-204,Pompe centrifuge HP,P-204-SEN-01,accelerometre,accelerometre,mm/s,1.7871,0.25,3.61,normal,92.7,91.7,128,GW-Modbus-03,0.4
2026-04-18 08:03:15,P-204,Pompe centrifuge HP,P-204-SEN-02,accelerometre,accelerometre,g,0.3993,0.05,0.77,normal,89.0,95.7,1000,GW-OPCUA-02,1.6
2026-04-18 08:03:11,P-204,Pompe centrifuge HP,P-204-SEN-03,thermique,thermique,°C,30.0751,4.05,54.62,normal,85.1,97.5,512,GW-MQTT-01,0.9
2026-04-18 08:03:29,P-204,Pompe centrifuge HP,P-204-SEN-04,sonde_proximite,sonde_proximite,microns,40.3166,5.4,74.5,normal,90.2,96.9,512,GW-OPCUA-02,0.8
2026-04-18 08:03:35,P-204,Pompe centrifuge HP,P-204-SEN-05,ultrason,ultrason,dB,25.8804,3.78,51.4,normal,85.2,95.6,512,GW-MQTT-01,0.9
2026-04-18 08:03:35,P-204,Pompe centrifuge HP,P-204-SEN-06,courant,courant,A,80.3837,10.8,145.25,normal,93.3,96.7,2000,GW-Modbus-03,0.8
2026-04-18 08:03:54,P-204,Pompe centrifuge HP,P-204-SEN-07,debit,debit,m3/h,54.7722,7.65,102.37,normal,86.3,97.8,128,GW-Modbus-03,1.6
2026-04-18 08:03:45,P-204,Pompe centrifuge HP,P-204-SEN-08,pression,pression,bar,4.0414,0.58,7.92,normal,88.9,96.4,1000,GW-OPCUA-02,1.2
2026-04-18 08:03:17,C-118,Compresseur à vis,C-118-SEN-01,accelerometre,accelerometre,mm/s,3.0588,0.31,4.45,normal,90.1,98.3,256,GW-MQTT-01,0.9
2026-04-18 08:03:09,C-118,Compresseur à vis,C-118-SEN-02,accelerometre,accelerometre,g,0.5033,0.07,0.95,normal,87.4,98.1,256,GW-Modbus-03,1.4
2026-04-18 08:03:37,C-118,Compresseur à vis,C-118-SEN-03,thermique,thermique,°C,34.518,4.99,67.37,normal,85.1,99.4,256,GW-OPCUA-02,1.2
2026-04-18 08:03:28,C-118,Compresseur à vis,C-118-SEN-04,sonde_proximite,sonde_proximite,microns,46.5502,6.66,91.88,normal,93.7,96.1,128,GW-Modbus-03,1.2
2026-04-18 08:03:50,C-118,Compresseur à vis,C-118-SEN-05,ultrason,ultrason,dB,33.8027,4.66,63.39,normal,84.5,98.3,256,GW-MQTT-01,1.1
2026-04-18 08:03:49,C-118,Compresseur à vis,C-118-SEN-06,courant,courant,A,90.8833,13.32,179.14,normal,94.3,96.2,5000,GW-MQTT-01,1.2
2026-04-18 08:03:10,C-118,Compresseur à vis,C-118-SEN-07,debit,debit,m3/h,71.0775,9.43,126.26,normal,89.1,95.3,1000,GW-OPCUA-02,1.8
2026-04-18 08:03:52,C-118,Compresseur à vis,C-118-SEN-08,pression,pression,bar,4.6485,0.72,9.77,normal,87.5,94.6,128,GW-MQTT-01,0.9
2026-04-18 08:03:48,V-302,Ventilateur tirage,V-302-SEN-01,accelerometre,accelerometre,mm/s,2.5362,0.37,5.29,normal,93.9,96.1,512,GW-OPCUA-02,1.3
2026-04-18 08:03:15,V-302,Ventilateur tirage,V-302-SEN-02,accelerometre,accelerometre,g,0.5417,0.08,1.13,normal,87.1,100.8,5000,GW-MQTT-01,1.1
2026-04-18 08:03:49,V-302,Ventilateur tirage,V-302-SEN-03,thermique,thermique,°C,41.366,5.94,80.12,normal,93.3,96.0,5000,GW-OPCUA-02,1.4
2026-04-18 08:03:35,V-302,Ventilateur tirage,V-302-SEN-04,sonde_proximite,sonde_proximite,microns,40.5495,7.92,109.26,normal,88.7,101.1,256,GW-OPCUA-02,0.5
2026-04-18 08:03:09,V-302,Ventilateur tirage,V-302-SEN-05,ultrason,ultrason,dB,34.1922,5.54,75.38,normal,93.7,94.7,5000,GW-OPCUA-02,1.5
2026-04-18 08:03:51,V-302,Ventilateur tirage,V-302-SEN-06,courant,courant,A,103.6907,15.84,213.03,normal,84.9,98.5,2000,GW-OPCUA-02,1.0
2026-04-18 08:03:17,V-302,Ventilateur tirage,V-302-SEN-07,debit,debit,m3/h,69.5968,11.22,150.15,normal,86.5,94.8,512,GW-OPCUA-02,0.9
2026-04-18 08:03:49,V-302,Ventilateur tirage,V-302-SEN-08,pression,pression,bar,5.7605,0.86,11.62,normal,87.7,98.9,5000,GW-OPCUA-02,1.6
2026-04-18 08:03:55,M-019,Moteur électrique 400kW,M-019-SEN-01,accelerometre,accelerometre,mm/s,3.2673,0.43,6.14,normal,92.3,95.6,512,GW-Modbus-03,1.1
2026-04-18 08:03:04,M-019,Moteur électrique 400kW,M-019-SEN-02,accelerometre,accelerometre,g,0.5855,0.09,1.31,normal,93.0,97.4,2000,GW-MQTT-01,1.0
2026-04-18 08:03:59,M-019,Moteur électrique 400kW,M-019-SEN-03,thermique,thermique,°C,45.5169,6.88,92.86,normal,88.4,93.1,256,GW-Modbus-03,1.0
2026-04-18 08:03:57,M-019,Moteur électrique 400kW,M-019-SEN-04,sonde_proximite,sonde_proximite,microns,58.8278,9.18,126.64,normal,91.5,97.5,1000,GW-Modbus-03,1.5
2026-04-18 08:03:20,M-019,Moteur électrique 400kW,M-019-SEN-05,ultrason,ultrason,dB,40.5768,6.43,87.38,normal,92.2,95.7,128,GW-Modbus-03,0.8
2026-04-18 08:03:44,M-019,Moteur électrique 400kW,M-019-SEN-06,courant,courant,A,134.2575,18.36,246.92,normal,90.7,97.6,512,GW-MQTT-01,1.7
2026-04-18 08:03:27,M-019,Moteur électrique 400kW,M-019-SEN-07,debit,debit,m3/h,97.3193,13.01,174.04,normal,88.3,94.5,256,GW-OPCUA-02,1.4
2026-04-18 08:03:08,M-019,Moteur électrique 400kW,M-019-SEN-08,pression,pression,bar,6.5441,0.99,13.47,normal,85.7,95.6,128,GW-OPCUA-02,1.1
2026-04-18 08:03:37,R-077,Réducteur convoyeur,R-077-SEN-01,accelerometre,accelerometre,mm/s,3.9385,0.49,6.98,normal,85.2,100.3,1000,GW-OPCUA-02,1.0
2026-04-18 08:03:29,R-077,Réducteur convoyeur,R-077-SEN-02,accelerometre,accelerometre,g,0.7218,0.1,1.49,normal,85.3,96.5,128,GW-Modbus-03,1.6
2026-04-18 08:03:19,R-077,Réducteur convoyeur,R-077-SEN-03,thermique,thermique,°C,53.3161,7.83,105.61,normal,87.2,96.9,2000,GW-OPCUA-02,1.5
2026-04-18 08:03:34,R-077,Réducteur convoyeur,R-077-SEN-04,sonde_proximite,sonde_proximite,microns,60.4059,10.44,144.03,normal,93.5,99.5,128,GW-Modbus-03,1.2
2026-04-18 08:03:45,R-077,Réducteur convoyeur,R-077-SEN-05,ultrason,ultrason,dB,46.6392,7.31,99.37,normal,92.5,94.6,512,GW-MQTT-01,1.2
2026-04-18 08:03:09,R-077,Réducteur convoyeur,R-077-SEN-06,courant,courant,A,132.521,20.88,280.81,normal,94.6,95.1,1000,GW-MQTT-01,0.7
2026-04-18 08:03:41,R-077,Réducteur convoyeur,R-077-SEN-07,debit,debit,m3/h,105.2402,14.79,197.92,normal,90.7,98.0,128,GW-MQTT-01,1.9
2026-04-18 08:03:17,R-077,Réducteur convoyeur,R-077-SEN-08,pression,pression,bar,7.6812,1.13,15.32,normal,84.8,95.2,512,GW-Modbus-03,0.9
2026-04-18 08:03:34,P-311,Pompe centrifuge BP,P-311-SEN-01,accelerometre,accelerometre,mm/s,3.9578,0.55,7.82,normal,84.7,95.6,256,GW-OPCUA-02,1.2
2026-04-18 08:03:55,P-311,Pompe centrifuge BP,P-311-SEN-02,accelerometre,accelerometre,g,0.9371,0.12,1.67,normal,92.4,99.3,512,GW-OPCUA-02,0.7
2026-04-18 08:03:58,P-311,Pompe centrifuge BP,P-311-SEN-03,thermique,thermique,°C,58.8275,8.78,118.35,normal,84.6,97.7,2000,GW-Modbus-03,1.7
2026-04-18 08:03:34,P-311,Pompe centrifuge BP,P-311-SEN-04,sonde_proximite,sonde_proximite,microns,78.8009,11.7,161.41,normal,86.6,95.8,256,GW-MQTT-01,1.9
2026-04-18 08:03:43,P-311,Pompe centrifuge BP,P-311-SEN-05,ultrason,ultrason,dB,51.755,8.19,111.36,normal,84.8,96.5,2000,GW-MQTT-01,1.1
2026-04-18 08:03:55,P-311,Pompe centrifuge BP,P-311-SEN-06,courant,courant,A,143.6403,23.4,314.7,normal,93.2,94.7,512,GW-OPCUA-02,1.1
2026-04-18 08:03:14,P-311,Pompe centrifuge BP,P-311-SEN-07,debit,debit,m3/h,117.4713,16.57,221.81,normal,92.6,97.1,512,GW-Modbus-03,1.6
2026-04-18 08:03:39,P-311,Pompe centrifuge BP,P-311-SEN-08,pression,pression,bar,8.6389,1.27,17.17,normal,93.9,97.0,1000,GW-MQTT-01,2.1
2026-04-18 09:04:25,P-204,Pompe centrifuge HP,P-204-SEN-01,accelerometre,accelerometre,mm/s,2.1384,0.25,3.61,normal,91.3,93.9,2000,GW-Modbus-03,1.5
2026-04-18 09:04:17,P-204,Pompe centrifuge HP,P-204-SEN-02,accelerometre,accelerometre,g,0.3369,0.05,0.77,normal,86.6,98.2,128,GW-OPCUA-02,1.6
2026-04-18 09:04:23,P-204,Pompe centrifuge HP,P-204-SEN-03,thermique,thermique,°C,23.4019,4.05,54.63,normal,93.4,95.3,512,GW-OPCUA-02,1.1
2026-04-18 09:04:41,P-204,Pompe centrifuge HP,P-204-SEN-04,sonde_proximite,sonde_proximite,microns,17.011,5.4,74.52,normal,91.3,100.0,5000,GW-MQTT-01,0.6
2026-04-18 09:04:01,P-204,Pompe centrifuge HP,P-204-SEN-05,ultrason,ultrason,dB,22.3805,3.78,51.41,normal,85.7,99.0,512,GW-MQTT-01,1.5
2026-04-18 09:04:20,P-204,Pompe centrifuge HP,P-204-SEN-06,courant,courant,A,71.6956,10.8,145.26,normal,92.3,96.0,128,GW-Modbus-03,1.2
2026-04-18 09:04:16,P-204,Pompe centrifuge HP,P-204-SEN-07,debit,debit,m3/h,52.4853,7.65,102.38,normal,90.8,95.9,128,GW-OPCUA-02,1.4
2026-04-18 09:04:10,P-204,Pompe centrifuge HP,P-204-SEN-08,pression,pression,bar,4.3279,0.58,7.93,normal,94.2,97.1,128,GW-OPCUA-02,1.1
2026-04-18 09:04:36,C-118,Compresseur à vis,C-118-SEN-01,accelerometre,accelerometre,mm/s,2.2551,0.31,4.45,normal,84.5,96.9,512,GW-Modbus-03,1.3
2026-04-18 09:04:51,C-118,Compresseur à vis,C-118-SEN-02,accelerometre,accelerometre,g,0.5055,0.07,0.95,normal,94.2,100.3,5000,GW-MQTT-01,1.1
2026-04-18 09:04:59,C-118,Compresseur à vis,C-118-SEN-03,thermique,thermique,°C,35.4537,4.99,67.38,normal,93.6,100.0,5000,GW-OPCUA-02,1.1
2026-04-18 09:04:15,C-118,Compresseur à vis,C-118-SEN-04,sonde_proximite,sonde_proximite,microns,53.7899,6.66,91.91,normal,89.7,96.5,5000,GW-Modbus-03,1.1
2026-04-18 09:04:15,C-118,Compresseur à vis,C-118-SEN-05,ultrason,ultrason,dB,27.8132,4.66,63.4,normal,88.3,95.1,128,GW-MQTT-01,1.5
2026-04-18 09:04:02,C-118,Compresseur à vis,C-118-SEN-06,courant,courant,A,88.0662,13.32,179.15,normal,89.2,96.1,2000,GW-MQTT-01,1.4
2026-04-18 09:04:49,C-118,Compresseur à vis,C-118-SEN-07,debit,debit,m3/h,62.1517,9.43,126.27,normal,92.1,96.8,5000,GW-Modbus-03,1.3
2026-04-18 09:04:53,C-118,Compresseur à vis,C-118-SEN-08,pression,pression,bar,4.4047,0.72,9.78,normal,92.5,95.8,128,GW-Modbus-03,1.8
2026-04-18 09:04:00,V-302,Ventilateur tirage,V-302-SEN-01,accelerometre,accelerometre,mm/s,2.9714,0.37,5.3,normal,84.3,96.7,512,GW-OPCUA-02,0.6
2026-04-18 09:04:02,V-302,Ventilateur tirage,V-302-SEN-02,accelerometre,accelerometre,g,0.5682,0.08,1.13,normal,94.3,96.6,2000,GW-Modbus-03,1.4
2026-04-18 09:04:10,V-302,Ventilateur tirage,V-302-SEN-03,thermique,thermique,°C,39.2813,5.94,80.12,normal,87.7,97.8,1000,GW-OPCUA-02,1.5
2026-04-18 09:04:35,V-302,Ventilateur tirage,V-302-SEN-04,sonde_proximite,sonde_proximite,microns,61.8947,7.92,109.3,normal,87.1,98.0,128,GW-MQTT-01,1.0
2026-04-18 09:04:12,V-302,Ventilateur tirage,V-302-SEN-05,ultrason,ultrason,dB,37.2504,5.54,75.4,normal,88.0,96.4,2000,GW-OPCUA-02,1.0
2026-04-18 09:04:37,V-302,Ventilateur tirage,V-302-SEN-06,courant,courant,A,102.0461,15.84,213.05,normal,91.0,96.3,5000,GW-MQTT-01,1.7
2026-04-18 09:04:25,V-302,Ventilateur tirage,V-302-SEN-07,debit,debit,m3/h,66.1099,11.22,150.15,normal,92.3,99.2,128,GW-MQTT-01,2.1
2026-04-18 09:04:36,V-302,Ventilateur tirage,V-302-SEN-08,pression,pression,bar,5.4201,0.86,11.62,normal,84.5,94.6,2000,GW-Modbus-03,0.8
2026-04-18 09:04:42,M-019,Moteur électrique 400kW,M-019-SEN-01,accelerometre,accelerometre,mm/s,2.2058,0.43,6.14,normal,90.5,100.7,5000,GW-MQTT-01,1.0
2026-04-18 09:04:47,M-019,Moteur électrique 400kW,M-019-SEN-02,accelerometre,accelerometre,g,0.6748,0.09,1.31,normal,88.5,95.7,2000,GW-OPCUA-02,1.0
2026-04-18 09:04:27,M-019,Moteur électrique 400kW,M-019-SEN-03,thermique,thermique,°C,42.4481,6.88,92.87,normal,85.8,94.6,512,GW-Modbus-03,1.0
2026-04-18 09:04:11,M-019,Moteur électrique 400kW,M-019-SEN-04,sonde_proximite,sonde_proximite,microns,57.3327,9.18,126.68,normal,88.1,97.4,128,GW-OPCUA-02,0.8
2026-04-18 09:04:17,M-019,Moteur électrique 400kW,M-019-SEN-05,ultrason,ultrason,dB,50.8493,6.43,87.39,normal,90.9,95.8,5000,GW-OPCUA-02,1.1
2026-04-18 09:04:32,M-019,Moteur électrique 400kW,M-019-SEN-06,courant,courant,A,123.3632,18.36,246.94,normal,91.6,98.5,5000,GW-MQTT-01,1.1
2026-04-18 09:04:29,M-019,Moteur électrique 400kW,M-019-SEN-07,debit,debit,m3/h,84.5213,13.01,174.04,normal,85.1,98.9,512,GW-MQTT-01,0.9
2026-04-18 09:04:46,M-019,Moteur électrique 400kW,M-019-SEN-08,pression,pression,bar,6.8462,0.99,13.47,normal,88.9,100.2,1000,GW-Modbus-03,1.0
2026-04-18 09:04:41,R-077,Réducteur convoyeur,R-077-SEN-01,accelerometre,accelerometre,mm/s,3.3396,0.49,6.98,normal,89.7,96.5,128,GW-MQTT-01,1.2
2026-04-18 09:04:33,R-077,Réducteur convoyeur,R-077-SEN-02,accelerometre,accelerometre,g,0.7883,0.1,1.49,normal,86.4,97.8,2000,GW-MQTT-01,1.2
2026-04-18 09:04:52,R-077,Réducteur convoyeur,R-077-SEN-03,thermique,thermique,°C,53.578,7.83,105.62,normal,94.6,102.6,5000,GW-Modbus-03,0.7
2026-04-18 09:04:06,R-077,Réducteur convoyeur,R-077-SEN-04,sonde_proximite,sonde_proximite,microns,81.0286,10.44,144.07,normal,84.3,99.3,512,GW-MQTT-01,1.2
2026-04-18 09:04:20,R-077,Réducteur convoyeur,R-077-SEN-05,ultrason,ultrason,dB,44.0002,7.31,99.39,normal,86.1,98.4,128,GW-MQTT-01,0.1
2026-04-18 09:04:49,R-077,Réducteur convoyeur,R-077-SEN-06,courant,courant,A,142.796,20.88,280.84,normal,85.5,100.4,512,GW-Modbus-03,1.7
2026-04-18 09:04:05,R-077,Réducteur convoyeur,R-077-SEN-07,debit,debit,m3/h,91.8966,14.79,197.93,normal,92.5,99.9,1000,GW-Modbus-03,1.3
2026-04-18 09:04:43,R-077,Réducteur convoyeur,R-077-SEN-08,pression,pression,bar,8.1145,1.13,15.32,normal,90.4,98.8,5000,GW-Modbus-03,1.5
2026-04-18 09:04:02,P-311,Pompe centrifuge BP,P-311-SEN-01,accelerometre,accelerometre,mm/s,4.5247,0.55,7.83,normal,90.6,97.3,2000,GW-MQTT-01,1.5
2026-04-18 09:04:43,P-311,Pompe centrifuge BP,P-311-SEN-02,accelerometre,accelerometre,g,0.751,0.12,1.67,normal,90.9,99.6,256,GW-MQTT-01,0.7
2026-04-18 09:04:32,P-311,Pompe centrifuge BP,P-311-SEN-03,thermique,thermique,°C,59.0328,8.78,118.36,normal,93.0,93.9,128,GW-Modbus-03,0.9
2026-04-18 09:04:48,P-311,Pompe centrifuge BP,P-311-SEN-04,sonde_proximite,sonde_proximite,microns,91.4089,11.7,161.46,normal,84.9,96.1,256,GW-OPCUA-02,1.2
2026-04-18 09:04:47,P-311,Pompe centrifuge BP,P-311-SEN-05,ultrason,ultrason,dB,61.7501,8.19,111.38,normal,94.5,95.3,256,GW-OPCUA-02,1.2
2026-04-18 09:04:26,P-311,Pompe centrifuge BP,P-311-SEN-06,courant,courant,A,168.6361,23.4,314.73,normal,88.9,97.1,128,GW-Modbus-03,1.4
2026-04-18 09:04:52,P-311,Pompe centrifuge BP,P-311-SEN-07,debit,debit,m3/h,112.6119,16.57,221.82,normal,93.5,94.1,512,GW-OPCUA-02,1.4
2026-04-18 09:04:57,P-311,Pompe centrifuge BP,P-311-SEN-08,pression,pression,bar,7.615,1.27,17.17,normal,88.2,96.5,256,GW-Modbus-03,1.2
2026-04-18 10:03:33,P-204,Pompe centrifuge HP,P-204-SEN-01,accelerometre,accelerometre,mm/s,1.8917,0.25,3.61,normal,92.9,100.9,2000,GW-Modbus-03,1.6
2026-04-18 10:03:39,P-204,Pompe centrifuge HP,P-204-SEN-02,accelerometre,accelerometre,g,0.4277,0.05,0.77,normal,88.3,96.5,128,GW-MQTT-01,2.0
2026-04-18 10:03:36,P-204,Pompe centrifuge HP,P-204-SEN-03,thermique,thermique,°C,29.2437,4.05,54.64,normal,88.7,97.0,2000,GW-OPCUA-02,1.0
2026-04-18 10:03:15,P-204,Pompe centrifuge HP,P-204-SEN-04,sonde_proximite,sonde_proximite,microns,41.4757,5.4,74.54,normal,85.6,93.6,2000,GW-Modbus-03,1.2
2026-04-18 10:03:02,P-204,Pompe centrifuge HP,P-204-SEN-05,ultrason,ultrason,dB,23.32,3.78,51.42,normal,90.4,98.3,512,GW-MQTT-01,0.8
2026-04-18 10:03:01,P-204,Pompe centrifuge HP,P-204-SEN-06,courant,courant,A,66.2709,10.8,145.27,normal,88.2,97.3,512,GW-Modbus-03,1.2
2026-04-18 10:03:17,P-204,Pompe centrifuge HP,P-204-SEN-07,debit,debit,m3/h,43.117,7.65,102.38,normal,86.5,95.8,2000,GW-MQTT-01,1.7
2026-04-18 10:03:51,P-204,Pompe centrifuge HP,P-204-SEN-08,pression,pression,bar,3.9538,0.58,7.93,normal,91.5,96.1,1000,GW-Modbus-03,1.2
2026-04-18 10:03:45,C-118,Compresseur à vis,C-118-SEN-01,accelerometre,accelerometre,mm/s,2.152,0.31,4.46,normal,93.5,97.9,5000,GW-MQTT-01,1.3
2026-04-18 10:03:04,C-118,Compresseur à vis,C-118-SEN-02,accelerometre,accelerometre,g,0.4976,0.07,0.95,normal,89.8,92.9,256,GW-Modbus-03,1.6
2026-04-18 10:03:48,C-118,Compresseur à vis,C-118-SEN-03,thermique,thermique,°C,36.0162,4.99,67.38,normal,91.5,98.7,1000,GW-MQTT-01,1.5
2026-04-18 10:03:08,C-118,Compresseur à vis,C-118-SEN-04,sonde_proximite,sonde_proximite,microns,34.0406,6.66,91.94,normal,86.5,97.3,512,GW-OPCUA-02,1.0
2026-04-18 10:03:46,C-118,Compresseur à vis,C-118-SEN-05,ultrason,ultrason,dB,30.2044,4.66,63.42,normal,89.0,97.4,1000,GW-MQTT-01,1.4
2026-04-18 10:03:57,C-118,Compresseur à vis,C-118-SEN-06,courant,courant,A,96.7874,13.32,179.17,normal,90.3,96.1,2000,GW-MQTT-01,1.5
2026-04-18 10:03:47,C-118,Compresseur à vis,C-118-SEN-07,debit,debit,m3/h,72.131,9.43,126.27,normal,91.8,99.3,2000,GW-Modbus-03,1.1
2026-04-18 10:03:00,C-118,Compresseur à vis,C-118-SEN-08,pression,pression,bar,4.3427,0.72,9.78,normal,91.1,97.9,2000,GW-Modbus-03,1.5
2026-04-18 10:03:30,V-302,Ventilateur tirage,V-302-SEN-01,accelerometre,accelerometre,mm/s,2.8222,0.37,5.3,normal,92.9,98.3,5000,GW-Modbus-03,1.2
2026-04-18 10:03:47,V-302,Ventilateur tirage,V-302-SEN-02,accelerometre,accelerometre,g,0.5993,0.08,1.13,normal,94.4,96.7,1000,GW-OPCUA-02,0.3
2026-04-18 10:03:19,V-302,Ventilateur tirage,V-302-SEN-03,thermique,thermique,°C,39.8889,5.94,80.13,normal,88.0,97.4,2000,GW-OPCUA-02,1.4
2026-04-18 10:03:47,V-302,Ventilateur tirage,V-302-SEN-04,sonde_proximite,sonde_proximite,microns,62.7815,7.92,109.33,normal,84.3,95.7,256,GW-Modbus-03,1.5
2026-04-18 10:03:34,V-302,Ventilateur tirage,V-302-SEN-05,ultrason,ultrason,dB,34.3754,5.54,75.41,normal,93.2,97.2,1000,GW-OPCUA-02,1.6
2026-04-18 10:03:42,V-302,Ventilateur tirage,V-302-SEN-06,courant,courant,A,105.8721,15.84,213.07,normal,89.6,95.6,2000,GW-MQTT-01,0.5
2026-04-18 10:03:42,V-302,Ventilateur tirage,V-302-SEN-07,debit,debit,m3/h,75.3801,11.22,150.16,normal,87.2,93.5,2000,GW-MQTT-01,0.9
2026-04-18 10:03:03,V-302,Ventilateur tirage,V-302-SEN-08,pression,pression,bar,5.8963,0.86,11.63,normal,91.1,95.7,256,GW-Modbus-03,1.6
2026-04-18 10:03:58,M-019,Moteur électrique 400kW,M-019-SEN-01,accelerometre,accelerometre,mm/s,3.0242,0.43,6.14,normal,91.2,99.3,2000,GW-Modbus-03,1.5
2026-04-18 10:03:51,M-019,Moteur électrique 400kW,M-019-SEN-02,accelerometre,accelerometre,g,0.599,0.09,1.31,normal,85.1,96.2,1000,GW-Modbus-03,1.7
2026-04-18 10:03:59,M-019,Moteur électrique 400kW,M-019-SEN-03,thermique,thermique,°C,46.8088,6.88,92.88,normal,92.6,97.8,512,GW-Modbus-03,1.1
2026-04-18 10:03:08,M-019,Moteur électrique 400kW,M-019-SEN-04,sonde_proximite,sonde_proximite,microns,60.681,9.18,126.72,normal,87.3,98.9,1000,GW-MQTT-01,0.7
2026-04-18 10:03:05,M-019,Moteur électrique 400kW,M-019-SEN-05,ultrason,ultrason,dB,45.8415,6.43,87.41,normal,86.2,98.8,5000,GW-Modbus-03,1.0
2026-04-18 10:03:31,M-019,Moteur électrique 400kW,M-019-SEN-06,courant,courant,A,125.8774,18.36,246.96,normal,85.1,93.8,2000,GW-Modbus-03,2.0
2026-04-18 10:03:51,M-019,Moteur électrique 400kW,M-019-SEN-07,debit,debit,m3/h,85.771,13.01,174.05,normal,90.7,98.0,256,GW-Modbus-03,0.1
2026-04-18 10:03:55,M-019,Moteur électrique 400kW,M-019-SEN-08,pression,pression,bar,6.9079,0.99,13.48,normal,89.9,96.6,256,GW-Modbus-03,0.5
2026-04-18 10:03:04,R-077,Réducteur convoyeur,R-077-SEN-01,accelerometre,accelerometre,mm/s,3.806,0.49,6.99,normal,92.5,100.8,256,GW-MQTT-01,1.5
2026-04-18 10:03:26,R-077,Réducteur convoyeur,R-077-SEN-02,accelerometre,accelerometre,g,0.7938,0.1,1.49,normal,85.0,98.3,1000,GW-OPCUA-02,1.5
2026-04-18 10:03:04,R-077,Réducteur convoyeur,R-077-SEN-03,thermique,thermique,°C,53.5615,7.83,105.63,normal,87.7,96.2,512,GW-OPCUA-02,0.3
2026-04-18 10:03:28,R-077,Réducteur convoyeur,R-077-SEN-04,sonde_proximite,sonde_proximite,microns,67.2757,10.44,144.12,normal,86.1,98.6,512,GW-OPCUA-02,0.4
2026-04-18 10:03:58,R-077,Réducteur convoyeur,R-077-SEN-05,ultrason,ultrason,dB,50.8883,7.31,99.41,normal,86.5,96.2,2000,GW-OPCUA-02,0.9
2026-04-18 10:03:03,R-077,Réducteur convoyeur,R-077-SEN-06,courant,courant,A,141.0615,20.88,280.86,normal,88.2,98.0,128,GW-Modbus-03,0.7
2026-04-18 10:03:26,R-077,Réducteur convoyeur,R-077-SEN-07,debit,debit,m3/h,88.4425,14.79,197.94,normal,87.2,99.6,256,GW-Modbus-03,1.0
2026-04-18 10:03:17,R-077,Réducteur convoyeur,R-077-SEN-08,pression,pression,bar,7.8017,1.13,15.33,normal,90.5,95.7,5000,GW-MQTT-01,1.4
2026-04-18 10:03:17,P-311,Pompe centrifuge BP,P-311-SEN-01,accelerometre,accelerometre,mm/s,3.813,0.55,7.83,normal,88.6,96.3,256,GW-Modbus-03,0.6
2026-04-18 10:03:38,P-311,Pompe centrifuge BP,P-311-SEN-02,accelerometre,accelerometre,g,0.8488,0.12,1.67,normal,87.2,97.3,2000,GW-OPCUA-02,0.5
2026-04-18 10:03:35,P-311,Pompe centrifuge BP,P-311-SEN-03,thermique,thermique,°C,59.3492,8.78,118.38,normal,87.3,94.8,5000,GW-Modbus-03,2.0
2026-04-18 10:03:10,P-311,Pompe centrifuge BP,P-311-SEN-04,sonde_proximite,sonde_proximite,microns,80.8826,11.7,161.51,normal,85.2,97.5,128,GW-MQTT-01,1.2
2026-04-18 10:03:36,P-311,Pompe centrifuge BP,P-311-SEN-05,ultrason,ultrason,dB,55.73,8.19,111.4,normal,84.6,97.2,2000,GW-MQTT-01,0.8
2026-04-18 10:03:33,P-311,Pompe centrifuge BP,P-311-SEN-06,courant,courant,A,161.9812,23.4,314.76,normal,94.1,99.2,512,GW-Modbus-03,1.1
2026-04-18 10:03:32,P-311,Pompe centrifuge BP,P-311-SEN-07,debit,debit,m3/h,107.1511,16.57,221.83,normal,85.5,100.2,2000,GW-MQTT-01,1.2
2026-04-18 10:03:39,P-311,Pompe centrifuge BP,P-311-SEN-08,pression,pression,bar,8.2028,1.27,17.18,normal,84.9,96.7,128,GW-MQTT-01,1.4
2026-04-18 11:50:32,P-204,Pompe centrifuge HP,P-204-SEN-01,accelerometre,accelerometre,mm/s,1.4861,0.25,3.62,normal,91.5,95.2,1000,GW-MQTT-01,0.7
2026-04-18 11:50:33,P-204,Pompe centrifuge HP,P-204-SEN-02,accelerometre,accelerometre,g,0.416,0.05,0.77,normal,86.9,97.6,2000,GW-Modbus-03,1.8
2026-04-18 11:50:51,P-204,Pompe centrifuge HP,P-204-SEN-03,thermique,thermique,°C,24.2325,4.05,54.64,normal,89.4,95.6,5000,GW-OPCUA-02,1.4
2026-04-18 11:50:19,P-204,Pompe centrifuge HP,P-204-SEN-04,sonde_proximite,sonde_proximite,microns,34.6221,5.4,74.57,normal,94.0,97.8,5000,GW-OPCUA-02,1.0
2026-04-18 11:50:18,P-204,Pompe centrifuge HP,P-204-SEN-05,ultrason,ultrason,dB,29.3927,3.78,51.43,normal,94.5,95.8,5000,GW-MQTT-01,0.8
2026-04-18 11:50:34,P-204,Pompe centrifuge HP,P-204-SEN-06,courant,courant,A,64.7399,10.8,145.28,normal,86.0,96.1,2000,GW-Modbus-03,1.2
2026-04-18 11:50:52,P-204,Pompe centrifuge HP,P-204-SEN-07,debit,debit,m3/h,45.7156,7.65,102.39,normal,84.5,95.0,512,GW-Modbus-03,1.3
2026-04-18 11:50:13,P-204,Pompe centrifuge HP,P-204-SEN-08,pression,pression,bar,4.0218,0.58,7.93,normal,85.9,96.8,256,GW-Modbus-03,2.1
2026-04-18 11:50:03,C-118,Compresseur à vis,C-118-SEN-01,accelerometre,accelerometre,mm/s,2.7956,0.31,4.46,normal,87.6,97.2,256,GW-Modbus-03,1.5
2026-04-18 11:50:20,C-118,Compresseur à vis,C-118-SEN-02,accelerometre,accelerometre,g,0.3214,0.07,0.95,normal,93.3,94.3,1000,GW-MQTT-01,1.4
2026-04-18 11:50:34,C-118,Compresseur à vis,C-118-SEN-03,thermique,thermique,°C,37.0835,4.99,67.39,normal,84.1,98.7,256,GW-MQTT-01,1.4
2026-04-18 11:50:40,C-118,Compresseur à vis,C-118-SEN-04,sonde_proximite,sonde_proximite,microns,48.0168,6.66,91.97,normal,88.9,96.0,1000,GW-Modbus-03,1.2
2026-04-18 11:50:40,C-118,Compresseur à vis,C-118-SEN-05,ultrason,ultrason,dB,30.4512,4.66,63.43,normal,93.1,98.4,128,GW-OPCUA-02,1.3
2026-04-18 11:50:54,C-118,Compresseur à vis,C-118-SEN-06,courant,courant,A,76.842,13.32,179.18,normal,89.9,96.2,128,GW-Modbus-03,1.5
2026-04-18 11:50:56,C-118,Compresseur à vis,C-118-SEN-07,debit,debit,m3/h,61.7906,9.43,126.28,normal,88.1,99.5,256,GW-MQTT-01,0.7
2026-04-18 11:50:09,C-118,Compresseur à vis,C-118-SEN-08,pression,pression,bar,4.3899,0.72,9.78,normal,91.2,96.2,1000,GW-Modbus-03,0.3
2026-04-18 11:50:18,V-302,Ventilateur tirage,V-302-SEN-01,accelerometre,accelerometre,mm/s,2.6412,0.37,5.3,normal,85.2,96.9,1000,GW-MQTT-01,1.9
2026-04-18 11:50:32,V-302,Ventilateur tirage,V-302-SEN-02,accelerometre,accelerometre,g,0.5306,0.08,1.13,normal,88.7,93.0,128,GW-Modbus-03,1.7
2026-04-18 11:50:53,V-302,Ventilateur tirage,V-302-SEN-03,thermique,thermique,°C,42.4567,5.94,80.14,normal,88.5,94.3,5000,GW-OPCUA-02,1.8
2026-04-18 11:50:43,V-302,Ventilateur tirage,V-302-SEN-04,sonde_proximite,sonde_proximite,microns,50.9879,7.92,109.37,normal,93.2,96.5,2000,GW-Modbus-03,1.7
2026-04-18 11:50:27,V-302,Ventilateur tirage,V-302-SEN-05,ultrason,ultrason,dB,35.6602,5.54,75.43,normal,87.3,98.2,512,GW-OPCUA-02,1.3
2026-04-18 11:50:03,V-302,Ventilateur tirage,V-302-SEN-06,courant,courant,A,118.0317,15.84,213.08,normal,89.6,96.7,1000,GW-OPCUA-02,1.7
2026-04-18 11:50:04,V-302,Ventilateur tirage,V-302-SEN-07,debit,debit,m3/h,75.9804,11.22,150.16,normal,84.6,95.9,2000,GW-OPCUA-02,0.9
2026-04-18 11:50:28,V-302,Ventilateur tirage,V-302-SEN-08,pression,pression,bar,5.3052,0.86,11.63,normal,87.0,95.9,256,GW-OPCUA-02,0.4
2026-04-18 11:50:59,M-019,Moteur électrique 400kW,M-019-SEN-01,accelerometre,accelerometre,mm/s,3.4339,0.43,6.15,normal,92.4,95.0,128,GW-Modbus-03,1.1
2026-04-18 11:50:58,M-019,Moteur électrique 400kW,M-019-SEN-02,accelerometre,accelerometre,g,0.6307,0.09,1.31,normal,91.6,98.9,512,GW-Modbus-03,1.6
2026-04-18 11:50:16,M-019,Moteur électrique 400kW,M-019-SEN-03,thermique,thermique,°C,46.8691,6.88,92.89,normal,88.3,98.6,128,GW-OPCUA-02,1.2
2026-04-18 11:50:31,M-019,Moteur électrique 400kW,M-019-SEN-04,sonde_proximite,sonde_proximite,microns,55.6863,9.18,126.77,normal,86.7,95.7,5000,GW-Modbus-03,1.3
2026-04-18 11:50:43,M-019,Moteur électrique 400kW,M-019-SEN-05,ultrason,ultrason,dB,38.9373,6.43,87.43,normal,84.7,98.7,5000,GW-MQTT-01,1.2
2026-04-18 11:50:54,M-019,Moteur électrique 400kW,M-019-SEN-06,courant,courant,A,112.438,18.36,246.98,normal,89.8,96.4,2000,GW-Modbus-03,1.3
2026-04-18 11:50:28,M-019,Moteur électrique 400kW,M-019-SEN-07,debit,debit,m3/h,86.5715,13.01,174.05,normal,93.5,97.3,1000,GW-OPCUA-02,0.7
2026-04-18 11:50:11,M-019,Moteur électrique 400kW,M-019-SEN-08,pression,pression,bar,6.4969,0.99,13.48,normal,94.4,97.3,128,GW-OPCUA-02,1.0
2026-04-18 11:50:51,R-077,Réducteur convoyeur,R-077-SEN-01,accelerometre,accelerometre,mm/s,3.3116,0.49,6.99,normal,93.1,98.7,1000,GW-Modbus-03,1.1
2026-04-18 11:50:22,R-077,Réducteur convoyeur,R-077-SEN-02,accelerometre,accelerometre,g,0.9434,0.1,1.49,normal,85.8,98.1,512,GW-OPCUA-02,1.7
2026-04-18 11:50:13,R-077,Réducteur convoyeur,R-077-SEN-03,thermique,thermique,°C,51.3428,7.83,105.64,normal,85.1,96.7,256,GW-OPCUA-02,0.9
2026-04-18 11:50:20,R-077,Réducteur convoyeur,R-077-SEN-04,sonde_proximite,sonde_proximite,microns,76.1874,10.44,144.16,normal,90.5,100.1,128,GW-OPCUA-02,1.3
2026-04-18 11:50:28,R-077,Réducteur convoyeur,R-077-SEN-05,ultrason,ultrason,dB,53.0326,7.31,99.43,normal,92.5,99.0,5000,GW-OPCUA-02,1.2
2026-04-18 11:50:49,R-077,Réducteur convoyeur,R-077-SEN-06,courant,courant,A,149.2313,20.88,280.88,normal,86.9,98.3,1000,GW-OPCUA-02,0.3
2026-04-18 11:50:09,R-077,Réducteur convoyeur,R-077-SEN-07,debit,debit,m3/h,96.2071,14.79,197.94,normal,94.1,99.5,2000,GW-Modbus-03,1.3
2026-04-18 11:50:22,R-077,Réducteur convoyeur,R-077-SEN-08,pression,pression,bar,8.0374,1.13,15.33,normal,87.5,99.2,5000,GW-OPCUA-02,1.7
2026-04-18 11:50:57,P-311,Pompe centrifuge BP,P-311-SEN-01,accelerometre,accelerometre,mm/s,4.0084,0.55,7.84,normal,85.2,93.5,2000,GW-MQTT-01,0.5
2026-04-18 11:50:31,P-311,Pompe centrifuge BP,P-311-SEN-02,accelerometre,accelerometre,g,0.7923,0.12,1.67,normal,85.5,96.2,1000,GW-Modbus-03,1.4
2026-04-18 11:50:31,P-311,Pompe centrifuge BP,P-311-SEN-03,thermique,thermique,°C,59.26,8.78,118.39,normal,90.8,95.5,128,GW-MQTT-01,0.9
2026-04-18 11:50:59,P-311,Pompe centrifuge BP,P-311-SEN-04,sonde_proximite,sonde_proximite,microns,69.3409,11.7,161.56,normal,91.4,97.5,512,GW-MQTT-01,1.6
2026-04-18 11:50:01,P-311,Pompe centrifuge BP,P-311-SEN-05,ultrason,ultrason,dB,51.0653,8.19,111.43,normal,90.5,96.4,2000,GW-MQTT-01,0.8
2026-04-18 11:50:54,P-311,Pompe centrifuge BP,P-311-SEN-06,courant,courant,A,153.8254,23.4,314.78,normal,88.5,97.6,1000,GW-Modbus-03,1.4
2026-04-18 11:50:05,P-311,Pompe centrifuge BP,P-311-SEN-07,debit,debit,m3/h,112.2465,16.57,221.83,normal,86.6,101.9,5000,GW-MQTT-01,1.7
2026-04-18 11:50:35,P-311,Pompe centrifuge BP,P-311-SEN-08,pression,pression,bar,8.8237,1.27,17.18,normal,84.1,93.9,5000,GW-OPCUA-02,1.9
2026-04-18 12:49:58,P-204,Pompe centrifuge HP,P-204-SEN-01,accelerometre,accelerometre,mm/s,1.6535,0.25,3.62,normal,93.8,95.9,2000,GW-OPCUA-02,1.5
2026-04-18 12:49:54,P-204,Pompe centrifuge HP,P-204-SEN-02,accelerometre,accelerometre,g,0.4179,0.05,0.77,normal,93.2,94.5,5000,GW-MQTT-01,1.1
2026-04-18 12:49:00,P-204,Pompe centrifuge HP,P-204-SEN-03,thermique,thermique,°C,28.3281,4.05,54.65,normal,93.4,96.2,1000,GW-OPCUA-02,1.7
2026-04-18 12:49:38,P-204,Pompe centrifuge HP,P-204-SEN-04,sonde_proximite,sonde_proximite,microns,39.9792,5.4,74.59,normal,93.1,97.9,512,GW-Modbus-03,1.9
2026-04-18 12:49:53,P-204,Pompe centrifuge HP,P-204-SEN-05,ultrason,ultrason,dB,24.5106,3.78,51.44,normal,86.5,100.1,256,GW-Modbus-03,1.1
2026-04-18 12:49:19,P-204,Pompe centrifuge HP,P-204-SEN-06,courant,courant,A,66.2547,10.8,145.3,normal,87.8,99.1,2000,GW-OPCUA-02,0.6
2026-04-18 12:49:44,P-204,Pompe centrifuge HP,P-204-SEN-07,debit,debit,m3/h,56.2051,7.65,102.39,normal,86.0,96.2,256,GW-OPCUA-02,1.1
2026-04-18 12:49:57,P-204,Pompe centrifuge HP,P-204-SEN-08,pression,pression,bar,3.7337,0.58,7.93,normal,93.0,97.3,256,GW-OPCUA-02,1.7
2026-04-18 12:49:36,C-118,Compresseur à vis,C-118-SEN-01,accelerometre,accelerometre,mm/s,2.6134,0.31,4.46,normal,90.5,95.5,5000,GW-Modbus-03,0.6
2026-04-18 12:49:29,C-118,Compresseur à vis,C-118-SEN-02,accelerometre,accelerometre,g,0.5082,0.07,0.95,normal,87.7,96.0,512,GW-Modbus-03,0.2
2026-04-18 12:49:01,C-118,Compresseur à vis,C-118-SEN-03,thermique,thermique,°C,34.9572,4.99,67.4,normal,91.1,101.0,2000,GW-OPCUA-02,0.7
2026-04-18 12:49:48,C-118,Compresseur à vis,C-118-SEN-04,sonde_proximite,sonde_proximite,microns,31.1995,6.66,92.0,normal,89.0,94.9,256,GW-Modbus-03,1.8
2026-04-18 12:49:25,C-118,Compresseur à vis,C-118-SEN-05,ultrason,ultrason,dB,32.8906,4.66,63.44,normal,85.3,100.5,512,GW-Modbus-03,1.5
2026-04-18 12:49:24,C-118,Compresseur à vis,C-118-SEN-06,courant,courant,A,98.3769,13.32,179.2,normal,84.5,97.4,1000,GW-MQTT-01,0.9
2026-04-18 12:49:25,C-118,Compresseur à vis,C-118-SEN-07,debit,debit,m3/h,63.0631,9.43,126.28,normal,91.9,98.5,128,GW-OPCUA-02,1.9
2026-04-18 12:49:03,C-118,Compresseur à vis,C-118-SEN-08,pression,pression,bar,5.0498,0.72,9.78,normal,89.0,97.5,1000,GW-MQTT-01,1.9
2026-04-18 12:49:40,V-302,Ventilateur tirage,V-302-SEN-01,accelerometre,accelerometre,mm/s,2.2997,0.37,5.31,normal,92.6,97.2,1000,GW-OPCUA-02,1.3
2026-04-18 12:49:10,V-302,Ventilateur tirage,V-302-SEN-02,accelerometre,accelerometre,g,0.5325,0.08,1.13,normal,93.9,97.8,128,GW-Modbus-03,1.7
2026-04-18 12:49:55,V-302,Ventilateur tirage,V-302-SEN-03,thermique,thermique,°C,39.9386,5.94,80.15,normal,94.1,97.4,512,GW-OPCUA-02,0.9
2026-04-18 12:49:27,V-302,Ventilateur tirage,V-302-SEN-04,sonde_proximite,sonde_proximite,microns,52.0647,7.92,109.4,normal,90.1,96.7,5000,GW-Modbus-03,1.8
2026-04-18 12:49:09,V-302,Ventilateur tirage,V-302-SEN-05,ultrason,ultrason,dB,35.5382,5.54,75.44,normal,91.3,98.9,128,GW-MQTT-01,0.5
2026-04-18 12:49:27,V-302,Ventilateur tirage,V-302-SEN-06,courant,courant,A,101.9267,15.84,213.1,normal,85.5,91.1,5000,GW-OPCUA-02,1.2
2026-04-18 12:49:29,V-302,Ventilateur tirage,V-302-SEN-07,debit,debit,m3/h,73.2073,11.22,150.17,normal,92.6,99.0,512,GW-Modbus-03,1.4
2026-04-18 12:49:30,V-302,Ventilateur tirage,V-302-SEN-08,pression,pression,bar,6.0682,0.86,11.63,normal,88.5,93.4,5000,GW-OPCUA-02,1.0
2026-04-18 12:49:37,M-019,Moteur électrique 400kW,M-019-SEN-01,accelerometre,accelerometre,mm/s,3.3279,0.43,6.15,normal,87.5,96.4,256,GW-OPCUA-02,1.1
2026-04-18 12:49:59,M-019,Moteur électrique 400kW,M-019-SEN-02,accelerometre,accelerometre,g,0.6902,0.09,1.31,normal,85.6,98.2,128,GW-Modbus-03,0.5
2026-04-18 12:49:55,M-019,Moteur électrique 400kW,M-019-SEN-03,thermique,thermique,°C,46.6298,6.88,92.9,normal,92.6,98.6,5000,GW-OPCUA-02,0.6
2026-04-18 12:49:59,M-019,Moteur électrique 400kW,M-019-SEN-04,sonde_proximite,sonde_proximite,microns,61.9985,9.18,126.81,normal,91.9,97.9,1000,GW-MQTT-01,1.6
2026-04-18 12:49:00,M-019,Moteur électrique 400kW,M-019-SEN-05,ultrason,ultrason,dB,43.5535,6.43,87.44,normal,90.5,97.3,256,GW-OPCUA-02,1.6
2026-04-18 12:49:33,M-019,Moteur électrique 400kW,M-019-SEN-06,courant,courant,A,130.3963,18.36,247.0,normal,92.6,97.2,5000,GW-MQTT-01,1.3
2026-04-18 12:49:20,M-019,Moteur électrique 400kW,M-019-SEN-07,debit,debit,m3/h,83.1834,13.01,174.06,normal,92.5,97.9,5000,GW-OPCUA-02,0.1
2026-04-18 12:49:58,M-019,Moteur électrique 400kW,M-019-SEN-08,pression,pression,bar,7.241,0.99,13.48,normal,85.7,95.8,256,GW-Modbus-03,2.1
2026-04-18 12:49:38,R-077,Réducteur convoyeur,R-077-SEN-01,accelerometre,accelerometre,mm/s,3.372,0.49,7.0,normal,84.2,98.2,5000,GW-Modbus-03,2.0
2026-04-18 12:49:41,R-077,Réducteur convoyeur,R-077-SEN-02,accelerometre,accelerometre,g,0.7787,0.1,1.49,normal,89.9,96.1,256,GW-OPCUA-02,0.8
2026-04-18 12:49:23,R-077,Réducteur convoyeur,R-077-SEN-03,thermique,thermique,°C,52.6466,7.83,105.65,normal,91.9,94.7,128,GW-Modbus-03,0.7
2026-04-18 12:49:05,R-077,Réducteur convoyeur,R-077-SEN-04,sonde_proximite,sonde_proximite,microns,80.2092,10.44,144.21,normal,83.8,94.5,1000,GW-OPCUA-02,2.0
2026-04-18 12:49:55,R-077,Réducteur convoyeur,R-077-SEN-05,ultrason,ultrason,dB,45.5254,7.31,99.44,normal,93.7,93.0,5000,GW-Modbus-03,0.8
2026-04-18 12:49:56,R-077,Réducteur convoyeur,R-077-SEN-06,courant,courant,A,133.554,20.88,280.91,normal,86.2,97.7,5000,GW-MQTT-01,1.4
2026-04-18 12:49:49,R-077,Réducteur convoyeur,R-077-SEN-07,debit,debit,m3/h,95.9722,14.79,197.95,normal,89.2,97.0,128,GW-OPCUA-02,1.5
2026-04-18 12:49:40,R-077,Réducteur convoyeur,R-077-SEN-08,pression,pression,bar,7.8505,1.13,15.33,normal,92.0,95.4,256,GW-OPCUA-02,2.4
2026-04-18 12:49:55,P-311,Pompe centrifuge BP,P-311-SEN-01,accelerometre,accelerometre,mm/s,3.4811,0.55,7.84,normal,87.3,96.3,512,GW-MQTT-01,1.8
2026-04-18 12:49:29,P-311,Pompe centrifuge BP,P-311-SEN-02,accelerometre,accelerometre,g,0.8317,0.12,1.67,normal,91.1,98.8,2000,GW-OPCUA-02,1.1
2026-04-18 12:49:58,P-311,Pompe centrifuge BP,P-311-SEN-03,thermique,thermique,°C,59.3688,8.78,118.4,normal,89.9,96.3,5000,GW-MQTT-01,0.2
2026-04-18 12:49:23,P-311,Pompe centrifuge BP,P-311-SEN-04,sonde_proximite,sonde_proximite,microns,70.6781,11.7,161.62,normal,94.5,95.4,512,GW-Modbus-03,1.3
2026-04-18 12:49:43,P-311,Pompe centrifuge BP,P-311-SEN-05,ultrason,ultrason,dB,56.633,8.19,111.45,normal,85.5,97.9,1000,GW-OPCUA-02,1.3
2026-04-18 12:49:52,P-311,Pompe centrifuge BP,P-311-SEN-06,courant,courant,A,162.813,23.4,314.81,normal,92.9,96.8,512,GW-MQTT-01,1.1
2026-04-18 12:49:37,P-311,Pompe centrifuge BP,P-311-SEN-07,debit,debit,m3/h,115.5564,16.57,221.84,normal,90.0,94.7,1000,GW-OPCUA-02,1.2
2026-04-18 12:49:26,P-311,Pompe centrifuge BP,P-311-SEN-08,pression,pression,bar,8.7285,1.27,17.18,normal,88.5,95.4,1000,GW-MQTT-01,1.4
2026-04-18 13:15:29,P-204,Pompe centrifuge HP,P-204-SEN-01,accelerometre,accelerometre,mm/s,1.9096,0.25,3.62,normal,91.4,97.8,256,GW-Modbus-03,1.4
2026-04-18 13:15:59,P-204,Pompe centrifuge HP,P-204-SEN-02,accelerometre,accelerometre,g,0.4175,0.05,0.77,normal,85.8,100.8,128,GW-OPCUA-02,1.0
2026-04-18 13:15:51,P-204,Pompe centrifuge HP,P-204-SEN-03,thermique,thermique,°C,28.318,4.05,54.65,normal,89.9,96.3,512,GW-Modbus-03,1.8
2026-04-18 13:15:54,P-204,Pompe centrifuge HP,P-204-SEN-04,sonde_proximite,sonde_proximite,microns,24.1768,5.4,74.62,normal,88.2,100.1,512,GW-OPCUA-02,1.2
2026-04-18 13:15:42,P-204,Pompe centrifuge HP,P-204-SEN-05,ultrason,ultrason,dB,26.3338,3.78,51.45,normal,91.6,98.0,5000,GW-MQTT-01,1.5
2026-04-18 13:15:45,P-204,Pompe centrifuge HP,P-204-SEN-06,courant,courant,A,60.1643,10.8,145.31,normal,87.4,94.9,512,GW-MQTT-01,1.2
2026-04-18 13:15:03,P-204,Pompe centrifuge HP,P-204-SEN-07,debit,debit,m3/h,49.5337,7.65,102.39,normal,84.5,93.9,256,GW-Modbus-03,1.4
2026-04-18 13:15:35,P-204,Pompe centrifuge HP,P-204-SEN-08,pression,pression,bar,4.5543,0.58,7.93,normal,94.5,98.4,2000,GW-Modbus-03,0.9
2026-04-18 13:15:19,C-118,Compresseur à vis,C-118-SEN-01,accelerometre,accelerometre,mm/s,1.6669,0.31,4.47,normal,89.5,95.2,5000,GW-MQTT-01,1.6
2026-04-18 13:15:37,C-118,Compresseur à vis,C-118-SEN-02,accelerometre,accelerometre,g,0.5779,0.07,0.95,normal,88.4,99.2,5000,GW-OPCUA-02,1.6
2026-04-18 13:15:19,C-118,Compresseur à vis,C-118-SEN-03,thermique,thermique,°C,35.3844,4.99,67.41,normal,91.8,96.1,256,GW-OPCUA-02,2.2
2026-04-18 13:15:54,C-118,Compresseur à vis,C-118-SEN-04,sonde_proximite,sonde_proximite,microns,41.6422,6.66,92.03,normal,94.2,97.2,1000,GW-OPCUA-02,0.9
2026-04-18 13:15:30,C-118,Compresseur à vis,C-118-SEN-05,ultrason,ultrason,dB,35.3955,4.66,63.45,normal,91.9,97.7,5000,GW-OPCUA-02,0.7
2026-04-18 13:15:13,C-118,Compresseur à vis,C-118-SEN-06,courant,courant,A,89.0835,13.32,179.21,normal,83.8,99.2,1000,GW-MQTT-01,0.4
2026-04-18 13:15:10,C-118,Compresseur à vis,C-118-SEN-07,debit,debit,m3/h,59.1461,9.43,126.28,normal,85.0,97.6,1000,GW-MQTT-01,0.7
2026-04-18 13:15:15,C-118,Compresseur à vis,C-118-SEN-08,pression,pression,bar,5.1105,0.72,9.78,normal,88.7,97.4,5000,GW-MQTT-01,1.1
2026-04-18 13:15:58,V-302,Ventilateur tirage,V-302-SEN-01,accelerometre,accelerometre,mm/s,2.3787,0.37,5.31,normal,92.2,95.0,5000,GW-MQTT-01,0.9
2026-04-18 13:15:42,V-302,Ventilateur tirage,V-302-SEN-02,accelerometre,accelerometre,g,0.6274,0.08,1.13,normal,94.2,101.5,2000,GW-Modbus-03,1.5
2026-04-18 13:15:14,V-302,Ventilateur tirage,V-302-SEN-03,thermique,thermique,°C,37.4289,5.94,80.16,normal,87.7,98.0,2000,GW-OPCUA-02,1.6
2026-04-18 13:15:43,V-302,Ventilateur tirage,V-302-SEN-04,sonde_proximite,sonde_proximite,microns,56.0896,7.92,109.44,normal,91.6,96.3,1000,GW-MQTT-01,1.0
2026-04-18 13:15:28,V-302,Ventilateur tirage,V-302-SEN-05,ultrason,ultrason,dB,39.5924,5.54,75.45,normal,92.4,99.5,256,GW-Modbus-03,1.1
2026-04-18 13:15:35,V-302,Ventilateur tirage,V-302-SEN-06,courant,courant,A,111.4843,15.84,213.12,normal,88.6,94.4,256,GW-MQTT-01,1.6
2026-04-18 13:15:15,V-302,Ventilateur tirage,V-302-SEN-07,debit,debit,m3/h,70.18,11.22,150.18,normal,84.8,99.0,1000,GW-Modbus-03,0.6
2026-04-18 13:15:07,V-302,Ventilateur tirage,V-302-SEN-08,pression,pression,bar,5.8307,0.86,11.63,normal,87.2,92.0,2000,GW-MQTT-01,1.4
2026-04-18 13:15:27,M-019,Moteur électrique 400kW,M-019-SEN-01,accelerometre,accelerometre,mm/s,3.522,0.43,6.16,normal,91.0,93.2,2000,GW-OPCUA-02,1.9
2026-04-18 13:15:28,M-019,Moteur électrique 400kW,M-019-SEN-02,accelerometre,accelerometre,g,0.7648,0.09,1.31,normal,86.6,96.6,2000,GW-OPCUA-02,1.4
2026-04-18 13:15:20,M-019,Moteur électrique 400kW,M-019-SEN-03,thermique,thermique,°C,47.0495,6.88,92.91,normal,86.1,98.3,1000,GW-Modbus-03,1.0
2026-04-18 13:15:42,M-019,Moteur électrique 400kW,M-019-SEN-04,sonde_proximite,sonde_proximite,microns,60.7317,9.18,126.85,normal,84.1,99.0,5000,GW-MQTT-01,1.4
2026-04-18 13:15:34,M-019,Moteur électrique 400kW,M-019-SEN-05,ultrason,ultrason,dB,46.7745,6.43,87.46,normal,92.0,99.8,256,GW-MQTT-01,0.6
2026-04-18 13:15:00,M-019,Moteur électrique 400kW,M-019-SEN-06,courant,courant,A,120.9241,18.36,247.02,normal,85.9,100.0,256,GW-MQTT-01,0.8
2026-04-18 13:15:04,M-019,Moteur électrique 400kW,M-019-SEN-07,debit,debit,m3/h,88.9912,13.01,174.07,normal,92.7,95.9,5000,GW-MQTT-01,1.7
2026-04-18 13:15:04,M-019,Moteur électrique 400kW,M-019-SEN-08,pression,pression,bar,7.0506,0.99,13.48,normal,87.9,100.1,1000,GW-MQTT-01,1.3
2026-04-18 13:15:49,R-077,Réducteur convoyeur,R-077-SEN-01,accelerometre,accelerometre,mm/s,3.6118,0.49,7.0,normal,92.7,100.2,1000,GW-Modbus-03,0.1
2026-04-18 13:15:23,R-077,Réducteur convoyeur,R-077-SEN-02,accelerometre,accelerometre,g,0.8599,0.1,1.49,normal,84.4,95.3,128,GW-OPCUA-02,1.8
2026-04-18 13:15:09,R-077,Réducteur convoyeur,R-077-SEN-03,thermique,thermique,°C,52.8974,7.83,105.66,normal,88.0,98.6,5000,GW-OPCUA-02,1.1
2026-04-18 13:15:08,R-077,Réducteur convoyeur,R-077-SEN-04,sonde_proximite,sonde_proximite,microns,69.4791,10.44,144.26,normal,92.7,96.2,1000,GW-OPCUA-02,1.8
2026-04-18 13:15:45,R-077,Réducteur convoyeur,R-077-SEN-05,ultrason,ultrason,dB,47.4219,7.31,99.46,normal,87.8,98.8,128,GW-Modbus-03,0.7
2026-04-18 13:15:54,R-077,Réducteur convoyeur,R-077-SEN-06,courant,courant,A,137.0719,20.88,280.93,normal,90.2,93.0,512,GW-OPCUA-02,1.4
2026-04-18 13:15:42,R-077,Réducteur convoyeur,R-077-SEN-07,debit,debit,m3/h,100.3494,14.79,197.96,normal,84.7,96.0,1000,GW-Modbus-03,0.8
2026-04-18 13:15:16,R-077,Réducteur convoyeur,R-077-SEN-08,pression,pression,bar,7.9551,1.13,15.33,normal,94.3,99.3,5000,GW-MQTT-01,2.0
2026-04-18 13:15:14,P-311,Pompe centrifuge BP,P-311-SEN-01,accelerometre,accelerometre,mm/s,4.315,0.55,7.85,normal,94.2,98.0,256,GW-MQTT-01,1.0
2026-04-18 13:15:46,P-311,Pompe centrifuge BP,P-311-SEN-02,accelerometre,accelerometre,g,0.7929,0.12,1.67,normal,90.9,96.8,256,GW-MQTT-01,1.5
2026-04-18 13:15:38,P-311,Pompe centrifuge BP,P-311-SEN-03,thermique,thermique,°C,60.6303,8.78,118.42,normal,90.5,95.1,128,GW-OPCUA-02,0.6
2026-04-18 13:15:12,P-311,Pompe centrifuge BP,P-311-SEN-04,sonde_proximite,sonde_proximite,microns,82.4758,11.7,161.67,normal,84.1,97.1,1000,GW-MQTT-01,1.0
2026-04-18 13:15:56,P-311,Pompe centrifuge BP,P-311-SEN-05,ultrason,ultrason,dB,54.2672,8.19,111.47,normal,84.2,96.7,128,GW-OPCUA-02,1.3
2026-04-18 13:15:21,P-311,Pompe centrifuge BP,P-311-SEN-06,courant,courant,A,152.1685,23.4,314.83,normal,92.1,96.2,1000,GW-MQTT-01,0.9
2026-04-18 13:15:27,P-311,Pompe centrifuge BP,P-311-SEN-07,debit,debit,m3/h,113.1447,16.57,221.85,normal,93.8,97.8,512,GW-Modbus-03,0.9
2026-04-18 13:15:50,P-311,Pompe centrifuge BP,P-311-SEN-08,pression,pression,bar,7.956,1.27,17.18,normal,88.9,97.4,5000,GW-Modbus-03,0.9
2026-04-18 14:54:50,P-204,Pompe centrifuge HP,P-204-SEN-01,accelerometre,accelerometre,mm/s,1.5221,0.25,3.62,normal,83.8,99.1,2000,GW-OPCUA-02,1.0
2026-04-18 14:54:19,P-204,Pompe centrifuge HP,P-204-SEN-02,accelerometre,accelerometre,g,0.5012,0.05,0.77,normal,88.3,95.2,256,GW-OPCUA-02,1.6
2026-04-18 14:54:59,P-204,Pompe centrifuge HP,P-204-SEN-03,thermique,thermique,°C,27.8418,4.05,54.66,normal,87.7,99.2,5000,GW-MQTT-01,1.4
2026-04-18 14:54:24,P-204,Pompe centrifuge HP,P-204-SEN-04,sonde_proximite,sonde_proximite,microns,42.7085,5.4,74.64,normal,85.9,99.7,256,GW-Modbus-03,0.2
2026-04-18 14:54:12,P-204,Pompe centrifuge HP,P-204-SEN-05,ultrason,ultrason,dB,24.2731,3.78,51.46,normal,84.6,96.4,5000,GW-MQTT-01,1.4
2026-04-18 14:54:10,P-204,Pompe centrifuge HP,P-204-SEN-06,courant,courant,A,63.3566,10.8,145.32,normal,93.8,95.2,512,GW-MQTT-01,1.4
2026-04-18 14:54:46,P-204,Pompe centrifuge HP,P-204-SEN-07,debit,debit,m3/h,53.6129,7.65,102.4,normal,94.4,96.1,512,GW-OPCUA-02,1.4
2026-04-18 14:54:12,P-204,Pompe centrifuge HP,P-204-SEN-08,pression,pression,bar,3.4351,0.58,7.93,normal,92.8,99.1,5000,GW-OPCUA-02,2.0
2026-04-18 14:54:12,C-118,Compresseur à vis,C-118-SEN-01,accelerometre,accelerometre,mm/s,2.2948,0.31,4.47,normal,88.5,93.3,128,GW-Modbus-03,1.2
2026-04-18 14:54:18,C-118,Compresseur à vis,C-118-SEN-02,accelerometre,accelerometre,g,0.3972,0.07,0.95,normal,83.8,100.5,2000,GW-Modbus-03,1.2
2026-04-18 14:54:18,C-118,Compresseur à vis,C-118-SEN-03,thermique,thermique,°C,33.3501,4.99,67.41,normal,88.8,90.3,1000,GW-OPCUA-02,1.7
2026-04-18 14:54:33,C-118,Compresseur à vis,C-118-SEN-04,sonde_proximite,sonde_proximite,microns,34.6176,6.66,92.06,normal,90.6,94.7,128,GW-OPCUA-02,0.6
2026-04-18 14:54:12,C-118,Compresseur à vis,C-118-SEN-05,ultrason,ultrason,dB,32.7859,4.66,63.46,normal,89.8,97.5,1000,GW-Modbus-03,1.4
2026-04-18 14:54:04,C-118,Compresseur à vis,C-118-SEN-06,courant,courant,A,94.5135,13.32,179.23,normal,90.7,97.2,2000,GW-MQTT-01,1.4
2026-04-18 14:54:47,C-118,Compresseur à vis,C-118-SEN-07,debit,debit,m3/h,61.2392,9.43,126.29,normal,86.7,96.4,128,GW-OPCUA-02,1.6
2026-04-18 14:54:11,C-118,Compresseur à vis,C-118-SEN-08,pression,pression,bar,5.2369,0.72,9.78,normal,89.3,95.3,5000,GW-MQTT-01,0.5
2026-04-18 14:54:24,V-302,Ventilateur tirage,V-302-SEN-01,accelerometre,accelerometre,mm/s,2.6248,0.37,5.32,normal,92.0,96.0,512,GW-Modbus-03,1.5
2026-04-18 14:54:18,V-302,Ventilateur tirage,V-302-SEN-02,accelerometre,accelerometre,g,0.8072,0.08,1.13,normal,88.9,100.4,512,GW-Modbus-03,1.3
2026-04-18 14:54:54,V-302,Ventilateur tirage,V-302-SEN-03,thermique,thermique,°C,41.2141,5.94,80.17,normal,92.8,97.2,128,GW-Modbus-03,0.9
2026-04-18 14:54:01,V-302,Ventilateur tirage,V-302-SEN-04,sonde_proximite,sonde_proximite,microns,53.2081,7.92,109.47,normal,93.9,99.3,128,GW-Modbus-03,2.0
2026-04-18 14:54:21,V-302,Ventilateur tirage,V-302-SEN-05,ultrason,ultrason,dB,45.517,5.54,75.47,normal,88.4,96.9,128,GW-MQTT-01,1.2
2026-04-18 14:54:00,V-302,Ventilateur tirage,V-302-SEN-06,courant,courant,A,115.3685,15.84,213.14,normal,88.5,97.8,512,GW-Modbus-03,1.9
2026-04-18 14:54:06,V-302,Ventilateur tirage,V-302-SEN-07,debit,debit,m3/h,81.4908,11.22,150.18,normal,90.1,96.4,2000,GW-OPCUA-02,1.2
2026-04-18 14:54:00,V-302,Ventilateur tirage,V-302-SEN-08,pression,pression,bar,5.3835,0.86,11.63,normal,93.2,97.4,2000,GW-MQTT-01,0.5
2026-04-18 14:54:36,M-019,Moteur électrique 400kW,M-019-SEN-01,accelerometre,accelerometre,mm/s,2.8478,0.43,6.16,normal,93.1,95.7,1000,GW-Modbus-03,1.2
2026-04-18 14:54:42,M-019,Moteur électrique 400kW,M-019-SEN-02,accelerometre,accelerometre,g,0.6243,0.09,1.31,normal,90.8,95.1,5000,GW-OPCUA-02,1.2
2026-04-18 14:54:41,M-019,Moteur électrique 400kW,M-019-SEN-03,thermique,thermique,°C,42.7845,6.88,92.92,normal,85.9,94.4,256,GW-OPCUA-02,1.0
2026-04-18 14:54:33,M-019,Moteur électrique 400kW,M-019-SEN-04,sonde_proximite,sonde_proximite,microns,80.5916,9.18,126.89,normal,85.5,96.1,128,GW-MQTT-01,1.3
2026-04-18 14:54:58,M-019,Moteur électrique 400kW,M-019-SEN-05,ultrason,ultrason,dB,40.1463,6.43,87.48,normal,88.2,98.2,512,GW-Modbus-03,1.4
2026-04-18 14:54:11,M-019,Moteur électrique 400kW,M-019-SEN-06,courant,courant,A,123.7465,18.36,247.04,normal,90.9,95.8,256,GW-Modbus-03,1.4
2026-04-18 14:54:00,M-019,Moteur électrique 400kW,M-019-SEN-07,debit,debit,m3/h,84.7229,13.01,174.07,normal,88.7,97.0,1000,GW-MQTT-01,0.7
2026-04-18 14:54:46,M-019,Moteur électrique 400kW,M-019-SEN-08,pression,pression,bar,7.3112,0.99,13.48,normal,83.9,98.1,1000,GW-MQTT-01,1.4
2026-04-18 14:54:56,R-077,Réducteur convoyeur,R-077-SEN-01,accelerometre,accelerometre,mm/s,4.0968,0.49,7.01,normal,84.8,96.1,5000,GW-OPCUA-02,1.3
2026-04-18 14:54:47,R-077,Réducteur convoyeur,R-077-SEN-02,accelerometre,accelerometre,g,0.7548,0.1,1.49,normal,93.0,100.8,512,GW-OPCUA-02,1.3
2026-04-18 14:54:53,R-077,Réducteur convoyeur,R-077-SEN-03,thermique,thermique,°C,56.4644,7.83,105.68,normal,83.8,93.9,128,GW-Modbus-03,1.2
2026-04-18 14:54:25,R-077,Réducteur convoyeur,R-077-SEN-04,sonde_proximite,sonde_proximite,microns,77.0533,10.44,144.3,normal,90.2,95.6,256,GW-Modbus-03,1.4
2026-04-18 14:54:42,R-077,Réducteur convoyeur,R-077-SEN-05,ultrason,ultrason,dB,48.5823,7.31,99.48,normal,93.2,94.6,256,GW-Modbus-03,1.3
2026-04-18 14:54:22,R-077,Réducteur convoyeur,R-077-SEN-06,courant,courant,A,127.4923,20.88,280.95,normal,92.9,100.1,5000,GW-Modbus-03,1.1
2026-04-18 14:54:41,R-077,Réducteur convoyeur,R-077-SEN-07,debit,debit,m3/h,94.4682,14.79,197.97,normal,86.9,95.0,1000,GW-MQTT-01,0.9
2026-04-18 14:54:33,R-077,Réducteur convoyeur,R-077-SEN-08,pression,pression,bar,7.9891,1.13,15.34,normal,88.9,93.3,512,GW-OPCUA-02,1.1
2026-04-18 14:54:46,P-311,Pompe centrifuge BP,P-311-SEN-01,accelerometre,accelerometre,mm/s,3.8542,0.55,7.85,normal,93.5,99.3,512,GW-Modbus-03,1.0
2026-04-18 14:54:21,P-311,Pompe centrifuge BP,P-311-SEN-02,accelerometre,accelerometre,g,0.9646,0.12,1.67,normal,93.1,95.5,256,GW-Modbus-03,1.4
2026-04-18 14:54:17,P-311,Pompe centrifuge BP,P-311-SEN-03,thermique,thermique,°C,60.1502,8.78,118.43,normal,91.0,97.7,256,GW-MQTT-01,0.8
2026-04-18 14:54:57,P-311,Pompe centrifuge BP,P-311-SEN-04,sonde_proximite,sonde_proximite,microns,69.7981,11.7,161.72,normal,86.1,94.6,256,GW-OPCUA-02,0.9
2026-04-18 14:54:08,P-311,Pompe centrifuge BP,P-311-SEN-05,ultrason,ultrason,dB,54.3204,8.19,111.49,normal,93.4,97.5,1000,GW-MQTT-01,1.3
2026-04-18 14:54:34,P-311,Pompe centrifuge BP,P-311-SEN-06,courant,courant,A,158.2988,23.4,314.86,normal,89.6,93.5,2000,GW-OPCUA-02,1.0
2026-04-18 14:54:33,P-311,Pompe centrifuge BP,P-311-SEN-07,debit,debit,m3/h,107.0362,16.57,221.86,normal,93.2,96.1,5000,GW-OPCUA-02,1.7
2026-04-18 14:54:12,P-311,Pompe centrifuge BP,P-311-SEN-08,pression,pression,bar,9.0937,1.27,17.19,normal,83.6,97.7,5000,GW-OPCUA-02,0.5
2026-04-18 15:47:00,P-204,Pompe centrifuge HP,P-204-SEN-01,accelerometre,accelerometre,mm/s,1.7171,0.25,3.63,normal,84.0,96.7,256,GW-Modbus-03,1.3
2026-04-18 15:47:36,P-204,Pompe centrifuge HP,P-204-SEN-02,accelerometre,accelerometre,g,0.4528,0.05,0.77,normal,90.4,93.1,2000,GW-MQTT-01,0.8
2026-04-18 15:47:32,P-204,Pompe centrifuge HP,P-204-SEN-03,thermique,thermique,°C,28.5392,4.05,54.67,normal,93.4,96.2,5000,GW-OPCUA-02,1.2
2026-04-18 15:47:55,P-204,Pompe centrifuge HP,P-204-SEN-04,sonde_proximite,sonde_proximite,microns,44.0197,5.4,74.66,normal,88.3,94.6,128,GW-MQTT-01,1.0
2026-04-18 15:47:43,P-204,Pompe centrifuge HP,P-204-SEN-05,ultrason,ultrason,dB,27.6155,3.78,51.47,normal,87.8,97.5,256,GW-MQTT-01,1.6
2026-04-18 15:47:15,P-204,Pompe centrifuge HP,P-204-SEN-06,courant,courant,A,67.0019,10.8,145.33,normal,89.5,97.2,5000,GW-OPCUA-02,0.4
2026-04-18 15:47:47,P-204,Pompe centrifuge HP,P-204-SEN-07,debit,debit,m3/h,59.108,7.65,102.4,normal,88.2,95.1,1000,GW-OPCUA-02,1.6
2026-04-18 15:47:15,P-204,Pompe centrifuge HP,P-204-SEN-08,pression,pression,bar,3.8964,0.58,7.93,normal,87.5,98.1,1000,GW-MQTT-01,0.7
2026-04-18 15:47:25,C-118,Compresseur à vis,C-118-SEN-01,accelerometre,accelerometre,mm/s,2.2244,0.31,4.47,normal,84.9,99.3,128,GW-OPCUA-02,1.7
2026-04-18 15:47:19,C-118,Compresseur à vis,C-118-SEN-02,accelerometre,accelerometre,g,0.5015,0.07,0.95,normal,87.4,101.7,128,GW-MQTT-01,1.2
2026-04-18 15:47:24,C-118,Compresseur à vis,C-118-SEN-03,thermique,thermique,°C,34.3753,4.99,67.42,normal,87.8,96.5,5000,GW-OPCUA-02,1.4
2026-04-18 15:47:29,C-118,Compresseur à vis,C-118-SEN-04,sonde_proximite,sonde_proximite,microns,42.7343,6.66,92.09,normal,92.4,94.5,1000,GW-OPCUA-02,0.7
2026-04-18 15:47:40,C-118,Compresseur à vis,C-118-SEN-05,ultrason,ultrason,dB,31.283,4.66,63.47,normal,87.7,99.3,2000,GW-MQTT-01,0.6
2026-04-18 15:47:50,C-118,Compresseur à vis,C-118-SEN-06,courant,courant,A,85.4241,13.32,179.24,normal,86.6,98.6,128,GW-Modbus-03,1.1
2026-04-18 15:47:07,C-118,Compresseur à vis,C-118-SEN-07,debit,debit,m3/h,67.6266,9.43,126.29,normal,88.6,93.8,2000,GW-MQTT-01,1.4
2026-04-18 15:47:04,C-118,Compresseur à vis,C-118-SEN-08,pression,pression,bar,5.1405,0.72,9.78,normal,87.2,97.6,512,GW-OPCUA-02,1.2
2026-04-18 15:47:39,V-302,Ventilateur tirage,V-302-SEN-01,accelerometre,accelerometre,mm/s,3.1743,0.37,5.32,normal,88.5,97.4,512,GW-Modbus-03,1.0
2026-04-18 15:47:38,V-302,Ventilateur tirage,V-302-SEN-02,accelerometre,accelerometre,g,0.4677,0.08,1.13,normal,83.5,95.7,256,GW-MQTT-01,1.5
2026-04-18 15:47:53,V-302,Ventilateur tirage,V-302-SEN-03,thermique,thermique,°C,37.541,5.94,80.18,normal,88.7,94.8,128,GW-OPCUA-02,0.7
2026-04-18 15:47:10,V-302,Ventilateur tirage,V-302-SEN-04,sonde_proximite,sonde_proximite,microns,43.9659,7.92,109.51,normal,87.9,95.8,128,GW-OPCUA-02,1.4
2026-04-18 15:47:20,V-302,Ventilateur tirage,V-302-SEN-05,ultrason,ultrason,dB,38.797,5.54,75.48,normal,87.8,97.6,512,GW-Modbus-03,1.2
2026-04-18 15:47:31,V-302,Ventilateur tirage,V-302-SEN-06,courant,courant,A,109.2698,15.84,213.15,normal,89.9,95.9,5000,GW-MQTT-01,1.7
2026-04-18 15:47:33,V-302,Ventilateur tirage,V-302-SEN-07,debit,debit,m3/h,77.1835,11.22,150.19,normal,87.9,97.6,512,GW-MQTT-01,1.2
2026-04-18 15:47:14,V-302,Ventilateur tirage,V-302-SEN-08,pression,pression,bar,6.0834,0.86,11.64,normal,91.3,97.2,512,GW-MQTT-01,1.0
2026-04-18 15:47:58,M-019,Moteur électrique 400kW,M-019-SEN-01,accelerometre,accelerometre,mm/s,2.8322,0.43,6.16,normal,90.6,92.9,1000,GW-Modbus-03,1.2
2026-04-18 15:47:26,M-019,Moteur électrique 400kW,M-019-SEN-02,accelerometre,accelerometre,g,0.7623,0.09,1.31,normal,89.8,98.0,5000,GW-MQTT-01,1.7
2026-04-18 15:47:21,M-019,Moteur électrique 400kW,M-019-SEN-03,thermique,thermique,°C,51.2277,6.88,92.93,normal,92.7,94.3,2000,GW-MQTT-01,1.0
2026-04-18 15:47:11,M-019,Moteur électrique 400kW,M-019-SEN-04,sonde_proximite,sonde_proximite,microns,81.738,9.18,126.93,normal,90.6,95.3,1000,GW-OPCUA-02,1.2
2026-04-18 15:47:25,M-019,Moteur électrique 400kW,M-019-SEN-05,ultrason,ultrason,dB,48.4312,6.43,87.49,normal,90.0,98.7,128,GW-OPCUA-02,0.9
2026-04-18 15:47:23,M-019,Moteur électrique 400kW,M-019-SEN-06,courant,courant,A,133.3472,18.36,247.06,normal,93.8,96.5,256,GW-Modbus-03,1.6
2026-04-18 15:47:32,M-019,Moteur électrique 400kW,M-019-SEN-07,debit,debit,m3/h,84.1532,13.01,174.08,normal,92.4,94.9,5000,GW-MQTT-01,1.2
2026-04-18 15:47:36,M-019,Moteur électrique 400kW,M-019-SEN-08,pression,pression,bar,6.5956,0.99,13.49,normal,83.9,96.7,128,GW-MQTT-01,1.6
2026-04-18 15:47:42,R-077,Réducteur convoyeur,R-077-SEN-01,accelerometre,accelerometre,mm/s,3.2877,0.49,7.01,normal,89.6,101.4,512,GW-Modbus-03,1.0
2026-04-18 15:47:00,R-077,Réducteur convoyeur,R-077-SEN-02,accelerometre,accelerometre,g,0.7301,0.1,1.5,normal,90.9,95.8,256,GW-OPCUA-02,0.5
2026-04-18 15:47:36,R-077,Réducteur convoyeur,R-077-SEN-03,thermique,thermique,°C,54.4742,7.83,105.69,normal,88.5,96.5,1000,GW-OPCUA-02,1.2
2026-04-18 15:47:48,R-077,Réducteur convoyeur,R-077-SEN-04,sonde_proximite,sonde_proximite,microns,68.2355,10.44,144.35,normal,88.2,95.7,1000,GW-Modbus-03,1.7
2026-04-18 15:47:26,R-077,Réducteur convoyeur,R-077-SEN-05,ultrason,ultrason,dB,48.1084,7.31,99.5,normal,91.2,96.6,512,GW-MQTT-01,1.8
2026-04-18 15:47:38,R-077,Réducteur convoyeur,R-077-SEN-06,courant,courant,A,139.5115,20.88,280.98,normal,88.6,95.0,128,GW-OPCUA-02,0.9
2026-04-18 15:47:11,R-077,Réducteur convoyeur,R-077-SEN-07,debit,debit,m3/h,88.2634,14.79,197.97,normal,90.0,94.9,5000,GW-OPCUA-02,0.4
2026-04-18 15:47:50,R-077,Réducteur convoyeur,R-077-SEN-08,pression,pression,bar,7.7502,1.13,15.34,normal,87.3,100.6,512,GW-MQTT-01,1.2
2026-04-18 15:47:28,P-311,Pompe centrifuge BP,P-311-SEN-01,accelerometre,accelerometre,mm/s,4.0155,0.55,7.86,normal,89.2,97.5,2000,GW-Modbus-03,1.4
2026-04-18 15:47:35,P-311,Pompe centrifuge BP,P-311-SEN-02,accelerometre,accelerometre,g,0.8025,0.12,1.68,normal,85.6,97.4,5000,GW-OPCUA-02,1.6
2026-04-18 15:47:35,P-311,Pompe centrifuge BP,P-311-SEN-03,thermique,thermique,°C,58.5485,8.78,118.44,normal,86.9,96.1,512,GW-MQTT-01,0.7
2026-04-18 15:47:19,P-311,Pompe centrifuge BP,P-311-SEN-04,sonde_proximite,sonde_proximite,microns,78.4584,11.7,161.77,normal,84.1,97.2,2000,GW-OPCUA-02,1.3
2026-04-18 15:47:56,P-311,Pompe centrifuge BP,P-311-SEN-05,ultrason,ultrason,dB,56.432,8.19,111.51,normal,89.1,99.7,2000,GW-Modbus-03,1.1
2026-04-18 15:47:15,P-311,Pompe centrifuge BP,P-311-SEN-06,courant,courant,A,164.0862,23.4,314.89,normal,92.8,96.5,256,GW-Modbus-03,0.8
2026-04-18 15:47:40,P-311,Pompe centrifuge BP,P-311-SEN-07,debit,debit,m3/h,104.2327,16.57,221.87,normal,88.9,96.3,512,GW-Modbus-03,1.1
2026-04-18 15:47:04,P-311,Pompe centrifuge BP,P-311-SEN-08,pression,pression,bar,8.5776,1.27,17.19,normal,91.9,100.4,1000,GW-MQTT-01,0.8
2026-04-18 16:34:59,P-204,Pompe centrifuge HP,P-204-SEN-01,accelerometre,accelerometre,mm/s,2.1738,0.25,3.63,normal,92.3,97.6,1000,GW-MQTT-01,0.6
2026-04-18 16:34:36,P-204,Pompe centrifuge HP,P-204-SEN-02,accelerometre,accelerometre,g,0.3163,0.05,0.77,normal,83.3,95.0,5000,GW-OPCUA-02,0.9
2026-04-18 16:34:54,P-204,Pompe centrifuge HP,P-204-SEN-03,thermique,thermique,°C,32.8623,4.05,54.67,normal,84.9,98.0,5000,GW-OPCUA-02,1.4
2026-04-18 16:34:10,P-204,Pompe centrifuge HP,P-204-SEN-04,sonde_proximite,sonde_proximite,microns,37.5585,5.4,74.69,normal,90.5,94.8,256,GW-MQTT-01,1.2
2026-04-18 16:34:18,P-204,Pompe centrifuge HP,P-204-SEN-05,ultrason,ultrason,dB,19.5617,3.78,51.48,normal,85.5,98.4,5000,GW-Modbus-03,0.6
2026-04-18 16:34:23,P-204,Pompe centrifuge HP,P-204-SEN-06,courant,courant,A,72.8612,10.8,145.34,normal,83.5,97.3,512,GW-Modbus-03,1.5
2026-04-18 16:34:34,P-204,Pompe centrifuge HP,P-204-SEN-07,debit,debit,m3/h,51.9158,7.65,102.4,normal,93.6,97.0,2000,GW-OPCUA-02,1.6
2026-04-18 16:34:54,P-204,Pompe centrifuge HP,P-204-SEN-08,pression,pression,bar,3.8432,0.58,7.93,normal,89.2,95.5,128,GW-MQTT-01,0.9
2026-04-18 16:34:26,C-118,Compresseur à vis,C-118-SEN-01,accelerometre,accelerometre,mm/s,2.5819,0.31,4.48,normal,84.3,97.7,256,GW-Modbus-03,1.4
2026-04-18 16:34:38,C-118,Compresseur à vis,C-118-SEN-02,accelerometre,accelerometre,g,0.5459,0.07,0.95,normal,87.5,94.7,512,GW-MQTT-01,0.4
2026-04-18 16:34:39,C-118,Compresseur à vis,C-118-SEN-03,thermique,thermique,°C,34.5856,4.99,67.43,normal,90.4,96.0,1000,GW-MQTT-01,1.5
2026-04-18 16:34:33,C-118,Compresseur à vis,C-118-SEN-04,sonde_proximite,sonde_proximite,microns,51.8884,6.66,92.12,normal,89.4,98.3,128,GW-OPCUA-02,1.2
2026-04-18 16:34:02,C-118,Compresseur à vis,C-118-SEN-05,ultrason,ultrason,dB,34.574,4.66,63.49,normal,94.1,93.9,256,GW-OPCUA-02,1.3
2026-04-18 16:34:29,C-118,Compresseur à vis,C-118-SEN-06,courant,courant,A,88.122,13.32,179.26,normal,90.6,96.2,256,GW-OPCUA-02,0.8
2026-04-18 16:34:31,C-118,Compresseur à vis,C-118-SEN-07,debit,debit,m3/h,55.8471,9.43,126.3,normal,86.8,94.3,2000,GW-Modbus-03,1.2
2026-04-18 16:34:48,C-118,Compresseur à vis,C-118-SEN-08,pression,pression,bar,4.9773,0.72,9.79,normal,92.3,97.7,5000,GW-OPCUA-02,1.6
2026-04-18 16:34:03,V-302,Ventilateur tirage,V-302-SEN-01,accelerometre,accelerometre,mm/s,2.726,0.37,5.32,normal,90.4,95.7,256,GW-MQTT-01,0.3
2026-04-18 16:34:57,V-302,Ventilateur tirage,V-302-SEN-02,accelerometre,accelerometre,g,0.5665,0.08,1.13,normal,91.2,94.2,128,GW-OPCUA-02,1.2
2026-04-18 16:34:19,V-302,Ventilateur tirage,V-302-SEN-03,thermique,thermique,°C,41.0252,5.94,80.19,normal,91.9,100.6,2000,GW-MQTT-01,1.2
2026-04-18 16:34:45,V-302,Ventilateur tirage,V-302-SEN-04,sonde_proximite,sonde_proximite,microns,49.7008,7.92,109.54,normal,90.1,98.0,2000,GW-Modbus-03,1.1
2026-04-18 16:34:12,V-302,Ventilateur tirage,V-302-SEN-05,ultrason,ultrason,dB,31.9061,5.54,75.5,normal,88.6,97.8,512,GW-MQTT-01,1.1
2026-04-18 16:34:14,V-302,Ventilateur tirage,V-302-SEN-06,courant,courant,A,117.7804,15.84,213.17,normal,89.4,98.9,1000,GW-OPCUA-02,1.6
2026-04-18 16:34:56,V-302,Ventilateur tirage,V-302-SEN-07,debit,debit,m3/h,78.55,11.22,150.19,normal,85.8,101.2,1000,GW-MQTT-01,1.3
2026-04-18 16:34:15,V-302,Ventilateur tirage,V-302-SEN-08,pression,pression,bar,5.7612,0.86,11.64,normal,90.4,95.2,256,GW-MQTT-01,0.7
2026-04-18 16:34:34,M-019,Moteur électrique 400kW,M-019-SEN-01,accelerometre,accelerometre,mm/s,2.6692,0.43,6.17,normal,88.8,99.5,128,GW-MQTT-01,1.2
2026-04-18 16:34:22,M-019,Moteur électrique 400kW,M-019-SEN-02,accelerometre,accelerometre,g,0.6344,0.09,1.32,normal,87.1,97.4,1000,GW-OPCUA-02,1.2
2026-04-18 16:34:11,M-019,Moteur électrique 400kW,M-019-SEN-03,thermique,thermique,°C,44.7819,6.88,92.94,normal,92.3,96.9,5000,GW-Modbus-03,1.5
2026-04-18 16:34:46,M-019,Moteur électrique 400kW,M-019-SEN-04,sonde_proximite,sonde_proximite,microns,60.1108,9.18,126.97,normal,88.0,98.3,2000,GW-MQTT-01,1.4
2026-04-18 16:34:14,M-019,Moteur électrique 400kW,M-019-SEN-05,ultrason,ultrason,dB,43.8822,6.43,87.51,normal,93.5,97.8,256,GW-OPCUA-02,1.2
2026-04-18 16:34:10,M-019,Moteur électrique 400kW,M-019-SEN-06,courant,courant,A,120.6438,18.36,247.08,normal,86.2,96.6,1000,GW-Modbus-03,1.1
2026-04-18 16:34:18,M-019,Moteur électrique 400kW,M-019-SEN-07,debit,debit,m3/h,84.8455,13.01,174.09,normal,91.5,101.0,2000,GW-MQTT-01,1.3
2026-04-18 16:34:07,M-019,Moteur électrique 400kW,M-019-SEN-08,pression,pression,bar,6.9502,0.99,13.49,normal,87.6,97.7,5000,GW-OPCUA-02,0.9
2026-04-18 16:34:01,R-077,Réducteur convoyeur,R-077-SEN-01,accelerometre,accelerometre,mm/s,3.5037,0.49,7.02,normal,85.1,97.9,5000,GW-OPCUA-02,1.5
2026-04-18 16:34:08,R-077,Réducteur convoyeur,R-077-SEN-02,accelerometre,accelerometre,g,0.7686,0.1,1.5,normal,83.8,94.7,512,GW-MQTT-01,1.3
2026-04-18 16:34:38,R-077,Réducteur convoyeur,R-077-SEN-03,thermique,thermique,°C,52.6061,7.83,105.7,normal,92.5,97.6,1000,GW-Modbus-03,0.7
2026-04-18 16:34:24,R-077,Réducteur convoyeur,R-077-SEN-04,sonde_proximite,sonde_proximite,microns,84.8834,10.44,144.4,normal,86.9,97.1,512,GW-MQTT-01,1.4
2026-04-18 16:34:34,R-077,Réducteur convoyeur,R-077-SEN-05,ultrason,ultrason,dB,42.9771,7.31,99.52,normal,91.3,98.4,1000,GW-MQTT-01,1.3
2026-04-18 16:34:48,R-077,Réducteur convoyeur,R-077-SEN-06,courant,courant,A,158.866,20.88,281.0,normal,85.4,95.2,512,GW-Modbus-03,1.5
2026-04-18 16:34:34,R-077,Réducteur convoyeur,R-077-SEN-07,debit,debit,m3/h,97.3524,14.79,197.98,normal,85.6,93.6,128,GW-MQTT-01,1.0
2026-04-18 16:34:06,R-077,Réducteur convoyeur,R-077-SEN-08,pression,pression,bar,7.6181,1.13,15.34,normal,90.4,93.5,2000,GW-Modbus-03,0.9
2026-04-18 16:34:36,P-311,Pompe centrifuge BP,P-311-SEN-01,accelerometre,accelerometre,mm/s,4.0494,0.55,7.86,normal,84.8,95.0,128,GW-Modbus-03,1.1
2026-04-18 16:34:31,P-311,Pompe centrifuge BP,P-311-SEN-02,accelerometre,accelerometre,g,0.9991,0.12,1.68,normal,91.0,96.6,5000,GW-OPCUA-02,1.5
2026-04-18 16:34:15,P-311,Pompe centrifuge BP,P-311-SEN-03,thermique,thermique,°C,59.4453,8.78,118.46,normal,87.3,97.0,512,GW-MQTT-01,0.8
2026-04-18 16:34:39,P-311,Pompe centrifuge BP,P-311-SEN-04,sonde_proximite,sonde_proximite,microns,85.4409,11.7,161.82,normal,84.0,94.8,256,GW-Modbus-03,0.6
2026-04-18 16:34:51,P-311,Pompe centrifuge BP,P-311-SEN-05,ultrason,ultrason,dB,54.9381,8.19,111.53,normal,91.4,94.7,128,GW-MQTT-01,1.1
2026-04-18 16:34:03,P-311,Pompe centrifuge BP,P-311-SEN-06,courant,courant,A,155.4865,23.4,314.91,normal,87.2,95.9,128,GW-OPCUA-02,1.0
2026-04-18 16:34:23,P-311,Pompe centrifuge BP,P-311-SEN-07,debit,debit,m3/h,114.8158,16.57,221.87,normal,88.2,95.2,5000,GW-OPCUA-02,1.7
2026-04-18 16:34:09,P-311,Pompe centrifuge BP,P-311-SEN-08,pression,pression,bar,8.3273,1.27,17.19,normal,86.7,98.3,2000,GW-MQTT-01,1.4
2026-04-18 17:38:35,P-204,Pompe centrifuge HP,P-204-SEN-01,accelerometre,accelerometre,mm/s,1.4278,0.25,3.63,normal,86.5,96.3,256,GW-MQTT-01,1.2
2026-04-18 17:38:59,P-204,Pompe centrifuge HP,P-204-SEN-02,accelerometre,accelerometre,g,0.2197,0.05,0.77,normal,84.4,95.8,2000,GW-Modbus-03,1.3
2026-04-18 17:38:00,P-204,Pompe centrifuge HP,P-204-SEN-03,thermique,thermique,°C,28.0728,4.05,54.68,normal,91.6,96.1,1000,GW-Modbus-03,0.3
2026-04-18 17:38:17,P-204,Pompe centrifuge HP,P-204-SEN-04,sonde_proximite,sonde_proximite,microns,18.4731,5.4,74.71,normal,91.8,93.9,2000,GW-OPCUA-02,1.0
2026-04-18 17:38:47,P-204,Pompe centrifuge HP,P-204-SEN-05,ultrason,ultrason,dB,18.3153,3.78,51.48,normal,93.8,98.6,256,GW-Modbus-03,1.0
2026-04-18 17:38:45,P-204,Pompe centrifuge HP,P-204-SEN-06,courant,courant,A,79.6213,10.8,145.36,normal,89.6,96.1,5000,GW-Modbus-03,1.4
2026-04-18 17:38:47,P-204,Pompe centrifuge HP,P-204-SEN-07,debit,debit,m3/h,61.8214,7.65,102.41,normal,92.8,96.4,512,GW-MQTT-01,0.7
2026-04-18 17:38:59,P-204,Pompe centrifuge HP,P-204-SEN-08,pression,pression,bar,4.136,0.58,7.94,normal,89.2,95.7,5000,GW-Modbus-03,0.7
2026-04-18 17:38:37,C-118,Compresseur à vis,C-118-SEN-01,accelerometre,accelerometre,mm/s,2.3122,0.31,4.48,normal,92.6,98.5,2000,GW-Modbus-03,1.9
2026-04-18 17:38:46,C-118,Compresseur à vis,C-118-SEN-02,accelerometre,accelerometre,g,0.3733,0.07,0.95,normal,93.3,99.1,5000,GW-OPCUA-02,1.4
2026-04-18 17:38:24,C-118,Compresseur à vis,C-118-SEN-03,thermique,thermique,°C,33.7033,4.99,67.44,normal,87.7,97.4,128,GW-MQTT-01,1.5
2026-04-18 17:38:25,C-118,Compresseur à vis,C-118-SEN-04,sonde_proximite,sonde_proximite,microns,51.4282,6.66,92.14,normal,90.2,94.7,256,GW-MQTT-01,1.5
2026-04-18 17:38:11,C-118,Compresseur à vis,C-118-SEN-05,ultrason,ultrason,dB,31.7716,4.66,63.5,normal,92.0,97.8,256,GW-Modbus-03,1.1
2026-04-18 17:38:33,C-118,Compresseur à vis,C-118-SEN-06,courant,courant,A,93.1314,13.32,179.27,normal,90.1,94.3,2000,GW-Modbus-03,2.1
2026-04-18 17:38:58,C-118,Compresseur à vis,C-118-SEN-07,debit,debit,m3/h,65.8308,9.43,126.3,normal,90.6,99.3,512,GW-OPCUA-02,1.1
2026-04-18 17:38:32,C-118,Compresseur à vis,C-118-SEN-08,pression,pression,bar,5.0411,0.72,9.79,normal,84.5,97.6,1000,GW-Modbus-03,0.7
2026-04-18 17:38:09,V-302,Ventilateur tirage,V-302-SEN-01,accelerometre,accelerometre,mm/s,2.4839,0.37,5.33,normal,86.4,92.0,512,GW-Modbus-03,1.3
2026-04-18 17:38:09,V-302,Ventilateur tirage,V-302-SEN-02,accelerometre,accelerometre,g,0.5523,0.08,1.14,normal,85.4,96.6,5000,GW-MQTT-01,0.7
2026-04-18 17:38:59,V-302,Ventilateur tirage,V-302-SEN-03,thermique,thermique,°C,42.6751,5.94,80.19,normal,92.7,97.9,256,GW-MQTT-01,1.3
2026-04-18 17:38:00,V-302,Ventilateur tirage,V-302-SEN-04,sonde_proximite,sonde_proximite,microns,52.1521,7.92,109.58,normal,89.7,96.6,256,GW-OPCUA-02,1.7
2026-04-18 17:38:53,V-302,Ventilateur tirage,V-302-SEN-05,ultrason,ultrason,dB,37.1862,5.54,75.51,normal,85.5,96.8,128,GW-MQTT-01,0.9
2026-04-18 17:38:25,V-302,Ventilateur tirage,V-302-SEN-06,courant,courant,A,120.9014,15.84,213.19,normal,84.0,99.3,5000,GW-OPCUA-02,0.8
2026-04-18 17:38:44,V-302,Ventilateur tirage,V-302-SEN-07,debit,debit,m3/h,75.6927,11.22,150.2,normal,88.5,96.9,256,GW-MQTT-01,1.7
2026-04-18 17:38:42,V-302,Ventilateur tirage,V-302-SEN-08,pression,pression,bar,5.4941,0.86,11.64,normal,89.1,95.1,2000,GW-OPCUA-02,0.8
2026-04-18 17:38:38,M-019,Moteur électrique 400kW,M-019-SEN-01,accelerometre,accelerometre,mm/s,3.1283,0.43,6.17,normal,84.5,95.4,512,GW-MQTT-01,1.2
2026-04-18 17:38:25,M-019,Moteur électrique 400kW,M-019-SEN-02,accelerometre,accelerometre,g,0.7063,0.09,1.32,normal,90.9,94.6,1000,GW-MQTT-01,0.3
2026-04-18 17:38:59,M-019,Moteur électrique 400kW,M-019-SEN-03,thermique,thermique,°C,41.8723,6.88,92.95,normal,87.8,99.9,512,GW-OPCUA-02,1.8
2026-04-18 17:38:37,M-019,Moteur électrique 400kW,M-019-SEN-04,sonde_proximite,sonde_proximite,microns,66.8811,9.18,127.01,normal,84.1,93.7,5000,GW-OPCUA-02,0.8
2026-04-18 17:38:51,M-019,Moteur électrique 400kW,M-019-SEN-05,ultrason,ultrason,dB,41.582,6.43,87.52,normal,84.8,98.0,128,GW-OPCUA-02,1.1
2026-04-18 17:38:48,M-019,Moteur électrique 400kW,M-019-SEN-06,courant,courant,A,129.1448,18.36,247.11,normal,89.4,96.8,128,GW-MQTT-01,1.1
2026-04-18 17:38:54,M-019,Moteur électrique 400kW,M-019-SEN-07,debit,debit,m3/h,83.226,13.01,174.09,normal,86.1,98.0,1000,GW-MQTT-01,1.6
2026-04-18 17:38:38,M-019,Moteur électrique 400kW,M-019-SEN-08,pression,pression,bar,6.1673,0.99,13.49,normal,85.8,97.0,1000,GW-Modbus-03,1.6
2026-04-18 17:38:28,R-077,Réducteur convoyeur,R-077-SEN-01,accelerometre,accelerometre,mm/s,3.6746,0.49,7.02,normal,91.0,95.6,5000,GW-OPCUA-02,0.8
2026-04-18 17:38:38,R-077,Réducteur convoyeur,R-077-SEN-02,accelerometre,accelerometre,g,0.7311,0.1,1.5,normal,91.3,97.2,5000,GW-Modbus-03,1.5
2026-04-18 17:38:09,R-077,Réducteur convoyeur,R-077-SEN-03,thermique,thermique,°C,54.1166,7.83,105.71,normal,93.1,94.8,128,GW-Modbus-03,1.1
2026-04-18 17:38:29,R-077,Réducteur convoyeur,R-077-SEN-04,sonde_proximite,sonde_proximite,microns,74.9488,10.44,144.44,normal,93.1,96.6,5000,GW-MQTT-01,1.3
2026-04-18 17:38:19,R-077,Réducteur convoyeur,R-077-SEN-05,ultrason,ultrason,dB,47.3029,7.31,99.54,normal,90.3,96.3,128,GW-OPCUA-02,2.0
2026-04-18 17:38:59,R-077,Réducteur convoyeur,R-077-SEN-06,courant,courant,A,133.8178,20.88,281.02,normal,86.3,95.8,1000,GW-Modbus-03,0.8
2026-04-18 17:38:21,R-077,Réducteur convoyeur,R-077-SEN-07,debit,debit,m3/h,103.1528,14.79,197.99,normal,86.9,98.8,128,GW-Modbus-03,1.5
2026-04-18 17:38:50,R-077,Réducteur convoyeur,R-077-SEN-08,pression,pression,bar,7.62,1.13,15.34,normal,90.6,98.9,5000,GW-OPCUA-02,0.8
2026-04-18 17:38:42,P-311,Pompe centrifuge BP,P-311-SEN-01,accelerometre,accelerometre,mm/s,4.0733,0.55,7.87,normal,90.2,96.4,5000,GW-Modbus-03,1.2
2026-04-18 17:38:44,P-311,Pompe centrifuge BP,P-311-SEN-02,accelerometre,accelerometre,g,0.7705,0.12,1.68,normal,94.3,96.2,512,GW-Modbus-03,0.6
2026-04-18 17:38:50,P-311,Pompe centrifuge BP,P-311-SEN-03,thermique,thermique,°C,57.7719,8.78,118.47,normal,93.1,96.9,128,GW-OPCUA-02,1.4
2026-04-18 17:38:33,P-311,Pompe centrifuge BP,P-311-SEN-04,sonde_proximite,sonde_proximite,microns,91.3434,11.7,161.88,normal,88.9,97.5,256,GW-Modbus-03,1.4
2026-04-18 17:38:04,P-311,Pompe centrifuge BP,P-311-SEN-05,ultrason,ultrason,dB,57.7164,8.19,111.55,normal,89.9,96.5,1000,GW-OPCUA-02,0.7
2026-04-18 17:38:18,P-311,Pompe centrifuge BP,P-311-SEN-06,courant,courant,A,165.7104,23.4,314.94,normal,86.0,100.0,256,GW-MQTT-01,1.6
2026-04-18 17:38:43,P-311,Pompe centrifuge BP,P-311-SEN-07,debit,debit,m3/h,108.6083,16.57,221.88,normal,92.6,95.0,5000,GW-OPCUA-02,1.9
2026-04-18 17:38:47,P-311,Pompe centrifuge BP,P-311-SEN-08,pression,pression,bar,9.305,1.27,17.19,normal,89.8,99.3,1000,GW-Modbus-03,1.7
2026-04-18 18:56:59,P-204,Pompe centrifuge HP,P-204-SEN-01,accelerometre,accelerometre,mm/s,2.1375,0.25,3.63,normal,90.6,99.1,256,GW-Modbus-03,0.9
2026-04-18 18:56:30,P-204,Pompe centrifuge HP,P-204-SEN-02,accelerometre,accelerometre,g,0.2631,0.05,0.77,normal,88.5,95.4,256,GW-OPCUA-02,0.9
2026-04-18 18:56:36,P-204,Pompe centrifuge HP,P-204-SEN-03,thermique,thermique,°C,27.8096,4.05,54.68,normal,88.8,95.4,5000,GW-OPCUA-02,2.1
2026-04-18 18:56:33,P-204,Pompe centrifuge HP,P-204-SEN-04,sonde_proximite,sonde_proximite,microns,36.1347,5.4,74.74,normal,89.3,96.5,512,GW-OPCUA-02,0.7
2026-04-18 18:56:26,P-204,Pompe centrifuge HP,P-204-SEN-05,ultrason,ultrason,dB,34.8948,3.78,51.49,normal,92.6,95.4,5000,GW-Modbus-03,1.3
2026-04-18 18:56:04,P-204,Pompe centrifuge HP,P-204-SEN-06,courant,courant,A,71.0233,10.8,145.37,normal,93.9,96.3,512,GW-Modbus-03,2.1
2026-04-18 18:56:10,P-204,Pompe centrifuge HP,P-204-SEN-07,debit,debit,m3/h,49.6508,7.65,102.41,normal,88.1,92.7,128,GW-OPCUA-02,1.0
2026-04-18 18:56:51,P-204,Pompe centrifuge HP,P-204-SEN-08,pression,pression,bar,3.9799,0.58,7.94,normal,84.1,99.3,512,GW-MQTT-01,1.3
2026-04-18 18:56:37,C-118,Compresseur à vis,C-118-SEN-01,accelerometre,accelerometre,mm/s,2.0173,0.31,4.48,normal,85.5,97.8,5000,GW-OPCUA-02,0.9
2026-04-18 18:56:23,C-118,Compresseur à vis,C-118-SEN-02,accelerometre,accelerometre,g,0.6158,0.07,0.96,normal,83.6,96.1,5000,GW-Modbus-03,1.8
2026-04-18 18:56:10,C-118,Compresseur à vis,C-118-SEN-03,thermique,thermique,°C,35.1243,4.99,67.44,normal,88.3,97.9,1000,GW-OPCUA-02,1.0
2026-04-18 18:56:21,C-118,Compresseur à vis,C-118-SEN-04,sonde_proximite,sonde_proximite,microns,40.1589,6.66,92.17,normal,93.3,102.2,256,GW-MQTT-01,1.0
2026-04-18 18:56:37,C-118,Compresseur à vis,C-118-SEN-05,ultrason,ultrason,dB,26.3036,4.66,63.51,normal,90.9,95.8,2000,GW-Modbus-03,1.2
2026-04-18 18:56:24,C-118,Compresseur à vis,C-118-SEN-06,courant,courant,A,80.3461,13.32,179.29,normal,88.0,97.0,1000,GW-Modbus-03,1.2
2026-04-18 18:56:29,C-118,Compresseur à vis,C-118-SEN-07,debit,debit,m3/h,69.3207,9.43,126.31,normal,89.9,100.0,128,GW-MQTT-01,0.9
2026-04-18 18:56:58,C-118,Compresseur à vis,C-118-SEN-08,pression,pression,bar,5.4755,0.72,9.79,normal,93.7,95.8,512,GW-OPCUA-02,1.7
2026-04-18 18:56:31,V-302,Ventilateur tirage,V-302-SEN-01,accelerometre,accelerometre,mm/s,2.4291,0.37,5.33,normal,87.5,96.1,5000,GW-OPCUA-02,0.8
2026-04-18 18:56:05,V-302,Ventilateur tirage,V-302-SEN-02,accelerometre,accelerometre,g,0.6022,0.08,1.14,normal,89.3,94.5,5000,GW-MQTT-01,1.5
2026-04-18 18:56:14,V-302,Ventilateur tirage,V-302-SEN-03,thermique,thermique,°C,38.692,5.94,80.2,normal,83.2,97.9,256,GW-MQTT-01,2.0
2026-04-18 18:56:10,V-302,Ventilateur tirage,V-302-SEN-04,sonde_proximite,sonde_proximite,microns,55.6918,7.92,109.61,normal,92.6,95.0,1000,GW-OPCUA-02,1.2
2026-04-18 18:56:27,V-302,Ventilateur tirage,V-302-SEN-05,ultrason,ultrason,dB,34.4756,5.54,75.53,normal,92.8,98.8,1000,GW-MQTT-01,1.2
2026-04-18 18:56:38,V-302,Ventilateur tirage,V-302-SEN-06,courant,courant,A,112.0147,15.84,213.21,normal,93.0,95.7,1000,GW-MQTT-01,1.1
2026-04-18 18:56:08,V-302,Ventilateur tirage,V-302-SEN-07,debit,debit,m3/h,75.2005,11.22,150.2,normal,90.5,99.1,5000,GW-Modbus-03,1.5
2026-04-18 18:56:22,V-302,Ventilateur tirage,V-302-SEN-08,pression,pression,bar,5.9262,0.86,11.64,normal,88.4,95.2,1000,GW-MQTT-01,0.4
2026-04-18 18:56:03,M-019,Moteur électrique 400kW,M-019-SEN-01,accelerometre,accelerometre,mm/s,3.5194,0.43,6.18,normal,87.4,100.0,5000,GW-OPCUA-02,1.4
2026-04-18 18:56:03,M-019,Moteur électrique 400kW,M-019-SEN-02,accelerometre,accelerometre,g,0.7126,0.09,1.32,normal,84.4,93.2,256,GW-MQTT-01,1.5
2026-04-18 18:56:41,M-019,Moteur électrique 400kW,M-019-SEN-03,thermique,thermique,°C,46.5761,6.88,92.96,normal,87.4,98.2,5000,GW-OPCUA-02,1.5
2026-04-18 18:56:01,M-019,Moteur électrique 400kW,M-019-SEN-04,sonde_proximite,sonde_proximite,microns,64.9877,9.18,127.05,normal,92.2,95.5,256,GW-MQTT-01,1.6
2026-04-18 18:56:43,M-019,Moteur électrique 400kW,M-019-SEN-05,ultrason,ultrason,dB,42.2015,6.43,87.54,normal,93.9,97.7,1000,GW-Modbus-03,0.5
2026-04-18 18:56:59,M-019,Moteur électrique 400kW,M-019-SEN-06,courant,courant,A,115.0119,18.36,247.13,normal,84.4,96.8,1000,GW-MQTT-01,1.1
2026-04-18 18:56:33,M-019,Moteur électrique 400kW,M-019-SEN-07,debit,debit,m3/h,78.0083,13.01,174.1,normal,85.8,95.7,128,GW-Modbus-03,0.9
2026-04-18 18:56:47,M-019,Moteur électrique 400kW,M-019-SEN-08,pression,pression,bar,6.9696,0.99,13.49,normal,87.3,96.8,2000,GW-MQTT-01,1.2
2026-04-18 18:56:17,R-077,Réducteur convoyeur,R-077-SEN-01,accelerometre,accelerometre,mm/s,3.8058,0.49,7.02,normal,85.1,97.7,1000,GW-MQTT-01,0.8
2026-04-18 18:56:12,R-077,Réducteur convoyeur,R-077-SEN-02,accelerometre,accelerometre,g,0.8296,0.1,1.5,normal,89.1,96.7,2000,GW-Modbus-03,1.2
2026-04-18 18:56:43,R-077,Réducteur convoyeur,R-077-SEN-03,thermique,thermique,°C,50.9973,7.83,105.72,normal,88.0,96.1,1000,GW-Modbus-03,0.8
2026-04-18 18:56:33,R-077,Réducteur convoyeur,R-077-SEN-04,sonde_proximite,sonde_proximite,microns,69.1808,10.44,144.49,normal,86.5,103.5,1000,GW-MQTT-01,0.9
2026-04-18 18:56:12,R-077,Réducteur convoyeur,R-077-SEN-05,ultrason,ultrason,dB,46.665,7.31,99.56,normal,89.1,95.9,2000,GW-OPCUA-02,1.0
2026-04-18 18:56:53,R-077,Réducteur convoyeur,R-077-SEN-06,courant,courant,A,144.1329,20.88,281.04,normal,89.1,97.1,1000,GW-OPCUA-02,1.9
2026-04-18 18:56:40,R-077,Réducteur convoyeur,R-077-SEN-07,debit,debit,m3/h,89.3339,14.79,197.99,normal,90.2,99.3,512,GW-MQTT-01,1.0
2026-04-18 18:56:49,R-077,Réducteur convoyeur,R-077-SEN-08,pression,pression,bar,7.192,1.13,15.34,normal,83.9,97.5,128,GW-OPCUA-02,1.0
2026-04-18 18:56:40,P-311,Pompe centrifuge BP,P-311-SEN-01,accelerometre,accelerometre,mm/s,3.6306,0.55,7.87,normal,86.1,97.7,512,GW-Modbus-03,1.2
2026-04-18 18:56:57,P-311,Pompe centrifuge BP,P-311-SEN-02,accelerometre,accelerometre,g,0.8141,0.12,1.68,normal,93.1,99.9,512,GW-OPCUA-02,1.7
2026-04-18 18:56:47,P-311,Pompe centrifuge BP,P-311-SEN-03,thermique,thermique,°C,57.7627,8.78,118.48,normal,94.3,99.7,5000,GW-OPCUA-02,1.0
2026-04-18 18:56:48,P-311,Pompe centrifuge BP,P-311-SEN-04,sonde_proximite,sonde_proximite,microns,75.4086,11.7,161.93,normal,87.9,95.7,1000,GW-OPCUA-02,1.7
2026-04-18 18:56:09,P-311,Pompe centrifuge BP,P-311-SEN-05,ultrason,ultrason,dB,54.6328,8.19,111.57,normal,88.6,96.8,256,GW-Modbus-03,1.3
2026-04-18 18:56:59,P-311,Pompe centrifuge BP,P-311-SEN-06,courant,courant,A,145.4718,23.4,314.96,normal,84.1,96.2,512,GW-Modbus-03,1.9
2026-04-18 18:56:11,P-311,Pompe centrifuge BP,P-311-SEN-07,debit,debit,m3/h,111.744,16.57,221.89,normal,93.1,95.8,2000,GW-OPCUA-02,1.0
2026-04-18 18:56:19,P-311,Pompe centrifuge BP,P-311-SEN-08,pression,pression,bar,8.8583,1.27,17.2,normal,83.3,97.1,5000,GW-Modbus-03,0.8
2026-04-18 19:49:43,P-204,Pompe centrifuge HP,P-204-SEN-01,accelerometre,accelerometre,mm/s,1.6323,0.25,3.64,normal,84.1,98.8,128,GW-Modbus-03,1.8
2026-04-18 19:49:45,P-204,Pompe centrifuge HP,P-204-SEN-02,accelerometre,accelerometre,g,0.4727,0.05,0.78,normal,84.0,98.1,1000,GW-Modbus-03,0.7
2026-04-18 19:49:22,P-204,Pompe centrifuge HP,P-204-SEN-03,thermique,thermique,°C,29.0971,4.05,54.69,normal,92.4,97.9,128,GW-OPCUA-02,1.0
2026-04-18 19:49:37,P-204,Pompe centrifuge HP,P-204-SEN-04,sonde_proximite,sonde_proximite,microns,35.1559,5.4,74.76,normal,83.0,96.7,256,GW-OPCUA-02,0.9
2026-04-18 19:49:35,P-204,Pompe centrifuge HP,P-204-SEN-05,ultrason,ultrason,dB,28.5249,3.78,51.5,normal,85.6,98.8,512,GW-MQTT-01,1.4
2026-04-18 19:49:11,P-204,Pompe centrifuge HP,P-204-SEN-06,courant,courant,A,79.8456,10.8,145.38,normal,91.1,101.8,1000,GW-Modbus-03,1.9
2026-04-18 19:49:02,P-204,Pompe centrifuge HP,P-204-SEN-07,debit,debit,m3/h,49.8036,7.65,102.41,normal,93.8,98.8,512,GW-OPCUA-02,1.5
2026-04-18 19:49:43,P-204,Pompe centrifuge HP,P-204-SEN-08,pression,pression,bar,4.5922,0.58,7.94,normal,94.1,94.4,2000,GW-MQTT-01,1.5
2026-04-18 19:49:24,C-118,Compresseur à vis,C-118-SEN-01,accelerometre,accelerometre,mm/s,2.182,0.31,4.48,normal,87.7,95.8,1000,GW-MQTT-01,0.8
2026-04-18 19:49:10,C-118,Compresseur à vis,C-118-SEN-02,accelerometre,accelerometre,g,0.4796,0.07,0.96,normal,87.8,97.2,2000,GW-OPCUA-02,1.9
2026-04-18 19:49:15,C-118,Compresseur à vis,C-118-SEN-03,thermique,thermique,°C,34.7968,4.99,67.45,normal,88.3,94.6,512,GW-Modbus-03,1.0
2026-04-18 19:49:22,C-118,Compresseur à vis,C-118-SEN-04,sonde_proximite,sonde_proximite,microns,48.0571,6.66,92.2,normal,86.1,98.4,1000,GW-Modbus-03,0.9
2026-04-18 19:49:44,C-118,Compresseur à vis,C-118-SEN-05,ultrason,ultrason,dB,30.2346,4.66,63.52,normal,93.0,95.3,128,GW-MQTT-01,0.7
2026-04-18 19:49:11,C-118,Compresseur à vis,C-118-SEN-06,courant,courant,A,97.7503,13.32,179.3,normal,94.1,97.6,5000,GW-Modbus-03,1.1
2026-04-18 19:49:41,C-118,Compresseur à vis,C-118-SEN-07,debit,debit,m3/h,65.0184,9.43,126.31,normal,83.1,95.4,128,GW-OPCUA-02,0.5
2026-04-18 19:49:50,C-118,Compresseur à vis,C-118-SEN-08,pression,pression,bar,4.4774,0.72,9.79,normal,89.8,97.9,5000,GW-MQTT-01,1.3
2026-04-18 19:49:15,V-302,Ventilateur tirage,V-302-SEN-01,accelerometre,accelerometre,mm/s,2.7978,0.37,5.33,normal,89.9,96.8,512,GW-Modbus-03,0.9
2026-04-18 19:49:07,V-302,Ventilateur tirage,V-302-SEN-02,accelerometre,accelerometre,g,0.4909,0.08,1.14,normal,88.8,98.0,256,GW-OPCUA-02,1.0
2026-04-18 19:49:30,V-302,Ventilateur tirage,V-302-SEN-03,thermique,thermique,°C,38.4029,5.94,80.21,normal,84.8,95.9,256,GW-MQTT-01,1.4
2026-04-18 19:49:07,V-302,Ventilateur tirage,V-302-SEN-04,sonde_proximite,sonde_proximite,microns,70.8747,7.92,109.65,normal,84.8,96.7,2000,GW-Modbus-03,1.6
2026-04-18 19:49:58,V-302,Ventilateur tirage,V-302-SEN-05,ultrason,ultrason,dB,34.1579,5.54,75.54,normal,83.1,97.2,256,GW-OPCUA-02,0.8
2026-04-18 19:49:20,V-302,Ventilateur tirage,V-302-SEN-06,courant,courant,A,108.8127,15.84,213.22,normal,84.1,97.0,1000,GW-OPCUA-02,1.5
2026-04-18 19:49:43,V-302,Ventilateur tirage,V-302-SEN-07,debit,debit,m3/h,73.3964,11.22,150.21,normal,87.5,97.3,2000,GW-MQTT-01,0.1
2026-04-18 19:49:04,V-302,Ventilateur tirage,V-302-SEN-08,pression,pression,bar,5.3273,0.86,11.64,normal,82.8,97.2,256,GW-Modbus-03,1.5
2026-04-18 19:49:57,M-019,Moteur électrique 400kW,M-019-SEN-01,accelerometre,accelerometre,mm/s,2.872,0.43,6.18,normal,85.2,100.4,5000,GW-Modbus-03,1.2
2026-04-18 19:49:35,M-019,Moteur électrique 400kW,M-019-SEN-02,accelerometre,accelerometre,g,0.7705,0.09,1.32,normal,85.6,96.1,256,GW-MQTT-01,0.8
2026-04-18 19:49:24,M-019,Moteur électrique 400kW,M-019-SEN-03,thermique,thermique,°C,45.5538,6.88,92.97,normal,90.5,95.8,256,GW-Modbus-03,0.8
2026-04-18 19:49:20,M-019,Moteur électrique 400kW,M-019-SEN-04,sonde_proximite,sonde_proximite,microns,58.4744,9.18,127.09,normal,92.4,98.9,1000,GW-MQTT-01,1.0
2026-04-18 19:49:27,M-019,Moteur électrique 400kW,M-019-SEN-05,ultrason,ultrason,dB,48.4026,6.43,87.56,normal,84.2,94.7,5000,GW-MQTT-01,1.2
2026-04-18 19:49:56,M-019,Moteur électrique 400kW,M-019-SEN-06,courant,courant,A,113.8751,18.36,247.15,normal,92.8,100.2,256,GW-MQTT-01,0.5
2026-04-18 19:49:58,M-019,Moteur électrique 400kW,M-019-SEN-07,debit,debit,m3/h,76.9222,13.01,174.1,normal,92.7,90.9,512,GW-MQTT-01,1.4
2026-04-18 19:49:27,M-019,Moteur électrique 400kW,M-019-SEN-08,pression,pression,bar,6.6802,0.99,13.49,normal,85.6,99.0,512,GW-MQTT-01,1.1
2026-04-18 19:49:53,R-077,Réducteur convoyeur,R-077-SEN-01,accelerometre,accelerometre,mm/s,3.3097,0.49,7.03,normal,89.7,97.5,1000,GW-Modbus-03,0.8
2026-04-18 19:49:15,R-077,Réducteur convoyeur,R-077-SEN-02,accelerometre,accelerometre,g,0.7387,0.1,1.5,normal,86.5,96.1,512,GW-Modbus-03,1.2
2026-04-18 19:49:59,R-077,Réducteur convoyeur,R-077-SEN-03,thermique,thermique,°C,50.9002,7.83,105.73,normal,89.6,92.1,512,GW-Modbus-03,0.9
2026-04-18 19:49:17,R-077,Réducteur convoyeur,R-077-SEN-04,sonde_proximite,sonde_proximite,microns,85.4209,10.44,144.54,normal,82.9,94.7,256,GW-OPCUA-02,0.7
2026-04-18 19:49:42,R-077,Réducteur convoyeur,R-077-SEN-05,ultrason,ultrason,dB,49.7835,7.31,99.57,normal,92.6,95.8,512,GW-MQTT-01,1.4
2026-04-18 19:49:27,R-077,Réducteur convoyeur,R-077-SEN-06,courant,courant,A,137.5134,20.88,281.07,normal,87.4,91.6,128,GW-OPCUA-02,1.2
2026-04-18 19:49:18,R-077,Réducteur convoyeur,R-077-SEN-07,debit,debit,m3/h,105.7075,14.79,198.0,normal,88.9,98.6,1000,GW-MQTT-01,0.8
2026-04-18 19:49:30,R-077,Réducteur convoyeur,R-077-SEN-08,pression,pression,bar,7.355,1.13,15.35,normal,84.7,96.5,5000,GW-MQTT-01,1.1
2026-04-18 19:49:46,P-311,Pompe centrifuge BP,P-311-SEN-01,accelerometre,accelerometre,mm/s,3.9294,0.55,7.88,normal,92.1,93.0,5000,GW-OPCUA-02,1.2
2026-04-18 19:49:47,P-311,Pompe centrifuge BP,P-311-SEN-02,accelerometre,accelerometre,g,0.874,0.12,1.68,normal,84.3,101.5,1000,GW-MQTT-01,1.0
2026-04-18 19:49:12,P-311,Pompe centrifuge BP,P-311-SEN-03,thermique,thermique,°C,60.4551,8.78,118.5,normal,92.7,93.3,512,GW-OPCUA-02,1.8
2026-04-18 19:49:06,P-311,Pompe centrifuge BP,P-311-SEN-04,sonde_proximite,sonde_proximite,microns,80.8688,11.7,161.98,normal,84.7,95.9,512,GW-Modbus-03,1.2
2026-04-18 19:49:22,P-311,Pompe centrifuge BP,P-311-SEN-05,ultrason,ultrason,dB,56.281,8.19,111.59,normal,85.3,97.7,256,GW-Modbus-03,1.7
2026-04-18 19:49:50,P-311,Pompe centrifuge BP,P-311-SEN-06,courant,courant,A,148.6293,23.4,314.99,normal,91.9,99.1,1000,GW-OPCUA-02,2.0
2026-04-18 19:49:28,P-311,Pompe centrifuge BP,P-311-SEN-07,debit,debit,m3/h,111.9521,16.57,221.9,normal,90.0,97.7,5000,GW-Modbus-03,1.3
2026-04-18 19:49:52,P-311,Pompe centrifuge BP,P-311-SEN-08,pression,pression,bar,8.7041,1.27,17.2,normal,84.5,98.3,128,GW-Modbus-03,0.6
2026-04-18 20:45:40,P-204,Pompe centrifuge HP,P-204-SEN-01,accelerometre,accelerometre,mm/s,2.5484,0.25,3.64,normal,93.3,98.5,512,GW-Modbus-03,1.0
2026-04-18 20:45:18,P-204,Pompe centrifuge HP,P-204-SEN-02,accelerometre,accelerometre,g,0.4365,0.05,0.78,normal,87.0,97.1,1000,GW-OPCUA-02,0.9
2026-04-18 20:45:01,P-204,Pompe centrifuge HP,P-204-SEN-03,thermique,thermique,°C,28.4144,4.05,54.7,normal,82.8,100.5,256,GW-OPCUA-02,0.9
2026-04-18 20:45:01,P-204,Pompe centrifuge HP,P-204-SEN-04,sonde_proximite,sonde_proximite,microns,29.9017,5.4,74.78,normal,88.1,98.1,512,GW-OPCUA-02,1.7
2026-04-18 20:45:53,P-204,Pompe centrifuge HP,P-204-SEN-05,ultrason,ultrason,dB,31.8716,3.78,51.51,normal,86.7,95.6,1000,GW-Modbus-03,1.0
2026-04-18 20:45:12,P-204,Pompe centrifuge HP,P-204-SEN-06,courant,courant,A,68.7016,10.8,145.39,normal,88.8,96.5,2000,GW-OPCUA-02,1.7
2026-04-18 20:45:01,P-204,Pompe centrifuge HP,P-204-SEN-07,debit,debit,m3/h,39.2816,7.65,102.42,normal,92.3,98.0,5000,GW-MQTT-01,0.9
2026-04-18 20:45:23,P-204,Pompe centrifuge HP,P-204-SEN-08,pression,pression,bar,4.0773,0.58,7.94,normal,85.0,95.4,5000,GW-Modbus-03,1.4
2026-04-18 20:45:14,C-118,Compresseur à vis,C-118-SEN-01,accelerometre,accelerometre,mm/s,2.0715,0.31,4.49,normal,90.2,93.8,512,GW-Modbus-03,1.4
2026-04-18 20:45:33,C-118,Compresseur à vis,C-118-SEN-02,accelerometre,accelerometre,g,0.5193,0.07,0.96,normal,92.0,96.2,128,GW-OPCUA-02,1.1
2026-04-18 20:45:21,C-118,Compresseur à vis,C-118-SEN-03,thermique,thermique,°C,36.5685,4.99,67.46,normal,90.9,96.7,256,GW-Modbus-03,1.4
2026-04-18 20:45:29,C-118,Compresseur à vis,C-118-SEN-04,sonde_proximite,sonde_proximite,microns,43.4482,6.66,92.23,normal,89.4,98.3,128,GW-OPCUA-02,1.1
2026-04-18 20:45:14,C-118,Compresseur à vis,C-118-SEN-05,ultrason,ultrason,dB,29.6702,4.66,63.53,normal,85.2,95.7,1000,GW-MQTT-01,1.4
2026-04-18 20:45:44,C-118,Compresseur à vis,C-118-SEN-06,courant,courant,A,97.1648,13.32,179.32,normal,85.6,92.6,256,GW-OPCUA-02,1.4
2026-04-18 20:45:43,C-118,Compresseur à vis,C-118-SEN-07,debit,debit,m3/h,66.1698,9.43,126.32,normal,92.7,96.0,2000,GW-Modbus-03,1.0
2026-04-18 20:45:47,C-118,Compresseur à vis,C-118-SEN-08,pression,pression,bar,4.5828,0.72,9.79,normal,90.9,98.5,128,GW-Modbus-03,1.7
2026-04-18 20:45:00,V-302,Ventilateur tirage,V-302-SEN-01,accelerometre,accelerometre,mm/s,2.6579,0.37,5.34,normal,86.0,95.6,512,GW-Modbus-03,1.5
2026-04-18 20:45:02,V-302,Ventilateur tirage,V-302-SEN-02,accelerometre,accelerometre,g,0.609,0.08,1.14,normal,87.7,96.9,512,GW-Modbus-03,0.8
2026-04-18 20:45:37,V-302,Ventilateur tirage,V-302-SEN-03,thermique,thermique,°C,39.9722,5.94,80.22,normal,92.4,97.7,5000,GW-OPCUA-02,0.5
2026-04-18 20:45:53,V-302,Ventilateur tirage,V-302-SEN-04,sonde_proximite,sonde_proximite,microns,39.8653,7.92,109.68,normal,92.4,96.8,2000,GW-MQTT-01,0.9
2026-04-18 20:45:24,V-302,Ventilateur tirage,V-302-SEN-05,ultrason,ultrason,dB,32.283,5.54,75.55,normal,89.0,97.4,5000,GW-MQTT-01,1.0
2026-04-18 20:45:27,V-302,Ventilateur tirage,V-302-SEN-06,courant,courant,A,110.9855,15.84,213.24,normal,90.6,96.3,512,GW-MQTT-01,1.9
2026-04-18 20:45:25,V-302,Ventilateur tirage,V-302-SEN-07,debit,debit,m3/h,84.6261,11.22,150.21,normal,83.7,98.1,128,GW-OPCUA-02,0.9
2026-04-18 20:45:08,V-302,Ventilateur tirage,V-302-SEN-08,pression,pression,bar,6.3445,0.86,11.64,normal,82.9,96.0,5000,GW-OPCUA-02,1.6
2026-04-18 20:45:03,M-019,Moteur électrique 400kW,M-019-SEN-01,accelerometre,accelerometre,mm/s,3.3116,0.43,6.19,normal,89.1,96.7,512,GW-MQTT-01,0.3
2026-04-18 20:45:46,M-019,Moteur électrique 400kW,M-019-SEN-02,accelerometre,accelerometre,g,0.6111,0.09,1.32,normal,85.1,93.9,2000,GW-Modbus-03,1.0
2026-04-18 20:45:38,M-019,Moteur électrique 400kW,M-019-SEN-03,thermique,thermique,°C,44.6842,6.88,92.98,normal,93.5,97.7,2000,GW-Modbus-03,1.5
2026-04-18 20:45:18,M-019,Moteur électrique 400kW,M-019-SEN-04,sonde_proximite,sonde_proximite,microns,68.1704,9.18,127.13,normal,83.4,97.5,2000,GW-OPCUA-02,1.1
2026-04-18 20:45:20,M-019,Moteur électrique 400kW,M-019-SEN-05,ultrason,ultrason,dB,45.9241,6.43,87.57,normal,88.9,96.4,256,GW-MQTT-01,1.5
2026-04-18 20:45:41,M-019,Moteur électrique 400kW,M-019-SEN-06,courant,courant,A,125.7478,18.36,247.17,normal,85.9,95.8,512,GW-MQTT-01,1.7
2026-04-18 20:45:36,M-019,Moteur électrique 400kW,M-019-SEN-07,debit,debit,m3/h,96.366,13.01,174.11,normal,87.3,94.0,5000,GW-OPCUA-02,0.6
2026-04-18 20:45:26,M-019,Moteur électrique 400kW,M-019-SEN-08,pression,pression,bar,7.1378,0.99,13.5,normal,87.7,96.7,2000,GW-MQTT-01,1.5
2026-04-18 20:45:57,R-077,Réducteur convoyeur,R-077-SEN-01,accelerometre,accelerometre,mm/s,3.2291,0.49,7.03,normal,83.6,97.2,256,GW-MQTT-01,1.2
2026-04-18 20:45:34,R-077,Réducteur convoyeur,R-077-SEN-02,accelerometre,accelerometre,g,0.7574,0.1,1.5,normal,84.0,97.3,128,GW-MQTT-01,0.8
2026-04-18 20:45:36,R-077,Réducteur convoyeur,R-077-SEN-03,thermique,thermique,°C,57.0911,7.83,105.75,normal,89.8,95.8,2000,GW-MQTT-01,1.4
2026-04-18 20:45:55,R-077,Réducteur convoyeur,R-077-SEN-04,sonde_proximite,sonde_proximite,microns,73.746,10.44,144.58,normal,92.5,98.5,1000,GW-OPCUA-02,0.7
2026-04-18 20:45:02,R-077,Réducteur convoyeur,R-077-SEN-05,ultrason,ultrason,dB,51.2919,7.31,99.59,normal,87.6,99.2,5000,GW-MQTT-01,1.2
2026-04-18 20:45:31,R-077,Réducteur convoyeur,R-077-SEN-06,courant,courant,A,138.7669,20.88,281.09,normal,85.8,99.5,5000,GW-OPCUA-02,0.5
2026-04-18 20:45:58,R-077,Réducteur convoyeur,R-077-SEN-07,debit,debit,m3/h,96.3489,14.79,198.01,normal,83.7,94.2,256,GW-MQTT-01,1.9
2026-04-18 20:45:23,R-077,Réducteur convoyeur,R-077-SEN-08,pression,pression,bar,7.9601,1.13,15.35,normal,90.0,95.5,512,GW-Modbus-03,1.4
2026-04-18 20:45:35,P-311,Pompe centrifuge BP,P-311-SEN-01,accelerometre,accelerometre,mm/s,3.9417,0.55,7.88,normal,87.7,92.4,256,GW-Modbus-03,1.2
2026-04-18 20:45:40,P-311,Pompe centrifuge BP,P-311-SEN-02,accelerometre,accelerometre,g,0.8394,0.12,1.68,normal,86.7,94.7,2000,GW-Modbus-03,0.3
2026-04-18 20:45:55,P-311,Pompe centrifuge BP,P-311-SEN-03,thermique,thermique,°C,63.2715,8.78,118.51,normal,90.1,94.8,5000,GW-MQTT-01,0.8
2026-04-18 20:45:04,P-311,Pompe centrifuge BP,P-311-SEN-04,sonde_proximite,sonde_proximite,microns,81.2,11.7,162.03,normal,82.6,98.1,128,GW-Modbus-03,0.7
2026-04-18 20:45:41,P-311,Pompe centrifuge BP,P-311-SEN-05,ultrason,ultrason,dB,53.1635,8.19,111.61,normal,89.9,100.2,2000,GW-Modbus-03,0.8
2026-04-18 20:45:34,P-311,Pompe centrifuge BP,P-311-SEN-06,courant,courant,A,163.7902,23.4,315.02,normal,83.9,96.0,5000,GW-Modbus-03,0.9
2026-04-18 20:45:27,P-311,Pompe centrifuge BP,P-311-SEN-07,debit,debit,m3/h,119.5791,16.57,221.9,normal,85.5,94.1,128,GW-Modbus-03,1.1
2026-04-18 20:45:06,P-311,Pompe centrifuge BP,P-311-SEN-08,pression,pression,bar,8.4226,1.27,17.2,normal,92.0,99.5,256,GW-OPCUA-02,0.7
2026-04-18 21:31:42,P-204,Pompe centrifuge HP,P-204-SEN-01,accelerometre,accelerometre,mm/s,1.9174,0.25,3.64,normal,93.1,96.8,1000,GW-Modbus-03,0.1
2026-04-18 21:31:31,P-204,Pompe centrifuge HP,P-204-SEN-02,accelerometre,accelerometre,g,0.3329,0.05,0.78,normal,89.3,97.4,256,GW-MQTT-01,0.8
2026-04-18 21:31:49,P-204,Pompe centrifuge HP,P-204-SEN-03,thermique,thermique,°C,28.041,4.05,54.7,normal,93.6,98.5,2000,GW-MQTT-01,1.1
2026-04-18 21:31:28,P-204,Pompe centrifuge HP,P-204-SEN-04,sonde_proximite,sonde_proximite,microns,21.6069,5.4,74.81,normal,89.0,96.2,256,GW-OPCUA-02,0.9
2026-04-18 21:31:01,P-204,Pompe centrifuge HP,P-204-SEN-05,ultrason,ultrason,dB,34.1112,3.78,51.52,normal,90.8,100.1,128,GW-Modbus-03,0.8
2026-04-18 21:31:46,P-204,Pompe centrifuge HP,P-204-SEN-06,courant,courant,A,70.5941,10.8,145.4,normal,84.2,97.7,2000,GW-OPCUA-02,1.8
2026-04-18 21:31:57,P-204,Pompe centrifuge HP,P-204-SEN-07,debit,debit,m3/h,55.1891,7.65,102.42,normal,87.6,96.7,512,GW-OPCUA-02,1.1
2026-04-18 21:31:47,P-204,Pompe centrifuge HP,P-204-SEN-08,pression,pression,bar,5.0857,0.58,7.94,normal,90.8,95.7,1000,GW-MQTT-01,1.0
2026-04-18 21:31:01,C-118,Compresseur à vis,C-118-SEN-01,accelerometre,accelerometre,mm/s,2.1406,0.31,4.49,normal,91.9,95.8,256,GW-OPCUA-02,1.9
2026-04-18 21:31:24,C-118,Compresseur à vis,C-118-SEN-02,accelerometre,accelerometre,g,0.5859,0.07,0.96,normal,89.7,96.8,2000,GW-OPCUA-02,0.9
2026-04-18 21:31:13,C-118,Compresseur à vis,C-118-SEN-03,thermique,thermique,°C,36.4,4.99,67.47,normal,89.5,93.2,256,GW-Modbus-03,1.7
2026-04-18 21:31:12,C-118,Compresseur à vis,C-118-SEN-04,sonde_proximite,sonde_proximite,microns,42.3285,6.66,92.26,normal,88.2,97.8,1000,GW-MQTT-01,1.2
2026-04-18 21:31:07,C-118,Compresseur à vis,C-118-SEN-05,ultrason,ultrason,dB,30.8677,4.66,63.55,normal,82.5,98.6,5000,GW-OPCUA-02,1.0
2026-04-18 21:31:31,C-118,Compresseur à vis,C-118-SEN-06,courant,courant,A,77.5077,13.32,179.33,normal,82.7,96.6,512,GW-OPCUA-02,1.0
2026-04-18 21:31:12,C-118,Compresseur à vis,C-118-SEN-07,debit,debit,m3/h,60.8417,9.43,126.32,normal,92.5,97.1,5000,GW-OPCUA-02,1.3
2026-04-18 21:31:42,C-118,Compresseur à vis,C-118-SEN-08,pression,pression,bar,5.0807,0.72,9.79,normal,85.0,97.8,5000,GW-MQTT-01,0.7
2026-04-18 21:31:26,V-302,Ventilateur tirage,V-302-SEN-01,accelerometre,accelerometre,mm/s,2.0779,0.37,5.34,normal,87.8,94.6,5000,GW-Modbus-03,1.1
2026-04-18 21:31:31,V-302,Ventilateur tirage,V-302-SEN-02,accelerometre,accelerometre,g,0.4835,0.08,1.14,normal,86.0,101.1,1000,GW-MQTT-01,1.3
2026-04-18 21:31:13,V-302,Ventilateur tirage,V-302-SEN-03,thermique,thermique,°C,41.5626,5.94,80.23,normal,82.7,96.8,1000,GW-MQTT-01,1.5
2026-04-18 21:31:07,V-302,Ventilateur tirage,V-302-SEN-04,sonde_proximite,sonde_proximite,microns,42.4462,7.92,109.72,normal,89.2,94.5,1000,GW-Modbus-03,2.1
2026-04-18 21:31:44,V-302,Ventilateur tirage,V-302-SEN-05,ultrason,ultrason,dB,36.5843,5.54,75.57,normal,86.3,99.5,512,GW-MQTT-01,0.9
2026-04-18 21:31:00,V-302,Ventilateur tirage,V-302-SEN-06,courant,courant,A,99.6888,15.84,213.26,normal,86.1,98.1,1000,GW-MQTT-01,0.9
2026-04-18 21:31:38,V-302,Ventilateur tirage,V-302-SEN-07,debit,debit,m3/h,70.4831,11.22,150.22,normal,84.4,96.9,128,GW-Modbus-03,0.7
2026-04-18 21:31:06,V-302,Ventilateur tirage,V-302-SEN-08,pression,pression,bar,5.7444,0.86,11.65,normal,93.2,98.3,256,GW-Modbus-03,1.4
2026-04-18 21:31:27,M-019,Moteur électrique 400kW,M-019-SEN-01,accelerometre,accelerometre,mm/s,3.317,0.43,6.19,normal,85.9,100.3,256,GW-OPCUA-02,0.9
2026-04-18 21:31:22,M-019,Moteur électrique 400kW,M-019-SEN-02,accelerometre,accelerometre,g,0.6061,0.09,1.32,normal,93.6,97.2,128,GW-Modbus-03,1.6
2026-04-18 21:31:50,M-019,Moteur électrique 400kW,M-019-SEN-03,thermique,thermique,°C,44.6224,6.88,92.99,normal,82.6,94.7,128,GW-MQTT-01,1.2
2026-04-18 21:31:08,M-019,Moteur électrique 400kW,M-019-SEN-04,sonde_proximite,sonde_proximite,microns,64.0947,9.18,127.17,normal,82.7,96.3,128,GW-OPCUA-02,1.1
2026-04-18 21:31:01,M-019,Moteur électrique 400kW,M-019-SEN-05,ultrason,ultrason,dB,49.829,6.43,87.59,normal,83.5,98.1,1000,GW-Modbus-03,0.8
2026-04-18 21:31:15,M-019,Moteur électrique 400kW,M-019-SEN-06,courant,courant,A,118.7792,18.36,247.19,normal,82.5,96.1,1000,GW-OPCUA-02,0.9
2026-04-18 21:31:02,M-019,Moteur électrique 400kW,M-019-SEN-07,debit,debit,m3/h,80.3479,13.01,174.12,normal,85.4,97.9,5000,GW-MQTT-01,0.7
2026-04-18 21:31:50,M-019,Moteur électrique 400kW,M-019-SEN-08,pression,pression,bar,6.9129,0.99,13.5,normal,83.3,97.3,2000,GW-MQTT-01,1.1
2026-04-18 21:31:17,R-077,Réducteur convoyeur,R-077-SEN-01,accelerometre,accelerometre,mm/s,3.6598,0.49,7.04,normal,86.1,96.4,512,GW-MQTT-01,1.9
2026-04-18 21:31:58,R-077,Réducteur convoyeur,R-077-SEN-02,accelerometre,accelerometre,g,0.7635,0.1,1.5,normal,86.4,96.9,128,GW-OPCUA-02,1.4
2026-04-18 21:31:58,R-077,Réducteur convoyeur,R-077-SEN-03,thermique,thermique,°C,56.4535,7.83,105.76,normal,86.1,98.7,256,GW-MQTT-01,1.9
2026-04-18 21:31:50,R-077,Réducteur convoyeur,R-077-SEN-04,sonde_proximite,sonde_proximite,microns,76.8457,10.44,144.63,normal,92.3,96.5,512,GW-Modbus-03,0.9
2026-04-18 21:31:35,R-077,Réducteur convoyeur,R-077-SEN-05,ultrason,ultrason,dB,46.6121,7.31,99.61,normal,90.6,99.6,128,GW-MQTT-01,1.6
2026-04-18 21:31:40,R-077,Réducteur convoyeur,R-077-SEN-06,courant,courant,A,148.5812,20.88,281.11,normal,93.0,95.8,256,GW-Modbus-03,1.8
2026-04-18 21:31:49,R-077,Réducteur convoyeur,R-077-SEN-07,debit,debit,m3/h,94.5347,14.79,198.01,normal,85.0,97.8,5000,GW-Modbus-03,1.4
2026-04-18 21:31:10,R-077,Réducteur convoyeur,R-077-SEN-08,pression,pression,bar,7.8733,1.13,15.35,normal,91.8,97.7,2000,GW-MQTT-01,0.6
2026-04-18 21:31:45,P-311,Pompe centrifuge BP,P-311-SEN-01,accelerometre,accelerometre,mm/s,3.5718,0.55,7.89,normal,87.6,95.4,2000,GW-Modbus-03,1.2
2026-04-18 21:31:16,P-311,Pompe centrifuge BP,P-311-SEN-02,accelerometre,accelerometre,g,0.9279,0.12,1.68,normal,82.6,95.8,512,GW-MQTT-01,1.5
2026-04-18 21:31:09,P-311,Pompe centrifuge BP,P-311-SEN-03,thermique,thermique,°C,62.8553,8.78,118.52,normal,86.9,96.7,512,GW-OPCUA-02,0.9
2026-04-18 21:31:22,P-311,Pompe centrifuge BP,P-311-SEN-04,sonde_proximite,sonde_proximite,microns,90.0417,11.7,162.08,normal,91.9,103.0,5000,GW-MQTT-01,1.3
2026-04-18 21:31:24,P-311,Pompe centrifuge BP,P-311-SEN-05,ultrason,ultrason,dB,51.0658,8.19,111.63,normal,89.5,96.7,128,GW-MQTT-01,1.4
2026-04-18 21:31:10,P-311,Pompe centrifuge BP,P-311-SEN-06,courant,courant,A,152.5965,23.4,315.04,normal,87.3,98.4,5000,GW-OPCUA-02,1.0
2026-04-18 21:31:32,P-311,Pompe centrifuge BP,P-311-SEN-07,debit,debit,m3/h,114.3612,16.57,221.91,normal,83.9,96.7,128,GW-OPCUA-02,0.3
2026-04-18 21:31:13,P-311,Pompe centrifuge BP,P-311-SEN-08,pression,pression,bar,8.4449,1.27,17.2,normal,93.6,97.6,2000,GW-MQTT-01,1.5
2026-04-18 22:38:09,P-204,Pompe centrifuge HP,P-204-SEN-01,accelerometre,accelerometre,mm/s,0.951,0.25,3.64,normal,83.2,97.2,256,GW-OPCUA-02,2.1
2026-04-18 22:38:37,P-204,Pompe centrifuge HP,P-204-SEN-02,accelerometre,accelerometre,g,0.3963,0.05,0.78,normal,83.6,96.8,2000,GW-OPCUA-02,1.1
2026-04-18 22:38:30,P-204,Pompe centrifuge HP,P-204-SEN-03,thermique,thermique,°C,27.6532,4.05,54.71,normal,83.9,99.0,5000,GW-OPCUA-02,0.6
2026-04-18 22:38:20,P-204,Pompe centrifuge HP,P-204-SEN-04,sonde_proximite,sonde_proximite,microns,41.0966,5.4,74.83,normal,84.7,96.5,2000,GW-MQTT-01,1.0
2026-04-18 22:38:32,P-204,Pompe centrifuge HP,P-204-SEN-05,ultrason,ultrason,dB,27.2656,3.78,51.53,normal,87.3,95.6,1000,GW-OPCUA-02,1.2
2026-04-18 22:38:59,P-204,Pompe centrifuge HP,P-204-SEN-06,courant,courant,A,83.3128,10.8,145.42,normal,90.2,95.2,2000,GW-Modbus-03,0.8
2026-04-18 22:38:36,P-204,Pompe centrifuge HP,P-204-SEN-07,debit,debit,m3/h,60.1274,7.65,102.42,normal,85.7,97.5,2000,GW-MQTT-01,0.9
2026-04-18 22:38:47,P-204,Pompe centrifuge HP,P-204-SEN-08,pression,pression,bar,3.6565,0.58,7.94,normal,86.9,96.4,512,GW-MQTT-01,2.1
2026-04-18 22:38:29,C-118,Compresseur à vis,C-118-SEN-01,accelerometre,accelerometre,mm/s,2.2179,0.31,4.49,normal,92.4,96.6,2000,GW-Modbus-03,1.0
2026-04-18 22:38:25,C-118,Compresseur à vis,C-118-SEN-02,accelerometre,accelerometre,g,0.3472,0.07,0.96,normal,94.1,98.5,2000,GW-MQTT-01,0.9
2026-04-18 22:38:43,C-118,Compresseur à vis,C-118-SEN-03,thermique,thermique,°C,32.1555,4.99,67.47,normal,86.0,98.1,512,GW-Modbus-03,1.0
2026-04-18 22:38:10,C-118,Compresseur à vis,C-118-SEN-04,sonde_proximite,sonde_proximite,microns,51.0016,6.66,92.29,normal,85.1,96.4,5000,GW-MQTT-01,1.3
2026-04-18 22:38:57,C-118,Compresseur à vis,C-118-SEN-05,ultrason,ultrason,dB,30.2371,4.66,63.56,normal,92.3,94.4,128,GW-Modbus-03,2.0
2026-04-18 22:38:19,C-118,Compresseur à vis,C-118-SEN-06,courant,courant,A,76.27,13.32,179.35,normal,92.2,97.5,128,GW-MQTT-01,1.4
2026-04-18 22:38:37,C-118,Compresseur à vis,C-118-SEN-07,debit,debit,m3/h,66.0063,9.43,126.32,normal,83.1,94.7,2000,GW-Modbus-03,1.4
2026-04-18 22:38:32,C-118,Compresseur à vis,C-118-SEN-08,pression,pression,bar,4.6356,0.72,9.79,normal,85.0,93.6,512,GW-MQTT-01,1.4
2026-04-18 22:38:05,V-302,Ventilateur tirage,V-302-SEN-01,accelerometre,accelerometre,mm/s,2.7076,0.37,5.34,normal,89.7,94.4,512,GW-MQTT-01,1.0
2026-04-18 22:38:37,V-302,Ventilateur tirage,V-302-SEN-02,accelerometre,accelerometre,g,0.63,0.08,1.14,normal,93.9,98.0,5000,GW-MQTT-01,0.7
2026-04-18 22:38:11,V-302,Ventilateur tirage,V-302-SEN-03,thermique,thermique,°C,39.3166,5.94,80.24,normal,87.1,93.0,5000,GW-OPCUA-02,1.1
2026-04-18 22:38:43,V-302,Ventilateur tirage,V-302-SEN-04,sonde_proximite,sonde_proximite,microns,58.9434,7.92,109.75,normal,82.3,93.9,2000,GW-MQTT-01,1.0
2026-04-18 22:38:56,V-302,Ventilateur tirage,V-302-SEN-05,ultrason,ultrason,dB,41.4173,5.54,75.58,normal,82.5,99.7,1000,GW-MQTT-01,1.4
2026-04-18 22:38:37,V-302,Ventilateur tirage,V-302-SEN-06,courant,courant,A,122.1105,15.84,213.28,normal,88.2,93.6,128,GW-MQTT-01,0.5
2026-04-18 22:38:38,V-302,Ventilateur tirage,V-302-SEN-07,debit,debit,m3/h,77.0044,11.22,150.22,normal,93.6,97.2,1000,GW-MQTT-01,0.2
2026-04-18 22:38:15,V-302,Ventilateur tirage,V-302-SEN-08,pression,pression,bar,6.5574,0.86,11.65,normal,83.6,99.9,2000,GW-Modbus-03,1.6
2026-04-18 22:38:57,M-019,Moteur électrique 400kW,M-019-SEN-01,accelerometre,accelerometre,mm/s,2.9428,0.43,6.19,normal,90.3,96.2,1000,GW-OPCUA-02,1.4
2026-04-18 22:38:38,M-019,Moteur électrique 400kW,M-019-SEN-02,accelerometre,accelerometre,g,0.5335,0.09,1.32,normal,86.6,99.1,128,GW-Modbus-03,1.8
2026-04-18 22:38:45,M-019,Moteur électrique 400kW,M-019-SEN-03,thermique,thermique,°C,44.4574,6.88,93.0,normal,82.6,94.9,256,GW-MQTT-01,1.0
2026-04-18 22:38:15,M-019,Moteur électrique 400kW,M-019-SEN-04,sonde_proximite,sonde_proximite,microns,45.011,9.18,127.21,normal,82.8,99.0,1000,GW-Modbus-03,1.3
2026-04-18 22:38:40,M-019,Moteur électrique 400kW,M-019-SEN-05,ultrason,ultrason,dB,40.2515,6.43,87.61,normal,87.8,96.9,2000,GW-MQTT-01,1.3
2026-04-18 22:38:56,M-019,Moteur électrique 400kW,M-019-SEN-06,courant,courant,A,124.7579,18.36,247.21,normal,92.3,99.0,2000,GW-Modbus-03,1.8
2026-04-18 22:38:13,M-019,Moteur électrique 400kW,M-019-SEN-07,debit,debit,m3/h,83.8413,13.01,174.12,normal,84.6,96.7,2000,GW-Modbus-03,0.8
2026-04-18 22:38:44,M-019,Moteur électrique 400kW,M-019-SEN-08,pression,pression,bar,6.7419,0.99,13.5,normal,89.2,97.5,128,GW-OPCUA-02,1.2
2026-04-18 22:38:21,R-077,Réducteur convoyeur,R-077-SEN-01,accelerometre,accelerometre,mm/s,3.6848,0.49,7.04,normal,90.6,94.1,1000,GW-MQTT-01,1.8
2026-04-18 22:38:45,R-077,Réducteur convoyeur,R-077-SEN-02,accelerometre,accelerometre,g,0.8023,0.1,1.5,normal,85.3,93.9,1000,GW-Modbus-03,0.3
2026-04-18 22:38:22,R-077,Réducteur convoyeur,R-077-SEN-03,thermique,thermique,°C,50.1642,7.83,105.77,normal,86.3,97.1,1000,GW-MQTT-01,1.7
2026-04-18 22:38:54,R-077,Réducteur convoyeur,R-077-SEN-04,sonde_proximite,sonde_proximite,microns,71.9956,10.44,144.68,normal,87.3,96.4,128,GW-MQTT-01,1.4
2026-04-18 22:38:10,R-077,Réducteur convoyeur,R-077-SEN-05,ultrason,ultrason,dB,55.3009,7.31,99.63,normal,90.4,95.5,128,GW-MQTT-01,1.6
2026-04-18 22:38:59,R-077,Réducteur convoyeur,R-077-SEN-06,courant,courant,A,132.7146,20.88,281.14,normal,86.0,98.0,1000,GW-Modbus-03,0.2
2026-04-18 22:38:20,R-077,Réducteur convoyeur,R-077-SEN-07,debit,debit,m3/h,99.0744,14.79,198.02,normal,85.1,97.2,128,GW-OPCUA-02,1.5
2026-04-18 22:38:13,R-077,Réducteur convoyeur,R-077-SEN-08,pression,pression,bar,7.6738,1.13,15.35,normal,86.6,97.4,128,GW-OPCUA-02,1.0
2026-04-18 22:38:45,P-311,Pompe centrifuge BP,P-311-SEN-01,accelerometre,accelerometre,mm/s,4.2,0.55,7.89,normal,92.6,97.4,5000,GW-Modbus-03,0.9
2026-04-18 22:38:11,P-311,Pompe centrifuge BP,P-311-SEN-02,accelerometre,accelerometre,g,0.7385,0.12,1.68,normal,90.5,96.1,1000,GW-MQTT-01,0.9
2026-04-18 22:38:00,P-311,Pompe centrifuge BP,P-311-SEN-03,thermique,thermique,°C,55.6453,8.78,118.53,normal,92.8,93.7,1000,GW-OPCUA-02,1.5
2026-04-18 22:38:45,P-311,Pompe centrifuge BP,P-311-SEN-04,sonde_proximite,sonde_proximite,microns,87.0399,11.7,162.14,normal,85.3,98.3,2000,GW-OPCUA-02,1.7
2026-04-18 22:38:00,P-311,Pompe centrifuge BP,P-311-SEN-05,ultrason,ultrason,dB,57.9121,8.19,111.65,normal,83.0,95.2,5000,GW-MQTT-01,1.2
2026-04-18 22:38:23,P-311,Pompe centrifuge BP,P-311-SEN-06,courant,courant,A,158.7854,23.4,315.07,normal,84.4,95.9,128,GW-OPCUA-02,0.9
2026-04-18 22:38:06,P-311,Pompe centrifuge BP,P-311-SEN-07,debit,debit,m3/h,111.4867,16.57,221.92,normal,85.7,98.6,1000,GW-Modbus-03,1.8
2026-04-18 22:38:52,P-311,Pompe centrifuge BP,P-311-SEN-08,pression,pression,bar,9.0442,1.27,17.21,normal,93.4,96.8,2000,GW-Modbus-03,1.1
2026-04-18 23:32:19,P-204,Pompe centrifuge HP,P-204-SEN-01,accelerometre,accelerometre,mm/s,1.4895,0.25,3.65,normal,83.8,95.5,5000,GW-MQTT-01,1.4
2026-04-18 23:32:52,P-204,Pompe centrifuge HP,P-204-SEN-02,accelerometre,accelerometre,g,0.3838,0.05,0.78,normal,83.5,96.5,1000,GW-OPCUA-02,1.8
2026-04-18 23:32:23,P-204,Pompe centrifuge HP,P-204-SEN-03,thermique,thermique,°C,27.8674,4.05,54.71,normal,84.2,98.4,5000,GW-OPCUA-02,1.1
2026-04-18 23:32:56,P-204,Pompe centrifuge HP,P-204-SEN-04,sonde_proximite,sonde_proximite,microns,37.1881,5.4,74.86,normal,87.5,96.7,128,GW-OPCUA-02,1.6
2026-04-18 23:32:06,P-204,Pompe centrifuge HP,P-204-SEN-05,ultrason,ultrason,dB,25.2009,3.78,51.54,normal,89.4,96.1,256,GW-Modbus-03,1.4
2026-04-18 23:32:59,P-204,Pompe centrifuge HP,P-204-SEN-06,courant,courant,A,76.0335,10.8,145.43,normal,93.0,95.0,256,GW-MQTT-01,1.3
2026-04-18 23:32:26,P-204,Pompe centrifuge HP,P-204-SEN-07,debit,debit,m3/h,57.2217,7.65,102.43,normal,83.4,97.4,256,GW-MQTT-01,2.3
2026-04-18 23:32:03,P-204,Pompe centrifuge HP,P-204-SEN-08,pression,pression,bar,3.8727,0.58,7.94,normal,93.2,96.2,128,GW-MQTT-01,0.6
2026-04-18 23:32:30,C-118,Compresseur à vis,C-118-SEN-01,accelerometre,accelerometre,mm/s,1.6707,0.31,4.5,normal,90.3,97.4,2000,GW-OPCUA-02,1.9
2026-04-18 23:32:19,C-118,Compresseur à vis,C-118-SEN-02,accelerometre,accelerometre,g,0.5731,0.07,0.96,normal,84.8,101.6,5000,GW-MQTT-01,1.8
2026-04-18 23:32:56,C-118,Compresseur à vis,C-118-SEN-03,thermique,thermique,°C,32.6986,4.99,67.48,normal,93.1,95.5,256,GW-OPCUA-02,1.2
2026-04-18 23:32:57,C-118,Compresseur à vis,C-118-SEN-04,sonde_proximite,sonde_proximite,microns,32.8046,6.66,92.32,normal,93.0,98.0,256,GW-Modbus-03,1.5
2026-04-18 23:32:02,C-118,Compresseur à vis,C-118-SEN-05,ultrason,ultrason,dB,27.386,4.66,63.57,normal,82.9,96.1,1000,GW-OPCUA-02,1.5
2026-04-18 23:32:55,C-118,Compresseur à vis,C-118-SEN-06,courant,courant,A,92.1937,13.32,179.36,normal,89.5,97.9,128,GW-Modbus-03,1.8
2026-04-18 23:32:42,C-118,Compresseur à vis,C-118-SEN-07,debit,debit,m3/h,70.6221,9.43,126.33,normal,93.1,97.1,2000,GW-Modbus-03,0.9
2026-04-18 23:32:07,C-118,Compresseur à vis,C-118-SEN-08,pression,pression,bar,4.7649,0.72,9.8,normal,89.3,95.7,128,GW-Modbus-03,1.8
2026-04-18 23:32:11,V-302,Ventilateur tirage,V-302-SEN-01,accelerometre,accelerometre,mm/s,2.6444,0.37,5.35,normal,88.7,95.8,512,GW-OPCUA-02,1.2
2026-04-18 23:32:59,V-302,Ventilateur tirage,V-302-SEN-02,accelerometre,accelerometre,g,0.5055,0.08,1.14,normal,87.2,99.5,2000,GW-Modbus-03,1.1
2026-04-18 23:32:16,V-302,Ventilateur tirage,V-302-SEN-03,thermique,thermique,°C,38.8387,5.94,80.25,normal,89.1,93.7,256,GW-Modbus-03,0.8
2026-04-18 23:32:59,V-302,Ventilateur tirage,V-302-SEN-04,sonde_proximite,sonde_proximite,microns,54.2742,7.92,109.79,normal,86.9,101.1,256,GW-MQTT-01,1.6
2026-04-18 23:32:00,V-302,Ventilateur tirage,V-302-SEN-05,ultrason,ultrason,dB,37.3923,5.54,75.6,normal,90.8,100.5,5000,GW-Modbus-03,1.0
2026-04-18 23:32:26,V-302,Ventilateur tirage,V-302-SEN-06,courant,courant,A,121.321,15.84,213.29,normal,91.1,94.6,1000,GW-OPCUA-02,0.9
2026-04-18 23:32:17,V-302,Ventilateur tirage,V-302-SEN-07,debit,debit,m3/h,77.0979,11.22,150.23,normal,83.0,95.6,5000,GW-Modbus-03,1.4
2026-04-18 23:32:03,V-302,Ventilateur tirage,V-302-SEN-08,pression,pression,bar,6.1193,0.86,11.65,normal,83.8,99.3,256,GW-MQTT-01,1.2
2026-04-18 23:32:45,M-019,Moteur électrique 400kW,M-019-SEN-01,accelerometre,accelerometre,mm/s,3.5182,0.43,6.2,normal,88.9,98.5,1000,GW-MQTT-01,1.7
2026-04-18 23:32:05,M-019,Moteur électrique 400kW,M-019-SEN-02,accelerometre,accelerometre,g,0.6962,0.09,1.32,normal,88.4,98.1,512,GW-OPCUA-02,0.5
2026-04-18 23:32:01,M-019,Moteur électrique 400kW,M-019-SEN-03,thermique,thermique,°C,45.9758,6.88,93.01,normal,82.4,95.5,1000,GW-Modbus-03,0.5
2026-04-18 23:32:30,M-019,Moteur électrique 400kW,M-019-SEN-04,sonde_proximite,sonde_proximite,microns,61.1371,9.18,127.26,normal,83.3,96.0,128,GW-MQTT-01,1.2
2026-04-18 23:32:19,M-019,Moteur électrique 400kW,M-019-SEN-05,ultrason,ultrason,dB,49.556,6.43,87.62,normal,91.8,101.7,128,GW-Modbus-03,2.2
2026-04-18 23:32:14,M-019,Moteur électrique 400kW,M-019-SEN-06,courant,courant,A,135.0526,18.36,247.23,normal,84.3,96.9,512,GW-Modbus-03,1.3
2026-04-18 23:32:43,M-019,Moteur électrique 400kW,M-019-SEN-07,debit,debit,m3/h,85.577,13.01,174.13,normal,90.7,95.1,1000,GW-MQTT-01,0.8
2026-04-18 23:32:04,M-019,Moteur électrique 400kW,M-019-SEN-08,pression,pression,bar,6.79,0.99,13.5,normal,93.9,100.0,5000,GW-MQTT-01,1.1
2026-04-18 23:32:23,R-077,Réducteur convoyeur,R-077-SEN-01,accelerometre,accelerometre,mm/s,3.7503,0.49,7.05,normal,92.5,98.3,128,GW-Modbus-03,1.0
2026-04-18 23:32:15,R-077,Réducteur convoyeur,R-077-SEN-02,accelerometre,accelerometre,g,0.7516,0.1,1.5,normal,84.6,98.9,128,GW-OPCUA-02,1.2
2026-04-18 23:32:01,R-077,Réducteur convoyeur,R-077-SEN-03,thermique,thermique,°C,51.1861,7.83,105.78,normal,90.8,99.5,256,GW-Modbus-03,1.2
2026-04-18 23:32:46,R-077,Réducteur convoyeur,R-077-SEN-04,sonde_proximite,sonde_proximite,microns,78.3432,10.44,144.72,normal,85.3,96.6,256,GW-OPCUA-02,1.7
2026-04-18 23:32:44,R-077,Réducteur convoyeur,R-077-SEN-05,ultrason,ultrason,dB,47.2679,7.31,99.65,normal,87.5,97.4,2000,GW-Modbus-03,1.6
2026-04-18 23:32:30,R-077,Réducteur convoyeur,R-077-SEN-06,courant,courant,A,128.6239,20.88,281.16,normal,83.1,97.0,512,GW-MQTT-01,1.0
2026-04-18 23:32:08,R-077,Réducteur convoyeur,R-077-SEN-07,debit,debit,m3/h,99.336,14.79,198.03,normal,82.3,97.1,512,GW-MQTT-01,1.3
2026-04-18 23:32:48,R-077,Réducteur convoyeur,R-077-SEN-08,pression,pression,bar,8.2374,1.13,15.36,normal,89.0,98.3,5000,GW-Modbus-03,1.0
2026-04-18 23:32:26,P-311,Pompe centrifuge BP,P-311-SEN-01,accelerometre,accelerometre,mm/s,4.3784,0.55,7.9,normal,92.0,93.3,512,GW-Modbus-03,1.8
2026-04-18 23:32:53,P-311,Pompe centrifuge BP,P-311-SEN-02,accelerometre,accelerometre,g,0.7842,0.12,1.68,normal,91.7,98.4,256,GW-OPCUA-02,1.6
2026-04-18 23:32:54,P-311,Pompe centrifuge BP,P-311-SEN-03,thermique,thermique,°C,60.7715,8.78,118.55,normal,89.1,98.0,512,GW-MQTT-01,1.6
2026-04-18 23:32:35,P-311,Pompe centrifuge BP,P-311-SEN-04,sonde_proximite,sonde_proximite,microns,85.8284,11.7,162.19,normal,85.1,96.2,2000,GW-MQTT-01,1.3
2026-04-18 23:32:01,P-311,Pompe centrifuge BP,P-311-SEN-05,ultrason,ultrason,dB,58.4036,8.19,111.68,normal,91.8,98.7,256,GW-Modbus-03,0.8
2026-04-18 23:32:51,P-311,Pompe centrifuge BP,P-311-SEN-06,courant,courant,A,145.6747,23.4,315.09,normal,82.2,98.6,256,GW-OPCUA-02,0.5
2026-04-18 23:32:14,P-311,Pompe centrifuge BP,P-311-SEN-07,debit,debit,m3/h,116.8445,16.57,221.93,normal,93.0,94.8,128,GW-Modbus-03,1.1
2026-04-18 23:32:59,P-311,Pompe centrifuge BP,P-311-SEN-08,pression,pression,bar,8.7512,1.27,17.21,normal,90.3,94.3,128,GW-MQTT-01,1.1
