machine_id,machine_nom,machine_type,atelier,usine,timestamp,date,v_rms_mm_s,acceleration_g,crest_factor,kurtosis,rpm,zone_iso,health_index,rul_days,degradation_score,mtbf_heures,mttr_heures,disponibilite_pct,oee_pct,trs_pct,cout_maintenance_euros,type_defaut,severite_defaut,temperature_c,pression_bar,courant_A,nb_alertes,nb_demarrages,duree_fonctionnement_h,age_machine_jours
M001,Compresseur Atlas C-1,Compresseur,Broyage,Casablanca,2025-10-01 02:00:00,2025-10-01,1.83,4.1,1.95,2.04,1476,A,99.0,170,0.018,420.0,2.6,99.4,96.7,94.6,2583,Aucun - Etat acceptable,Faible,29.3,4.0,32.1,0,48,9466,1112
M002,Pompe hydraulique P-12,Pompe,Pomperie,Casablanca,2025-10-01 04:00:00,2025-10-01,3.37,5.06,1.59,1.5,1461,B,93.7,175,0.082,518.0,6.2,98.8,84.3,77.6,750,Aucun - Etat acceptable,Faible,29.9,7.1,33.3,0,52,24225,1393
M003,Moteur electrique ME-45,Moteur,Convoyage,Casablanca,2025-10-01 06:00:00,2025-10-01,0.89,1.08,2.27,1.9,1467,A,95.9,178,0.043,541.0,3.5,99.4,96.7,94.2,311,Aucun - Etat nominal,Aucune,31.0,5.0,31.0,0,61,23623,3826
M004,Ventilateur V-08,Ventilateur,Ventilation,Tanger,2025-10-01 06:00:00,2025-10-01,1.95,5.45,1.4,2.06,1446,A,94.7,169,0.039,447.0,4.7,99.0,80.9,74.5,1672,Aucun - Etat acceptable,Faible,29.6,5.5,32.6,1,40,20283,2212
M005,Reducteur R-22,Reducteur,Broyage,Tanger,2025-10-01 08:00:00,2025-10-01,3.08,4.76,2.14,3.11,1453,B,93.0,152,0.065,467.0,7.8,98.4,93.0,90.3,652,Aucun - Etat acceptable,Faible,30.0,5.4,31.2,0,76,25042,3676
M006,Compresseur C-201,Compresseur,Air comprime,Casablanca,2025-10-01 12:00:00,2025-10-01,2.48,5.34,1.57,2.71,1506,B,90.4,175,0.085,437.0,3.4,99.2,95.6,93.4,2843,Aucun - Etat acceptable,Faible,29.4,4.8,31.2,0,61,22634,1693
M007,Pompe transfert PT-09,Pompe,Pomperie,Tanger,2025-10-01 13:00:00,2025-10-01,0.52,0.76,1.54,1.83,1449,A,94.7,184,0.041,375.0,3.2,99.2,82.1,81.0,1781,Aucun - Etat nominal,Aucune,26.9,2.5,30.3,0,38,12449,3488
M008,Turbine T-100,Turbine,Ventilation,Tanger,2025-10-01 14:00:00,2025-10-01,3.89,12.42,1.67,2.46,8123,B,97.9,190,0.01,470.0,3.8,99.2,89.7,87.3,272,Aucun - Etat acceptable,Faible,30.0,4.8,166.5,0,69,24309,1960
M001,Compresseur Atlas C-1,Compresseur,Broyage,Casablanca,2025-10-01 18:00:00,2025-10-01,1.71,3.79,1.63,1.72,1482,A,97.1,159,0.025,478.0,5.3,98.9,93.2,90.2,2670,Aucun - Etat acceptable,Faible,30.3,5.3,30.8,0,59,13968,2079
M002,Pompe hydraulique P-12,Pompe,Pomperie,Casablanca,2025-10-01 18:00:00,2025-10-01,3.14,9.26,1.9,2.93,1442,B,96.9,173,0.045,432.0,7.4,98.3,93.0,91.7,1593,Aucun - Etat acceptable,Faible,31.8,6.7,32.0,0,24,14972,2991
M003,Moteur electrique ME-45,Moteur,Convoyage,Casablanca,2025-10-01 21:00:00,2025-10-01,1.18,1.58,1.94,2.01,1503,A,92.7,158,0.087,400.0,6.1,98.5,86.8,80.4,619,Aucun - Etat nominal,Aucune,28.7,6.0,32.0,1,20,22077,3710
M004,Ventilateur V-08,Ventilateur,Ventilation,Tanger,2025-10-02 00:00:00,2025-10-02,1.78,2.26,1.51,2.99,1481,A,95.3,172,0.067,343.0,7.4,97.9,90.3,89.1,2694,Aucun - Etat acceptable,Faible,29.6,4.8,32.5,1,31,6902,1214
M005,Reducteur R-22,Reducteur,Broyage,Tanger,2025-10-02 02:00:00,2025-10-02,3.68,9.1,1.45,2.11,1484,B,93.9,154,0.054,381.0,7.2,98.1,76.7,74.4,1650,Aucun - Etat acceptable,Faible,29.2,4.7,32.9,0,6,25176,65
M006,Compresseur C-201,Compresseur,Air comprime,Casablanca,2025-10-02 02:00:00,2025-10-02,1.51,1.46,1.63,2.44,1433,A,91.0,169,0.083,458.0,3.9,99.2,75.3,70.9,2641,Aucun - Etat acceptable,Faible,30.2,3.9,32.8,0,4,22406,1249
M007,Pompe transfert PT-09,Pompe,Pomperie,Tanger,2025-10-02 05:00:00,2025-10-02,0.64,1.5,1.6,1.5,1485,A,96.3,185,0.047,501.0,3.9,99.2,78.6,72.8,1300,Aucun - Etat nominal,Aucune,28.8,2.9,30.5,0,47,20856,517
M008,Turbine T-100,Turbine,Ventilation,Tanger,2025-10-02 06:00:00,2025-10-02,4.02,12.43,1.91,3.33,7867,B,91.3,160,0.09,409.0,3.0,99.3,81.6,80.7,602,Aucun - Etat acceptable,Faible,29.6,,157.8,0,38,27011,1342
M001,Compresseur Atlas C-1,Compresseur,Broyage,Casablanca,2025-10-02 09:00:00,2025-10-02,1.44,3.35,1.41,2.44,1466,A,94.9,155,0.053,590.0,6.3,98.9,88.2,87.0,2455,Aucun - Etat nominal,Aucune,30.1,6.0,32.2,0,32,4800,986
M002,Pompe hydraulique P-12,Pompe,Pomperie,Casablanca,2025-10-02 12:00:00,2025-10-02,3.55,8.17,1.98,3.1,1459,B,95.4,166,0.03,420.0,4.3,99.0,93.5,86.2,567,Aucun - Etat acceptable,Faible,30.7,,31.8,1,74,1212,3477
M003,Moteur electrique ME-45,Moteur,Convoyage,Casablanca,2025-10-02 12:00:00,2025-10-02,0.43,1.13,2.06,1.61,1443,A,96.3,187,0.039,519.0,3.8,99.3,90.0,87.5,1022,Aucun - Etat nominal,Aucune,30.9,4.0,30.8,0,18,15312,1665
M004,Ventilateur V-08,Ventilateur,Ventilation,Tanger,2025-10-02 14:00:00,2025-10-02,1.38,1.41,1.9,2.43,1482,A,93.8,167,0.045,462.0,5.5,98.8,78.9,77.8,1317,Aucun - Etat nominal,Aucune,,5.5,30.1,0,38,23725,3324
M005,Reducteur R-22,Reducteur,Broyage,Tanger,2025-10-02 17:00:00,2025-10-02,3.96,4.28,1.8,2.79,1463,B,95.0,160,0.047,464.0,3.7,99.2,83.5,82.0,1367,Aucun - Etat acceptable,Faible,32.1,7.3,,1,30,2610,2522
M006,Compresseur C-201,Compresseur,Air comprime,Casablanca,2025-10-02 19:00:00,2025-10-02,1.91,2.67,1.58,1.56,1462,A,98.0,190,0.01,526.0,5.7,98.9,96.1,90.9,973,Aucun - Etat acceptable,Faible,,4.8,31.4,2,46,21359,2963
M007,Pompe transfert PT-09,Pompe,Pomperie,Tanger,2025-10-02 20:00:00,2025-10-02,0.79,1.82,1.82,2.28,1535,A,92.6,166,0.083,558.0,7.5,98.7,95.8,88.5,507,Aucun - Etat nominal,Aucune,33.3,3.4,31.7,0,57,8283,3279
M008,Turbine T-100,Turbine,Ventilation,Tanger,2025-10-02 22:00:00,2025-10-02,3.33,10.55,1.9,3.44,8095,B,96.2,185,0.029,442.0,5.7,98.7,94.9,87.9,947,Aucun - Etat acceptable,Faible,31.0,6.7,162.1,0,32,2993,253
M001,Compresseur Atlas C-1,Compresseur,Broyage,Casablanca,2025-10-03 02:00:00,2025-10-03,2.13,6.67,1.47,2.64,1488,A,99.9,164,0.01,395.0,2.9,99.3,90.3,86.5,1818,Aucun - Etat acceptable,Faible,30.0,5.8,,1,77,23784,1931
M002,Pompe hydraulique P-12,Pompe,Pomperie,Casablanca,2025-10-03 02:00:00,2025-10-03,3.76,8.48,2.06,2.04,1433,B,90.4,153,0.076,241.0,,97.1,79.7,77.9,385,Aucun - Etat acceptable,Faible,30.1,5.8,33.3,0,46,16054,3308
M003,Moteur electrique ME-45,Moteur,Convoyage,Casablanca,2025-10-03 04:00:00,2025-10-03,1.08,1.22,2.06,1.63,1523,A,93.2,171,0.07,441.0,5.0,98.9,94.9,89.3,2278,Aucun - Etat nominal,Aucune,30.0,3.4,32.8,1,76,7069,3848
M004,Ventilateur V-08,Ventilateur,Ventilation,Tanger,2025-10-03 08:00:00,2025-10-03,2.28,2.24,1.47,2.74,1502,A,95.6,159,0.045,454.0,3.7,99.2,93.1,87.9,831,Aucun - Etat acceptable,Faible,30.5,3.8,30.5,0,11,19577,3147
M005,Reducteur R-22,Reducteur,Broyage,Tanger,2025-10-03 09:00:00,2025-10-03,3.62,3.7,1.61,3.59,1474,B,95.2,169,0.03,452.0,4.0,99.1,92.7,90.1,1426,Aucun - Etat acceptable,Faible,30.6,7.0,30.9,1,1,17548,2743
M006,Compresseur C-201,Compresseur,Air comprime,Casablanca,2025-10-03 11:00:00,2025-10-03,2.13,2.38,2.06,2.74,1469,A,93.2,170,0.058,,2.6,99.4,81.9,76.6,275,Aucun - Etat acceptable,Faible,27.9,3.5,33.8,0,67,8361,96
M007,Pompe transfert PT-09,Pompe,Pomperie,Tanger,2025-10-03 12:00:00,2025-10-03,0.4,0.89,1.8,2.28,1527,A,95.8,162,0.058,409.0,5.8,98.6,79.5,75.9,2139,Aucun - Etat nominal,Aucune,27.9,2.6,31.3,0,3,12413,2920
M008,Turbine T-100,Turbine,Ventilation,Tanger,2025-10-03 15:00:00,2025-10-03,3.72,4.52,1.2,2.84,8039,B,95.2,159,0.029,449.0,6.5,98.6,92.6,89.8,2912,Aucun - Etat acceptable,Faible,30.7,5.9,162.2,1,67,27186,753
M001,Compresseur Atlas C-1,Compresseur,Broyage,Casablanca,2025-10-03 16:00:00,2025-10-03,2.15,5.68,2.31,2.51,1453,A,95.4,158,0.028,478.0,4.4,99.1,77.4,71.6,2369,Aucun - Etat acceptable,Faible,30.9,3.4,29.8,0,8,19178,2988
M002,Pompe hydraulique P-12,Pompe,Pomperie,Casablanca,2025-10-03 19:00:00,2025-10-03,3.48,5.69,1.92,2.68,1494,B,89.2,171,0.094,414.0,3.4,99.2,78.1,76.3,227,Aucun - Etat acceptable,Faible,31.5,5.6,32.0,1,39,27239,1348
M003,Moteur electrique ME-45,Moteur,Convoyage,Casablanca,2025-10-03 21:00:00,2025-10-03,0.75,1.39,2.04,1.57,1509,A,93.6,173,0.08,309.0,5.9,98.1,76.2,75.1,2588,Aucun - Etat nominal,Aucune,31.4,3.0,34.6,0,26,1219,2234
M004,Ventilateur V-08,Ventilateur,Ventilation,Tanger,2025-10-03 23:00:00,2025-10-03,2.42,6.05,1.65,2.69,1499,B,96.8,163,0.047,512.0,3.1,99.4,93.9,87.2,2212,Aucun - Etat acceptable,Faible,29.2,6.0,30.7,0,75,4556,159
M005,Reducteur R-22,Reducteur,Broyage,Tanger,2025-10-04 02:00:00,2025-10-04,4.23,5.95,2.17,2.11,1464,B,91.8,154,0.079,,4.1,99.2,88.4,87.0,1134,Aucun - Etat acceptable,Faible,32.0,6.2,30.2,2,30,12441,1958
M006,Compresseur C-201,Compresseur,Air comprime,Casablanca,2025-10-04 03:00:00,2025-10-04,1.76,1.85,1.7,2.26,1467,A,95.9,179,0.058,453.0,5.8,98.7,83.1,76.8,351,Aucun - Etat acceptable,Faible,31.6,5.7,29.4,0,62,17720,1655
M007,Pompe transfert PT-09,Pompe,Pomperie,Tanger,2025-10-04 06:00:00,2025-10-04,0.66,1.98,2.04,2.28,1482,A,95.4,180,0.046,468.0,4.8,99.0,95.1,89.9,212,Aucun - Etat nominal,Aucune,28.6,3.1,32.2,1,19,20885,371
M008,Turbine T-100,Turbine,Ventilation,Tanger,2025-10-04 08:00:00,2025-10-04,3.41,6.84,1.6,2.57,7921,B,93.7,171,0.057,585.0,4.6,99.2,93.5,89.9,918,Aucun - Etat acceptable,Faible,29.1,6.4,160.7,0,37,26322,860
M001,Compresseur Atlas C-1,Compresseur,Broyage,Casablanca,2025-10-04 08:00:00,2025-10-04,1.94,2.82,1.73,2.53,1508,A,92.6,153,0.064,319.0,6.2,98.1,74.0,68.6,2776,Aucun - Etat acceptable,Faible,30.2,5.5,34.2,1,45,19722,481
M002,Pompe hydraulique P-12,Pompe,Pomperie,Casablanca,2025-10-04 10:00:00,2025-10-04,4.12,7.31,1.7,2.54,1520,B,90.2,164,0.079,469.0,4.8,99.0,94.6,92.4,2089,Aucun - Etat acceptable,Faible,28.9,5.2,,0,11,18739,2338
M003,Moteur electrique ME-45,Moteur,Convoyage,Casablanca,2025-10-04 12:00:00,2025-10-04,1.05,1.59,1.2,2.99,1479,A,95.7,175,0.044,530.0,6.6,98.8,90.0,85.3,1931,Aucun - Etat nominal,Aucune,28.5,3.0,34.1,1,69,27551,3954
M004,Ventilateur V-08,Ventilateur,Ventilation,Tanger,2025-10-04 15:00:00,2025-10-04,2.65,3.87,2.4,2.86,1465,B,93.9,163,0.046,396.0,6.5,98.4,79.5,76.7,604,Aucun - Etat acceptable,Faible,28.6,5.3,33.5,0,61,19865,3659
M005,Reducteur R-22,Reducteur,Broyage,Tanger,2025-10-04 17:00:00,2025-10-04,3.99,8.98,1.67,2.37,1437,B,93.3,166,0.076,368.0,,98.4,95.3,90.3,2861,Aucun - Etat acceptable,Faible,31.0,4.7,29.4,0,80,24285,3608
M006,Compresseur C-201,Compresseur,Air comprime,Casablanca,2025-10-04 18:00:00,2025-10-04,2.11,4.84,1.2,2.32,1448,A,98.6,190,0.022,356.0,7.0,98.1,91.6,88.7,251,Aucun - Etat acceptable,Faible,29.4,5.1,30.8,0,48,3804,1070
M007,Pompe transfert PT-09,Pompe,Pomperie,Tanger,2025-10-04 21:00:00,2025-10-04,0.71,2.21,2.38,2.85,1518,A,93.4,168,0.08,,3.9,99.2,85.6,80.1,638,Aucun - Etat nominal,Aucune,30.6,3.0,33.2,1,6,5032,2960
M008,Turbine T-100,Turbine,Ventilation,Tanger,2025-10-04 23:00:00,2025-10-04,3.65,9.89,2.21,1.5,8134,B,92.4,174,0.065,387.0,6.5,98.3,75.2,70.8,2694,Aucun - Etat acceptable,Faible,31.9,5.7,166.0,1,41,10123,2971
M001,Compresseur Atlas C-1,Compresseur,Broyage,Casablanca,2025-10-05 01:00:00,2025-10-05,2.35,7.51,1.81,3.11,1459,B,96.0,181,0.043,300.0,4.0,98.7,83.1,77.0,489,Aucun - Etat acceptable,Faible,28.7,3.6,31.0,0,67,945,2011
M002,Pompe hydraulique P-12,Pompe,Pomperie,Casablanca,2025-10-05 02:00:00,2025-10-05,4.11,3.46,1.89,2.81,1526,B,93.1,160,0.087,411.0,5.7,98.6,96.2,94.5,160,Aucun - Etat acceptable,Faible,32.2,7.2,36.0,1,71,25011,3962
M003,Moteur electrique ME-45,Moteur,Convoyage,Casablanca,2025-10-05 06:00:00,2025-10-05,0.84,0.77,1.65,2.29,1476,A,94.0,176,0.076,521.0,7.6,98.6,96.5,90.0,2616,Aucun - Etat nominal,Aucune,31.2,3.0,33.6,0,72,5475,1963
M004,Ventilateur V-08,Ventilateur,Ventilation,Tanger,2025-10-05 06:00:00,2025-10-05,2.37,6.88,1.62,2.31,1488,B,94.3,161,0.074,395.0,3.9,99.0,74.4,72.1,1349,Aucun - Etat acceptable,Faible,31.5,4.9,30.2,0,76,9787,1002
M005,Reducteur R-22,Reducteur,Broyage,Tanger,2025-10-05 08:00:00,2025-10-05,4.24,10.12,1.91,3.26,1483,B,90.5,159,0.101,553.0,7.2,98.7,93.7,90.9,512,Aucun - Etat acceptable,Faible,31.5,4.8,,1,30,15670,455
M006,Compresseur C-201,Compresseur,Air comprime,Casablanca,2025-10-05 11:00:00,2025-10-05,1.96,2.65,2.27,2.67,1456,A,96.2,170,0.042,451.0,,99.1,88.8,85.1,824,Aucun - Etat acceptable,Faible,30.1,3.4,30.5,0,62,2235,601
M007,Pompe transfert PT-09,Pompe,Pomperie,Tanger,2025-10-05 14:00:00,2025-10-05,0.71,1.08,1.92,2.32,1485,A,98.6,187,0.01,507.0,7.2,98.6,96.4,93.3,865,Aucun - Etat nominal,Aucune,29.2,5.0,29.8,0,5,15214,3024
M008,Turbine T-100,Turbine,Ventilation,Tanger,2025-10-05 16:00:00,2025-10-05,3.75,7.02,1.37,1.5,8044,B,96.0,185,0.032,477.0,3.8,99.2,77.4,75.9,2945,Aucun - Etat acceptable,Faible,30.9,4.0,164.5,3,68,6426,3358
M001,Compresseur Atlas C-1,Compresseur,Broyage,Casablanca,2025-10-05 17:00:00,2025-10-05,2.0,1.75,1.91,1.87,1523,A,95.2,163,0.035,517.0,3.6,99.3,76.6,71.3,1200,Aucun - Etat acceptable,Faible,30.7,5.2,31.1,0,59,21657,2976
M002,Pompe hydraulique P-12,Pompe,Pomperie,Casablanca,2025-10-05 19:00:00,2025-10-05,4.18,3.35,2.41,3.48,1490,B,93.6,164,0.064,457.0,4.0,99.1,92.5,87.1,2918,Aucun - Etat acceptable,Faible,30.1,4.1,30.8,0,37,26943,2088
M003,Moteur electrique ME-45,Moteur,Convoyage,Casablanca,2025-10-05 20:00:00,2025-10-05,0.83,0.96,1.94,2.58,1452,A,95.0,183,0.058,427.0,5.6,98.7,74.2,70.0,151,Aucun - Etat nominal,Aucune,31.5,2.7,33.2,0,65,16325,2948
M004,Ventilateur V-08,Ventilateur,Ventilation,Tanger,2025-10-05 23:00:00,2025-10-05,2.18,5.93,1.65,2.28,1488,A,96.6,160,0.05,552.0,5.9,98.9,81.0,79.8,1863,Aucun - Etat acceptable,Faible,32.1,5.3,33.7,1,74,14195,237
M005,Reducteur R-22,Reducteur,Broyage,Tanger,2025-10-06 01:00:00,2025-10-06,3.99,8.23,2.32,2.56,1486,B,92.3,169,0.075,418.0,2.7,99.4,78.2,72.1,811,Aucun - Etat acceptable,Faible,32.0,5.7,30.7,0,60,7036,2012
M006,Compresseur C-201,Compresseur,Air comprime,Casablanca,2025-10-06 04:00:00,2025-10-06,1.49,2.85,1.92,2.82,1465,A,91.9,153,0.091,451.0,5.5,98.8,85.8,82.5,1423,Aucun - Etat nominal,Aucune,32.4,5.3,31.7,2,41,18578,215
M007,Pompe transfert PT-09,Pompe,Pomperie,Tanger,2025-10-06 05:00:00,2025-10-06,0.34,0.96,1.34,2.87,1458,A,91.7,159,0.073,357.0,7.8,97.9,77.5,75.9,702,Aucun - Etat nominal,Aucune,30.8,3.7,31.7,0,1,4614,867
M008,Turbine T-100,Turbine,Ventilation,Tanger,2025-10-06 06:00:00,2025-10-06,3.5,10.95,2.04,1.88,8110,B,96.4,181,0.032,403.0,7.4,98.2,83.6,78.8,1778,Aucun - Etat acceptable,Faible,28.9,4.9,166.4,0,19,6695,1736
M001,Compresseur Atlas C-1,Compresseur,Broyage,Casablanca,2025-10-06 08:00:00,2025-10-06,1.89,4.26,1.41,2.75,1415,A,93.6,176,0.068,508.0,7.3,98.6,78.6,72.9,2531,Aucun - Etat acceptable,Faible,30.1,6.2,28.5,0,69,11524,3858
M002,Pompe hydraulique P-12,Pompe,Pomperie,Casablanca,2025-10-06 12:00:00,2025-10-06,3.83,7.73,2.2,2.93,1509,B,95.6,169,0.038,386.0,3.2,99.2,77.7,76.6,1041,Aucun - Etat acceptable,Faible,31.4,6.3,35.7,0,7,23996,3453
M003,Moteur electrique ME-45,Moteur,Convoyage,Casablanca,2025-10-06 13:00:00,2025-10-06,0.71,2.0,1.87,2.58,1490,A,90.2,154,0.113,446.0,6.7,98.5,76.4,74.5,2137,Aucun - Etat nominal,Aucune,28.4,4.7,31.8,1,65,5905,733
M004,Ventilateur V-08,Ventilateur,Ventilation,Tanger,2025-10-06 15:00:00,2025-10-06,2.31,6.65,1.72,2.25,1489,B,96.6,163,0.027,512.0,6.7,98.7,92.1,87.5,1504,Aucun - Etat acceptable,Faible,,4.5,31.3,1,64,5606,2220
M005,Reducteur R-22,Reducteur,Broyage,Tanger,2025-10-06 16:00:00,2025-10-06,4.37,9.23,1.29,2.62,1478,B,91.9,158,0.085,468.0,5.0,98.9,82.8,81.2,1623,Aucun - Etat acceptable,Faible,30.7,5.4,32.2,0,36,12363,1793
M006,Compresseur C-201,Compresseur,Air comprime,Casablanca,2025-10-06 20:00:00,2025-10-06,2.12,4.49,2.06,2.99,1519,A,94.8,165,0.032,495.0,3.8,99.2,95.6,88.4,938,Aucun - Etat acceptable,Faible,30.4,,31.4,0,67,7951,402
M007,Pompe transfert PT-09,Pompe,Pomperie,Tanger,2025-10-06 21:00:00,2025-10-06,1.04,1.62,1.61,3.26,1503,A,96.2,182,0.039,354.0,3.2,99.1,93.9,91.6,2356,Aucun - Etat nominal,Aucune,29.1,4.5,31.3,1,6,27221,1438
M008,Turbine T-100,Turbine,Ventilation,Tanger,2025-10-06 22:00:00,2025-10-06,3.77,11.62,2.16,2.69,7971,B,94.2,162,0.064,422.0,7.5,98.3,91.1,87.4,1008,Aucun - Etat acceptable,Faible,28.4,6.6,160.8,1,73,24184,175
M001,Compresseur Atlas C-1,Compresseur,Broyage,Casablanca,2025-10-07 02:00:00,2025-10-07,1.91,2.3,2.44,2.82,1492,A,95.4,171,0.039,442.0,3.8,99.1,79.0,76.2,1118,Aucun - Etat acceptable,Faible,32.2,4.7,34.8,0,17,26953,3475
M002,Pompe hydraulique P-12,Pompe,Pomperie,Casablanca,2025-10-07 02:00:00,2025-10-07,3.67,9.04,2.04,2.52,1431,B,88.0,151,0.11,517.0,4.7,99.1,82.7,78.1,857,Aucun - Etat acceptable,Faible,,5.4,33.5,1,31,15284,2853
M003,Moteur electrique ME-45,Moteur,Convoyage,Casablanca,2025-10-07 05:00:00,2025-10-07,1.21,2.3,2.06,1.75,1440,A,95.0,175,0.032,456.0,5.6,98.8,95.9,89.4,2484,Aucun - Etat nominal,Aucune,29.0,4.0,30.9,1,15,10923,3749
M004,Ventilateur V-08,Ventilateur,Ventilation,Tanger,2025-10-07 08:00:00,2025-10-07,2.39,3.26,1.47,2.34,1516,B,94.7,175,0.037,498.0,7.3,98.6,87.7,83.8,1673,Aucun - Etat acceptable,Faible,29.0,5.7,30.5,0,65,19592,370
M005,Reducteur R-22,Reducteur,Broyage,Tanger,2025-10-07 09:00:00,2025-10-07,4.15,7.28,2.16,3.88,1446,B,87.2,146,0.131,451.0,5.6,98.8,83.0,79.3,710,Aucun - Etat acceptable,Faible,31.6,5.4,34.1,3,72,13486,1458
M006,Compresseur C-201,Compresseur,Air comprime,Casablanca,2025-10-07 12:00:00,2025-10-07,2.07,5.1,1.81,2.5,1512,A,94.1,178,0.059,504.0,3.3,99.3,95.0,92.9,2680,Aucun - Etat acceptable,Faible,27.6,4.4,31.0,0,7,3764,3071
M007,Pompe transfert PT-09,Pompe,Pomperie,Tanger,2025-10-07 12:00:00,2025-10-07,0.78,0.86,1.78,2.83,1484,A,95.7,162,0.023,487.0,2.6,99.5,88.4,83.6,2484,Aucun - Etat nominal,Aucune,29.0,5.9,30.0,2,20,6248,1209
M008,Turbine T-100,Turbine,Ventilation,Tanger,2025-10-07 15:00:00,2025-10-07,3.6,4.42,2.08,3.26,7872,B,93.7,157,0.067,506.0,5.4,98.9,83.9,78.0,1747,Aucun - Etat acceptable,Faible,27.8,6.1,159.2,0,13,10756,2074
M001,Compresseur Atlas C-1,Compresseur,Broyage,Casablanca,2025-10-07 17:00:00,2025-10-07,2.15,4.73,1.49,2.0,1497,A,98.1,186,0.01,511.0,7.9,98.5,92.0,90.8,313,Aucun - Etat acceptable,Faible,27.9,5.3,32.4,0,25,11549,1761
M002,Pompe hydraulique P-12,Pompe,Pomperie,Casablanca,2025-10-07 19:00:00,2025-10-07,3.94,10.14,1.27,2.6,1453,B,93.1,167,0.088,,6.9,98.6,75.7,71.1,391,Aucun - Etat acceptable,Faible,31.9,4.1,34.4,0,74,17959,2803
M003,Moteur electrique ME-45,Moteur,Convoyage,Casablanca,2025-10-07 20:00:00,2025-10-07,0.58,0.68,1.85,2.54,1531,A,95.5,180,0.055,455.0,6.1,98.7,92.2,85.5,1818,Aucun - Etat nominal,Aucune,26.3,3.9,35.6,3,57,9764,2427
M004,Ventilateur V-08,Ventilateur,Ventilation,Tanger,2025-10-07 23:00:00,2025-10-07,2.28,3.28,1.98,3.16,1442,A,96.0,173,0.03,437.0,7.8,98.2,84.5,83.0,1951,Aucun - Etat acceptable,Faible,29.8,5.9,30.3,1,52,7103,2428
M005,Reducteur R-22,Reducteur,Broyage,Tanger,2025-10-08 01:00:00,2025-10-08,4.22,5.64,1.72,2.31,1421,B,84.2,151,0.149,383.0,,98.1,88.8,84.8,2310,Aucun - Etat acceptable,Faible,29.7,7.0,33.6,2,12,7965,2738
M006,Compresseur C-201,Compresseur,Air comprime,Casablanca,2025-10-08 03:00:00,2025-10-08,2.52,6.43,2.0,3.09,1485,B,97.6,170,0.015,553.0,3.1,99.4,90.2,83.6,1636,Aucun - Etat acceptable,Faible,30.5,5.0,33.9,1,60,2176,2773
M007,Pompe transfert PT-09,Pompe,Pomperie,Tanger,2025-10-08 06:00:00,2025-10-08,0.99,2.87,1.27,3.14,1500,A,95.3,171,0.06,376.0,6.6,98.3,93.7,88.0,1656,Aucun - Etat nominal,Aucune,31.9,3.2,32.8,1,26,12129,3014
M008,Turbine T-100,Turbine,Ventilation,Tanger,2025-10-08 06:00:00,2025-10-08,3.56,7.33,1.87,2.62,8082,B,93.4,172,0.059,422.0,7.3,98.3,96.3,91.1,1554,Aucun - Etat acceptable,Faible,28.8,6.0,165.6,0,25,2628,3843
M001,Compresseur Atlas C-1,Compresseur,Broyage,Casablanca,2025-10-08 08:00:00,2025-10-08,2.04,5.9,1.45,3.4,1482,A,95.4,175,0.048,430.0,5.8,98.7,89.4,87.3,2356,Aucun - Etat acceptable,Faible,28.5,5.5,33.4,1,63,11058,461
M002,Pompe hydraulique P-12,Pompe,Pomperie,Casablanca,2025-10-08 10:00:00,2025-10-08,4.32,6.85,1.73,2.79,1494,B,90.6,168,0.105,395.0,3.5,99.1,88.9,84.9,1220,Aucun - Etat acceptable,Faible,33.4,4.6,32.8,1,8,13689,3501
M003,Moteur electrique ME-45,Moteur,Convoyage,Casablanca,2025-10-08 12:00:00,2025-10-08,0.6,0.52,1.46,2.57,1426,A,94.4,163,0.071,441.0,3.7,99.2,83.0,79.0,2153,Aucun - Etat nominal,Aucune,29.7,4.0,,0,38,5905,3008
M004,Ventilateur V-08,Ventilateur,Ventilation,Tanger,2025-10-08 14:00:00,2025-10-08,2.67,2.18,1.72,2.0,1478,B,93.4,173,0.049,443.0,3.9,99.1,80.0,78.7,781,Aucun - Etat acceptable,Faible,29.7,6.7,31.4,0,76,17765,1609
M005,Reducteur R-22,Reducteur,Broyage,Tanger,2025-10-08 16:00:00,2025-10-08,4.05,12.04,1.98,2.92,1446,B,91.2,156,0.069,388.0,6.2,98.4,95.6,91.7,2396,Aucun - Etat acceptable,Faible,33.6,6.8,33.0,0,20,20854,1783
M006,Compresseur C-201,Compresseur,Air comprime,Casablanca,2025-10-08 18:00:00,2025-10-08,2.1,4.01,1.82,2.67,1455,A,95.6,174,0.052,400.0,6.3,98.4,86.1,85.1,722,Aucun - Etat acceptable,Faible,29.8,6.1,,0,48,21808,1663
M007,Pompe transfert PT-09,Pompe,Pomperie,Tanger,2025-10-08 21:00:00,2025-10-08,0.94,1.08,1.67,1.94,1499,A,91.7,161,0.065,,5.3,98.8,92.4,88.0,1877,Aucun - Etat nominal,Aucune,30.0,3.7,34.4,0,67,13971,2291
M008,Turbine T-100,Turbine,Ventilation,Tanger,2025-10-09 00:00:00,2025-10-09,4.07,11.82,1.71,1.72,8088,B,95.2,156,0.044,418.0,5.0,98.8,83.1,77.0,2906,Aucun - Etat acceptable,Faible,31.8,7.4,162.8,0,23,19739,505
M001,Compresseur Atlas C-1,Compresseur,Broyage,Casablanca,2025-10-09 00:00:00,2025-10-09,2.83,4.96,2.12,2.53,1505,B,94.0,165,0.046,399.0,5.9,98.5,82.1,80.7,2048,Aucun - Etat acceptable,Faible,29.2,6.5,33.4,0,3,7933,3043
M002,Pompe hydraulique P-12,Pompe,Pomperie,Casablanca,2025-10-09 03:00:00,2025-10-09,4.09,11.94,2.0,3.59,1477,B,86.3,155,0.122,394.0,8.0,98.0,95.6,92.3,1710,Aucun - Etat acceptable,Faible,33.7,4.4,30.7,1,4,1026,2778
M003,Moteur electrique ME-45,Moteur,Convoyage,Casablanca,2025-10-09 04:00:00,2025-10-09,0.85,2.24,1.73,1.84,1512,A,93.5,164,0.058,415.0,3.5,99.2,90.6,88.6,339,Aucun - Etat nominal,Aucune,29.1,5.6,33.9,0,74,7896,2356
M004,Ventilateur V-08,Ventilateur,Ventilation,Tanger,2025-10-09 07:00:00,2025-10-09,2.76,7.54,1.66,2.83,1470,B,96.4,181,0.019,466.0,3.7,99.2,93.5,87.8,2388,Aucun - Etat acceptable,Faible,29.6,4.6,33.7,0,14,24542,562
M005,Reducteur R-22,Reducteur,Broyage,Tanger,2025-10-09 10:00:00,2025-10-09,4.29,12.73,2.43,3.24,1462,B,85.3,157,0.15,,3.1,99.3,84.7,80.7,2809,Aucun - Etat acceptable,Faible,30.6,5.6,34.3,0,24,17607,2933
M006,Compresseur C-201,Compresseur,Air comprime,Casablanca,2025-10-09 11:00:00,2025-10-09,2.22,3.28,1.67,2.88,1485,A,94.4,162,0.07,452.0,5.6,98.8,88.4,84.6,936,Aucun - Etat acceptable,Faible,30.2,6.2,30.3,1,39,11504,315
M007,Pompe transfert PT-09,Pompe,Pomperie,Tanger,2025-10-09 12:00:00,2025-10-09,0.76,1.69,1.71,1.97,1447,A,93.1,160,0.089,552.0,5.9,98.9,86.3,84.5,2629,Aucun - Etat nominal,Aucune,30.1,5.9,33.2,0,68,14415,1329
M008,Turbine T-100,Turbine,Ventilation,Tanger,2025-10-09 14:00:00,2025-10-09,3.6,3.87,2.09,2.75,8018,B,93.0,164,0.078,382.0,4.4,98.9,77.9,72.6,2730,Aucun - Etat acceptable,Faible,29.8,6.0,163.3,1,70,11387,2617
M001,Compresseur Atlas C-1,Compresseur,Broyage,Casablanca,2025-10-09 17:00:00,2025-10-09,1.94,6.14,1.52,2.19,1433,A,94.8,181,0.038,421.0,4.0,99.1,96.5,91.0,2950,Aucun - Etat acceptable,Faible,29.2,4.5,31.0,0,60,22277,2126
M002,Pompe hydraulique P-12,Pompe,Pomperie,Casablanca,2025-10-09 19:00:00,2025-10-09,4.98,13.95,1.86,3.31,1408,C,89.5,168,0.101,415.0,7.0,98.3,85.7,84.1,332,Aucun - Etat acceptable,Faible,33.4,7.6,31.7,2,45,20812,30
M003,Moteur electrique ME-45,Moteur,Convoyage,Casablanca,2025-10-09 22:00:00,2025-10-09,1.13,2.55,1.75,2.96,1463,A,94.7,172,0.043,413.0,6.2,98.5,92.0,88.9,2682,Aucun - Etat nominal,Aucune,29.7,5.2,29.6,0,14,15176,1823
M004,Ventilateur V-08,Ventilateur,Ventilation,Tanger,2025-10-10 00:00:00,2025-10-10,1.97,4.62,1.87,2.96,1445,A,95.0,163,0.055,472.0,3.2,99.3,95.1,87.9,2085,Aucun - Etat acceptable,Faible,31.0,6.5,33.0,1,64,16470,3914
M005,Reducteur R-22,Reducteur,Broyage,Tanger,2025-10-10 02:00:00,2025-10-10,3.92,9.27,2.24,3.17,1505,B,82.7,148,0.175,,7.2,98.3,87.1,81.5,1973,Aucun - Etat acceptable,Faible,32.6,7.2,33.3,0,47,15807,2071
M006,Compresseur C-201,Compresseur,Air comprime,Casablanca,2025-10-10 04:00:00,2025-10-10,2.33,5.82,1.5,3.24,1472,B,97.4,163,0.01,463.0,4.6,99.0,74.4,70.5,275,Aucun - Etat acceptable,Faible,26.8,5.3,30.0,1,47,20883,1493
M007,Pompe transfert PT-09,Pompe,Pomperie,Tanger,2025-10-10 05:00:00,2025-10-10,1.3,2.55,1.66,2.5,1465,A,95.2,182,0.036,474.0,7.6,98.4,83.2,78.8,2459,Aucun - Etat nominal,Aucune,29.6,3.7,33.8,0,41,9115,3970
M008,Turbine T-100,Turbine,Ventilation,Tanger,2025-10-10 08:00:00,2025-10-10,4.32,9.7,1.34,1.76,8052,B,99.1,167,0.01,373.0,3.9,99.0,93.3,88.2,1527,Aucun - Etat acceptable,Faible,30.2,5.1,162.0,0,45,17566,1033
M001,Compresseur Atlas C-1,Compresseur,Broyage,Casablanca,2025-10-10 08:00:00,2025-10-10,2.21,4.84,1.95,2.41,1446,A,95.4,174,0.057,590.0,6.5,98.9,81.0,76.4,2959,Aucun - Etat acceptable,Faible,32.6,3.6,,2,10,27221,1738
M002,Pompe hydraulique P-12,Pompe,Pomperie,Casablanca,2025-10-10 12:00:00,2025-10-10,4.51,5.02,1.92,3.09,1460,C,84.2,142,0.139,395.0,6.7,98.3,84.8,79.8,1401,Aucun - Etat acceptable,Faible,32.3,5.3,31.3,1,74,13791,2838
M003,Moteur electrique ME-45,Moteur,Convoyage,Casablanca,2025-10-10 14:00:00,2025-10-10,1.29,2.3,1.87,2.76,1499,A,93.9,168,0.081,455.0,2.8,99.4,74.6,72.0,2934,Aucun - Etat nominal,Aucune,29.8,4.4,33.1,1,21,4220,1779
M004,Ventilateur V-08,Ventilateur,Ventilation,Tanger,2025-10-10 16:00:00,2025-10-10,2.65,5.47,2.23,3.15,1464,B,93.0,154,0.059,417.0,2.6,99.4,91.4,89.4,2198,Aucun - Etat acceptable,Faible,31.3,3.6,29.3,3,34,11233,2780
M005,Reducteur R-22,Reducteur,Broyage,Tanger,2025-10-10 18:00:00,2025-10-10,4.24,7.54,2.02,2.87,1463,B,85.5,143,0.153,,2.5,99.4,76.9,75.4,1239,Aucun - Etat acceptable,Faible,32.3,6.9,34.0,0,65,18681,1066
M006,Compresseur C-201,Compresseur,Air comprime,Casablanca,2025-10-10 20:00:00,2025-10-10,1.91,5.5,1.32,2.12,1465,A,96.4,179,0.029,357.0,6.0,98.3,95.9,92.3,1226,Aucun - Etat acceptable,Faible,29.8,4.4,33.1,0,54,7990,2621
M007,Pompe transfert PT-09,Pompe,Pomperie,Tanger,2025-10-10 21:00:00,2025-10-10,1.25,2.92,1.74,1.5,1534,A,96.5,172,0.037,387.0,5.4,98.6,77.2,75.2,1639,Aucun - Etat nominal,Aucune,28.3,5.7,34.8,1,48,24942,1494
M008,Turbine T-100,Turbine,Ventilation,Tanger,2025-10-11 00:00:00,2025-10-11,3.56,9.53,2.01,3.3,8018,B,93.2,159,0.048,499.0,4.2,99.2,76.7,72.5,286,Aucun - Etat acceptable,Faible,28.7,6.7,,2,48,9189,2701
M001,Compresseur Atlas C-1,Compresseur,Broyage,Casablanca,2025-10-11 02:00:00,2025-10-11,2.33,4.03,1.63,3.21,1507,B,93.1,152,0.06,524.0,3.2,99.4,90.0,88.7,1886,Aucun - Etat acceptable,Faible,30.3,5.4,30.4,0,47,16006,2617
M002,Pompe hydraulique P-12,Pompe,Pomperie,Casablanca,2025-10-11 02:00:00,2025-10-11,4.47,4.76,2.42,3.3,1486,B,88.0,138,0.134,487.0,5.1,99.0,94.3,88.2,2818,Aucun - Etat acceptable,Faible,30.7,6.9,31.1,0,7,24614,1857
M003,Moteur electrique ME-45,Moteur,Convoyage,Casablanca,2025-10-11 05:00:00,2025-10-11,0.89,1.94,1.7,3.0,1495,A,94.5,169,0.068,538.0,2.6,99.5,83.3,78.6,2155,Aucun - Etat nominal,Aucune,30.3,,33.6,0,11,4053,913
M004,Ventilateur V-08,Ventilateur,Ventilation,Tanger,2025-10-11 06:00:00,2025-10-11,2.27,7.06,2.41,2.61,1511,A,96.4,172,0.024,404.0,4.6,98.9,82.5,76.9,1909,Aucun - Etat acceptable,Faible,30.2,4.2,34.1,0,56,20893,2089
M005,Reducteur R-22,Reducteur,Broyage,Tanger,2025-10-11 10:00:00,2025-10-11,4.88,11.82,2.65,3.63,1485,C,88.2,147,0.114,497.0,4.2,99.2,75.9,71.0,2807,Aucun - Etat acceptable,Faible,31.6,4.6,34.3,2,55,11647,1009
M006,Compresseur C-201,Compresseur,Air comprime,Casablanca,2025-10-11 11:00:00,2025-10-11,3.03,6.5,1.6,2.81,1503,B,92.1,174,0.084,473.0,3.3,99.3,93.0,89.7,1156,Aucun - Etat acceptable,Faible,32.1,4.1,33.3,2,53,10715,1622
M007,Pompe transfert PT-09,Pompe,Pomperie,Tanger,2025-10-11 14:00:00,2025-10-11,0.97,2.95,1.69,1.71,1479,A,95.2,161,0.049,417.0,3.8,99.1,85.7,82.9,2650,Aucun - Etat nominal,Aucune,31.0,5.1,32.3,0,2,5885,1571
M008,Turbine T-100,Turbine,Ventilation,Tanger,2025-10-11 14:00:00,2025-10-11,3.81,11.27,1.55,2.7,8001,B,94.6,182,0.06,467.0,5.2,98.9,83.4,82.3,2643,Aucun - Etat acceptable,Faible,28.8,5.9,161.3,0,18,6902,2388
M001,Compresseur Atlas C-1,Compresseur,Broyage,Casablanca,2025-10-11 17:00:00,2025-10-11,2.22,5.99,1.81,2.51,1497,A,95.2,159,0.038,375.0,6.0,98.4,88.9,82.8,2951,Aucun - Etat acceptable,Faible,30.0,3.2,30.0,0,27,4809,3356
M002,Pompe hydraulique P-12,Pompe,Pomperie,Casablanca,2025-10-11 20:00:00,2025-10-11,4.95,13.56,2.08,2.35,1461,C,83.2,152,0.15,,3.2,99.4,81.2,77.0,816,Aucun - Etat acceptable,Faible,32.2,7.8,33.0,1,66,9971,2481
M003,Moteur electrique ME-45,Moteur,Convoyage,Casablanca,2025-10-11 20:00:00,2025-10-11,0.4,1.27,1.67,3.12,1422,A,92.7,151,0.06,433.0,7.6,98.3,76.0,72.6,1214,Aucun - Etat nominal,Aucune,30.3,3.2,33.2,0,10,3671,976
M004,Ventilateur V-08,Ventilateur,Ventilation,Tanger,2025-10-11 22:00:00,2025-10-11,2.22,5.82,1.53,1.83,1474,A,93.2,155,0.081,456.0,3.6,99.2,80.2,75.4,261,Aucun - Etat acceptable,Faible,31.5,6.1,30.5,0,67,17454,2498
M005,Reducteur R-22,Reducteur,Broyage,Tanger,2025-10-12 00:00:00,2025-10-12,5.15,8.22,1.95,3.55,1502,C,86.3,155,0.135,475.0,2.7,99.4,81.2,80.0,1012,Aucun - Etat acceptable,Faible,33.2,4.6,33.4,1,9,23718,1668
M006,Compresseur C-201,Compresseur,Air comprime,Casablanca,2025-10-12 03:00:00,2025-10-12,1.97,3.64,1.62,2.02,1504,A,92.3,159,0.091,346.0,4.3,98.8,90.3,88.2,355,Aucun - Etat acceptable,Faible,29.0,3.4,31.8,1,15,27927,1075
M007,Pompe transfert PT-09,Pompe,Pomperie,Tanger,2025-10-12 04:00:00,2025-10-12,0.49,0.88,1.84,2.57,1427,A,93.4,174,0.056,366.0,5.8,98.4,80.5,78.1,2950,Aucun - Etat nominal,Aucune,33.0,3.5,33.2,1,38,2714,3299
M008,Turbine T-100,Turbine,Ventilation,Tanger,2025-10-12 06:00:00,2025-10-12,4.59,5.05,1.67,2.97,7963,C,95.9,176,0.06,476.0,6.5,98.7,86.8,85.6,214,Aucun - Etat acceptable,Faible,31.2,5.4,161.7,0,67,6833,398
M001,Compresseur Atlas C-1,Compresseur,Broyage,Casablanca,2025-10-12 10:00:00,2025-10-12,2.26,5.16,1.89,2.53,1567,A,94.4,161,0.038,560.0,5.3,99.1,90.7,88.9,674,Aucun - Etat acceptable,Faible,30.3,5.5,34.5,0,21,18066,342
M002,Pompe hydraulique P-12,Pompe,Pomperie,Casablanca,2025-10-12 10:00:00,2025-10-12,4.62,7.17,2.08,3.1,1460,C,85.0,128,0.152,389.0,4.4,98.9,88.3,83.3,2766,Aucun - Etat acceptable,Faible,,7.4,33.6,0,32,17233,3981
M003,Moteur electrique ME-45,Moteur,Convoyage,Casablanca,2025-10-12 12:00:00,2025-10-12,0.4,0.68,2.17,2.58,1495,A,92.8,164,0.084,536.0,6.8,98.7,87.7,86.8,1965,Aucun - Etat nominal,Aucune,29.2,5.6,30.2,0,16,11361,547
M004,Ventilateur V-08,Ventilateur,Ventilation,Tanger,2025-10-12 15:00:00,2025-10-12,1.65,2.93,2.07,3.02,1424,A,96.9,170,0.014,473.0,6.6,98.6,88.3,84.6,2363,Aucun - Etat acceptable,Faible,33.7,6.2,31.5,0,28,2318,2307
M005,Reducteur R-22,Reducteur,Broyage,Tanger,2025-10-12 18:00:00,2025-10-12,5.24,5.35,1.89,4.08,1503,C,85.6,155,0.151,537.0,6.4,98.8,88.0,82.9,249,Aucun - Etat acceptable,Faible,36.0,5.4,36.2,0,21,25985,2491
M006,Compresseur C-201,Compresseur,Air comprime,Casablanca,2025-10-12 18:00:00,2025-10-12,1.84,4.25,1.99,2.42,1501,A,94.9,164,0.047,426.0,6.2,98.6,96.1,89.1,519,Aucun - Etat acceptable,Faible,30.6,5.5,31.7,1,24,4476,2456
M007,Pompe transfert PT-09,Pompe,Pomperie,Tanger,2025-10-12 20:00:00,2025-10-12,1.04,2.57,1.34,2.79,1446,A,96.9,188,0.035,337.0,6.2,98.2,75.5,74.5,1823,Aucun - Etat nominal,Aucune,29.6,4.2,30.3,1,64,1814,1941
M008,Turbine T-100,Turbine,Ventilation,Tanger,2025-10-13 00:00:00,2025-10-13,4.07,3.93,2.0,2.4,8107,B,90.3,163,0.112,509.0,6.0,98.8,93.0,88.8,1792,Aucun - Etat acceptable,Faible,29.6,7.3,162.5,1,10,8152,1258
M001,Compresseur Atlas C-1,Compresseur,Broyage,Casablanca,2025-10-13 01:00:00,2025-10-13,2.09,6.32,1.8,2.63,1468,A,91.5,149,0.102,388.0,3.1,99.2,86.2,84.0,2218,Aucun - Etat acceptable,Faible,31.3,5.9,31.6,1,11,12507,2360
M002,Pompe hydraulique P-12,Pompe,Pomperie,Casablanca,2025-10-13 03:00:00,2025-10-13,5.07,8.4,2.4,2.85,1459,C,81.4,143,0.204,381.0,5.3,98.6,95.3,93.5,1386,Aucun - Etat acceptable,Faible,30.9,7.7,31.0,1,40,27684,3527
M003,Moteur electrique ME-45,Moteur,Convoyage,Casablanca,2025-10-13 06:00:00,2025-10-13,1.05,1.94,1.85,1.95,1490,A,97.0,172,0.026,482.0,5.2,98.9,83.9,81.5,746,Aucun - Etat nominal,Aucune,31.5,4.3,30.6,0,31,7881,528
M004,Ventilateur V-08,Ventilateur,Ventilation,Tanger,2025-10-13 07:00:00,2025-10-13,2.44,5.67,1.51,2.6,1459,B,97.0,165,0.012,367.0,3.7,99.0,96.1,92.6,1682,Aucun - Etat acceptable,Faible,29.2,4.7,33.0,1,39,23502,1031
M005,Reducteur R-22,Reducteur,Broyage,Tanger,2025-10-13 08:00:00,2025-10-13,4.63,10.09,1.78,3.07,1537,C,83.4,148,0.174,493.0,3.6,99.3,83.4,82.0,1180,Aucun - Etat acceptable,Faible,33.8,7.3,35.6,0,28,4500,2056
M006,Compresseur C-201,Compresseur,Air comprime,Casablanca,2025-10-13 11:00:00,2025-10-13,2.62,2.16,1.88,3.38,1491,B,94.2,169,0.046,426.0,5.4,98.7,85.6,83.7,578,Aucun - Etat acceptable,Faible,29.0,5.0,29.9,0,56,10247,2735
M007,Pompe transfert PT-09,Pompe,Pomperie,Tanger,2025-10-13 14:00:00,2025-10-13,0.47,0.92,1.6,2.79,1457,A,94.7,171,0.036,520.0,4.6,99.1,92.6,88.0,2133,Aucun - Etat nominal,Aucune,28.9,4.8,32.2,1,59,23187,2920
M008,Turbine T-100,Turbine,Ventilation,Tanger,2025-10-13 15:00:00,2025-10-13,3.73,11.3,2.13,2.3,7961,B,92.9,179,0.055,350.0,5.5,98.5,85.7,80.9,1653,Aucun - Etat acceptable,Faible,32.7,5.7,159.9,1,28,3418,612
M001,Compresseur Atlas C-1,Compresseur,Broyage,Casablanca,2025-10-13 16:00:00,2025-10-13,1.84,2.62,1.32,1.87,1539,A,93.9,174,0.066,474.0,3.4,99.3,85.3,82.8,203,Aucun - Etat acceptable,Faible,32.1,3.6,33.8,2,10,4078,1389
M002,Pompe hydraulique P-12,Pompe,Pomperie,Casablanca,2025-10-13 18:00:00,2025-10-13,4.34,4.87,1.56,2.08,1477,B,81.7,150,0.191,455.0,6.0,98.7,81.4,76.4,305,Aucun - Etat acceptable,Faible,33.0,5.8,32.5,2,52,26350,1260
M003,Moteur electrique ME-45,Moteur,Convoyage,Casablanca,2025-10-13 22:00:00,2025-10-13,1.01,1.33,2.04,1.65,1472,A,93.1,166,0.071,437.0,2.7,99.4,89.8,84.6,2253,Aucun - Etat nominal,Aucune,30.1,5.1,31.6,1,7,3178,1235
M004,Ventilateur V-08,Ventilateur,Ventilation,Tanger,2025-10-13 22:00:00,2025-10-13,1.73,1.77,2.03,2.81,1449,A,95.5,175,0.061,432.0,2.6,99.4,76.4,72.0,2795,Aucun - Etat acceptable,Faible,31.6,,32.8,1,31,4639,1288
M005,Reducteur R-22,Reducteur,Broyage,Tanger,2025-10-14 01:00:00,2025-10-14,5.61,12.39,2.42,3.2,1480,C,83.2,133,0.153,543.0,5.7,99.0,87.2,85.5,800,Aucun - Etat acceptable,Faible,32.8,,32.2,4,24,26413,1768
M006,Compresseur C-201,Compresseur,Air comprime,Casablanca,2025-10-14 04:00:00,2025-10-14,2.63,4.38,1.86,2.83,1484,B,96.0,181,0.046,405.0,6.0,98.5,87.5,81.6,555,Aucun - Etat acceptable,Faible,29.3,4.9,33.0,1,19,5329,1165
M007,Pompe transfert PT-09,Pompe,Pomperie,Tanger,2025-10-14 04:00:00,2025-10-14,1.53,4.17,2.06,2.52,1496,A,100.1,177,0.01,432.0,7.1,98.4,88.3,81.7,1760,Aucun - Etat acceptable,Faible,27.4,2.9,30.1,0,29,21919,2417
M008,Turbine T-100,Turbine,Ventilation,Tanger,2025-10-14 08:00:00,2025-10-14,4.32,10.28,1.93,2.33,7983,B,94.6,175,0.066,413.0,6.3,98.5,87.5,84.3,1380,Aucun - Etat acceptable,Faible,29.0,7.1,160.0,0,52,6550,3369
M001,Compresseur Atlas C-1,Compresseur,Broyage,Casablanca,2025-10-14 08:00:00,2025-10-14,2.47,5.26,1.89,2.3,1521,B,95.2,173,0.039,373.0,3.1,99.2,78.2,72.8,2190,Aucun - Etat acceptable,Faible,29.9,4.2,34.4,0,7,14204,891
M002,Pompe hydraulique P-12,Pompe,Pomperie,Casablanca,2025-10-14 11:00:00,2025-10-14,4.95,8.19,1.99,3.23,1497,C,83.2,141,0.161,448.0,4.2,99.1,87.2,85.1,2650,Aucun - Etat acceptable,Faible,31.9,6.2,35.5,0,23,24706,1993
M003,Moteur electrique ME-45,Moteur,Convoyage,Casablanca,2025-10-14 13:00:00,2025-10-14,1.09,1.9,2.11,2.0,1509,A,97.3,184,0.03,419.0,6.2,98.5,91.5,89.7,1444,Aucun - Etat nominal,Aucune,32.3,,30.3,0,76,14831,2278
M004,Ventilateur V-08,Ventilateur,Ventilation,Tanger,2025-10-14 16:00:00,2025-10-14,2.47,6.05,1.56,2.67,1470,B,94.5,161,0.053,420.0,3.6,99.2,96.1,89.6,1128,Aucun - Etat acceptable,Faible,30.5,5.8,32.0,1,38,14183,3894
M005,Reducteur R-22,Reducteur,Broyage,Tanger,2025-10-14 16:00:00,2025-10-14,4.7,5.85,2.25,2.7,1458,C,81.0,140,0.194,424.0,5.7,98.7,86.7,82.0,2203,Aucun - Etat acceptable,Faible,35.1,5.6,31.2,2,61,17491,3446
M006,Compresseur C-201,Compresseur,Air comprime,Casablanca,2025-10-14 20:00:00,2025-10-14,2.07,2.75,1.69,2.77,1488,A,94.2,173,0.053,403.0,5.5,98.7,78.6,73.9,1501,Aucun - Etat acceptable,Faible,28.7,6.3,30.0,0,7,1114,3575
M007,Pompe transfert PT-09,Pompe,Pomperie,Tanger,2025-10-14 22:00:00,2025-10-14,0.91,2.39,2.07,2.48,1443,A,91.1,155,0.106,365.0,4.6,98.8,90.2,86.0,1344,Aucun - Etat nominal,Aucune,,4.6,33.4,0,52,15606,2461
M008,Turbine T-100,Turbine,Ventilation,Tanger,2025-10-14 23:00:00,2025-10-14,3.23,5.98,1.71,2.64,7995,B,95.8,165,0.035,541.0,7.5,98.6,78.2,77.0,1441,Aucun - Etat acceptable,Faible,29.7,4.9,,0,10,25034,2940
M001,Compresseur Atlas C-1,Compresseur,Broyage,Casablanca,2025-10-15 00:00:00,2025-10-15,2.58,7.24,1.37,2.4,1498,B,92.8,169,0.073,400.0,6.8,98.3,79.0,74.6,966,Aucun - Etat acceptable,Faible,28.2,3.4,33.2,0,5,12210,2261
M002,Pompe hydraulique P-12,Pompe,Pomperie,Casablanca,2025-10-15 03:00:00,2025-10-15,4.59,10.5,2.19,4.44,1500,C,82.0,124,0.199,502.0,7.9,98.5,80.9,76.4,1869,Aucun - Etat acceptable,Faible,35.6,5.8,33.0,0,39,11648,2524
M003,Moteur electrique ME-45,Moteur,Convoyage,Casablanca,2025-10-15 05:00:00,2025-10-15,0.82,1.54,1.89,1.68,1480,A,90.8,173,0.097,427.0,4.0,99.1,78.4,73.7,1368,Aucun - Etat nominal,Aucune,28.6,3.8,34.0,2,54,7311,158
M004,Ventilateur V-08,Ventilateur,Ventilation,Tanger,2025-10-15 07:00:00,2025-10-15,2.75,3.42,1.55,1.56,1486,B,91.6,154,0.092,496.0,5.7,98.9,83.0,78.4,1024,Aucun - Etat acceptable,Faible,32.1,4.6,33.4,2,22,25567,2016
M005,Reducteur R-22,Reducteur,Broyage,Tanger,2025-10-15 09:00:00,2025-10-15,5.02,7.08,2.17,3.07,1485,C,81.7,146,0.203,411.0,3.7,99.1,75.9,73.0,509,Aucun - Etat acceptable,Faible,33.5,6.4,,0,71,6878,989
M006,Compresseur C-201,Compresseur,Air comprime,Casablanca,2025-10-15 10:00:00,2025-10-15,2.19,3.97,1.59,2.88,1480,A,95.9,178,0.03,365.0,5.7,98.5,82.0,80.2,1382,Aucun - Etat acceptable,Faible,31.0,3.4,34.1,1,16,5424,2067
M007,Pompe transfert PT-09,Pompe,Pomperie,Tanger,2025-10-15 13:00:00,2025-10-15,0.99,2.95,1.71,1.86,1488,A,94.5,183,0.05,385.0,5.0,98.7,80.9,79.7,155,Aucun - Etat nominal,Aucune,29.2,,32.8,1,5,9701,2648
M008,Turbine T-100,Turbine,Ventilation,Tanger,2025-10-15 15:00:00,2025-10-15,4.14,8.89,1.7,2.59,7903,B,95.4,174,0.057,454.0,6.1,98.7,79.3,76.7,2319,Aucun - Etat acceptable,Faible,29.7,7.0,162.1,1,49,5984,2432
M001,Compresseur Atlas C-1,Compresseur,Broyage,Casablanca,2025-10-15 16:00:00,2025-10-15,2.97,3.92,2.39,2.73,1427,B,95.9,169,0.05,417.0,,99.3,81.7,80.7,2356,Aucun - Etat acceptable,Faible,30.3,5.7,30.6,1,68,17044,2810
M002,Pompe hydraulique P-12,Pompe,Pomperie,Casablanca,2025-10-15 20:00:00,2025-10-15,5.36,14.89,2.22,3.08,1516,C,80.6,131,0.179,450.0,4.9,98.9,79.9,76.6,606,Aucun - Etat acceptable,Faible,35.9,5.8,35.0,0,62,13922,3207
M003,Moteur electrique ME-45,Moteur,Convoyage,Casablanca,2025-10-15 22:00:00,2025-10-15,1.19,1.62,2.13,2.73,1469,A,95.5,156,0.041,,6.8,98.7,80.1,79.2,1688,Aucun - Etat nominal,Aucune,26.5,3.7,30.4,0,46,14180,3148
M004,Ventilateur V-08,Ventilateur,Ventilation,Tanger,2025-10-16 00:00:00,2025-10-16,1.93,2.28,1.71,1.9,1491,A,94.5,179,0.063,514.0,2.8,99.5,78.3,73.9,1951,Aucun - Etat acceptable,Faible,29.2,3.8,30.0,2,63,3741,1629
M005,Reducteur R-22,Reducteur,Broyage,Tanger,2025-10-16 01:00:00,2025-10-16,4.83,4.32,2.38,2.27,1519,C,80.5,122,0.207,425.0,4.2,99.0,79.9,77.4,1506,Aucun - Etat acceptable,Faible,33.4,4.6,34.9,2,45,21854,3077
M006,Compresseur C-201,Compresseur,Air comprime,Casablanca,2025-10-16 02:00:00,2025-10-16,2.53,6.92,1.59,2.14,1476,B,96.8,187,0.037,389.0,4.3,98.9,89.3,87.6,1554,Aucun - Etat acceptable,Faible,28.5,4.8,31.2,0,45,22739,3888
M007,Pompe transfert PT-09,Pompe,Pomperie,Tanger,2025-10-16 04:00:00,2025-10-16,1.5,1.75,1.89,2.27,1459,A,97.3,175,0.014,344.0,7.1,98.0,86.7,81.8,2231,Aucun - Etat nominal,Aucune,30.8,3.7,33.6,1,18,14661,2659
M008,Turbine T-100,Turbine,Ventilation,Tanger,2025-10-16 08:00:00,2025-10-16,3.67,4.18,1.51,2.56,8012,B,95.7,167,0.037,378.0,2.9,99.2,97.0,90.3,2332,Aucun - Etat acceptable,Faible,31.3,4.2,161.1,0,34,11480,1906
M001,Compresseur Atlas C-1,Compresseur,Broyage,Casablanca,2025-10-16 08:00:00,2025-10-16,2.25,5.14,2.25,2.5,1543,A,95.2,166,0.039,452.0,3.2,99.3,76.7,73.8,455,Aucun - Etat acceptable,Faible,29.7,4.8,31.8,1,70,22689,1671
M002,Pompe hydraulique P-12,Pompe,Pomperie,Casablanca,2025-10-16 12:00:00,2025-10-16,4.45,14.01,2.44,3.47,1515,B,82.6,137,0.192,491.0,4.3,99.1,89.4,86.3,2500,Aucun - Etat acceptable,Faible,33.6,4.4,32.8,2,40,11201,3261
M003,Moteur electrique ME-45,Moteur,Convoyage,Casablanca,2025-10-16 13:00:00,2025-10-16,0.34,0.29,2.31,3.1,1494,A,95.1,157,0.046,523.0,5.5,99.0,78.2,73.6,1844,Aucun - Etat nominal,Aucune,29.4,5.0,32.8,0,23,21161,2699
M004,Ventilateur V-08,Ventilateur,Ventilation,Tanger,2025-10-16 15:00:00,2025-10-16,2.93,3.24,1.91,2.66,1483,B,95.3,168,0.039,564.0,7.5,98.7,92.0,89.0,313,Aucun - Etat acceptable,Faible,30.4,5.6,32.6,0,15,15834,994
M005,Reducteur R-22,Reducteur,Broyage,Tanger,2025-10-16 16:00:00,2025-10-16,5.28,13.46,2.7,3.83,1442,C,83.9,137,0.145,492.0,,98.6,94.8,91.5,2306,Aucun - Etat acceptable,Faible,,5.6,32.2,1,98,26160,505
M006,Compresseur C-201,Compresseur,Air comprime,Casablanca,2025-10-16 20:00:00,2025-10-16,2.46,2.51,2.2,2.61,1526,B,97.2,163,0.024,430.0,4.2,99.0,76.5,71.3,715,Aucun - Etat acceptable,Faible,29.7,4.8,33.2,2,64,21150,2135
M007,Pompe transfert PT-09,Pompe,Pomperie,Tanger,2025-10-16 20:00:00,2025-10-16,0.83,2.03,1.31,2.1,1468,A,96.8,185,0.016,469.0,5.6,98.8,79.9,78.0,392,Aucun - Etat nominal,Aucune,32.6,4.6,30.3,0,51,19342,2002
M008,Turbine T-100,Turbine,Ventilation,Tanger,2025-10-16 22:00:00,2025-10-16,4.06,5.17,1.78,2.01,8112,B,90.4,166,0.102,404.0,2.8,99.3,81.2,80.0,2807,Aucun - Etat acceptable,Faible,29.9,5.8,165.7,0,41,18427,1630
M001,Compresseur Atlas C-1,Compresseur,Broyage,Casablanca,2025-10-17 02:00:00,2025-10-17,2.61,4.38,2.19,2.24,1544,B,93.8,166,0.055,394.0,7.7,98.1,85.5,83.0,869,Aucun - Etat acceptable,Faible,28.5,5.7,32.9,1,10,15112,3316
M002,Pompe hydraulique P-12,Pompe,Pomperie,Casablanca,2025-10-17 02:00:00,2025-10-17,5.37,11.84,2.16,3.44,1474,C,80.5,120,0.181,449.0,3.1,99.3,77.1,76.0,834,Aucun - Etat acceptable,Faible,32.8,,35.8,1,46,16340,2653
M003,Moteur electrique ME-45,Moteur,Convoyage,Casablanca,2025-10-17 05:00:00,2025-10-17,1.0,3.05,1.85,2.7,1483,A,95.2,162,0.049,378.0,3.1,99.2,94.2,88.6,1921,Aucun - Etat nominal,Aucune,28.3,5.1,30.7,0,0,11110,2555
M004,Ventilateur V-08,Ventilateur,Ventilation,Tanger,2025-10-17 07:00:00,2025-10-17,2.48,5.42,2.13,2.22,1455,B,94.8,181,0.055,433.0,7.3,98.3,86.3,84.7,2457,Aucun - Etat acceptable,Faible,29.6,5.4,31.7,0,47,16648,3745
M005,Reducteur R-22,Reducteur,Broyage,Tanger,2025-10-17 09:00:00,2025-10-17,5.26,14.68,1.94,2.93,1506,C,78.2,119,0.23,401.0,5.1,98.7,83.6,82.7,1715,Aucun - Etat acceptable,Faible,33.6,7.5,36.9,0,8,18453,434
M006,Compresseur C-201,Compresseur,Air comprime,Casablanca,2025-10-17 12:00:00,2025-10-17,2.89,6.24,2.16,1.7,1473,B,95.5,173,0.04,432.0,2.8,99.4,93.3,91.2,871,Aucun - Etat acceptable,Faible,27.8,,32.0,0,65,20427,412
M007,Pompe transfert PT-09,Pompe,Pomperie,Tanger,2025-10-17 13:00:00,2025-10-17,0.1,0.14,1.35,2.44,1483,A,95.5,172,0.048,447.0,3.5,99.2,75.8,72.9,1727,Aucun - Etat nominal,Aucune,31.2,4.0,31.5,1,2,14450,807
M008,Turbine T-100,Turbine,Ventilation,Tanger,2025-10-17 14:00:00,2025-10-17,3.71,3.42,1.89,1.5,7762,B,95.7,179,0.031,436.0,2.6,99.4,87.2,83.4,2206,Aucun - Etat acceptable,Faible,30.0,5.8,160.0,0,14,9830,1667
M001,Compresseur Atlas C-1,Compresseur,Broyage,Casablanca,2025-10-17 17:00:00,2025-10-17,2.54,2.31,1.4,2.27,1473,B,95.2,181,0.058,445.0,6.2,98.6,77.7,71.8,283,Aucun - Etat acceptable,Faible,,3.8,31.4,0,17,16474,3545
M002,Pompe hydraulique P-12,Pompe,Pomperie,Casablanca,2025-10-17 20:00:00,2025-10-17,5.38,12.6,2.11,2.0,1469,C,79.0,113,0.19,453.0,7.8,98.3,76.3,72.8,297,Aucun - Etat acceptable,Faible,34.8,,35.4,1,46,10846,617
M003,Moteur electrique ME-45,Moteur,Convoyage,Casablanca,2025-10-17 22:00:00,2025-10-17,1.7,4.8,1.5,3.1,1446,A,90.4,157,0.115,439.0,3.5,99.2,92.6,87.4,588,Aucun - Etat acceptable,Faible,31.4,4.2,31.5,0,48,24388,2487
M004,Ventilateur V-08,Ventilateur,Ventilation,Tanger,2025-10-18 00:00:00,2025-10-18,1.96,3.53,1.2,3.05,1484,A,95.0,170,0.055,346.0,3.2,99.1,83.6,79.0,776,Aucun - Etat acceptable,Faible,32.8,5.3,32.1,0,29,22892,520
M005,Reducteur R-22,Reducteur,Broyage,Tanger,2025-10-18 01:00:00,2025-10-18,4.92,10.46,2.29,2.62,1490,C,76.3,127,0.245,412.0,4.3,99.0,91.2,86.5,2730,Aucun - Etat acceptable,Faible,35.1,6.2,32.5,0,91,12464,57
M006,Compresseur C-201,Compresseur,Air comprime,Casablanca,2025-10-18 02:00:00,2025-10-18,2.7,4.23,2.05,2.41,1470,B,95.4,166,0.049,396.0,5.9,98.5,86.3,81.9,1922,Aucun - Etat acceptable,Faible,29.9,4.2,32.6,0,48,5403,3227
M007,Pompe transfert PT-09,Pompe,Pomperie,Tanger,2025-10-18 06:00:00,2025-10-18,0.58,1.6,2.05,1.73,1505,A,96.7,158,0.024,379.0,3.6,99.1,80.0,75.3,194,Aucun - Etat nominal,Aucune,27.7,4.4,30.5,0,9,15677,2070
M008,Turbine T-100,Turbine,Ventilation,Tanger,2025-10-18 07:00:00,2025-10-18,4.38,7.71,2.2,3.09,7989,B,93.0,171,0.082,453.0,2.6,99.4,91.4,85.4,766,Aucun - Etat acceptable,Faible,30.1,7.3,160.0,0,8,14077,1170
M001,Compresseur Atlas C-1,Compresseur,Broyage,Casablanca,2025-10-18 10:00:00,2025-10-18,2.48,4.96,1.69,1.93,1502,B,93.4,154,0.073,497.0,7.6,98.5,87.9,85.8,1324,Aucun - Etat acceptable,Faible,27.7,6.3,30.8,0,19,3595,3284
M002,Pompe hydraulique P-12,Pompe,Pomperie,Casablanca,2025-10-18 10:00:00,2025-10-18,4.74,14.79,2.8,2.81,1455,C,75.5,108,0.242,527.0,3.8,99.3,83.7,78.6,1540,Aucun - Etat acceptable,Faible,35.3,7.6,35.3,2,34,7126,2347
M003,Moteur electrique ME-45,Moteur,Convoyage,Casablanca,2025-10-18 12:00:00,2025-10-18,1.16,3.12,2.21,2.37,1493,A,95.7,173,0.035,600.0,7.2,98.8,93.6,91.1,667,Aucun - Etat nominal,Aucune,30.5,5.0,31.5,0,23,11370,3639
M004,Ventilateur V-08,Ventilateur,Ventilation,Tanger,2025-10-18 16:00:00,2025-10-18,2.28,3.53,1.91,2.66,1515,A,97.5,189,0.043,426.0,6.8,98.4,92.0,91.0,2866,Aucun - Etat acceptable,Faible,31.0,5.7,33.7,0,2,21013,2314
M005,Reducteur R-22,Reducteur,Broyage,Tanger,2025-10-18 18:00:00,2025-10-18,5.48,9.42,2.77,3.52,1469,C,80.7,119,0.196,462.0,4.2,99.1,85.2,83.1,1733,Aucun - Etat acceptable,Faible,35.0,5.1,35.7,2,16,20123,1077
M006,Compresseur C-201,Compresseur,Air comprime,Casablanca,2025-10-18 20:00:00,2025-10-18,2.76,4.23,1.65,2.4,1507,B,95.8,179,0.033,509.0,4.7,99.1,77.5,71.4,902,Aucun - Etat acceptable,Faible,28.9,4.2,30.4,0,77,26264,3450
M007,Pompe transfert PT-09,Pompe,Pomperie,Tanger,2025-10-18 21:00:00,2025-10-18,0.75,0.82,1.42,2.16,1476,A,96.2,162,0.044,305.0,5.8,98.1,82.9,78.7,906,Aucun - Etat nominal,Aucune,30.6,2.9,30.9,0,3,17780,1988
M008,Turbine T-100,Turbine,Ventilation,Tanger,2025-10-18 23:00:00,2025-10-18,4.34,6.72,1.66,2.84,7920,B,89.7,155,0.092,478.0,3.4,99.3,77.2,71.4,2727,Aucun - Etat acceptable,Faible,31.0,6.7,159.6,1,26,2506,2136
M001,Compresseur Atlas C-1,Compresseur,Broyage,Casablanca,2025-10-19 00:00:00,2025-10-19,2.02,6.45,1.9,3.13,1466,A,96.4,164,0.049,331.0,7.3,97.8,90.7,87.7,1971,Aucun - Etat acceptable,Faible,29.7,6.5,31.7,2,64,22371,2571
M002,Pompe hydraulique P-12,Pompe,Pomperie,Casablanca,2025-10-19 02:00:00,2025-10-19,6.04,6.25,1.94,4.02,1499,C,78.7,131,0.226,403.0,2.9,99.3,78.7,75.5,1100,Defaut roulement,Moderee,33.2,5.8,34.0,2,40,3401,2687
M003,Moteur electrique ME-45,Moteur,Convoyage,Casablanca,2025-10-19 04:00:00,2025-10-19,0.64,0.76,1.48,2.31,1488,A,96.8,170,0.013,469.0,6.7,98.6,74.9,73.4,2907,Aucun - Etat nominal,Aucune,30.9,2.9,34.0,0,79,16123,94
M004,Ventilateur V-08,Ventilateur,Ventilation,Tanger,2025-10-19 07:00:00,2025-10-19,2.33,1.95,1.83,3.74,1469,B,91.8,168,0.09,435.0,7.1,98.4,88.6,84.1,278,Aucun - Etat acceptable,Faible,28.0,3.7,32.1,0,17,18085,2122
M005,Reducteur R-22,Reducteur,Broyage,Tanger,2025-10-19 08:00:00,2025-10-19,5.13,8.94,2.2,3.18,1488,C,77.5,122,0.224,460.0,6.7,98.6,88.2,85.1,1782,Aucun - Etat acceptable,Faible,34.8,7.4,32.3,0,13,18387,1789
M006,Compresseur C-201,Compresseur,Air comprime,Casablanca,2025-10-19 11:00:00,2025-10-19,2.64,3.05,2.17,2.69,1450,B,95.6,166,0.063,497.0,,98.5,87.2,83.4,723,Aucun - Etat acceptable,Faible,32.9,6.2,30.0,0,57,25505,668
M007,Pompe transfert PT-09,Pompe,Pomperie,Tanger,2025-10-19 13:00:00,2025-10-19,1.07,0.92,2.04,1.95,1514,A,94.7,165,0.036,415.0,3.6,99.1,86.8,81.1,758,Aucun - Etat nominal,Aucune,30.0,3.0,31.8,1,39,20185,1768
M008,Turbine T-100,Turbine,Ventilation,Tanger,2025-10-19 14:00:00,2025-10-19,3.93,11.47,2.26,3.71,7952,B,95.9,161,0.045,462.0,3.1,99.3,74.6,71.3,708,Aucun - Etat acceptable,Faible,29.8,7.0,159.3,0,14,16123,1026
M001,Compresseur Atlas C-1,Compresseur,Broyage,Casablanca,2025-10-19 18:00:00,2025-10-19,2.51,4.08,1.85,2.47,1496,B,99.4,172,0.01,440.0,4.1,99.1,84.1,79.2,792,Aucun - Etat acceptable,Faible,31.7,4.5,33.9,1,45,7811,2989
M002,Pompe hydraulique P-12,Pompe,Pomperie,Casablanca,2025-10-19 18:00:00,2025-10-19,5.54,10.36,2.65,2.49,1547,C,78.4,130,0.204,467.0,3.6,99.2,81.1,78.9,450,Aucun - Etat acceptable,Faible,36.9,6.1,33.7,1,1,17581,649
M003,Moteur electrique ME-45,Moteur,Convoyage,Casablanca,2025-10-19 21:00:00,2025-10-19,1.85,4.45,2.0,1.5,1492,A,97.8,176,0.036,379.0,5.5,98.6,77.4,75.2,1048,Aucun - Etat acceptable,Faible,32.9,5.9,31.9,0,43,18716,267
M004,Ventilateur V-08,Ventilateur,Ventilation,Tanger,2025-10-19 23:00:00,2025-10-19,2.45,3.01,1.33,3.01,1487,B,97.7,178,0.017,,3.5,99.3,84.3,78.5,684,Aucun - Etat acceptable,Faible,30.6,6.0,30.3,0,69,14265,434
M005,Reducteur R-22,Reducteur,Broyage,Tanger,2025-10-20 00:00:00,2025-10-20,5.89,15.16,2.51,2.87,1453,C,78.7,133,0.204,486.0,2.8,99.4,91.1,84.6,1032,Aucun - Etat acceptable,Faible,33.5,5.6,34.9,2,18,17825,3113
M006,Compresseur C-201,Compresseur,Air comprime,Casablanca,2025-10-20 02:00:00,2025-10-20,2.6,3.22,1.75,1.5,1432,B,96.3,185,0.038,483.0,3.5,99.3,76.4,72.6,1699,Aucun - Etat acceptable,Faible,29.2,6.3,,1,38,12083,2293
M007,Pompe transfert PT-09,Pompe,Pomperie,Tanger,2025-10-20 06:00:00,2025-10-20,0.6,0.53,1.81,1.5,1470,A,91.7,173,0.076,471.0,6.2,98.7,81.7,76.2,2254,Aucun - Etat nominal,Aucune,29.9,3.8,29.8,0,75,23119,1351
M008,Turbine T-100,Turbine,Ventilation,Tanger,2025-10-20 08:00:00,2025-10-20,3.36,9.37,1.85,2.48,8144,B,95.3,180,0.029,445.0,7.1,98.4,79.7,75.7,745,Aucun - Etat acceptable,Faible,29.1,5.3,165.8,0,71,12956,1595
M001,Compresseur Atlas C-1,Compresseur,Broyage,Casablanca,2025-10-20 08:00:00,2025-10-20,2.82,8.82,1.7,2.64,1510,B,97.1,177,0.036,,4.1,99.2,79.0,74.1,1893,Aucun - Etat acceptable,Faible,30.8,3.6,32.6,1,29,16172,1392
M002,Pompe hydraulique P-12,Pompe,Pomperie,Casablanca,2025-10-20 10:00:00,2025-10-20,5.31,10.81,2.34,3.22,1487,C,75.6,122,0.239,405.0,6.3,98.5,95.0,91.2,2213,Aucun - Etat acceptable,Faible,34.9,4.8,35.8,1,12,6436,3560
M003,Moteur electrique ME-45,Moteur,Convoyage,Casablanca,2025-10-20 13:00:00,2025-10-20,0.69,1.94,2.08,3.52,1471,A,98.2,175,0.01,403.0,6.7,98.4,84.5,79.1,175,Aucun - Etat nominal,Aucune,27.6,3.9,33.7,0,15,1789,218
M004,Ventilateur V-08,Ventilateur,Ventilation,Tanger,2025-10-20 16:00:00,2025-10-20,2.35,5.06,2.19,2.39,1505,B,94.8,176,0.056,436.0,5.2,98.8,92.6,85.8,571,Aucun - Etat acceptable,Faible,28.0,4.1,31.8,1,50,14794,2454
M005,Reducteur R-22,Reducteur,Broyage,Tanger,2025-10-20 18:00:00,2025-10-20,5.46,8.07,2.29,4.12,1506,C,76.2,109,0.243,464.0,6.0,98.7,93.3,90.7,1683,Aucun - Etat acceptable,Faible,33.7,7.4,34.5,1,78,4207,2665
M006,Compresseur C-201,Compresseur,Air comprime,Casablanca,2025-10-20 18:00:00,2025-10-20,2.04,3.44,1.56,2.67,1533,A,93.4,178,0.07,397.0,6.4,98.4,83.1,79.4,1047,Aucun - Etat acceptable,Faible,32.7,6.3,31.3,1,39,3407,1104
M007,Pompe transfert PT-09,Pompe,Pomperie,Tanger,2025-10-20 22:00:00,2025-10-20,1.49,3.28,1.8,2.69,1489,A,98.0,172,0.019,292.0,6.7,97.8,88.9,87.2,903,Aucun - Etat nominal,Aucune,28.9,4.7,31.9,1,52,12147,236
M008,Turbine T-100,Turbine,Ventilation,Tanger,2025-10-21 00:00:00,2025-10-21,4.27,8.67,1.72,1.58,7956,B,93.4,170,0.053,559.0,7.9,98.6,78.5,72.3,1290,Aucun - Etat acceptable,Faible,30.2,5.3,163.8,0,9,20223,71
M001,Compresseur Atlas C-1,Compresseur,Broyage,Casablanca,2025-10-21 00:00:00,2025-10-21,3.33,3.07,1.7,2.64,1464,B,96.7,179,0.016,414.0,2.8,99.3,74.9,69.9,1851,Aucun - Etat acceptable,Faible,27.3,5.6,29.9,1,42,21200,3905
M002,Pompe hydraulique P-12,Pompe,Pomperie,Casablanca,2025-10-21 03:00:00,2025-10-21,5.35,10.82,2.3,3.51,1500,C,75.8,120,0.261,269.0,4.0,98.5,95.6,88.9,1703,Aucun - Etat acceptable,Faible,35.7,5.8,37.2,2,41,21556,3328
M003,Moteur electrique ME-45,Moteur,Convoyage,Casablanca,2025-10-21 04:00:00,2025-10-21,1.53,1.45,1.68,2.46,1512,A,96.5,178,0.037,542.0,7.5,98.6,74.1,72.4,2408,Aucun - Etat acceptable,Faible,31.1,4.9,35.0,1,1,1374,603
M004,Ventilateur V-08,Ventilateur,Ventilation,Tanger,2025-10-21 08:00:00,2025-10-21,3.19,10.18,1.9,1.6,1408,B,93.3,164,0.049,418.0,4.1,99.0,76.3,73.8,1383,Aucun - Etat acceptable,Faible,29.6,4.9,32.0,0,0,20590,1341
M005,Reducteur R-22,Reducteur,Broyage,Tanger,2025-10-21 08:00:00,2025-10-21,5.79,12.64,2.74,4.01,1463,C,77.0,107,0.219,406.0,3.3,99.2,78.6,73.3,1319,Aucun - Etat acceptable,Faible,36.3,7.9,32.9,2,35,18609,3609
M006,Compresseur C-201,Compresseur,Air comprime,Casablanca,2025-10-21 11:00:00,2025-10-21,2.76,6.05,1.61,2.69,1513,B,90.6,161,0.088,336.0,5.4,98.4,89.4,84.0,553,Aucun - Etat acceptable,Faible,29.1,4.2,30.8,1,6,23000,1404
M007,Pompe transfert PT-09,Pompe,Pomperie,Tanger,2025-10-21 13:00:00,2025-10-21,0.69,2.18,1.62,1.84,1416,A,94.4,157,0.052,452.0,2.5,99.4,94.0,89.0,2172,Aucun - Etat nominal,Aucune,29.3,4.4,32.0,0,43,12846,1131
M008,Turbine T-100,Turbine,Ventilation,Tanger,2025-10-21 15:00:00,2025-10-21,4.28,8.16,1.67,2.33,7943,B,97.2,166,0.018,390.0,6.7,98.3,90.1,82.9,866,Aucun - Etat acceptable,Faible,31.4,5.4,160.8,3,39,1487,339
M001,Compresseur Atlas C-1,Compresseur,Broyage,Casablanca,2025-10-21 18:00:00,2025-10-21,2.7,7.73,1.28,2.3,1510,B,97.3,162,0.033,517.0,8.0,98.5,91.5,85.6,1521,Aucun - Etat acceptable,Faible,31.6,4.4,34.3,0,57,19627,757
M002,Pompe hydraulique P-12,Pompe,Pomperie,Casablanca,2025-10-21 18:00:00,2025-10-21,6.03,19.1,2.5,2.92,1502,C,74.7,102,0.249,558.0,2.5,99.6,80.7,77.2,2067,Aucun - Etat acceptable,Faible,32.3,8.1,,1,71,19774,3688
M003,Moteur electrique ME-45,Moteur,Convoyage,Casablanca,2025-10-21 20:00:00,2025-10-21,0.33,0.67,1.78,1.92,1454,A,97.2,175,0.026,443.0,3.4,99.2,81.3,78.3,1339,Aucun - Etat nominal,Aucune,30.9,2.6,32.3,1,51,6208,3891
M004,Ventilateur V-08,Ventilateur,Ventilation,Tanger,2025-10-21 23:00:00,2025-10-21,2.74,2.42,1.6,2.61,1427,B,96.1,166,0.03,433.0,5.7,98.7,85.1,81.4,2082,Aucun - Etat acceptable,Faible,29.7,5.0,29.1,1,44,19891,3893
M005,Reducteur R-22,Reducteur,Broyage,Tanger,2025-10-22 00:00:00,2025-10-22,5.51,16.88,2.12,4.07,1491,C,76.1,113,0.256,470.0,7.2,98.5,77.7,73.9,1165,Aucun - Etat acceptable,Faible,35.5,4.8,35.8,4,74,5233,2200
M006,Compresseur C-201,Compresseur,Air comprime,Casablanca,2025-10-22 02:00:00,2025-10-22,2.49,5.21,2.05,2.12,1495,B,92.0,168,0.064,458.0,7.0,98.5,93.3,88.9,379,Aucun - Etat acceptable,Faible,29.0,6.5,33.1,0,48,20750,2915
M007,Pompe transfert PT-09,Pompe,Pomperie,Tanger,2025-10-22 04:00:00,2025-10-22,1.43,2.19,2.02,2.42,1465,A,96.4,173,0.04,467.0,7.3,98.5,94.1,89.5,2944,Aucun - Etat nominal,Aucune,30.3,5.6,30.5,0,45,6136,1960
M008,Turbine T-100,Turbine,Ventilation,Tanger,2025-10-22 06:00:00,2025-10-22,3.9,4.92,1.97,2.84,7806,B,96.5,173,0.038,516.0,6.5,98.8,93.9,87.6,698,Aucun - Etat acceptable,Faible,31.2,4.1,159.1,1,27,7375,707
M001,Compresseur Atlas C-1,Compresseur,Broyage,Casablanca,2025-10-22 10:00:00,2025-10-22,2.28,5.08,2.1,2.87,1521,A,91.9,154,0.097,481.0,6.3,98.7,80.5,78.0,2734,Aucun - Etat acceptable,Faible,30.9,3.4,33.0,0,66,26012,343
M002,Pompe hydraulique P-12,Pompe,Pomperie,Casablanca,2025-10-22 11:00:00,2025-10-22,6.33,6.14,2.63,3.8,1479,C,70.3,117,0.288,366.0,7.8,97.9,74.2,71.3,2692,Aucun - Etat acceptable,Faible,36.7,7.9,36.0,0,63,6411,1866
M003,Moteur electrique ME-45,Moteur,Convoyage,Casablanca,2025-10-22 13:00:00,2025-10-22,1.31,4.11,1.8,2.16,1460,A,96.6,172,0.02,500.0,6.3,98.8,87.6,85.2,264,Aucun - Etat nominal,Aucune,27.5,5.7,30.2,1,70,12991,1697
M004,Ventilateur V-08,Ventilateur,Ventilation,Tanger,2025-10-22 15:00:00,2025-10-22,2.57,3.23,1.2,3.4,1505,B,98.7,177,0.01,424.0,,99.3,89.2,83.3,2378,Aucun - Etat acceptable,Faible,30.5,5.2,30.5,0,49,18671,3782
M005,Reducteur R-22,Reducteur,Broyage,Tanger,2025-10-22 17:00:00,2025-10-22,6.49,14.97,2.44,4.03,1476,C,71.8,109,0.276,,3.5,99.3,74.6,71.1,1272,Defaut roulement,Moderee,34.5,8.3,33.5,0,100,25007,1441
M006,Compresseur C-201,Compresseur,Air comprime,Casablanca,2025-10-22 18:00:00,2025-10-22,2.39,4.43,2.12,2.11,1483,B,95.2,164,0.053,513.0,4.0,99.2,74.5,69.4,1070,Aucun - Etat acceptable,Faible,29.9,4.1,33.3,0,3,27505,783
M007,Pompe transfert PT-09,Pompe,Pomperie,Tanger,2025-10-22 20:00:00,2025-10-22,0.8,1.75,1.86,2.42,1457,A,97.2,167,0.028,495.0,6.9,98.6,77.0,76.1,2846,Aucun - Etat nominal,Aucune,30.1,,30.2,1,29,6841,415
M008,Turbine T-100,Turbine,Ventilation,Tanger,2025-10-22 23:00:00,2025-10-22,3.95,8.04,1.96,2.64,8126,B,93.2,166,0.085,523.0,5.0,99.1,90.5,87.9,832,Aucun - Etat acceptable,Faible,30.0,5.2,166.3,0,69,1685,3668
M001,Compresseur Atlas C-1,Compresseur,Broyage,Casablanca,2025-10-23 02:00:00,2025-10-23,2.76,5.06,1.85,2.71,1519,B,95.4,157,0.036,506.0,7.5,98.5,77.4,74.6,1097,Aucun - Etat acceptable,Faible,28.9,6.0,32.0,0,56,3726,1382
M002,Pompe hydraulique P-12,Pompe,Pomperie,Casablanca,2025-10-23 04:00:00,2025-10-23,5.85,16.81,2.76,3.3,1481,C,74.4,130,0.257,488.0,6.6,98.7,77.3,75.9,516,Aucun - Etat acceptable,Faible,34.2,8.4,34.2,0,71,14756,2183
M003,Moteur electrique ME-45,Moteur,Convoyage,Casablanca,2025-10-23 04:00:00,2025-10-23,0.9,2.6,2.16,2.2,1538,A,97.9,190,0.038,446.0,6.4,98.6,85.5,81.3,902,Aucun - Etat nominal,Aucune,31.2,5.3,33.0,1,71,14075,2919
M004,Ventilateur V-08,Ventilateur,Ventilation,Tanger,2025-10-23 06:00:00,2025-10-23,2.57,3.57,1.73,2.81,1481,B,93.8,155,0.068,443.0,3.3,99.3,95.7,91.1,1567,Aucun - Etat acceptable,Faible,31.4,6.0,30.7,0,1,7864,810
M005,Reducteur R-22,Reducteur,Broyage,Tanger,2025-10-23 09:00:00,2025-10-23,5.66,5.68,2.84,3.9,1431,C,72.6,107,0.266,386.0,5.1,98.7,96.1,88.4,2226,Aucun - Etat acceptable,Faible,33.6,8.3,33.2,2,34,15631,1043
M006,Compresseur C-201,Compresseur,Air comprime,Casablanca,2025-10-23 12:00:00,2025-10-23,2.26,3.08,1.78,2.62,1508,A,93.9,179,0.08,526.0,2.7,99.5,77.4,74.6,1566,Aucun - Etat acceptable,Faible,31.2,5.3,,0,26,8329,408
M007,Pompe transfert PT-09,Pompe,Pomperie,Tanger,2025-10-23 13:00:00,2025-10-23,0.71,1.72,1.81,1.96,1518,A,93.8,154,0.05,417.0,6.9,98.4,93.0,87.4,416,Aucun - Etat nominal,Aucune,30.4,3.7,35.2,0,45,6596,2192
M008,Turbine T-100,Turbine,Ventilation,Tanger,2025-10-23 16:00:00,2025-10-23,3.68,5.22,1.84,2.22,8037,B,95.3,176,0.046,402.0,6.3,98.5,85.3,83.0,603,Aucun - Etat acceptable,Faible,30.0,5.0,164.9,0,4,17196,2992
M001,Compresseur Atlas C-1,Compresseur,Broyage,Casablanca,2025-10-23 16:00:00,2025-10-23,2.81,6.2,1.6,2.64,1452,B,93.7,176,0.064,474.0,5.5,98.9,76.2,72.3,700,Aucun - Etat acceptable,Faible,29.8,5.0,29.6,0,49,15642,3069
M002,Pompe hydraulique P-12,Pompe,Pomperie,Casablanca,2025-10-23 19:00:00,2025-10-23,6.05,6.24,2.07,3.01,1501,C,71.9,113,0.295,390.0,4.9,98.8,77.8,75.4,2954,Aucun - Etat acceptable,Faible,35.8,5.4,35.3,4,19,23090,3794
M003,Moteur electrique ME-45,Moteur,Convoyage,Casablanca,2025-10-23 22:00:00,2025-10-23,1.39,1.29,1.63,3.57,1519,A,94.7,173,0.042,465.0,6.9,98.5,84.9,80.1,991,Aucun - Etat nominal,Aucune,28.7,4.3,31.9,0,15,25090,1047
M004,Ventilateur V-08,Ventilateur,Ventilation,Tanger,2025-10-23 23:00:00,2025-10-23,2.32,4.34,1.77,2.69,1454,B,96.6,181,0.025,430.0,6.2,98.6,79.3,75.7,252,Aucun - Etat acceptable,Faible,30.3,4.3,31.9,0,46,11502,266
M005,Reducteur R-22,Reducteur,Broyage,Tanger,2025-10-24 01:00:00,2025-10-24,5.86,16.24,2.64,2.95,1471,C,74.9,114,0.251,394.0,3.0,99.2,78.9,77.8,2699,Aucun - Etat acceptable,Faible,34.2,5.1,32.8,2,71,9907,1235
M006,Compresseur C-201,Compresseur,Air comprime,Casablanca,2025-10-24 03:00:00,2025-10-24,2.94,3.78,1.72,2.07,1483,B,94.8,161,0.052,401.0,4.1,99.0,82.8,80.6,1799,Aucun - Etat acceptable,Faible,29.3,4.2,31.2,1,49,20421,3892
M007,Pompe transfert PT-09,Pompe,Pomperie,Tanger,2025-10-24 06:00:00,2025-10-24,1.04,1.1,2.22,2.65,1491,A,94.9,176,0.047,373.0,8.0,97.9,77.4,74.9,1866,Aucun - Etat nominal,Aucune,30.1,4.9,30.9,2,20,4571,401
M008,Turbine T-100,Turbine,Ventilation,Tanger,2025-10-24 07:00:00,2025-10-24,4.78,14.01,1.78,2.15,8031,C,97.8,180,0.01,458.0,2.8,99.4,93.7,89.6,2411,Aucun - Etat acceptable,Faible,29.2,4.4,165.0,0,65,1569,1452
M001,Compresseur Atlas C-1,Compresseur,Broyage,Casablanca,2025-10-24 10:00:00,2025-10-24,2.17,3.77,3.02,2.14,1472,A,95.8,180,0.048,435.0,6.8,98.5,95.1,92.1,907,Aucun - Etat acceptable,Faible,30.1,4.0,33.3,1,77,3313,3833
M002,Pompe hydraulique P-12,Pompe,Pomperie,Casablanca,2025-10-24 11:00:00,2025-10-24,6.52,16.06,2.27,3.37,1560,C,70.9,118,0.277,488.0,3.5,99.3,82.9,76.9,1635,Aucun - Etat acceptable,Faible,37.0,5.9,38.8,0,107,12175,2486
M003,Moteur electrique ME-45,Moteur,Convoyage,Casablanca,2025-10-24 14:00:00,2025-10-24,1.14,1.95,1.8,1.99,1424,A,91.8,156,0.066,386.0,5.5,98.6,90.7,88.2,359,Aucun - Etat nominal,Aucune,29.4,2.6,29.0,0,38,19350,364
M004,Ventilateur V-08,Ventilateur,Ventilation,Tanger,2025-10-24 16:00:00,2025-10-24,2.11,3.72,2.44,2.95,1509,A,94.1,154,0.075,,3.5,99.4,85.1,83.7,2913,Aucun - Etat acceptable,Faible,26.0,6.5,30.7,0,1,21992,3468
M005,Reducteur R-22,Reducteur,Broyage,Tanger,2025-10-24 17:00:00,2025-10-24,6.68,17.78,2.32,4.34,1527,C,72.0,107,0.282,520.0,6.7,98.7,90.2,84.3,1725,Defaut roulement,Moderee,34.4,6.4,37.1,4,61,25302,3019
M006,Compresseur C-201,Compresseur,Air comprime,Casablanca,2025-10-24 19:00:00,2025-10-24,2.48,6.65,1.58,1.5,1463,B,92.4,172,0.076,515.0,7.4,98.6,84.9,82.4,2930,Aucun - Etat acceptable,Faible,30.5,4.2,33.9,1,68,11817,3875
M007,Pompe transfert PT-09,Pompe,Pomperie,Tanger,2025-10-24 22:00:00,2025-10-24,2.0,1.99,1.99,2.06,1407,A,94.4,160,0.053,556.0,3.0,99.5,77.5,73.5,267,Aucun - Etat acceptable,Faible,27.3,3.9,31.4,1,67,14191,3748
M008,Turbine T-100,Turbine,Ventilation,Tanger,2025-10-24 23:00:00,2025-10-24,3.94,9.74,1.92,2.24,7806,B,98.9,171,0.01,459.0,2.9,99.4,85.2,79.8,2338,Aucun - Etat acceptable,Faible,30.6,6.2,157.4,1,78,18752,3377
M001,Compresseur Atlas C-1,Compresseur,Broyage,Casablanca,2025-10-25 01:00:00,2025-10-25,2.54,7.6,2.18,2.87,1496,B,93.6,177,0.07,593.0,7.4,98.8,90.8,86.8,211,Aucun - Etat acceptable,Faible,28.7,,30.4,0,32,15117,2414
M002,Pompe hydraulique P-12,Pompe,Pomperie,Casablanca,2025-10-25 03:00:00,2025-10-25,6.28,13.48,2.32,4.24,1476,C,70.3,118,0.309,480.0,6.1,98.7,85.9,79.2,1723,Defaut roulement,Moderee,35.9,6.9,,0,43,20699,3433
M003,Moteur electrique ME-45,Moteur,Convoyage,Casablanca,2025-10-25 06:00:00,2025-10-25,0.77,1.33,1.67,2.57,1486,A,94.4,164,0.042,450.0,4.3,99.1,87.7,81.3,359,Aucun - Etat nominal,Aucune,32.0,4.1,30.6,1,75,10516,633
M004,Ventilateur V-08,Ventilateur,Ventilation,Tanger,2025-10-25 07:00:00,2025-10-25,2.5,5.31,1.28,2.61,1482,B,95.8,174,0.061,383.0,4.1,98.9,87.9,81.2,1039,Aucun - Etat acceptable,Faible,32.9,4.8,31.3,1,60,27042,3096
M005,Reducteur R-22,Reducteur,Broyage,Tanger,2025-10-25 09:00:00,2025-10-25,6.59,12.98,2.49,4.06,1493,C,74.3,115,0.268,402.0,6.1,98.5,92.5,89.3,638,Defaut roulement,Moderee,36.4,7.1,33.4,1,18,21602,2671
M006,Compresseur C-201,Compresseur,Air comprime,Casablanca,2025-10-25 10:00:00,2025-10-25,2.76,2.28,1.79,1.8,1475,B,94.0,160,0.047,433.0,6.4,98.5,79.3,75.1,2986,Aucun - Etat acceptable,Faible,29.8,3.8,31.4,0,70,3072,996
M007,Pompe transfert PT-09,Pompe,Pomperie,Tanger,2025-10-25 13:00:00,2025-10-25,0.87,1.28,2.08,2.81,1473,A,94.3,155,0.069,433.0,5.3,98.8,79.4,77.7,2071,Aucun - Etat nominal,Aucune,30.3,5.0,32.6,0,15,10438,3690
M008,Turbine T-100,Turbine,Ventilation,Tanger,2025-10-25 14:00:00,2025-10-25,4.05,3.48,1.67,3.03,8019,B,92.6,180,0.059,384.0,7.6,98.1,93.2,89.0,508,Aucun - Etat acceptable,Faible,29.0,6.5,163.5,1,60,27003,2875
M001,Compresseur Atlas C-1,Compresseur,Broyage,Casablanca,2025-10-25 18:00:00,2025-10-25,2.45,6.38,2.03,2.41,1420,B,97.1,167,0.038,397.0,4.5,98.9,75.4,73.4,970,Aucun - Etat acceptable,Faible,32.5,4.6,31.8,0,5,22964,746
M002,Pompe hydraulique P-12,Pompe,Pomperie,Casablanca,2025-10-25 19:00:00,2025-10-25,6.45,11.67,2.36,3.7,1486,C,72.1,110,0.261,490.0,5.3,98.9,89.2,87.8,747,Aucun - Etat acceptable,Faible,35.6,5.5,36.0,1,32,9580,2488
M003,Moteur electrique ME-45,Moteur,Convoyage,Casablanca,2025-10-25 20:00:00,2025-10-25,0.58,1.65,1.67,2.08,1507,A,95.7,185,0.059,419.0,5.0,98.8,86.6,85.4,597,Aucun - Etat nominal,Aucune,30.2,2.7,30.8,0,75,11594,2964
M004,Ventilateur V-08,Ventilateur,Ventilation,Tanger,2025-10-26 00:00:00,2025-10-26,2.73,6.15,1.85,2.29,1541,B,94.2,178,0.053,557.0,3.1,99.4,83.8,79.9,1279,Aucun - Etat acceptable,Faible,30.0,6.1,35.7,0,37,4041,3087
M005,Reducteur R-22,Reducteur,Broyage,Tanger,2025-10-26 02:00:00,2025-10-26,6.55,19.86,2.32,4.82,1453,C,72.1,95,0.289,359.0,6.9,98.1,84.7,83.2,1376,Defaut roulement,Moderee,37.3,8.4,35.5,1,17,13681,1425
M006,Compresseur C-201,Compresseur,Air comprime,Casablanca,2025-10-26 02:00:00,2025-10-26,2.33,3.2,1.34,2.25,1455,B,95.8,167,0.044,518.0,4.6,99.1,92.5,87.1,2593,Aucun - Etat acceptable,Faible,29.2,5.8,29.9,0,23,6189,3393
M007,Pompe transfert PT-09,Pompe,Pomperie,Tanger,2025-10-26 04:00:00,2025-10-26,1.83,5.3,2.19,2.68,1495,A,95.0,171,0.031,427.0,4.5,99.0,82.3,78.8,2185,Aucun - Etat acceptable,Faible,30.9,4.4,31.3,0,41,2239,2103
M008,Turbine T-100,Turbine,Ventilation,Tanger,2025-10-26 08:00:00,2025-10-26,4.19,9.49,1.34,2.04,7951,B,97.8,174,0.035,454.0,6.1,98.7,94.5,87.6,254,Aucun - Etat acceptable,Faible,31.1,5.6,160.1,0,38,9637,2800
M001,Compresseur Atlas C-1,Compresseur,Broyage,Casablanca,2025-10-26 09:00:00,2025-10-26,2.64,7.74,1.32,2.65,1494,B,94.8,176,0.045,420.0,3.0,99.3,96.4,94.1,2897,Aucun - Etat acceptable,Faible,28.5,5.3,34.6,0,65,4047,2622
M002,Pompe hydraulique P-12,Pompe,Pomperie,Casablanca,2025-10-26 11:00:00,2025-10-26,5.74,12.44,2.39,4.29,1431,C,72.0,115,0.281,377.0,7.8,98.0,77.5,72.3,1335,Aucun - Etat acceptable,Faible,36.6,8.4,33.1,0,50,19931,611
M003,Moteur electrique ME-45,Moteur,Convoyage,Casablanca,2025-10-26 12:00:00,2025-10-26,1.82,5.72,1.6,2.72,1470,A,96.5,185,0.047,430.0,2.8,99.4,88.3,86.2,2939,Aucun - Etat acceptable,Faible,29.5,6.4,29.7,0,38,24416,1836
M004,Ventilateur V-08,Ventilateur,Ventilation,Tanger,2025-10-26 14:00:00,2025-10-26,3.07,8.18,1.2,3.22,1455,B,95.7,169,0.035,341.0,7.8,97.8,80.4,74.5,1983,Aucun - Etat acceptable,Faible,29.6,4.8,31.8,3,76,7258,2786
M005,Reducteur R-22,Reducteur,Broyage,Tanger,2025-10-26 17:00:00,2025-10-26,5.88,8.02,2.85,3.65,1535,C,69.5,118,0.315,451.0,3.8,99.2,75.8,72.5,2198,Aucun - Etat acceptable,Faible,37.2,5.3,36.3,2,110,22469,3480
M006,Compresseur C-201,Compresseur,Air comprime,Casablanca,2025-10-26 20:00:00,2025-10-26,2.34,7.29,1.4,1.5,1459,B,94.7,180,0.051,542.0,5.8,98.9,76.6,73.2,1248,Aucun - Etat acceptable,Faible,,5.4,29.5,2,40,8963,2100
M007,Pompe transfert PT-09,Pompe,Pomperie,Tanger,2025-10-26 22:00:00,2025-10-26,0.95,2.94,1.68,2.07,1480,A,98.1,168,0.011,519.0,5.1,99.0,78.4,74.8,2575,Aucun - Etat nominal,Aucune,31.3,3.2,,0,9,7886,872
M008,Turbine T-100,Turbine,Ventilation,Tanger,2025-10-26 23:00:00,2025-10-26,3.69,6.12,1.81,1.9,8092,B,95.2,173,0.062,443.0,3.1,99.3,77.1,75.3,1383,Aucun - Etat acceptable,Faible,32.4,5.3,163.0,0,7,25598,32
M001,Compresseur Atlas C-1,Compresseur,Broyage,Casablanca,2025-10-27 02:00:00,2025-10-27,2.27,6.18,2.17,2.9,1472,A,94.6,168,0.041,,4.6,99.1,95.1,91.6,1220,Aucun - Etat acceptable,Faible,30.4,3.7,33.7,1,72,20771,1129
M002,Pompe hydraulique P-12,Pompe,Pomperie,Casablanca,2025-10-27 02:00:00,2025-10-27,6.47,15.09,2.24,3.61,1448,C,70.4,108,0.294,455.0,4.6,99.0,91.5,86.1,1886,Aucun - Etat acceptable,Faible,35.4,8.3,35.5,0,95,5440,2990
M003,Moteur electrique ME-45,Moteur,Convoyage,Casablanca,2025-10-27 05:00:00,2025-10-27,1.76,4.75,1.57,2.66,1473,A,95.1,175,0.043,396.0,5.5,98.6,89.3,86.5,710,Aucun - Etat acceptable,Faible,26.4,6.2,32.7,0,22,10733,635
M004,Ventilateur V-08,Ventilateur,Ventilation,Tanger,2025-10-27 06:00:00,2025-10-27,3.16,5.66,2.36,3.0,1466,B,93.4,181,0.076,480.0,2.7,99.4,79.0,75.6,1966,Aucun - Etat acceptable,Faible,30.9,6.5,33.5,0,54,25436,3958
M005,Reducteur R-22,Reducteur,Broyage,Tanger,2025-10-27 09:00:00,2025-10-27,5.7,17.26,2.2,4.66,1505,C,70.2,104,0.287,490.0,6.1,98.8,83.0,78.5,2280,Aucun - Etat acceptable,Faible,34.5,6.7,33.3,0,19,10658,358
M006,Compresseur C-201,Compresseur,Air comprime,Casablanca,2025-10-27 11:00:00,2025-10-27,1.95,4.39,2.03,2.08,1504,A,95.9,169,0.046,415.0,7.9,98.1,82.2,76.5,1529,Aucun - Etat acceptable,Faible,30.0,5.0,33.0,0,11,25777,2683
M007,Pompe transfert PT-09,Pompe,Pomperie,Tanger,2025-10-27 12:00:00,2025-10-27,1.21,2.44,1.99,2.61,1464,A,93.7,169,0.062,487.0,7.3,98.5,85.8,84.5,670,Aucun - Etat nominal,Aucune,28.4,5.4,30.5,3,43,21743,299
M008,Turbine T-100,Turbine,Ventilation,Tanger,2025-10-27 14:00:00,2025-10-27,3.86,8.66,1.8,2.23,7965,B,95.7,173,0.023,488.0,2.8,99.4,95.6,93.8,2543,Aucun - Etat acceptable,Faible,29.1,6.5,161.0,1,65,2203,1456
M001,Compresseur Atlas C-1,Compresseur,Broyage,Casablanca,2025-10-27 16:00:00,2025-10-27,2.87,2.89,2.26,2.12,1491,B,92.8,180,0.086,345.0,6.1,98.3,80.0,79.0,353,Aucun - Etat acceptable,Faible,27.8,3.7,30.0,0,38,23995,1211
M002,Pompe hydraulique P-12,Pompe,Pomperie,Casablanca,2025-10-27 18:00:00,2025-10-27,6.85,12.19,2.47,3.09,1485,C,70.1,116,0.283,447.0,6.8,98.5,87.1,80.6,2870,Aucun - Etat acceptable,Faible,38.8,5.7,34.3,1,70,3601,3703
M003,Moteur electrique ME-45,Moteur,Convoyage,Casablanca,2025-10-27 21:00:00,2025-10-27,1.35,4.05,1.85,2.93,1502,A,95.8,176,0.024,576.0,5.9,99.0,88.5,86.9,659,Aucun - Etat nominal,Aucune,33.1,5.4,30.6,2,77,23986,136
M004,Ventilateur V-08,Ventilateur,Ventilation,Tanger,2025-10-27 23:00:00,2025-10-27,2.34,3.64,2.28,2.78,1533,B,97.4,182,0.023,543.0,3.2,99.4,91.8,86.2,1426,Aucun - Etat acceptable,Faible,32.1,4.9,35.1,0,23,23865,3786
M005,Reducteur R-22,Reducteur,Broyage,Tanger,2025-10-28 01:00:00,2025-10-28,6.12,8.33,2.65,4.49,1466,C,70.5,92,0.298,493.0,4.6,99.1,85.8,82.6,2736,Defaut roulement,Moderee,38.4,5.7,36.6,1,50,25646,1573
M006,Compresseur C-201,Compresseur,Air comprime,Casablanca,2025-10-28 03:00:00,2025-10-28,1.98,3.34,1.82,1.94,1462,A,96.5,164,0.046,488.0,7.5,98.5,93.6,86.6,2203,Aucun - Etat acceptable,Faible,29.8,3.5,32.3,0,56,25136,2321
M007,Pompe transfert PT-09,Pompe,Pomperie,Tanger,2025-10-28 06:00:00,2025-10-28,0.95,2.82,1.69,2.42,1479,A,96.2,166,0.054,445.0,4.5,99.0,77.5,75.1,2979,Aucun - Etat nominal,Aucune,28.8,,34.1,0,23,18874,3266
M008,Turbine T-100,Turbine,Ventilation,Tanger,2025-10-28 07:00:00,2025-10-28,4.39,8.57,1.42,2.57,7936,B,98.8,172,0.01,432.0,5.5,98.7,75.2,69.4,389,Aucun - Etat acceptable,Faible,31.0,7.4,162.7,0,0,5525,2275
M001,Compresseur Atlas C-1,Compresseur,Broyage,Casablanca,2025-10-28 08:00:00,2025-10-28,2.69,2.46,1.55,1.51,1422,B,96.6,170,0.044,563.0,5.8,99.0,87.2,80.6,1590,Aucun - Etat acceptable,Faible,32.0,,,1,11,18935,2077
M002,Pompe hydraulique P-12,Pompe,Pomperie,Casablanca,2025-10-28 11:00:00,2025-10-28,6.09,12.07,2.44,3.2,1521,C,71.4,114,0.291,396.0,6.2,98.5,75.5,70.8,1728,Aucun - Etat acceptable,Faible,34.4,6.1,37.7,0,45,1993,3372
M003,Moteur electrique ME-45,Moteur,Convoyage,Casablanca,2025-10-28 12:00:00,2025-10-28,0.64,2.02,1.38,2.55,1470,A,93.7,174,0.052,445.0,5.8,98.7,83.2,77.8,2736,Aucun - Etat nominal,Aucune,31.2,3.1,29.9,0,31,5132,3840
M004,Ventilateur V-08,Ventilateur,Ventilation,Tanger,2025-10-28 14:00:00,2025-10-28,2.71,8.62,1.81,1.92,1465,B,92.9,168,0.071,430.0,5.1,98.8,90.2,88.9,1722,Aucun - Etat acceptable,Faible,27.5,5.6,29.4,0,25,21144,3841
M005,Reducteur R-22,Reducteur,Broyage,Tanger,2025-10-28 18:00:00,2025-10-28,6.66,12.59,2.39,4.42,1484,C,73.0,122,0.284,428.0,5.3,98.8,76.5,74.1,2561,Defaut roulement,Moderee,35.7,6.4,34.3,0,29,13740,1328
M006,Compresseur C-201,Compresseur,Air comprime,Casablanca,2025-10-28 20:00:00,2025-10-28,1.84,3.37,2.35,2.8,1460,A,95.6,172,0.025,528.0,2.9,99.5,78.8,75.7,2122,Aucun - Etat acceptable,Faible,28.7,3.1,30.0,2,49,11646,1833
M007,Pompe transfert PT-09,Pompe,Pomperie,Tanger,2025-10-28 22:00:00,2025-10-28,1.51,3.06,1.2,1.5,1478,A,98.9,163,0.024,396.0,5.2,98.7,86.4,81.3,1798,Aucun - Etat acceptable,Faible,30.4,3.4,33.0,0,52,1874,1746
M008,Turbine T-100,Turbine,Ventilation,Tanger,2025-10-29 00:00:00,2025-10-29,3.72,5.74,2.17,3.11,7966,B,98.6,182,0.011,472.0,5.4,98.9,93.8,86.3,1273,Aucun - Etat acceptable,Faible,30.5,4.3,162.5,0,13,6929,1784
M001,Compresseur Atlas C-1,Compresseur,Broyage,Casablanca,2025-10-29 00:00:00,2025-10-29,3.13,4.43,1.51,2.09,1489,B,99.8,166,0.01,533.0,5.2,99.0,76.4,71.8,2648,Aucun - Etat acceptable,Faible,27.9,,32.2,0,56,7834,3243
M002,Pompe hydraulique P-12,Pompe,Pomperie,Casablanca,2025-10-29 02:00:00,2025-10-29,6.21,17.43,2.83,4.63,1510,C,69.1,91,0.301,453.0,6.3,98.6,93.3,86.8,1726,Defaut roulement,Moderee,36.3,8.2,35.8,1,27,21746,628
M003,Moteur electrique ME-45,Moteur,Convoyage,Casablanca,2025-10-29 04:00:00,2025-10-29,1.74,5.4,1.53,3.13,1492,A,95.5,184,0.032,396.0,4.0,99.0,79.1,76.1,1286,Aucun - Etat acceptable,Faible,,4.8,34.0,0,68,8773,1535
M004,Ventilateur V-08,Ventilateur,Ventilation,Tanger,2025-10-29 07:00:00,2025-10-29,2.75,4.95,2.1,1.69,1487,B,96.8,188,0.026,547.0,6.8,98.8,81.5,79.1,2303,Aucun - Etat acceptable,Faible,30.5,5.3,33.4,0,2,26625,2558
M005,Reducteur R-22,Reducteur,Broyage,Tanger,2025-10-29 09:00:00,2025-10-29,6.9,6.92,2.69,3.71,1467,C,65.3,99,0.358,450.0,4.4,99.0,83.5,79.1,2670,Aucun - Etat acceptable,Faible,37.3,6.9,36.5,2,67,3197,3185
M006,Compresseur C-201,Compresseur,Air comprime,Casablanca,2025-10-29 12:00:00,2025-10-29,2.51,5.45,2.15,2.5,1429,B,94.6,179,0.042,644.0,7.0,98.9,90.9,87.9,2780,Aucun - Etat acceptable,Faible,31.3,5.8,31.1,2,37,3189,3583
M007,Pompe transfert PT-09,Pompe,Pomperie,Tanger,2025-10-29 14:00:00,2025-10-29,1.53,2.32,1.95,1.8,1466,A,95.0,182,0.058,495.0,6.2,98.8,83.1,76.5,606,Aucun - Etat acceptable,Faible,29.9,4.1,30.4,1,75,14920,2594
M008,Turbine T-100,Turbine,Ventilation,Tanger,2025-10-29 16:00:00,2025-10-29,5.08,16.22,1.83,2.57,7869,C,96.2,183,0.029,390.0,5.7,98.6,94.5,89.1,1102,Aucun - Etat acceptable,Faible,30.8,7.5,161.2,2,52,2654,3469
M001,Compresseur Atlas C-1,Compresseur,Broyage,Casablanca,2025-10-29 16:00:00,2025-10-29,2.29,5.34,2.17,2.18,1488,A,96.7,180,0.039,527.0,7.4,98.6,83.9,82.5,2236,Aucun - Etat acceptable,Faible,29.2,5.0,34.2,3,60,24246,1619
M002,Pompe hydraulique P-12,Pompe,Pomperie,Casablanca,2025-10-29 19:00:00,2025-10-29,6.5,10.39,2.0,3.67,1495,C,69.2,108,0.293,568.0,6.8,98.8,74.6,73.3,2018,Aucun - Etat acceptable,Faible,36.6,,,0,116,23276,2172
M003,Moteur electrique ME-45,Moteur,Convoyage,Casablanca,2025-10-29 20:00:00,2025-10-29,1.58,4.45,1.74,1.97,1445,A,95.2,176,0.056,451.0,7.3,98.4,81.5,79.4,1154,Aucun - Etat acceptable,Faible,30.0,6.1,31.5,0,0,26358,1541
M004,Ventilateur V-08,Ventilateur,Ventilation,Tanger,2025-10-30 00:00:00,2025-10-30,2.54,5.56,2.29,2.69,1426,B,95.0,166,0.042,502.0,,99.4,94.7,88.8,2489,Aucun - Etat acceptable,Faible,29.3,5.3,29.2,0,79,4035,510
M005,Reducteur R-22,Reducteur,Broyage,Tanger,2025-10-30 00:00:00,2025-10-30,5.75,5.03,2.9,4.67,1489,C,64.7,98,0.346,458.0,4.9,98.9,80.5,77.3,2036,Aucun - Etat acceptable,Faible,36.8,8.3,36.0,1,21,4751,1018
M006,Compresseur C-201,Compresseur,Air comprime,Casablanca,2025-10-30 03:00:00,2025-10-30,2.64,2.73,2.01,2.44,1529,B,89.9,149,0.119,355.0,7.3,98.0,86.2,82.4,2600,Aucun - Etat acceptable,Faible,28.3,5.7,31.0,0,55,13310,3733
M007,Pompe transfert PT-09,Pompe,Pomperie,Tanger,2025-10-30 06:00:00,2025-10-30,1.74,4.5,1.54,3.02,1442,A,94.0,162,0.075,397.0,5.4,98.7,86.9,84.0,2542,Aucun - Etat acceptable,Faible,30.7,3.2,30.8,1,16,9425,2365
M008,Turbine T-100,Turbine,Ventilation,Tanger,2025-10-30 07:00:00,2025-10-30,3.75,3.93,1.81,3.41,7899,B,93.3,167,0.084,495.0,6.0,98.8,91.1,86.6,287,Aucun - Etat acceptable,Faible,28.8,5.5,158.1,1,39,18893,1716
M001,Compresseur Atlas C-1,Compresseur,Broyage,Casablanca,2025-10-30 10:00:00,2025-10-30,2.89,5.03,2.15,2.83,1484,B,95.9,162,0.028,428.0,3.8,99.1,80.3,74.1,2221,Aucun - Etat acceptable,Faible,33.0,4.6,31.6,1,17,9035,184
M002,Pompe hydraulique P-12,Pompe,Pomperie,Casablanca,2025-10-30 12:00:00,2025-10-30,6.2,11.14,2.39,5.1,1415,C,68.0,109,0.31,333.0,4.6,98.6,83.3,80.9,2168,Defaut roulement,Moderee,38.4,8.1,36.6,1,24,12495,189
M003,Moteur electrique ME-45,Moteur,Convoyage,Casablanca,2025-10-30 13:00:00,2025-10-30,1.7,5.06,1.91,2.45,1517,A,97.9,173,0.01,420.0,5.1,98.8,92.8,89.4,2504,Aucun - Etat acceptable,Faible,28.1,5.8,32.9,0,54,11884,1285
M004,Ventilateur V-08,Ventilateur,Ventilation,Tanger,2025-10-30 14:00:00,2025-10-30,3.3,5.89,1.24,3.22,1445,B,95.9,174,0.035,587.0,6.1,99.0,83.1,80.2,393,Aucun - Etat acceptable,Faible,32.8,5.1,32.6,0,30,8172,3603
M005,Reducteur R-22,Reducteur,Broyage,Tanger,2025-10-30 18:00:00,2025-10-30,6.31,11.11,2.12,3.93,1444,C,67.1,102,0.329,532.0,7.4,98.6,96.2,91.2,1706,Aucun - Etat acceptable,Faible,37.4,5.9,33.8,1,114,19068,2677
M006,Compresseur C-201,Compresseur,Air comprime,Casablanca,2025-10-30 18:00:00,2025-10-30,3.31,3.34,1.97,3.02,1465,B,91.7,156,0.063,497.0,3.2,99.4,77.2,73.2,1654,Aucun - Etat acceptable,Faible,28.3,5.2,,0,50,880,2113
M007,Pompe transfert PT-09,Pompe,Pomperie,Tanger,2025-10-30 22:00:00,2025-10-30,1.45,3.84,1.95,1.65,1510,A,96.1,170,0.042,428.0,4.5,99.0,85.1,80.5,2463,Aucun - Etat nominal,Aucune,28.3,3.2,34.7,3,1,3523,688
M008,Turbine T-100,Turbine,Ventilation,Tanger,2025-10-31 00:00:00,2025-10-31,4.05,9.97,1.97,2.75,8047,B,92.1,173,0.064,593.0,2.7,99.5,80.9,74.6,2607,Aucun - Etat acceptable,Faible,28.8,7.3,162.1,0,52,6589,288
M001,Compresseur Atlas C-1,Compresseur,Broyage,Casablanca,2025-10-31 02:00:00,2025-10-31,2.0,2.89,1.27,2.73,1516,A,95.7,176,0.043,545.0,4.3,99.2,93.5,88.0,1437,Aucun - Etat acceptable,Faible,30.7,3.8,31.7,0,40,23521,2559
M002,Pompe hydraulique P-12,Pompe,Pomperie,Casablanca,2025-10-31 04:00:00,2025-10-31,6.69,12.67,2.81,4.51,1421,C,64.2,91,0.371,466.0,2.8,99.4,89.9,88.0,2937,Defaut roulement,Moderee,36.3,6.1,35.4,2,9,21771,3122
M003,Moteur electrique ME-45,Moteur,Convoyage,Casablanca,2025-10-31 05:00:00,2025-10-31,2.0,3.56,1.8,2.25,1437,A,96.0,164,0.053,487.0,2.8,99.4,88.5,83.8,622,Aucun - Etat acceptable,Faible,29.8,3.9,33.0,0,11,25008,478
M004,Ventilateur V-08,Ventilateur,Ventilation,Tanger,2025-10-31 07:00:00,2025-10-31,2.36,5.89,1.52,2.44,1475,B,95.3,167,0.053,411.0,3.5,99.2,89.1,84.0,1980,Aucun - Etat acceptable,Faible,31.9,5.4,30.8,1,55,8072,607
M005,Reducteur R-22,Reducteur,Broyage,Tanger,2025-10-31 10:00:00,2025-10-31,6.62,9.13,2.36,4.15,1459,C,66.3,88,0.327,418.0,5.9,98.6,87.2,82.5,1266,Defaut roulement,Moderee,37.1,8.0,36.5,2,118,14206,3427
M006,Compresseur C-201,Compresseur,Air comprime,Casablanca,2025-10-31 11:00:00,2025-10-31,2.65,3.65,1.41,2.19,1447,B,94.6,178,0.07,573.0,7.0,98.8,96.6,91.5,2944,Aucun - Etat acceptable,Faible,27.8,6.1,32.0,0,65,13945,1298
M007,Pompe transfert PT-09,Pompe,Pomperie,Tanger,2025-10-31 13:00:00,2025-10-31,1.21,2.9,1.8,1.7,1460,A,96.8,174,0.036,498.0,6.9,98.6,96.4,93.3,1212,Aucun - Etat nominal,Aucune,28.1,2.6,29.8,2,8,23531,2335
M008,Turbine T-100,Turbine,Ventilation,Tanger,2025-10-31 15:00:00,2025-10-31,4.97,8.44,1.67,2.59,8043,C,95.2,177,0.044,436.0,4.7,98.9,75.0,71.9,1551,Aucun - Etat acceptable,Faible,31.5,4.9,162.4,1,58,11858,1999
M001,Compresseur Atlas C-1,Compresseur,Broyage,Casablanca,2025-10-31 16:00:00,2025-10-31,2.43,6.06,1.78,3.05,1479,B,94.3,180,0.076,402.0,3.2,99.2,84.0,80.1,2372,Aucun - Etat acceptable,Faible,29.8,6.7,32.7,1,18,18006,3732
M002,Pompe hydraulique P-12,Pompe,Pomperie,Casablanca,2025-10-31 18:00:00,2025-10-31,6.56,8.97,2.41,3.68,1481,C,64.0,84,0.341,474.0,3.2,99.3,79.7,75.3,2909,Aucun - Etat acceptable,Faible,36.2,7.7,34.8,1,122,14658,1854
M003,Moteur electrique ME-45,Moteur,Convoyage,Casablanca,2025-10-31 21:00:00,2025-10-31,1.56,2.87,1.52,2.48,1499,A,94.6,161,0.065,464.0,2.6,99.4,87.3,82.6,873,Aucun - Etat acceptable,Faible,30.5,6.2,33.6,2,34,1070,3575
M004,Ventilateur V-08,Ventilateur,Ventilation,Tanger,2025-11-01 00:00:00,2025-11-01,2.65,8.32,1.67,3.25,1419,B,94.4,183,0.054,471.0,3.1,99.3,75.6,69.6,1799,Aucun - Etat acceptable,Faible,29.7,5.6,32.0,0,14,6628,928
M005,Reducteur R-22,Reducteur,Broyage,Tanger,2025-11-01 00:00:00,2025-11-01,6.57,17.73,2.57,4.3,1506,C,66.5,104,0.319,404.0,3.5,99.1,77.3,72.9,1546,Defaut roulement,Moderee,35.6,7.4,37.3,1,28,1513,3194
M006,Compresseur C-201,Compresseur,Air comprime,Casablanca,2025-11-01 02:00:00,2025-11-01,3.34,3.99,1.45,2.7,1505,B,93.8,171,0.076,429.0,2.9,99.3,86.1,85.1,825,Aucun - Etat acceptable,Faible,29.9,3.9,31.1,2,39,8865,1231
M007,Pompe transfert PT-09,Pompe,Pomperie,Tanger,2025-11-01 04:00:00,2025-11-01,1.39,1.91,1.68,2.61,1450,A,93.5,175,0.064,489.0,4.0,99.2,75.1,72.3,2319,Aucun - Etat nominal,Aucune,29.7,3.0,29.9,0,51,14598,3574
M008,Turbine T-100,Turbine,Ventilation,Tanger,2025-11-01 07:00:00,2025-11-01,4.33,9.11,1.52,2.84,8120,B,93.0,172,0.085,549.0,5.9,98.9,92.4,87.8,850,Aucun - Etat acceptable,Faible,29.6,5.8,167.1,0,56,11257,2696
M001,Compresseur Atlas C-1,Compresseur,Broyage,Casablanca,2025-11-01 08:00:00,2025-11-01,3.18,8.3,1.4,3.57,1465,B,94.7,166,0.067,519.0,4.4,99.2,94.8,90.3,720,Aucun - Etat acceptable,Faible,30.6,4.1,30.5,0,3,1147,195
M002,Pompe hydraulique P-12,Pompe,Pomperie,Casablanca,2025-11-01 10:00:00,2025-11-01,6.95,15.87,1.94,3.39,1495,C,61.7,99,0.374,450.0,3.4,99.3,82.3,77.6,1645,Aucun - Etat acceptable,Faible,34.8,7.8,37.9,0,91,20277,2249
M003,Moteur electrique ME-45,Moteur,Convoyage,Casablanca,2025-11-01 12:00:00,2025-11-01,1.24,1.26,1.86,2.84,1508,A,97.5,183,0.038,581.0,4.5,99.2,81.6,79.9,2578,Aucun - Etat nominal,Aucune,26.7,3.4,30.2,0,37,22499,784
M004,Ventilateur V-08,Ventilateur,Ventilation,Tanger,2025-11-01 16:00:00,2025-11-01,3.61,9.49,1.52,2.25,1459,B,92.2,170,0.068,426.0,3.1,99.3,97.0,91.3,2454,Aucun - Etat acceptable,Faible,28.9,3.9,32.8,0,24,11071,2037
M005,Reducteur R-22,Reducteur,Broyage,Tanger,2025-11-01 17:00:00,2025-11-01,6.87,16.53,2.24,4.07,1474,C,64.5,84,0.342,410.0,6.3,98.5,86.7,85.0,1827,Defaut roulement,Moderee,36.4,8.6,36.5,4,87,20864,2733
M006,Compresseur C-201,Compresseur,Air comprime,Casablanca,2025-11-01 18:00:00,2025-11-01,2.95,8.75,2.05,2.18,1505,B,100.4,180,0.014,465.0,6.2,98.7,85.9,83.7,2500,Aucun - Etat acceptable,Faible,30.7,4.8,32.6,0,23,22318,705
M007,Pompe transfert PT-09,Pompe,Pomperie,Tanger,2025-11-01 20:00:00,2025-11-01,1.84,5.31,1.82,2.02,1442,A,97.2,159,0.021,436.0,4.8,98.9,81.2,76.3,395,Aucun - Etat acceptable,Faible,30.7,2.9,31.8,1,50,5546,3029
M008,Turbine T-100,Turbine,Ventilation,Tanger,2025-11-02 00:00:00,2025-11-02,4.27,6.68,1.78,2.9,7983,B,92.6,180,0.085,404.0,5.2,98.7,89.9,86.0,2730,Aucun - Etat acceptable,Faible,30.5,6.5,162.8,1,48,21834,454
M001,Compresseur Atlas C-1,Compresseur,Broyage,Casablanca,2025-11-02 00:00:00,2025-11-02,1.86,5.46,1.94,3.02,1477,A,91.5,178,0.099,501.0,5.8,98.9,81.8,79.9,1394,Aucun - Etat acceptable,Faible,30.4,4.4,31.6,1,62,10723,56
M002,Pompe hydraulique P-12,Pompe,Pomperie,Casablanca,2025-11-02 04:00:00,2025-11-02,6.97,8.43,2.66,4.41,1478,C,62.1,77,0.362,330.0,3.6,98.9,95.8,91.1,1139,Defaut roulement,Moderee,37.5,6.5,34.8,1,42,24084,3951
M003,Moteur electrique ME-45,Moteur,Convoyage,Casablanca,2025-11-02 04:00:00,2025-11-02,0.79,1.22,1.59,2.32,1489,A,93.7,167,0.07,487.0,7.2,98.5,74.1,70.3,1844,Aucun - Etat nominal,Aucune,28.1,2.4,32.3,2,63,25269,428
M004,Ventilateur V-08,Ventilateur,Ventilation,Tanger,2025-11-02 08:00:00,2025-11-02,2.05,4.8,1.74,3.0,1472,A,95.7,164,0.062,454.0,6.0,98.7,76.3,74.7,369,Aucun - Etat acceptable,Faible,32.4,4.8,33.7,0,33,17279,1018
M005,Reducteur R-22,Reducteur,Broyage,Tanger,2025-11-02 08:00:00,2025-11-02,6.95,16.8,2.79,3.24,1459,C,62.9,81,0.371,483.0,7.4,98.5,82.0,77.6,2329,Aucun - Etat acceptable,Faible,38.2,7.0,35.3,0,59,7193,681
M006,Compresseur C-201,Compresseur,Air comprime,Casablanca,2025-11-02 10:00:00,2025-11-02,2.0,3.59,1.93,1.78,1454,A,99.2,182,0.01,332.0,2.7,99.2,85.8,82.3,671,Aucun - Etat acceptable,Faible,27.8,3.0,30.0,1,27,9017,3367
M007,Pompe transfert PT-09,Pompe,Pomperie,Tanger,2025-11-02 14:00:00,2025-11-02,0.53,0.85,1.8,2.72,1457,A,97.3,179,0.047,456.0,7.9,98.3,93.7,88.8,1479,Aucun - Etat nominal,Aucune,27.4,2.6,30.3,0,43,22985,2373
M008,Turbine T-100,Turbine,Ventilation,Tanger,2025-11-02 14:00:00,2025-11-02,4.32,3.58,2.53,2.72,8009,B,94.0,173,0.056,324.0,6.0,98.2,91.4,88.2,257,Aucun - Etat acceptable,Faible,29.2,5.9,163.9,0,39,4609,2441
M001,Compresseur Atlas C-1,Compresseur,Broyage,Casablanca,2025-11-02 17:00:00,2025-11-02,2.95,8.34,2.35,3.47,1487,B,95.0,172,0.057,511.0,6.4,98.8,90.6,89.3,2881,Aucun - Etat acceptable,Faible,29.0,4.2,31.5,0,12,1402,229
M002,Pompe hydraulique P-12,Pompe,Pomperie,Casablanca,2025-11-02 19:00:00,2025-11-02,7.16,13.54,2.64,4.05,1458,D,63.9,80,0.358,402.0,4.1,99.0,79.6,77.3,609,Defaut roulement,Moderee,37.1,7.3,33.8,0,66,3608,3276
M003,Moteur electrique ME-45,Moteur,Convoyage,Casablanca,2025-11-02 22:00:00,2025-11-02,0.8,0.98,1.93,2.14,1446,A,95.1,170,0.034,361.0,6.9,98.1,79.3,74.3,1408,Aucun - Etat nominal,Aucune,30.9,2.8,30.9,0,58,1365,3443
M004,Ventilateur V-08,Ventilateur,Ventilation,Tanger,2025-11-03 00:00:00,2025-11-03,3.2,5.17,1.7,2.21,1460,B,92.6,180,0.089,514.0,5.6,98.9,84.9,81.1,568,Aucun - Etat acceptable,Faible,28.1,4.2,29.8,0,15,14384,2237
M005,Reducteur R-22,Reducteur,Broyage,Tanger,2025-11-03 01:00:00,2025-11-03,6.35,5.43,2.98,2.24,1482,C,62.4,81,0.366,413.0,5.1,98.8,96.6,93.5,2285,Aucun - Etat acceptable,Faible,36.5,7.0,34.4,2,77,26477,3273
M006,Compresseur C-201,Compresseur,Air comprime,Casablanca,2025-11-03 02:00:00,2025-11-03,2.41,2.43,1.57,3.04,1432,B,95.5,179,0.065,427.0,6.1,98.6,81.4,77.1,1654,Aucun - Etat acceptable,Faible,31.1,5.2,29.0,1,17,11404,3204
M007,Pompe transfert PT-09,Pompe,Pomperie,Tanger,2025-11-03 06:00:00,2025-11-03,1.99,3.27,1.61,2.77,1426,A,95.4,165,0.052,436.0,4.9,98.9,75.2,74.0,1515,Aucun - Etat acceptable,Faible,28.3,6.2,30.7,1,62,27131,1995
M008,Turbine T-100,Turbine,Ventilation,Tanger,2025-11-03 06:00:00,2025-11-03,4.28,5.88,1.94,2.77,8055,B,93.4,173,0.063,566.0,4.4,99.2,95.3,88.6,836,Aucun - Etat acceptable,Faible,31.3,4.5,165.7,0,74,22618,2316
M001,Compresseur Atlas C-1,Compresseur,Broyage,Casablanca,2025-11-03 09:00:00,2025-11-03,1.72,1.62,2.0,1.53,1439,A,95.8,183,0.061,377.0,5.2,98.6,74.2,69.0,1373,Aucun - Etat acceptable,Faible,28.9,6.2,30.6,2,47,27290,107
M002,Pompe hydraulique P-12,Pompe,Pomperie,Casablanca,2025-11-03 11:00:00,2025-11-03,7.24,7.73,2.53,3.54,1472,D,62.5,98,0.389,572.0,5.4,99.1,75.2,72.4,1445,Aucun - Etat acceptable,Faible,35.6,7.4,37.1,0,22,19869,3929
M003,Moteur electrique ME-45,Moteur,Convoyage,Casablanca,2025-11-03 14:00:00,2025-11-03,0.7,1.68,1.64,3.3,1516,A,98.1,175,0.037,394.0,3.1,99.2,81.6,79.7,1346,Aucun - Etat nominal,Aucune,30.5,5.6,31.6,0,79,24188,2420
M004,Ventilateur V-08,Ventilateur,Ventilation,Tanger,2025-11-03 15:00:00,2025-11-03,3.04,4.91,2.14,1.82,1489,B,92.9,174,0.083,480.0,6.1,98.7,95.7,93.2,2310,Aucun - Etat acceptable,Faible,28.3,5.6,33.5,0,48,25955,3834
M005,Reducteur R-22,Reducteur,Broyage,Tanger,2025-11-03 18:00:00,2025-11-03,6.85,14.59,2.55,4.72,1451,C,65.4,85,0.356,520.0,6.8,98.7,84.4,81.3,1763,Defaut roulement,Moderee,38.8,7.2,35.4,2,15,3166,2921
M006,Compresseur C-201,Compresseur,Air comprime,Casablanca,2025-11-03 18:00:00,2025-11-03,2.77,8.72,1.82,2.93,1465,B,91.6,150,0.086,306.0,3.4,98.9,76.9,74.8,867,Aucun - Etat acceptable,Faible,31.2,5.0,32.6,1,69,14629,894
M007,Pompe transfert PT-09,Pompe,Pomperie,Tanger,2025-11-03 21:00:00,2025-11-03,1.25,3.6,1.71,1.53,1475,A,99.7,167,0.015,471.0,4.5,99.1,77.2,71.2,1097,Aucun - Etat nominal,Aucune,28.6,5.5,31.8,1,21,1708,2473
M008,Turbine T-100,Turbine,Ventilation,Tanger,2025-11-03 23:00:00,2025-11-03,5.26,5.95,1.25,1.64,8178,C,96.8,180,0.028,484.0,5.3,98.9,92.8,88.9,903,Aucun - Etat acceptable,Faible,30.1,7.6,168.6,0,17,25215,899
M001,Compresseur Atlas C-1,Compresseur,Broyage,Casablanca,2025-11-04 02:00:00,2025-11-04,3.09,8.78,1.62,2.24,1520,B,101.4,168,0.01,473.0,7.6,98.4,82.1,80.5,358,Aucun - Etat acceptable,Faible,29.3,5.4,32.3,1,22,14830,1308
M002,Pompe hydraulique P-12,Pompe,Pomperie,Casablanca,2025-11-04 02:00:00,2025-11-04,7.24,11.66,2.01,3.95,1456,D,60.0,69,0.405,470.0,2.7,99.4,83.2,76.7,1450,Aucun - Etat acceptable,Faible,38.8,7.3,36.7,2,127,18102,1203
M003,Moteur electrique ME-45,Moteur,Convoyage,Casablanca,2025-11-04 05:00:00,2025-11-04,1.69,4.25,1.91,2.29,1458,A,94.4,158,0.056,428.0,4.0,99.1,90.4,88.2,773,Aucun - Etat acceptable,Faible,29.6,5.0,34.1,3,38,6860,189
M004,Ventilateur V-08,Ventilateur,Ventilation,Tanger,2025-11-04 06:00:00,2025-11-04,2.65,6.7,2.31,2.88,1537,B,94.3,167,0.048,466.0,6.1,98.7,81.4,77.6,1533,Aucun - Etat acceptable,Faible,32.2,4.7,31.7,1,23,26274,2684
M005,Reducteur R-22,Reducteur,Broyage,Tanger,2025-11-04 09:00:00,2025-11-04,6.66,14.02,2.13,3.59,1479,C,64.6,83,0.36,449.0,3.7,99.2,81.7,76.5,1335,Aucun - Etat acceptable,Faible,38.6,8.0,35.6,3,64,9356,850
M006,Compresseur C-201,Compresseur,Air comprime,Casablanca,2025-11-04 12:00:00,2025-11-04,3.01,2.63,1.98,3.16,1510,B,90.5,161,0.107,442.0,4.9,98.9,83.5,77.5,358,Aucun - Etat acceptable,Faible,30.0,5.9,32.5,1,40,10860,798
M007,Pompe transfert PT-09,Pompe,Pomperie,Tanger,2025-11-04 12:00:00,2025-11-04,1.48,4.19,2.18,1.77,1477,A,94.7,170,0.06,526.0,5.6,98.9,95.7,91.0,867,Aucun - Etat nominal,Aucune,33.0,5.5,32.5,2,50,27711,1512
M008,Turbine T-100,Turbine,Ventilation,Tanger,2025-11-04 15:00:00,2025-11-04,4.41,13.16,1.85,2.08,7828,B,94.5,176,0.053,663.0,5.0,99.3,80.3,74.6,233,Aucun - Etat acceptable,Faible,30.4,7.5,158.8,1,5,5683,2984
M001,Compresseur Atlas C-1,Compresseur,Broyage,Casablanca,2025-11-04 18:00:00,2025-11-04,2.74,6.8,2.17,2.47,1536,B,95.0,169,0.04,501.0,5.4,98.9,93.1,88.3,428,Aucun - Etat acceptable,Faible,28.8,6.1,32.4,0,26,8696,389
M002,Pompe hydraulique P-12,Pompe,Pomperie,Casablanca,2025-11-04 19:00:00,2025-11-04,6.58,17.45,2.07,3.81,1496,C,63.0,88,0.362,406.0,4.1,99.0,81.3,77.8,2580,Aucun - Etat acceptable,Faible,37.7,6.1,34.5,3,69,8815,3450
M003,Moteur electrique ME-45,Moteur,Convoyage,Casablanca,2025-11-04 21:00:00,2025-11-04,2.06,5.79,1.93,3.11,1528,A,90.5,164,0.095,415.0,5.5,98.7,86.2,82.7,996,Aucun - Etat acceptable,Faible,31.7,3.1,33.3,0,32,8515,1470
M004,Ventilateur V-08,Ventilateur,Ventilation,Tanger,2025-11-05 00:00:00,2025-11-05,3.06,4.95,1.79,3.29,1472,B,93.1,155,0.059,529.0,4.5,99.2,87.1,80.7,1101,Aucun - Etat acceptable,Faible,28.6,6.3,34.2,0,51,22961,3192
M005,Reducteur R-22,Reducteur,Broyage,Tanger,2025-11-05 01:00:00,2025-11-05,7.22,7.07,2.64,3.6,1434,D,61.3,91,0.382,504.0,6.5,98.7,78.0,75.0,2819,Aucun - Etat acceptable,Faible,40.4,8.7,35.3,1,99,18336,86
M006,Compresseur C-201,Compresseur,Air comprime,Casablanca,2025-11-05 02:00:00,2025-11-05,2.45,4.36,1.35,2.67,1463,B,93.2,172,0.079,431.0,7.2,98.4,89.3,85.4,1896,Aucun - Etat acceptable,Faible,30.5,5.1,,0,59,25809,2956
M007,Pompe transfert PT-09,Pompe,Pomperie,Tanger,2025-11-05 05:00:00,2025-11-05,1.74,4.64,1.98,2.91,1448,A,93.0,155,0.051,435.0,3.5,99.2,96.9,94.0,220,Aucun - Etat acceptable,Faible,29.6,4.8,33.7,1,26,18133,1934
M008,Turbine T-100,Turbine,Ventilation,Tanger,2025-11-05 08:00:00,2025-11-05,3.36,8.24,1.95,1.62,7913,B,96.0,178,0.023,434.0,5.8,98.7,76.0,73.7,1193,Aucun - Etat acceptable,Faible,29.8,6.3,158.8,0,12,22049,45
M001,Compresseur Atlas C-1,Compresseur,Broyage,Casablanca,2025-11-05 09:00:00,2025-11-05,3.86,8.18,2.64,1.61,1525,B,93.4,178,0.048,420.0,4.0,99.1,95.4,90.1,2894,Aucun - Etat acceptable,Faible,28.5,5.0,34.1,0,53,17999,2189
M002,Pompe hydraulique P-12,Pompe,Pomperie,Casablanca,2025-11-05 11:00:00,2025-11-05,6.78,17.05,2.66,4.11,1447,C,60.6,78,0.386,576.0,3.3,99.4,78.9,77.3,1582,Defaut roulement,Moderee,37.2,8.3,34.7,1,35,5856,161
M003,Moteur electrique ME-45,Moteur,Convoyage,Casablanca,2025-11-05 13:00:00,2025-11-05,0.78,1.91,1.86,2.39,1488,A,96.1,172,0.046,,3.4,99.2,74.6,72.6,587,Aucun - Etat nominal,Aucune,30.0,2.5,31.5,0,68,20688,836
M004,Ventilateur V-08,Ventilateur,Ventilation,Tanger,2025-11-05 15:00:00,2025-11-05,2.13,6.59,1.83,1.75,1491,A,91.7,161,0.085,410.0,7.8,98.1,76.8,72.3,1894,Aucun - Etat acceptable,Faible,30.2,5.2,30.8,0,47,5889,2542
M005,Reducteur R-22,Reducteur,Broyage,Tanger,2025-11-05 17:00:00,2025-11-05,6.88,21.0,2.37,3.94,1486,C,58.8,89,0.399,444.0,4.5,99.0,90.9,89.8,1353,Aucun - Etat acceptable,Faible,40.1,6.9,36.2,2,66,5116,3056
M006,Compresseur C-201,Compresseur,Air comprime,Casablanca,2025-11-05 20:00:00,2025-11-05,2.61,5.03,1.58,2.34,1498,B,95.1,170,0.057,373.0,7.6,98.0,79.1,76.3,1641,Aucun - Etat acceptable,Faible,28.4,5.1,33.5,0,78,24563,1573
M007,Pompe transfert PT-09,Pompe,Pomperie,Tanger,2025-11-05 20:00:00,2025-11-05,1.47,2.37,2.38,2.93,1487,A,92.4,168,0.091,449.0,3.4,99.2,79.1,76.6,1835,Aucun - Etat nominal,Aucune,28.8,3.6,,1,66,17354,2290
M008,Turbine T-100,Turbine,Ventilation,Tanger,2025-11-05 22:00:00,2025-11-05,5.02,13.71,1.69,1.89,8117,C,96.2,167,0.036,494.0,6.4,98.7,77.5,76.3,2858,Aucun - Etat acceptable,Faible,28.7,5.7,163.6,0,8,7139,2884
M001,Compresseur Atlas C-1,Compresseur,Broyage,Casablanca,2025-11-06 00:00:00,2025-11-06,2.73,7.61,1.33,2.52,1479,B,99.8,186,0.01,401.0,7.9,98.1,93.0,90.0,2619,Aucun - Etat acceptable,Faible,27.5,5.0,34.2,0,31,11202,816
M002,Pompe hydraulique P-12,Pompe,Pomperie,Casablanca,2025-11-06 03:00:00,2025-11-06,7.04,9.58,2.81,4.67,1495,C,60.9,74,0.379,427.0,5.2,98.8,85.5,80.6,2881,Defaut roulement,Moderee,38.6,7.3,35.0,3,22,11115,523
M003,Moteur electrique ME-45,Moteur,Convoyage,Casablanca,2025-11-06 05:00:00,2025-11-06,1.51,4.48,1.87,2.17,1434,A,95.7,180,0.035,504.0,6.6,98.7,75.1,70.2,2001,Aucun - Etat acceptable,Faible,32.0,4.6,32.1,1,1,8654,2697
M004,Ventilateur V-08,Ventilateur,Ventilation,Tanger,2025-11-06 07:00:00,2025-11-06,2.44,4.74,2.16,2.03,1409,B,97.0,173,0.025,326.0,7.2,97.8,83.0,79.6,1992,Aucun - Etat acceptable,Faible,28.2,5.1,32.2,1,51,8343,3496
M005,Reducteur R-22,Reducteur,Broyage,Tanger,2025-11-06 10:00:00,2025-11-06,6.46,12.17,2.53,4.62,1419,C,59.5,67,0.402,432.0,3.3,99.2,85.3,78.6,456,Defaut roulement,Moderee,37.6,7.7,36.6,2,109,27108,407
M006,Compresseur C-201,Compresseur,Air comprime,Casablanca,2025-11-06 10:00:00,2025-11-06,2.83,3.16,1.29,2.34,1465,B,93.2,156,0.077,546.0,2.6,99.5,81.8,78.9,1723,Aucun - Etat acceptable,Faible,31.4,3.5,33.6,1,41,5727,211
M007,Pompe transfert PT-09,Pompe,Pomperie,Tanger,2025-11-06 13:00:00,2025-11-06,1.02,2.03,1.96,2.14,1501,A,96.8,159,0.015,401.0,6.0,98.5,95.2,87.6,542,Aucun - Etat nominal,Aucune,29.6,4.7,33.8,1,33,24152,658
M008,Turbine T-100,Turbine,Ventilation,Tanger,2025-11-06 16:00:00,2025-11-06,4.71,9.8,1.29,2.55,7991,C,95.9,160,0.035,544.0,7.7,98.6,86.2,83.9,1546,Aucun - Etat acceptable,Faible,28.7,5.1,162.3,0,8,26739,2378
M001,Compresseur Atlas C-1,Compresseur,Broyage,Casablanca,2025-11-06 17:00:00,2025-11-06,3.15,9.08,1.63,2.4,1494,B,95.8,165,0.03,418.0,3.2,99.2,89.8,86.1,1164,Aucun - Etat acceptable,Faible,30.9,3.6,31.2,1,26,1439,2183
M002,Pompe hydraulique P-12,Pompe,Pomperie,Casablanca,2025-11-06 18:00:00,2025-11-06,7.12,15.89,2.03,3.95,1519,D,62.5,77,0.389,461.0,7.9,98.3,93.7,90.0,1229,Aucun - Etat acceptable,Faible,38.8,6.4,38.4,2,12,19040,429
M003,Moteur electrique ME-45,Moteur,Convoyage,Casablanca,2025-11-06 22:00:00,2025-11-06,1.81,4.88,1.71,3.11,1469,A,92.9,172,0.085,489.0,4.5,99.1,87.8,83.9,1244,Aucun - Etat acceptable,Faible,30.1,5.5,33.6,2,69,22148,1558
M004,Ventilateur V-08,Ventilateur,Ventilation,Tanger,2025-11-06 22:00:00,2025-11-06,3.26,7.82,1.39,3.1,1458,B,93.7,177,0.053,477.0,3.0,99.4,75.9,71.8,1974,Aucun - Etat acceptable,Faible,28.0,6.2,32.1,1,68,16967,2768
M005,Reducteur R-22,Reducteur,Broyage,Tanger,2025-11-07 00:00:00,2025-11-07,7.07,10.68,2.73,4.05,1487,C,58.3,75,0.429,501.0,7.8,98.5,86.9,81.3,1534,Defaut roulement,Moderee,37.4,7.5,38.8,2,61,22899,3069
M006,Compresseur C-201,Compresseur,Air comprime,Casablanca,2025-11-07 04:00:00,2025-11-07,3.27,3.38,1.5,3.6,1429,B,96.0,177,0.021,584.0,3.8,99.4,87.8,84.8,1174,Aucun - Etat acceptable,Faible,30.5,6.6,33.1,1,22,25819,1820
M007,Pompe transfert PT-09,Pompe,Pomperie,Tanger,2025-11-07 06:00:00,2025-11-07,1.71,4.95,1.51,1.87,1509,A,96.6,179,0.05,379.0,5.1,98.7,86.9,85.6,1352,Aucun - Etat acceptable,Faible,27.9,3.4,31.9,1,36,27720,1361
M008,Turbine T-100,Turbine,Ventilation,Tanger,2025-11-07 08:00:00,2025-11-07,4.34,9.41,2.66,2.05,8282,B,95.7,169,0.047,,4.4,99.0,87.2,85.3,2212,Aucun - Etat acceptable,Faible,28.6,4.4,167.9,0,34,21441,3858
M001,Compresseur Atlas C-1,Compresseur,Broyage,Casablanca,2025-11-07 09:00:00,2025-11-07,2.81,6.32,1.94,2.79,1471,B,94.7,169,0.045,513.0,2.7,99.5,93.3,88.8,2547,Aucun - Etat acceptable,Faible,30.0,6.6,33.6,0,56,11864,1538
M002,Pompe hydraulique P-12,Pompe,Pomperie,Casablanca,2025-11-07 10:00:00,2025-11-07,7.31,12.4,2.4,4.04,1464,D,54.3,65,0.439,525.0,6.7,98.7,94.1,91.4,1629,Defaut roulement,Moderee,40.0,7.4,33.9,2,20,14717,423
M003,Moteur electrique ME-45,Moteur,Convoyage,Casablanca,2025-11-07 13:00:00,2025-11-07,0.96,2.4,1.81,2.79,1430,A,96.3,186,0.056,,7.3,98.2,93.9,90.7,1393,Aucun - Etat nominal,Aucune,29.0,5.2,33.0,0,64,22882,2763
M004,Ventilateur V-08,Ventilateur,Ventilation,Tanger,2025-11-07 15:00:00,2025-11-07,2.77,5.34,1.71,2.07,1481,B,95.4,180,0.059,504.0,4.8,99.1,86.3,82.3,2818,Aucun - Etat acceptable,Faible,29.9,4.0,33.7,1,17,21019,212
M005,Reducteur R-22,Reducteur,Broyage,Tanger,2025-11-07 16:00:00,2025-11-07,7.87,10.89,2.95,4.49,1496,D,59.3,79,0.398,,3.6,99.1,84.4,78.0,407,Defaut roulement,Moderee,41.1,8.2,36.9,0,133,12013,3182
M006,Compresseur C-201,Compresseur,Air comprime,Casablanca,2025-11-07 19:00:00,2025-11-07,3.08,3.26,1.4,3.04,1474,B,99.3,189,0.02,530.0,6.5,98.8,79.6,74.2,2313,Aucun - Etat acceptable,Faible,27.4,5.7,31.9,0,61,26069,3249
M007,Pompe transfert PT-09,Pompe,Pomperie,Tanger,2025-11-07 21:00:00,2025-11-07,1.9,4.42,1.2,3.68,1432,A,97.7,176,0.01,491.0,5.9,98.8,76.2,74.1,1200,Aucun - Etat acceptable,Faible,28.7,3.7,29.2,0,40,2307,1033
M008,Turbine T-100,Turbine,Ventilation,Tanger,2025-11-07 22:00:00,2025-11-07,4.6,10.85,2.3,3.54,7996,C,96.0,179,0.055,411.0,7.4,98.2,93.7,91.8,1481,Aucun - Etat acceptable,Faible,29.7,5.7,164.4,0,37,21331,2805
M001,Compresseur Atlas C-1,Compresseur,Broyage,Casablanca,2025-11-08 00:00:00,2025-11-08,2.65,2.96,1.4,3.18,1474,B,95.6,178,0.06,522.0,3.2,99.4,84.1,79.4,1181,Aucun - Etat acceptable,Faible,31.9,3.8,32.0,0,78,15058,2514
M002,Pompe hydraulique P-12,Pompe,Pomperie,Casablanca,2025-11-08 04:00:00,2025-11-08,6.95,12.7,3.14,4.72,1470,C,54.5,63,0.445,431.0,3.3,99.2,76.6,70.5,1534,Defaut roulement,Moderee,40.3,6.1,34.1,2,84,22858,785
M003,Moteur electrique ME-45,Moteur,Convoyage,Casablanca,2025-11-08 04:00:00,2025-11-08,1.91,2.5,1.51,2.38,1513,A,92.3,179,0.082,500.0,7.9,98.4,81.3,75.5,2007,Aucun - Etat acceptable,Faible,30.0,3.5,33.8,0,2,21271,1738
M004,Ventilateur V-08,Ventilateur,Ventilation,Tanger,2025-11-08 07:00:00,2025-11-08,3.68,7.12,2.1,3.31,1425,B,97.5,180,0.018,445.0,6.9,98.5,87.0,84.7,2829,Aucun - Etat acceptable,Faible,31.7,6.8,29.9,0,28,6910,2889
M005,Reducteur R-22,Reducteur,Broyage,Tanger,2025-11-08 10:00:00,2025-11-08,7.72,9.14,2.45,4.67,1475,D,58.1,79,0.406,439.0,,99.2,80.6,75.9,165,Defaut roulement,Moderee,39.9,8.7,34.3,1,139,20701,2683
M006,Compresseur C-201,Compresseur,Air comprime,Casablanca,2025-11-08 12:00:00,2025-11-08,2.93,9.24,2.5,2.31,1466,B,92.9,179,0.075,449.0,,98.6,89.1,88.2,1501,Aucun - Etat acceptable,Faible,30.1,5.0,29.8,1,10,26814,2723
M007,Pompe transfert PT-09,Pompe,Pomperie,Tanger,2025-11-08 14:00:00,2025-11-08,1.89,5.94,1.45,2.33,1506,A,93.2,169,0.049,393.0,2.5,99.4,89.3,84.8,1767,Aucun - Etat acceptable,Faible,30.2,4.8,32.5,0,32,26422,2922
M008,Turbine T-100,Turbine,Ventilation,Tanger,2025-11-08 15:00:00,2025-11-08,4.75,6.69,2.22,2.31,7941,C,93.2,171,0.083,,3.0,99.4,90.4,84.2,942,Aucun - Etat acceptable,Faible,32.5,5.2,160.9,0,29,10301,1987
M001,Compresseur Atlas C-1,Compresseur,Broyage,Casablanca,2025-11-08 17:00:00,2025-11-08,2.87,8.53,1.86,2.25,1396,B,94.9,156,0.052,497.0,3.6,99.3,81.0,78.9,657,Aucun - Etat acceptable,Faible,31.5,5.7,31.8,0,6,19709,955
M002,Pompe hydraulique P-12,Pompe,Pomperie,Casablanca,2025-11-08 20:00:00,2025-11-08,7.65,22.05,2.59,4.92,1528,D,54.7,79,0.471,371.0,3.2,99.1,87.8,84.7,2391,Defaut roulement,Moderee,39.6,7.6,39.3,3,20,814,3520
M003,Moteur electrique ME-45,Moteur,Convoyage,Casablanca,2025-11-08 21:00:00,2025-11-08,1.52,2.12,1.56,3.19,1479,A,93.7,154,0.073,447.0,5.3,98.8,88.8,84.8,2421,Aucun - Etat acceptable,Faible,27.8,,31.6,1,42,11505,69
M004,Ventilateur V-08,Ventilateur,Ventilation,Tanger,2025-11-09 00:00:00,2025-11-09,3.88,8.36,1.52,2.19,1416,B,93.1,174,0.066,370.0,5.0,98.7,87.7,82.7,1211,Aucun - Etat acceptable,Faible,30.4,5.2,32.1,1,67,10755,2200
M005,Reducteur R-22,Reducteur,Broyage,Tanger,2025-11-09 00:00:00,2025-11-09,7.31,8.37,3.18,3.62,1515,D,58.5,65,0.411,408.0,6.2,98.5,84.7,83.8,1319,Balourd,Elevee,37.0,8.7,36.6,1,53,20668,3715
M006,Compresseur C-201,Compresseur,Air comprime,Casablanca,2025-11-09 02:00:00,2025-11-09,2.81,5.1,1.68,2.48,1480,B,95.7,159,0.037,337.0,6.9,98.0,85.3,81.9,2372,Aucun - Etat acceptable,Faible,28.5,6.3,33.0,0,53,16666,1399
M007,Pompe transfert PT-09,Pompe,Pomperie,Tanger,2025-11-09 04:00:00,2025-11-09,2.11,5.42,1.2,2.08,1505,A,96.6,174,0.048,440.0,2.6,99.4,96.0,92.5,2863,Aucun - Etat acceptable,Faible,,5.5,,0,44,4021,1541
M008,Turbine T-100,Turbine,Ventilation,Tanger,2025-11-09 08:00:00,2025-11-09,4.32,3.84,2.11,2.18,7847,B,99.4,185,0.011,446.0,6.9,98.5,77.7,75.3,996,Aucun - Etat acceptable,Faible,29.8,6.4,159.4,1,27,17977,3129
M001,Compresseur Atlas C-1,Compresseur,Broyage,Casablanca,2025-11-09 10:00:00,2025-11-09,3.14,5.62,1.91,2.73,1524,B,94.7,182,0.046,414.0,2.5,99.4,96.5,92.8,1339,Aucun - Etat acceptable,Faible,29.2,,33.8,1,54,12574,2443
M002,Pompe hydraulique P-12,Pompe,Pomperie,Casablanca,2025-11-09 12:00:00,2025-11-09,7.45,16.4,2.77,5.22,1475,D,57.6,69,0.443,608.0,4.7,99.2,81.5,76.4,2671,Defaut roulement,Moderee,41.7,8.7,35.7,5,83,21822,3262
M003,Moteur electrique ME-45,Moteur,Convoyage,Casablanca,2025-11-09 14:00:00,2025-11-09,1.11,1.74,2.4,2.71,1470,A,89.5,150,0.101,402.0,3.9,99.0,93.8,90.9,435,Aucun - Etat nominal,Aucune,28.8,4.2,30.4,0,64,6252,591
M004,Ventilateur V-08,Ventilateur,Ventilation,Tanger,2025-11-09 16:00:00,2025-11-09,3.56,6.41,2.12,1.88,1470,B,94.0,162,0.054,,7.6,98.4,93.6,87.0,494,Aucun - Etat acceptable,Faible,26.3,5.5,29.5,0,79,15859,3372
M005,Reducteur R-22,Reducteur,Broyage,Tanger,2025-11-09 18:00:00,2025-11-09,7.99,10.39,2.89,5.73,1515,D,58.6,62,0.422,493.0,7.2,98.6,89.7,88.4,1460,Defaut roulement,Moderee,38.3,,39.5,2,81,9781,582
M006,Compresseur C-201,Compresseur,Air comprime,Casablanca,2025-11-09 20:00:00,2025-11-09,3.21,10.16,1.32,1.87,1500,B,95.6,184,0.039,443.0,5.5,98.8,84.2,80.8,1519,Aucun - Etat acceptable,Faible,31.1,6.1,33.7,0,76,14650,3684
M007,Pompe transfert PT-09,Pompe,Pomperie,Tanger,2025-11-09 21:00:00,2025-11-09,1.36,4.06,1.49,2.18,1461,A,94.1,173,0.062,469.0,7.7,98.4,87.3,80.4,1515,Aucun - Etat nominal,Aucune,,,30.8,1,1,23009,3448
M008,Turbine T-100,Turbine,Ventilation,Tanger,2025-11-09 23:00:00,2025-11-09,4.71,13.69,1.62,2.7,7982,C,96.2,176,0.043,572.0,3.1,99.5,87.3,82.1,379,Aucun - Etat acceptable,Faible,30.7,4.8,164.1,0,13,3640,1793
M001,Compresseur Atlas C-1,Compresseur,Broyage,Casablanca,2025-11-10 02:00:00,2025-11-10,2.94,3.02,1.76,2.38,1487,B,94.6,155,0.059,554.0,4.5,99.2,93.8,91.3,1984,Aucun - Etat acceptable,Faible,30.6,5.2,33.7,0,16,2860,1755
M002,Pompe hydraulique P-12,Pompe,Pomperie,Casablanca,2025-11-10 04:00:00,2025-11-10,8.15,10.99,1.98,5.14,1509,D,56.1,59,0.426,347.0,6.5,98.2,80.9,78.5,613,Defaut roulement,Elevee,39.8,6.6,38.2,0,18,2420,1326
M003,Moteur electrique ME-45,Moteur,Convoyage,Casablanca,2025-11-10 05:00:00,2025-11-10,1.82,2.44,1.63,2.77,1516,A,98.6,187,0.01,513.0,8.0,98.5,85.1,82.9,948,Aucun - Etat acceptable,Faible,29.1,2.9,31.8,1,41,2893,2172
M004,Ventilateur V-08,Ventilateur,Ventilation,Tanger,2025-11-10 07:00:00,2025-11-10,2.82,8.46,2.11,2.98,1514,B,96.2,186,0.033,510.0,3.6,99.3,89.8,84.2,1946,Aucun - Etat acceptable,Faible,31.8,3.7,32.0,1,9,3342,708
M005,Reducteur R-22,Reducteur,Broyage,Tanger,2025-11-10 10:00:00,2025-11-10,7.5,19.98,2.62,5.29,1514,D,57.2,76,0.418,469.0,7.7,98.4,88.2,82.1,2314,Defaut roulement,Moderee,39.2,7.5,35.4,1,79,24505,2947
M006,Compresseur C-201,Compresseur,Air comprime,Casablanca,2025-11-10 10:00:00,2025-11-10,2.03,6.12,1.82,3.09,1466,A,95.6,159,0.062,534.0,2.7,99.5,87.6,83.0,1700,Aucun - Etat acceptable,Faible,30.3,4.7,33.6,0,68,26621,2291
M007,Pompe transfert PT-09,Pompe,Pomperie,Tanger,2025-11-10 14:00:00,2025-11-10,2.55,6.39,2.16,3.08,1479,B,95.2,184,0.05,393.0,6.4,98.4,76.8,75.0,1451,Aucun - Etat acceptable,Faible,29.8,3.7,32.1,0,17,9420,3179
M008,Turbine T-100,Turbine,Ventilation,Tanger,2025-11-10 15:00:00,2025-11-10,4.11,9.42,1.31,2.81,7973,B,93.9,171,0.074,478.0,2.9,99.4,84.5,81.0,443,Aucun - Etat acceptable,Faible,29.9,6.2,162.0,1,67,23040,2143
M001,Compresseur Atlas C-1,Compresseur,Broyage,Casablanca,2025-11-10 16:00:00,2025-11-10,2.98,2.85,1.33,2.3,1470,B,94.7,163,0.055,331.0,6.9,98.0,84.7,79.7,2494,Aucun - Etat acceptable,Faible,26.2,6.4,30.6,0,13,4839,1334
M002,Pompe hydraulique P-12,Pompe,Pomperie,Casablanca,2025-11-10 20:00:00,2025-11-10,7.25,16.58,2.57,4.48,1486,D,57.2,69,0.437,348.0,2.6,99.3,91.6,85.6,696,Defaut roulement,Moderee,41.2,8.9,38.7,1,54,12258,3621
M003,Moteur electrique ME-45,Moteur,Convoyage,Casablanca,2025-11-10 22:00:00,2025-11-10,1.21,2.68,1.78,2.47,1514,A,94.8,165,0.046,447.0,6.2,98.6,75.3,74.2,1060,Aucun - Etat nominal,Aucune,30.5,3.3,30.5,2,41,25229,3007
M004,Ventilateur V-08,Ventilateur,Ventilation,Tanger,2025-11-10 23:00:00,2025-11-10,2.3,4.72,1.2,2.39,1487,A,97.3,182,0.036,431.0,4.8,98.9,77.8,76.6,911,Aucun - Etat acceptable,Faible,28.5,6.4,33.4,0,57,6339,3427
M005,Reducteur R-22,Reducteur,Broyage,Tanger,2025-11-11 01:00:00,2025-11-11,7.92,12.04,2.85,5.04,1518,D,53.5,51,0.469,470.0,7.1,98.5,91.0,88.5,826,Defaut roulement,Moderee,40.5,7.8,36.0,1,74,9326,3623
M006,Compresseur C-201,Compresseur,Air comprime,Casablanca,2025-11-11 04:00:00,2025-11-11,3.0,7.27,1.95,2.33,1457,B,99.7,184,0.02,480.0,4.7,99.0,96.0,93.0,1140,Aucun - Etat acceptable,Faible,30.3,5.8,29.5,1,67,5088,2668
M007,Pompe transfert PT-09,Pompe,Pomperie,Tanger,2025-11-11 04:00:00,2025-11-11,1.7,2.14,1.64,2.48,1472,A,93.4,164,0.082,367.0,6.8,98.2,86.6,83.9,1362,Aucun - Etat acceptable,Faible,28.7,5.3,29.6,0,78,20415,2341
M008,Turbine T-100,Turbine,Ventilation,Tanger,2025-11-11 06:00:00,2025-11-11,4.37,4.89,2.13,2.78,8064,B,94.7,159,0.048,432.0,4.0,99.1,90.8,83.8,2724,Aucun - Etat acceptable,Faible,29.3,4.5,161.5,0,65,21055,1330
M001,Compresseur Atlas C-1,Compresseur,Broyage,Casablanca,2025-11-11 10:00:00,2025-11-11,3.38,2.81,1.96,3.32,1489,B,95.4,179,0.051,379.0,6.5,98.3,82.6,81.2,680,Aucun - Etat acceptable,Faible,33.1,7.0,33.8,0,45,21934,3552
M002,Pompe hydraulique P-12,Pompe,Pomperie,Casablanca,2025-11-11 12:00:00,2025-11-11,7.41,18.38,2.96,4.87,1490,D,54.3,73,0.476,399.0,6.0,98.5,74.4,73.1,2117,Defaut roulement,Moderee,37.4,8.0,35.8,0,139,2776,2377
M003,Moteur electrique ME-45,Moteur,Convoyage,Casablanca,2025-11-11 12:00:00,2025-11-11,2.07,6.36,2.17,3.22,1441,A,92.3,162,0.075,530.0,7.2,98.7,91.6,86.1,2456,Aucun - Etat acceptable,Faible,28.6,3.9,32.1,0,69,16310,1017
M004,Ventilateur V-08,Ventilateur,Ventilation,Tanger,2025-11-11 14:00:00,2025-11-11,2.03,2.04,1.49,2.67,1498,A,93.9,168,0.066,380.0,7.1,98.2,80.6,79.5,903,Aucun - Etat acceptable,Faible,27.3,5.3,33.3,0,14,14221,2761
M005,Reducteur R-22,Reducteur,Broyage,Tanger,2025-11-11 18:00:00,2025-11-11,7.69,7.29,3.14,4.46,1435,D,54.6,58,0.456,455.0,5.8,98.7,82.5,77.5,1042,Defaut roulement,Moderee,39.2,6.5,36.9,1,135,19442,396
M006,Compresseur C-201,Compresseur,Air comprime,Casablanca,2025-11-11 19:00:00,2025-11-11,3.28,8.02,2.01,2.76,1463,B,95.4,163,0.031,493.0,4.3,99.1,85.4,84.2,489,Aucun - Etat acceptable,Faible,29.2,5.8,33.4,2,69,25978,469
M007,Pompe transfert PT-09,Pompe,Pomperie,Tanger,2025-11-11 20:00:00,2025-11-11,0.94,0.87,2.05,2.86,1476,A,96.1,183,0.049,348.0,7.5,97.9,82.7,78.5,552,Aucun - Etat nominal,Aucune,27.6,4.8,33.7,0,50,1550,898
M008,Turbine T-100,Turbine,Ventilation,Tanger,2025-11-12 00:00:00,2025-11-12,4.25,8.95,2.59,2.53,8129,B,97.4,172,0.037,,4.5,98.6,93.3,89.5,2430,Aucun - Etat acceptable,Faible,29.4,7.3,167.1,0,29,8372,1054
M001,Compresseur Atlas C-1,Compresseur,Broyage,Casablanca,2025-11-12 00:00:00,2025-11-12,3.01,4.39,1.72,2.94,1433,B,91.6,171,0.072,422.0,4.3,99.0,88.7,87.1,188,Aucun - Etat acceptable,Faible,28.5,4.0,30.2,0,78,15106,2596
M002,Pompe hydraulique P-12,Pompe,Pomperie,Casablanca,2025-11-12 03:00:00,2025-11-12,7.42,8.56,3.01,4.68,1442,D,53.4,72,0.484,405.0,6.4,98.4,87.1,82.1,2058,Defaut roulement,Moderee,37.2,8.3,34.1,0,136,3728,3748
M003,Moteur electrique ME-45,Moteur,Convoyage,Casablanca,2025-11-12 04:00:00,2025-11-12,0.64,0.57,1.49,2.93,1519,A,97.0,175,0.016,387.0,6.4,98.4,75.3,69.8,1908,Aucun - Etat nominal,Aucune,29.5,2.8,34.6,1,62,1876,3960
M004,Ventilateur V-08,Ventilateur,Ventilation,Tanger,2025-11-12 06:00:00,2025-11-12,3.36,9.62,1.5,2.69,1463,B,93.5,168,0.08,404.0,5.6,98.6,81.0,75.5,1328,Aucun - Etat acceptable,Faible,30.8,6.9,33.5,0,15,19243,1128
M005,Reducteur R-22,Reducteur,Broyage,Tanger,2025-11-12 10:00:00,2025-11-12,8.32,14.51,2.73,5.18,1492,D,54.1,77,0.441,463.0,4.5,99.0,74.6,69.6,536,Defaut roulement,Elevee,41.4,7.6,39.8,3,41,19963,1705
M006,Compresseur C-201,Compresseur,Air comprime,Casablanca,2025-11-12 10:00:00,2025-11-12,2.39,6.99,2.01,2.7,1433,B,96.9,168,0.035,382.0,5.1,98.7,75.0,73.3,820,Aucun - Etat acceptable,Faible,31.5,6.6,30.5,1,21,18230,2833
M007,Pompe transfert PT-09,Pompe,Pomperie,Tanger,2025-11-12 14:00:00,2025-11-12,1.67,3.51,2.12,2.42,1445,A,95.4,159,0.06,508.0,6.0,98.8,85.2,83.7,1470,Aucun - Etat acceptable,Faible,28.6,4.3,29.3,0,16,27532,2869
M008,Turbine T-100,Turbine,Ventilation,Tanger,2025-11-12 16:00:00,2025-11-12,5.03,8.56,1.86,3.3,7896,C,93.2,165,0.065,419.0,,98.6,87.3,84.5,1875,Aucun - Etat acceptable,Faible,30.3,,161.1,1,64,10261,477
M001,Compresseur Atlas C-1,Compresseur,Broyage,Casablanca,2025-11-12 18:00:00,2025-11-12,3.03,3.14,1.56,2.32,1459,B,94.8,178,0.066,474.0,7.4,98.5,83.3,76.7,1650,Aucun - Etat acceptable,Faible,29.2,4.5,31.8,0,13,4451,2269
M002,Pompe hydraulique P-12,Pompe,Pomperie,Casablanca,2025-11-12 19:00:00,2025-11-12,8.18,17.56,2.88,3.99,1451,D,57.2,80,0.435,388.0,7.2,98.2,75.0,70.1,1426,Aucun - Etat acceptable,Faible,41.3,9.0,36.9,1,70,9147,2691
M003,Moteur electrique ME-45,Moteur,Convoyage,Casablanca,2025-11-12 20:00:00,2025-11-12,1.64,3.5,2.15,1.9,1488,A,98.4,171,0.019,386.0,7.7,98.0,89.8,87.0,1870,Aucun - Etat acceptable,Faible,32.1,4.7,,0,32,18609,3691
M004,Ventilateur V-08,Ventilateur,Ventilation,Tanger,2025-11-12 23:00:00,2025-11-12,3.59,5.54,1.9,2.87,1496,B,99.1,188,0.025,422.0,4.3,99.0,75.2,72.3,1074,Aucun - Etat acceptable,Faible,28.5,6.4,33.1,0,35,17468,3988
M005,Reducteur R-22,Reducteur,Broyage,Tanger,2025-11-13 00:00:00,2025-11-13,7.52,9.92,3.08,4.62,1458,D,54.6,71,0.457,467.0,7.8,98.4,78.3,72.6,2779,Defaut roulement,Moderee,41.9,8.9,36.9,3,11,4512,3985
M006,Compresseur C-201,Compresseur,Air comprime,Casablanca,2025-11-13 03:00:00,2025-11-13,3.13,2.82,2.32,2.77,1476,B,92.6,166,0.079,515.0,7.0,98.7,76.8,75.2,1870,Aucun - Etat acceptable,Faible,30.3,4.7,30.1,0,5,9290,2938
M007,Pompe transfert PT-09,Pompe,Pomperie,Tanger,2025-11-13 05:00:00,2025-11-13,1.16,3.03,1.75,2.29,1428,A,95.5,158,0.061,421.0,3.2,99.2,96.0,92.2,523,Aucun - Etat nominal,Aucune,29.9,3.5,33.0,1,51,17837,92
M008,Turbine T-100,Turbine,Ventilation,Tanger,2025-11-13 06:00:00,2025-11-13,4.96,12.05,2.08,2.47,7874,C,97.0,178,0.04,408.0,6.4,98.5,79.7,78.5,260,Aucun - Etat acceptable,Faible,29.3,7.4,162.2,1,26,12136,1250
M001,Compresseur Atlas C-1,Compresseur,Broyage,Casablanca,2025-11-13 10:00:00,2025-11-13,2.99,3.87,1.73,2.17,1511,B,94.7,179,0.036,383.0,2.8,99.3,77.1,71.3,1639,Aucun - Etat acceptable,Faible,26.8,5.0,34.9,2,0,4573,410
M002,Pompe hydraulique P-12,Pompe,Pomperie,Casablanca,2025-11-13 10:00:00,2025-11-13,8.15,18.71,2.1,4.35,1529,D,54.3,70,0.438,481.0,6.2,98.7,80.5,75.5,488,Defaut roulement,Elevee,36.9,8.1,36.2,0,49,21502,2670
M003,Moteur electrique ME-45,Moteur,Convoyage,Casablanca,2025-11-13 13:00:00,2025-11-13,1.93,4.04,1.74,3.05,1447,A,97.9,182,0.013,342.0,5.9,98.3,85.8,80.2,1111,Aucun - Etat acceptable,Faible,29.7,5.6,,1,43,14136,422
M004,Ventilateur V-08,Ventilateur,Ventilation,Tanger,2025-11-13 16:00:00,2025-11-13,3.09,7.9,1.64,2.08,1478,B,95.1,182,0.032,449.0,3.1,99.3,82.4,76.7,2807,Aucun - Etat acceptable,Faible,28.3,4.9,32.5,0,33,24195,1792
M005,Reducteur R-22,Reducteur,Broyage,Tanger,2025-11-13 16:00:00,2025-11-13,8.65,12.5,3.28,4.15,1491,D,49.9,50,0.485,456.0,7.3,98.4,85.0,81.6,1959,Defaut roulement,Elevee,40.8,7.3,35.7,1,17,13108,3376
M006,Compresseur C-201,Compresseur,Air comprime,Casablanca,2025-11-13 18:00:00,2025-11-13,3.64,8.54,1.5,3.02,1460,B,98.7,162,0.01,542.0,5.7,99.0,95.6,93.8,1483,Aucun - Etat acceptable,Faible,29.4,6.8,33.8,0,22,7306,1802
M007,Pompe transfert PT-09,Pompe,Pomperie,Tanger,2025-11-13 22:00:00,2025-11-13,1.75,2.47,1.33,2.36,1467,A,96.5,173,0.022,426.0,4.6,98.9,79.2,74.6,769,Aucun - Etat acceptable,Faible,31.2,5.9,32.2,0,72,23180,782
M008,Turbine T-100,Turbine,Ventilation,Tanger,2025-11-13 22:00:00,2025-11-13,4.93,12.62,1.42,3.6,7928,C,93.1,159,0.064,,2.8,99.4,75.2,69.7,528,Aucun - Etat acceptable,Faible,,5.5,162.4,0,51,14375,3796
M001,Compresseur Atlas C-1,Compresseur,Broyage,Casablanca,2025-11-14 01:00:00,2025-11-14,3.26,7.08,1.45,2.43,1454,B,93.4,175,0.079,460.0,4.1,99.1,82.1,80.9,2172,Aucun - Etat acceptable,Faible,29.6,6.4,31.4,3,68,6989,2607
M002,Pompe hydraulique P-12,Pompe,Pomperie,Casablanca,2025-11-14 02:00:00,2025-11-14,7.78,6.46,3.14,4.73,1462,D,50.7,48,0.484,472.0,3.2,99.3,86.6,81.8,525,Defaut roulement,Moderee,42.9,,38.7,2,55,25210,1313
M003,Moteur electrique ME-45,Moteur,Convoyage,Casablanca,2025-11-14 06:00:00,2025-11-14,2.27,4.3,2.12,1.5,1420,A,96.4,177,0.036,,3.7,99.1,78.2,71.9,656,Aucun - Etat acceptable,Faible,29.9,5.4,31.4,0,63,1976,852
M004,Ventilateur V-08,Ventilateur,Ventilation,Tanger,2025-11-14 06:00:00,2025-11-14,3.06,4.61,1.58,2.68,1456,B,91.5,155,0.103,431.0,4.8,98.9,93.7,90.9,890,Aucun - Etat acceptable,Faible,29.7,6.7,33.7,3,33,5149,3034
M005,Reducteur R-22,Reducteur,Broyage,Tanger,2025-11-14 09:00:00,2025-11-14,8.7,13.14,2.8,4.61,1467,D,50.9,57,0.504,385.0,6.3,98.4,83.8,79.3,1498,Defaut roulement,Elevee,40.1,6.7,37.1,0,31,4474,510
M006,Compresseur C-201,Compresseur,Air comprime,Casablanca,2025-11-14 10:00:00,2025-11-14,4.0,12.06,1.65,3.0,1491,B,98.4,182,0.01,422.0,3.0,99.3,90.6,85.6,609,Aucun - Etat acceptable,Faible,31.4,7.4,34.1,0,67,3034,2269
M007,Pompe transfert PT-09,Pompe,Pomperie,Tanger,2025-11-14 12:00:00,2025-11-14,1.49,2.11,1.76,2.32,1486,A,97.0,162,0.044,355.0,4.9,98.6,83.1,76.6,818,Aucun - Etat nominal,Aucune,30.8,3.3,30.3,0,60,1723,500
M008,Turbine T-100,Turbine,Ventilation,Tanger,2025-11-14 15:00:00,2025-11-14,5.23,9.36,2.07,2.75,7926,C,91.8,156,0.062,427.0,7.7,98.2,80.8,78.0,1084,Aucun - Etat acceptable,Faible,31.1,7.0,162.1,0,39,25752,3590
M001,Compresseur Atlas C-1,Compresseur,Broyage,Casablanca,2025-11-14 18:00:00,2025-11-14,3.52,3.8,2.07,2.72,1470,B,96.7,180,0.047,410.0,3.5,99.2,76.0,72.0,1189,Aucun - Etat acceptable,Faible,29.0,6.4,32.2,0,66,5521,188
M002,Pompe hydraulique P-12,Pompe,Pomperie,Casablanca,2025-11-14 18:00:00,2025-11-14,7.95,20.81,3.19,4.71,1432,D,51.5,43,0.495,413.0,6.0,98.6,84.3,82.2,355,Defaut roulement,Moderee,39.9,8.5,,3,110,8775,3887
M003,Moteur electrique ME-45,Moteur,Convoyage,Casablanca,2025-11-14 22:00:00,2025-11-14,2.43,4.92,2.02,2.37,1519,B,94.6,180,0.042,388.0,3.6,99.1,77.2,72.0,1542,Aucun - Etat acceptable,Faible,27.2,6.6,34.7,0,44,4766,1907
M004,Ventilateur V-08,Ventilateur,Ventilation,Tanger,2025-11-15 00:00:00,2025-11-15,2.55,4.95,1.86,2.69,1458,B,91.1,161,0.099,560.0,2.8,99.5,79.5,73.6,2706,Aucun - Etat acceptable,Faible,31.8,3.5,,0,52,15949,2122
M005,Reducteur R-22,Reducteur,Broyage,Tanger,2025-11-15 00:00:00,2025-11-15,8.37,21.57,3.07,4.47,1506,D,50.4,64,0.503,432.0,4.7,98.9,80.1,79.2,1309,Defaut roulement,Elevee,43.5,7.2,39.8,6,44,22423,1637
M006,Compresseur C-201,Compresseur,Air comprime,Casablanca,2025-11-15 04:00:00,2025-11-15,2.83,7.94,1.69,2.85,1469,B,94.4,160,0.049,438.0,7.9,98.2,88.8,84.6,2103,Aucun - Etat acceptable,Faible,30.5,5.6,31.0,0,37,1802,2200
M007,Pompe transfert PT-09,Pompe,Pomperie,Tanger,2025-11-15 05:00:00,2025-11-15,1.6,3.02,1.87,2.16,1499,A,97.4,176,0.037,440.0,6.6,98.5,89.5,85.0,1948,Aucun - Etat acceptable,Faible,29.0,4.6,33.9,1,32,17314,1323
M008,Turbine T-100,Turbine,Ventilation,Tanger,2025-11-15 07:00:00,2025-11-15,4.1,9.31,1.92,2.79,7794,B,93.4,158,0.049,520.0,7.1,98.7,78.2,74.3,2068,Aucun - Etat acceptable,Faible,27.6,5.8,159.9,0,52,11865,2370
M001,Compresseur Atlas C-1,Compresseur,Broyage,Casablanca,2025-11-15 08:00:00,2025-11-15,2.86,8.52,1.94,2.2,1457,B,95.1,168,0.056,522.0,4.2,99.2,92.5,85.9,1841,Aucun - Etat acceptable,Faible,30.3,5.9,30.5,1,55,25385,1626
M002,Pompe hydraulique P-12,Pompe,Pomperie,Casablanca,2025-11-15 11:00:00,2025-11-15,8.35,20.36,2.8,4.33,1477,D,54.2,48,0.453,321.0,3.9,98.8,93.4,88.3,2670,Defaut roulement,Elevee,37.6,6.8,36.6,0,138,5723,2401
M003,Moteur electrique ME-45,Moteur,Convoyage,Casablanca,2025-11-15 13:00:00,2025-11-15,2.27,2.03,2.49,2.09,1491,A,94.9,155,0.035,,3.7,99.3,96.6,93.4,214,Aucun - Etat acceptable,Faible,29.2,3.2,33.3,0,53,27789,2593
M004,Ventilateur V-08,Ventilateur,Ventilation,Tanger,2025-11-15 16:00:00,2025-11-15,2.49,7.91,1.41,2.84,1528,B,95.9,185,0.036,443.0,5.9,98.7,76.7,75.5,1903,Aucun - Etat acceptable,Faible,29.4,6.2,35.4,0,5,14871,3627
M005,Reducteur R-22,Reducteur,Broyage,Tanger,2025-11-15 16:00:00,2025-11-15,9.04,21.25,3.25,5.04,1453,D,50.2,43,0.489,369.0,2.9,99.2,74.7,71.0,783,Defaut roulement,Elevee,42.2,7.3,39.5,2,75,21111,482
M006,Compresseur C-201,Compresseur,Air comprime,Casablanca,2025-11-15 20:00:00,2025-11-15,3.35,5.45,2.02,2.61,1481,B,98.6,170,0.011,457.0,7.2,98.4,82.3,78.4,538,Aucun - Etat acceptable,Faible,30.2,5.1,30.6,0,78,25457,1590
M007,Pompe transfert PT-09,Pompe,Pomperie,Tanger,2025-11-15 22:00:00,2025-11-15,1.26,2.75,1.86,3.0,1519,A,93.9,154,0.048,393.0,5.3,98.7,92.0,85.6,2830,Aucun - Etat nominal,Aucune,31.5,5.9,34.7,0,32,18879,984
M008,Turbine T-100,Turbine,Ventilation,Tanger,2025-11-15 22:00:00,2025-11-15,3.92,4.96,2.08,2.7,7918,B,97.3,166,0.027,426.0,6.8,98.4,84.6,82.5,2528,Aucun - Etat acceptable,Faible,26.3,5.1,161.5,0,71,25115,1068
M001,Compresseur Atlas C-1,Compresseur,Broyage,Casablanca,2025-11-16 01:00:00,2025-11-16,2.71,7.64,2.11,2.44,1463,B,97.8,176,0.039,398.0,7.3,98.2,93.2,90.3,938,Aucun - Etat acceptable,Faible,29.6,5.4,31.8,0,55,9552,2681
M002,Pompe hydraulique P-12,Pompe,Pomperie,Casablanca,2025-11-16 02:00:00,2025-11-16,8.98,26.12,3.04,5.68,1462,D,50.0,66,0.503,466.0,5.4,98.9,88.7,83.5,1209,Defaut roulement,Elevee,38.5,7.2,35.7,2,11,12402,3020
M003,Moteur electrique ME-45,Moteur,Convoyage,Casablanca,2025-11-16 05:00:00,2025-11-16,2.0,6.29,1.91,1.93,1473,A,91.1,148,0.087,427.0,5.6,98.7,85.8,84.1,2285,Aucun - Etat acceptable,Faible,29.6,4.1,31.3,0,61,7009,3049
M004,Ventilateur V-08,Ventilateur,Ventilation,Tanger,2025-11-16 07:00:00,2025-11-16,3.16,3.69,1.48,2.68,1516,B,94.4,158,0.064,,6.8,98.6,74.3,72.6,757,Aucun - Etat acceptable,Faible,29.4,5.5,32.1,0,61,10257,2315
M005,Reducteur R-22,Reducteur,Broyage,Tanger,2025-11-16 10:00:00,2025-11-16,8.92,16.39,3.26,3.86,1512,D,48.2,56,0.526,403.0,6.2,98.5,80.5,75.9,1817,Balourd,Elevee,39.1,6.7,38.1,2,129,27715,305
M006,Compresseur C-201,Compresseur,Air comprime,Casablanca,2025-11-16 12:00:00,2025-11-16,2.17,3.79,1.98,2.78,1461,A,97.2,180,0.033,435.0,5.9,98.7,92.7,88.6,576,Aucun - Etat acceptable,Faible,30.8,5.9,29.3,0,62,12321,979
M007,Pompe transfert PT-09,Pompe,Pomperie,Tanger,2025-11-16 14:00:00,2025-11-16,1.36,1.35,1.34,1.65,1440,A,96.9,165,0.051,387.0,6.8,98.3,75.3,73.9,2892,Aucun - Etat nominal,Aucune,29.1,5.6,32.1,0,17,4555,2876
M008,Turbine T-100,Turbine,Ventilation,Tanger,2025-11-16 16:00:00,2025-11-16,4.01,9.13,1.65,2.24,7954,B,94.7,170,0.049,375.0,5.5,98.6,93.2,86.1,2882,Aucun - Etat acceptable,Faible,29.4,4.3,161.2,1,25,23620,1322
M001,Compresseur Atlas C-1,Compresseur,Broyage,Casablanca,2025-11-16 16:00:00,2025-11-16,2.41,6.16,1.23,2.89,1403,B,93.1,156,0.075,364.0,7.3,98.0,86.7,84.5,1618,Aucun - Etat acceptable,Faible,32.6,5.9,31.4,1,14,18629,1771
M002,Pompe hydraulique P-12,Pompe,Pomperie,Casablanca,2025-11-16 19:00:00,2025-11-16,8.8,24.17,2.41,5.27,1481,D,51.2,57,0.472,514.0,7.5,98.6,75.6,72.9,675,Defaut roulement,Elevee,40.7,9.1,40.0,3,153,18201,3183
M003,Moteur electrique ME-45,Moteur,Convoyage,Casablanca,2025-11-16 20:00:00,2025-11-16,2.1,5.71,1.27,2.27,1543,A,98.8,165,0.025,524.0,5.0,99.1,88.1,86.6,939,Aucun - Etat acceptable,Faible,29.5,3.2,32.2,0,9,19088,1466
M004,Ventilateur V-08,Ventilateur,Ventilation,Tanger,2025-11-16 23:00:00,2025-11-16,3.79,8.29,1.91,2.82,1506,B,91.1,171,0.077,385.0,4.5,98.8,94.9,91.1,1403,Aucun - Etat acceptable,Faible,28.8,4.9,31.7,0,42,4619,3394
M005,Reducteur R-22,Reducteur,Broyage,Tanger,2025-11-17 01:00:00,2025-11-17,8.23,20.71,2.83,4.95,1481,D,51.4,52,0.48,,4.8,98.9,77.9,72.8,1621,Defaut roulement,Elevee,41.7,6.4,35.5,0,51,4734,3247
M006,Compresseur C-201,Compresseur,Air comprime,Casablanca,2025-11-17 04:00:00,2025-11-17,3.99,12.05,1.3,2.52,1526,B,96.4,164,0.043,408.0,4.4,98.9,93.2,90.7,2047,Aucun - Etat acceptable,Faible,33.0,5.7,31.6,0,37,11480,2946
M007,Pompe transfert PT-09,Pompe,Pomperie,Tanger,2025-11-17 05:00:00,2025-11-17,1.66,4.86,2.07,2.26,1462,A,95.3,170,0.035,386.0,5.4,98.6,94.8,91.5,1707,Aucun - Etat acceptable,Faible,28.8,5.3,30.4,1,8,13121,257
M008,Turbine T-100,Turbine,Ventilation,Tanger,2025-11-17 06:00:00,2025-11-17,4.53,5.15,1.34,2.11,7947,C,94.4,163,0.066,407.0,7.3,98.2,77.7,75.8,2768,Aucun - Etat acceptable,Faible,30.6,6.4,161.0,0,6,11241,2284
M001,Compresseur Atlas C-1,Compresseur,Broyage,Casablanca,2025-11-17 10:00:00,2025-11-17,3.41,7.74,1.82,2.5,1464,B,96.2,174,0.041,471.0,4.2,99.1,79.3,74.8,1077,Aucun - Etat acceptable,Faible,30.1,7.0,32.1,2,26,16165,2571
M002,Pompe hydraulique P-12,Pompe,Pomperie,Casablanca,2025-11-17 10:00:00,2025-11-17,8.86,14.9,3.25,6.21,1471,D,50.8,41,0.487,509.0,4.6,99.1,94.3,88.2,2557,Defaut roulement,Elevee,42.1,7.7,38.8,1,123,15059,373
M003,Moteur electrique ME-45,Moteur,Convoyage,Casablanca,2025-11-17 14:00:00,2025-11-17,1.68,2.79,1.85,2.89,1525,A,95.9,167,0.029,381.0,3.6,99.1,91.0,87.6,874,Aucun - Etat acceptable,Faible,29.9,5.3,34.0,0,49,5531,3903
M004,Ventilateur V-08,Ventilateur,Ventilation,Tanger,2025-11-17 15:00:00,2025-11-17,3.81,4.53,1.73,3.76,1498,B,96.5,170,0.034,408.0,5.6,98.6,75.3,72.9,2810,Aucun - Etat acceptable,Faible,32.8,6.6,30.8,0,28,4997,152
M005,Reducteur R-22,Reducteur,Broyage,Tanger,2025-11-17 17:00:00,2025-11-17,9.16,9.54,2.89,4.88,1404,D,49.3,40,0.507,457.0,3.3,99.3,87.1,81.0,2921,Defaut roulement,Elevee,40.1,9.4,36.8,0,108,4338,2707
M006,Compresseur C-201,Compresseur,Air comprime,Casablanca,2025-11-17 18:00:00,2025-11-17,2.94,4.48,1.99,2.62,1442,B,95.8,184,0.043,474.0,7.8,98.4,91.6,87.8,906,Aucun - Etat acceptable,Faible,29.6,6.8,33.3,0,47,16189,3198
M007,Pompe transfert PT-09,Pompe,Pomperie,Tanger,2025-11-17 22:00:00,2025-11-17,2.13,3.41,1.73,2.8,1462,A,96.2,180,0.052,585.0,7.6,98.7,96.1,93.7,2672,Aucun - Etat acceptable,Faible,32.3,,30.1,0,26,13069,2104
M008,Turbine T-100,Turbine,Ventilation,Tanger,2025-11-17 22:00:00,2025-11-17,4.81,5.83,1.81,2.76,8087,C,94.8,171,0.054,489.0,,98.6,86.5,82.5,422,Aucun - Etat acceptable,Faible,28.9,4.7,163.5,0,61,818,1646
M001,Compresseur Atlas C-1,Compresseur,Broyage,Casablanca,2025-11-18 02:00:00,2025-11-18,2.9,5.71,2.22,1.62,1427,B,95.6,175,0.025,508.0,7.4,98.6,80.1,73.9,2317,Aucun - Etat acceptable,Faible,29.6,6.6,32.5,0,71,2003,2934
M002,Pompe hydraulique P-12,Pompe,Pomperie,Casablanca,2025-11-18 02:00:00,2025-11-18,9.41,10.16,2.95,5.41,1525,D,51.9,44,0.499,515.0,6.4,98.8,95.0,89.1,193,Defaut roulement,Elevee,43.6,8.0,38.5,3,63,18875,2255
M003,Moteur electrique ME-45,Moteur,Convoyage,Casablanca,2025-11-18 06:00:00,2025-11-18,2.27,2.12,2.08,2.23,1455,A,93.1,176,0.076,378.0,3.6,99.1,76.8,75.1,1207,Aucun - Etat acceptable,Faible,30.5,3.4,31.3,1,6,26990,3541
M004,Ventilateur V-08,Ventilateur,Ventilation,Tanger,2025-11-18 06:00:00,2025-11-18,3.7,6.0,1.67,1.75,1502,B,92.2,164,0.096,469.0,6.5,98.6,77.6,74.8,2328,Aucun - Etat acceptable,Faible,28.6,4.9,34.7,0,53,26650,517
M005,Reducteur R-22,Reducteur,Broyage,Tanger,2025-11-18 09:00:00,2025-11-18,9.43,7.68,2.88,4.6,1479,D,48.5,62,0.499,503.0,7.6,98.5,95.1,88.5,1433,Defaut roulement,Elevee,41.6,8.7,38.5,2,21,13199,2016
M006,Compresseur C-201,Compresseur,Air comprime,Casablanca,2025-11-18 12:00:00,2025-11-18,3.47,11.05,1.55,2.85,1471,B,92.7,162,0.091,510.0,5.5,98.9,83.6,82.6,2195,Aucun - Etat acceptable,Faible,30.6,6.6,33.2,0,19,16881,680
M007,Pompe transfert PT-09,Pompe,Pomperie,Tanger,2025-11-18 13:00:00,2025-11-18,1.9,2.03,1.67,1.93,1505,A,98.8,170,0.01,436.0,6.2,98.6,86.1,81.9,2197,Aucun - Etat acceptable,Faible,33.1,4.8,35.0,0,4,13675,2524
M008,Turbine T-100,Turbine,Ventilation,Tanger,2025-11-18 14:00:00,2025-11-18,3.66,7.85,1.8,2.69,7984,B,93.6,179,0.057,429.0,6.4,98.5,82.6,77.4,2986,Aucun - Etat acceptable,Faible,28.5,4.8,163.7,0,35,15799,1949
M001,Compresseur Atlas C-1,Compresseur,Broyage,Casablanca,2025-11-18 16:00:00,2025-11-18,3.74,8.03,1.3,2.63,1497,B,92.9,175,0.089,433.0,3.1,99.3,80.7,79.8,1175,Aucun - Etat acceptable,Faible,31.5,7.2,31.3,0,14,14287,2202
M002,Pompe hydraulique P-12,Pompe,Pomperie,Casablanca,2025-11-18 20:00:00,2025-11-18,8.55,8.87,3.13,5.56,1451,D,49.9,54,0.488,440.0,5.0,98.9,78.8,74.2,1099,Defaut roulement,Elevee,41.1,9.0,36.8,2,50,19430,1866
M003,Moteur electrique ME-45,Moteur,Convoyage,Casablanca,2025-11-18 20:00:00,2025-11-18,1.59,4.05,1.72,1.83,1488,A,92.4,173,0.082,515.0,2.7,99.5,76.1,73.0,2067,Aucun - Etat acceptable,Faible,32.6,3.5,33.1,0,33,13217,2658
M004,Ventilateur V-08,Ventilateur,Ventilation,Tanger,2025-11-19 00:00:00,2025-11-19,3.7,8.98,2.13,2.24,1473,B,98.1,173,0.01,403.0,3.1,99.2,91.0,89.7,1038,Aucun - Etat acceptable,Faible,29.7,5.2,32.8,2,16,10750,1347
M005,Reducteur R-22,Reducteur,Broyage,Tanger,2025-11-19 01:00:00,2025-11-19,8.67,12.43,2.69,5.54,1508,D,45.9,46,0.525,402.0,4.3,98.9,75.3,71.4,1460,Defaut roulement,Elevee,42.0,8.3,39.4,3,53,24484,1216
M006,Compresseur C-201,Compresseur,Air comprime,Casablanca,2025-11-19 04:00:00,2025-11-19,3.12,9.68,1.64,1.95,1511,B,94.6,167,0.054,423.0,7.6,98.2,95.2,94.0,896,Aucun - Etat acceptable,Faible,30.9,4.6,32.1,0,69,26464,822
M007,Pompe transfert PT-09,Pompe,Pomperie,Tanger,2025-11-19 06:00:00,2025-11-19,0.72,0.58,1.83,3.96,1494,A,95.0,161,0.052,528.0,3.7,99.3,89.3,87.8,1513,Aucun - Etat nominal,Aucune,28.6,,34.5,0,33,16154,2769
M008,Turbine T-100,Turbine,Ventilation,Tanger,2025-11-19 06:00:00,2025-11-19,5.13,14.43,1.5,1.55,7985,C,93.2,170,0.06,356.0,4.2,98.8,93.4,89.9,959,Aucun - Etat acceptable,Faible,30.7,7.5,159.8,2,28,22019,1871
M001,Compresseur Atlas C-1,Compresseur,Broyage,Casablanca,2025-11-19 10:00:00,2025-11-19,2.52,4.07,2.02,1.67,1448,B,91.0,163,0.093,392.0,5.2,98.7,90.6,86.2,2037,Aucun - Etat acceptable,Faible,31.6,6.4,33.2,0,49,9943,1532
M002,Pompe hydraulique P-12,Pompe,Pomperie,Casablanca,2025-11-19 10:00:00,2025-11-19,9.0,14.22,3.35,5.35,1495,D,47.4,48,0.514,468.0,4.9,99.0,88.9,87.8,2285,Defaut roulement,Elevee,41.9,8.0,40.1,2,125,17980,1987
M003,Moteur electrique ME-45,Moteur,Convoyage,Casablanca,2025-11-19 14:00:00,2025-11-19,1.38,3.72,1.35,2.82,1506,A,94.9,155,0.04,427.0,5.4,98.8,76.7,73.5,1903,Aucun - Etat nominal,Aucune,30.3,5.9,32.0,1,9,3672,1206
M004,Ventilateur V-08,Ventilateur,Ventilation,Tanger,2025-11-19 15:00:00,2025-11-19,3.14,8.8,2.26,3.17,1503,B,94.9,165,0.032,475.0,6.6,98.6,76.6,71.7,1805,Aucun - Etat acceptable,Faible,28.7,5.1,30.7,0,17,4559,1046
M005,Reducteur R-22,Reducteur,Broyage,Tanger,2025-11-19 17:00:00,2025-11-19,8.89,21.16,2.43,4.88,1460,D,49.4,55,0.505,377.0,,98.4,88.6,81.8,1154,Defaut roulement,Elevee,40.3,7.8,35.4,4,48,15491,2927
M006,Compresseur C-201,Compresseur,Air comprime,Casablanca,2025-11-19 19:00:00,2025-11-19,3.6,5.13,1.91,2.95,1468,B,93.6,179,0.063,509.0,2.7,99.5,95.1,91.8,2939,Aucun - Etat acceptable,Faible,29.6,3.8,32.5,0,57,26947,543
M007,Pompe transfert PT-09,Pompe,Pomperie,Tanger,2025-11-19 22:00:00,2025-11-19,1.78,4.88,1.85,2.73,1465,A,95.3,157,0.033,477.0,6.5,98.7,83.8,79.7,2640,Aucun - Etat acceptable,Faible,31.5,5.5,31.1,0,63,8107,3594
M008,Turbine T-100,Turbine,Ventilation,Tanger,2025-11-20 00:00:00,2025-11-20,5.21,13.81,2.22,2.11,7840,C,96.3,185,0.032,346.0,,98.7,88.8,87.2,1473,Aucun - Etat acceptable,Faible,29.7,5.8,161.6,1,0,23636,291
