timestamp,machine_id,machine_nom,machine_type,v_rms_mm_s,a_rms_g,a_peak_g,deplacement_pp_microns,vitesse_rotation_rpm,temperature_c,zone_iso_calculee,statut_alarme,crest_factor,facteur_k,facteur_fd,kurtosis,bpfo_freq_hz,bpfi_freq_hz,bsf_freq_hz,ftf_freq_hz,bpfo_amplitude,bpfi_amplitude,bsf_amplitude,puissance_kw,cout_horaire_arret_eur,bearing_ref
2026-04-14 00:00:00,P-204,Pompe centrifuge HP,pompe_centrifuge,1.157,2.293,6.778,1329.8,2979,48.1,A,normal,3.47,2.68,1.72,2.27,177.25,269.6,118.17,19.71,0.13362,0.07585,0.05144,250,4200,SKF 6314
2026-04-14 00:00:00,C-118,Compresseur à vis,compresseur,3.099,5.546,17.064,3348.0,1485,62.7,B,normal,3.45,7.13,1.95,2.59,97.02,150.48,63.36,9.7,0.18143,0.11376,0.06735,500,6800,SKF 7314
2026-04-14 00:00:00,V-302,Ventilateur tirage,ventilateur,0.414,1.008,3.555,697.5,975,40.4,A,normal,3.59,0.99,1.5,2.33,67.92,94.58,44.04,6.79,0.13699,0.08054,0.04883,75,1800,SKF 22216
2026-04-14 00:00:00,M-019,Moteur électrique 400kW,moteur_electrique,5.655,9.964,29.515,5790.8,1487,64.9,C,alerte,3.78,14.25,2.5,4.15,89.96,133.09,59.98,9.99,0.18158,0.03599,0.03827,400,5500,SKF 6320
2026-04-14 00:00:00,R-077,Réducteur convoyeur,reducteur,1.628,2.771,9.075,1780.5,713,43.6,A,normal,3.41,3.7,1.88,2.37,52.52,66.31,35.06,5.25,0.12793,0.09139,0.05161,55,950,SKF 2312
2026-04-14 00:00:00,P-311,Pompe centrifuge BP,pompe_centrifuge,9.643,17.582,52.168,10235.4,2960,66.7,D,danger,3.62,23.25,1.48,4.27,175.13,268.87,116.43,19.49,0.11412,0.0244,0.07563,180,3100,SKF 6312
2026-04-14 01:00:00,P-204,Pompe centrifuge HP,pompe_centrifuge,1.5,2.691,9.636,1890.6,2986,49.8,A,normal,4.02,4.02,1.83,3.0,177.67,270.23,118.44,19.76,0.14672,0.07302,0.04557,250,4200,SKF 6314
2026-04-14 01:00:00,C-118,Compresseur à vis,compresseur,2.077,3.574,10.219,2005.0,1488,59.3,A,normal,4.14,5.73,1.48,3.31,97.22,150.78,63.49,9.72,0.11543,0.08476,0.05511,500,6800,SKF 7314
2026-04-14 01:00:00,V-302,Ventilateur tirage,ventilateur,1.293,2.328,8.812,1728.9,984,41.7,A,normal,3.91,3.37,1.41,3.36,68.55,95.45,44.44,6.86,0.13052,0.07243,0.0515,75,1800,SKF 22216
2026-04-14 01:00:00,M-019,Moteur électrique 400kW,moteur_electrique,4.354,8.443,24.841,4873.8,1489,61.2,B,normal,3.09,8.98,1.68,3.84,90.08,133.27,60.06,10.0,0.10441,0.07676,0.04148,400,5500,SKF 6320
2026-04-14 01:00:00,R-077,Réducteur convoyeur,reducteur,1.017,2.041,7.141,1401.1,720,43.9,A,normal,3.43,2.33,2.45,3.52,53.04,66.96,35.4,5.3,0.12118,0.07885,0.0544,55,950,SKF 2312
2026-04-14 01:00:00,P-311,Pompe centrifuge BP,pompe_centrifuge,6.467,11.458,35.071,6880.9,2961,60.0,C,alerte,3.58,15.42,1.96,4.33,175.19,268.96,116.47,19.49,0.2522,0.07321,0.06503,180,3100,SKF 6312
2026-04-14 02:00:00,P-204,Pompe centrifuge HP,pompe_centrifuge,1.378,2.595,7.786,1527.6,2976,50.5,A,normal,2.63,2.41,2.01,4.57,177.07,269.33,118.05,19.69,0.1367,0.08797,0.04968,250,4200,SKF 6314
2026-04-14 02:00:00,C-118,Compresseur à vis,compresseur,2.942,5.896,17.555,3444.3,1474,60.7,B,normal,3.15,6.18,1.89,4.49,96.3,149.37,62.89,9.63,0.1466,0.06902,0.05194,500,6800,SKF 7314
2026-04-14 02:00:00,V-302,Ventilateur tirage,ventilateur,1.626,2.916,9.867,1935.9,970,45.0,A,normal,3.62,3.92,1.89,4.52,67.58,94.09,43.81,6.76,0.14447,0.0774,0.05352,75,1800,SKF 22216
2026-04-14 02:00:00,M-019,Moteur électrique 400kW,moteur_electrique,4.449,8.201,22.754,4464.3,1484,60.0,B,normal,3.91,11.61,2.26,3.47,89.78,132.82,59.85,9.97,0.10393,0.09358,0.03753,400,5500,SKF 6320
2026-04-14 02:00:00,R-077,Réducteur convoyeur,reducteur,1.552,2.784,8.848,1736.0,737,44.3,A,normal,3.3,3.41,2.49,3.41,54.29,68.54,36.24,5.43,0.13094,0.10125,0.05288,55,950,SKF 2312
2026-04-14 02:00:00,P-311,Pompe centrifuge BP,pompe_centrifuge,7.11,12.909,39.521,7754.0,2962,58.1,D,danger,3.97,18.83,2.2,4.54,175.25,269.05,116.51,19.5,0.17669,0.09592,0.04624,180,3100,SKF 6312
2026-04-14 03:00:00,P-204,Pompe centrifuge HP,pompe_centrifuge,1.362,2.563,9.063,1778.2,2976,48.4,A,normal,3.16,2.87,1.62,3.22,177.07,269.33,118.05,19.69,0.14966,0.08111,0.05524,250,4200,SKF 6314
2026-04-14 03:00:00,C-118,Compresseur à vis,compresseur,3.35,6.156,17.854,3503.0,1487,59.7,B,normal,3.83,8.56,1.23,4.7,97.15,150.68,63.45,9.72,0.17071,0.07337,0.04638,500,6800,SKF 7314
2026-04-14 03:00:00,V-302,Ventilateur tirage,ventilateur,1.671,2.391,7.789,1528.2,989,47.3,A,normal,4.05,4.51,1.88,2.1,68.9,95.93,44.67,6.89,0.14915,0.08757,0.04008,75,1800,SKF 22216
2026-04-14 03:00:00,M-019,Moteur électrique 400kW,moteur_electrique,4.704,8.26,25.299,4963.7,1491,62.1,C,alerte,3.38,10.61,2.33,3.77,90.21,133.44,60.14,10.01,0.20559,0.09377,0.06419,400,5500,SKF 6320
2026-04-14 03:00:00,R-077,Réducteur convoyeur,reducteur,1.529,2.494,6.731,1320.6,719,44.5,A,normal,2.99,3.05,2.06,2.79,52.97,66.87,35.35,5.3,0.11341,0.08418,0.05482,55,950,SKF 2312
2026-04-14 03:00:00,P-311,Pompe centrifuge BP,pompe_centrifuge,8.317,14.74,43.613,8556.9,2958,64.6,D,danger,4.14,22.94,1.55,5.32,175.01,268.69,116.35,19.47,0.09367,0.07148,0.03147,180,3100,SKF 6312
2026-04-14 04:00:00,P-204,Pompe centrifuge HP,pompe_centrifuge,1.735,2.885,8.338,1635.9,2986,49.0,A,normal,3.74,4.32,1.8,3.98,177.67,270.23,118.44,19.76,0.13006,0.08718,0.04925,250,4200,SKF 6314
2026-04-14 04:00:00,C-118,Compresseur à vis,compresseur,2.261,3.894,12.513,2455.1,1486,59.2,A,normal,3.23,4.87,1.6,3.71,97.09,150.58,63.4,9.71,0.2013,0.08721,0.04531,500,6800,SKF 7314
2026-04-14 04:00:00,V-302,Ventilateur tirage,ventilateur,1.376,2.693,8.503,1668.3,974,43.2,A,normal,3.07,2.81,1.81,4.08,67.86,94.48,43.99,6.79,0.16631,0.07331,0.0499,75,1800,SKF 22216
2026-04-14 04:00:00,M-019,Moteur électrique 400kW,moteur_electrique,5.316,9.715,27.967,5487.1,1481,66.2,C,alerte,3.03,10.73,1.39,2.25,89.6,132.55,59.73,9.95,0.28288,0.1089,0.06949,400,5500,SKF 6320
2026-04-14 04:00:00,R-077,Réducteur convoyeur,reducteur,1.702,3.1,9.321,1828.8,716,42.4,A,normal,3.45,3.92,1.44,4.11,52.75,66.59,35.2,5.27,0.14097,0.07274,0.04741,55,950,SKF 2312
2026-04-14 04:00:00,P-311,Pompe centrifuge BP,pompe_centrifuge,8.022,14.898,44.615,8753.5,2961,63.3,D,danger,3.74,20.02,2.01,3.99,175.19,268.96,116.47,19.49,0.1204,0.03657,0.06021,180,3100,SKF 6312
2026-04-14 05:00:00,P-204,Pompe centrifuge HP,pompe_centrifuge,1.661,3.012,8.237,1616.1,2980,47.7,A,normal,4.0,4.43,1.21,4.06,177.31,269.69,118.21,19.72,0.12579,0.08401,0.04731,250,4200,SKF 6314
2026-04-14 05:00:00,C-118,Compresseur à vis,compresseur,3.047,5.872,17.221,3378.8,1481,60.8,B,normal,3.37,6.84,1.83,3.66,96.76,150.07,63.19,9.68,0.14264,0.07509,0.04172,500,6800,SKF 7314
2026-04-14 05:00:00,V-302,Ventilateur tirage,ventilateur,1.612,3.161,9.537,1871.2,981,44.7,A,normal,3.4,3.66,1.23,2.66,68.34,95.16,44.31,6.83,0.12749,0.09375,0.05422,75,1800,SKF 22216
2026-04-14 05:00:00,M-019,Moteur électrique 400kW,moteur_electrique,5.78,10.426,32.113,6300.6,1493,64.1,C,alerte,3.63,14.0,1.72,4.51,90.33,133.62,60.22,10.03,0.26681,0.04563,0.0572,400,5500,SKF 6320
2026-04-14 05:00:00,R-077,Réducteur convoyeur,reducteur,1.659,3.029,8.631,1693.4,721,40.3,A,normal,3.79,4.19,1.72,4.08,53.11,67.05,35.45,5.31,0.1427,0.09089,0.0564,55,950,SKF 2312
2026-04-14 05:00:00,P-311,Pompe centrifuge BP,pompe_centrifuge,11.191,19.873,58.924,11560.9,2961,74.3,D,danger,4.17,31.13,1.79,4.93,175.19,268.96,116.47,19.49,0.45644,0.13446,0.01575,180,3100,SKF 6312
2026-04-14 06:00:00,P-204,Pompe centrifuge HP,pompe_centrifuge,1.036,2.056,5.989,1175.0,2973,47.7,A,normal,3.4,2.35,1.69,4.32,176.89,269.06,117.93,19.67,0.1454,0.08117,0.04924,250,4200,SKF 6314
2026-04-14 06:00:00,C-118,Compresseur à vis,compresseur,3.312,6.483,18.562,3641.9,1487,60.5,B,normal,3.5,7.72,1.57,4.54,97.15,150.68,63.45,9.72,0.13246,0.10168,0.04916,500,6800,SKF 7314
2026-04-14 06:00:00,V-302,Ventilateur tirage,ventilateur,1.536,2.525,6.786,1331.4,978,44.7,A,normal,2.97,3.05,1.74,2.9,68.13,94.87,44.17,6.81,0.14624,0.08641,0.04797,75,1800,SKF 22216
2026-04-14 06:00:00,M-019,Moteur électrique 400kW,moteur_electrique,5.487,9.763,29.51,5789.9,1482,64.4,C,alerte,3.22,11.77,1.85,4.2,89.66,132.64,59.77,9.95,0.28795,0.07002,0.04132,400,5500,SKF 6320
2026-04-14 06:00:00,R-077,Réducteur convoyeur,reducteur,1.379,2.431,8.296,1627.7,716,43.3,A,normal,3.3,3.03,1.65,3.09,52.75,66.59,35.2,5.27,0.1552,0.09488,0.04947,55,950,SKF 2312
2026-04-14 06:00:00,P-311,Pompe centrifuge BP,pompe_centrifuge,8.887,15.873,47.973,9412.3,2965,66.1,D,danger,4.77,28.24,1.99,3.78,175.43,269.32,116.62,19.52,0.15109,0.16811,0.06629,180,3100,SKF 6312
2026-04-14 07:00:00,P-204,Pompe centrifuge HP,pompe_centrifuge,1.073,2.141,7.105,1394.0,2971,48.0,A,normal,2.93,2.1,1.52,3.13,176.77,268.88,117.85,19.66,0.12815,0.08412,0.0504,250,4200,SKF 6314
2026-04-14 07:00:00,C-118,Compresseur à vis,compresseur,3.26,5.552,15.961,3131.5,1483,63.5,B,normal,3.72,8.09,1.39,2.23,96.89,150.28,63.27,9.69,0.12574,0.15428,0.0435,500,6800,SKF 7314
2026-04-14 07:00:00,V-302,Ventilateur tirage,ventilateur,1.381,2.636,7.441,1459.9,979,41.8,A,normal,3.81,3.5,1.68,2.35,68.2,94.96,44.22,6.82,0.13516,0.07177,0.04841,75,1800,SKF 22216
2026-04-14 07:00:00,M-019,Moteur électrique 400kW,moteur_electrique,6.89,12.065,39.198,7690.6,1493,69.3,C,alerte,3.88,17.81,1.59,3.31,90.33,133.62,60.22,10.03,0.12492,0.125,0.05716,400,5500,SKF 6320
2026-04-14 07:00:00,R-077,Réducteur convoyeur,reducteur,1.251,2.472,6.657,1306.1,717,42.8,A,normal,3.05,2.54,2.2,2.15,52.82,66.68,35.25,5.28,0.15254,0.08128,0.04874,55,950,SKF 2312
2026-04-14 07:00:00,P-311,Pompe centrifuge BP,pompe_centrifuge,10.52,18.854,56.852,11154.4,2955,69.5,D,danger,4.48,31.44,1.38,5.11,174.84,268.41,116.23,19.45,0.21682,0.19392,0.04138,180,3100,SKF 6312
2026-04-14 08:00:00,P-204,Pompe centrifuge HP,pompe_centrifuge,2.007,3.472,10.968,2151.9,2977,53.3,A,normal,3.27,4.38,1.76,3.94,177.13,269.42,118.09,19.7,0.13372,0.09629,0.05371,250,4200,SKF 6314
2026-04-14 08:00:00,C-118,Compresseur à vis,compresseur,3.101,5.554,15.916,3122.7,1489,63.6,B,normal,3.99,8.25,1.63,3.28,97.28,150.89,63.53,9.73,0.08599,0.05071,0.05036,500,6800,SKF 7314
2026-04-14 08:00:00,V-302,Ventilateur tirage,ventilateur,1.356,1.865,5.144,1009.3,964,44.9,A,normal,3.0,2.71,1.73,3.22,67.16,93.51,43.54,6.72,0.13823,0.08121,0.04417,75,1800,SKF 22216
2026-04-14 08:00:00,M-019,Moteur électrique 400kW,moteur_electrique,4.953,8.827,26.439,5187.3,1490,61.9,C,alerte,3.94,13.02,1.53,2.8,90.14,133.35,60.1,10.01,0.25176,0.14467,0.03353,400,5500,SKF 6320
2026-04-14 08:00:00,R-077,Réducteur convoyeur,reducteur,0.895,1.381,3.272,642.0,724,40.3,A,normal,3.24,1.93,1.5,3.02,53.33,67.33,35.6,5.33,0.13841,0.07379,0.04782,55,950,SKF 2312
2026-04-14 08:00:00,P-311,Pompe centrifuge BP,pompe_centrifuge,7.423,12.886,38.149,7484.8,2966,59.6,D,danger,3.96,19.6,1.3,4.47,175.49,269.41,116.66,19.53,0.21101,0.03089,0.07626,180,3100,SKF 6312
2026-04-14 09:00:00,P-204,Pompe centrifuge HP,pompe_centrifuge,1.226,2.359,6.869,1347.7,2989,45.5,A,normal,3.65,2.98,2.09,3.74,177.85,270.5,118.56,19.78,0.14277,0.09476,0.04644,250,4200,SKF 6314
2026-04-14 09:00:00,C-118,Compresseur à vis,compresseur,3.228,5.842,18.506,3630.9,1494,62.2,B,normal,3.83,8.24,2.07,2.95,97.61,151.39,63.74,9.76,0.11465,0.09014,0.04348,500,6800,SKF 7314
2026-04-14 09:00:00,V-302,Ventilateur tirage,ventilateur,1.212,2.01,6.699,1314.3,974,43.4,A,normal,3.93,3.17,1.74,3.16,67.86,94.48,43.99,6.79,0.12413,0.09126,0.04961,75,1800,SKF 22216
2026-04-14 09:00:00,M-019,Moteur électrique 400kW,moteur_electrique,5.153,9.101,26.575,5214.0,1486,65.5,C,alerte,3.54,12.16,1.37,3.14,89.9,133.0,59.94,9.98,0.27154,0.18667,0.05467,400,5500,SKF 6320
2026-04-14 09:00:00,R-077,Réducteur convoyeur,reducteur,1.061,1.78,4.969,974.9,720,43.0,A,normal,3.43,2.42,1.94,4.12,53.04,66.96,35.4,5.3,0.16551,0.0859,0.05184,55,950,SKF 2312
2026-04-14 09:00:00,P-311,Pompe centrifuge BP,pompe_centrifuge,9.46,16.562,49.476,9707.2,2963,65.5,D,danger,4.55,28.67,1.76,4.67,175.31,269.14,116.54,19.51,0.05886,0.07016,0.06971,180,3100,SKF 6312
2026-04-14 10:00:00,P-204,Pompe centrifuge HP,pompe_centrifuge,1.787,3.354,11.704,2296.3,2983,46.8,A,normal,2.59,3.09,1.55,3.47,177.49,269.96,118.33,19.74,0.12581,0.0764,0.04693,250,4200,SKF 6314
2026-04-14 10:00:00,C-118,Compresseur à vis,compresseur,3.943,7.346,21.405,4199.7,1489,64.7,B,normal,4.06,10.68,1.7,2.72,97.28,150.89,63.53,9.73,0.15804,0.07849,0.04948,500,6800,SKF 7314
2026-04-14 10:00:00,V-302,Ventilateur tirage,ventilateur,1.527,2.985,10.452,2050.7,976,44.0,A,normal,3.87,3.94,2.07,2.87,67.99,94.67,44.08,6.8,0.20609,0.07863,0.04754,75,1800,SKF 22216
2026-04-14 10:00:00,M-019,Moteur électrique 400kW,moteur_electrique,5.904,10.26,30.645,6012.5,1486,63.4,C,alerte,3.98,15.66,1.58,3.82,89.9,133.0,59.94,9.98,0.06747,0.06299,0.0658,400,5500,SKF 6320
2026-04-14 10:00:00,R-077,Réducteur convoyeur,reducteur,1.838,3.319,10.216,2004.4,730,46.8,A,normal,3.42,4.19,1.99,3.53,53.78,67.89,35.89,5.38,0.1411,0.07536,0.05396,55,950,SKF 2312
2026-04-14 10:00:00,P-311,Pompe centrifuge BP,pompe_centrifuge,8.833,15.545,47.368,9293.6,2961,63.8,D,danger,4.37,25.73,1.77,4.77,175.19,268.96,116.47,19.49,0.14199,0.07908,0.06565,180,3100,SKF 6312
2026-04-14 11:00:00,P-204,Pompe centrifuge HP,pompe_centrifuge,1.596,3.072,9.805,1923.7,2986,49.2,A,normal,3.05,3.25,1.52,3.43,177.67,270.23,118.44,19.76,0.137,0.08395,0.06006,250,4200,SKF 6314
2026-04-14 11:00:00,C-118,Compresseur à vis,compresseur,2.881,4.981,14.392,2823.7,1484,58.1,B,normal,3.32,6.37,2.08,3.56,96.95,150.38,63.32,9.7,0.13046,0.0761,0.04799,500,6800,SKF 7314
2026-04-14 11:00:00,V-302,Ventilateur tirage,ventilateur,1.574,2.718,9.23,1810.9,981,43.9,A,normal,3.58,3.76,1.45,3.8,68.34,95.16,44.31,6.83,0.14123,0.07913,0.04693,75,1800,SKF 22216
2026-04-14 11:00:00,M-019,Moteur électrique 400kW,moteur_electrique,5.483,9.094,26.68,5234.6,1488,60.7,C,alerte,3.62,13.22,1.7,3.49,90.02,133.18,60.02,9.99,0.15756,0.05685,0.05965,400,5500,SKF 6320
2026-04-14 11:00:00,R-077,Réducteur convoyeur,reducteur,1.929,3.096,9.173,1799.7,723,41.1,A,normal,4.11,5.29,1.56,3.18,53.26,67.24,35.55,5.33,0.12554,0.08786,0.05733,55,950,SKF 2312
2026-04-14 11:00:00,P-311,Pompe centrifuge BP,pompe_centrifuge,8.363,14.998,44.98,8825.1,2959,64.8,D,danger,3.88,21.65,1.93,3.83,175.07,268.78,116.39,19.48,0.0792,0.15613,0.02617,180,3100,SKF 6312
2026-04-14 12:00:00,P-204,Pompe centrifuge HP,pompe_centrifuge,1.409,2.242,6.128,1202.3,2977,48.0,A,normal,3.38,3.17,1.65,3.38,177.13,269.42,118.09,19.7,0.1328,0.08706,0.05085,250,4200,SKF 6314
2026-04-14 12:00:00,C-118,Compresseur à vis,compresseur,2.873,5.184,15.656,3071.7,1489,61.4,B,normal,3.53,6.77,2.07,3.75,97.28,150.89,63.53,9.73,0.11011,0.09448,0.05201,500,6800,SKF 7314
2026-04-14 12:00:00,V-302,Ventilateur tirage,ventilateur,1.416,2.59,7.118,1396.6,981,42.3,A,normal,2.81,2.65,1.42,4.17,68.34,95.16,44.31,6.83,0.14785,0.08473,0.04888,75,1800,SKF 22216
2026-04-14 12:00:00,M-019,Moteur électrique 400kW,moteur_electrique,5.165,9.609,29.548,5797.3,1493,64.1,C,alerte,4.13,14.22,1.64,4.24,90.33,133.62,60.22,10.03,0.32964,0.10602,0.04096,400,5500,SKF 6320
2026-04-14 12:00:00,R-077,Réducteur convoyeur,reducteur,1.086,1.8,5.532,1085.4,718,40.8,A,normal,3.35,2.43,1.29,2.47,52.89,66.77,35.3,5.29,0.12241,0.084,0.05423,55,950,SKF 2312
2026-04-14 12:00:00,P-311,Pompe centrifuge BP,pompe_centrifuge,8.453,15.35,45.842,8994.2,2965,63.9,D,danger,4.66,26.29,1.92,4.72,175.43,269.32,116.62,19.52,0.0906,0.20946,0.05026,180,3100,SKF 6312
2026-04-14 13:00:00,P-204,Pompe centrifuge HP,pompe_centrifuge,1.039,1.671,5.439,1067.1,2984,47.2,A,normal,3.12,2.16,2.11,2.35,177.55,270.05,118.37,19.74,0.12516,0.08214,0.04784,250,4200,SKF 6314
2026-04-14 13:00:00,C-118,Compresseur à vis,compresseur,2.868,5.406,16.049,3148.8,1488,60.8,B,normal,3.26,6.24,2.14,4.03,97.22,150.78,63.49,9.72,0.18689,0.08944,0.05844,500,6800,SKF 7314
2026-04-14 13:00:00,V-302,Ventilateur tirage,ventilateur,2.021,3.981,12.412,2435.2,977,43.6,A,normal,4.05,5.46,1.71,3.73,68.06,94.77,44.13,6.81,0.12568,0.09575,0.04493,75,1800,SKF 22216
2026-04-14 13:00:00,M-019,Moteur électrique 400kW,moteur_electrique,5.923,10.229,30.301,5945.1,1494,62.7,C,alerte,3.65,14.42,1.55,3.22,90.39,133.71,60.26,10.03,0.11347,0.06146,0.07752,400,5500,SKF 6320
2026-04-14 13:00:00,R-077,Réducteur convoyeur,reducteur,1.534,3.031,10.198,2000.8,729,44.3,A,normal,3.8,3.89,1.26,3.84,53.7,67.8,35.84,5.37,0.11687,0.08685,0.04883,55,950,SKF 2312
2026-04-14 13:00:00,P-311,Pompe centrifuge BP,pompe_centrifuge,9.969,17.776,52.567,10313.6,2961,66.1,D,danger,4.27,28.35,1.6,4.74,175.19,268.96,116.47,19.49,0.12163,0.14085,0.05193,180,3100,SKF 6312
2026-04-14 14:00:00,P-204,Pompe centrifuge HP,pompe_centrifuge,1.681,2.779,10.518,2063.6,2982,48.1,A,normal,3.08,3.45,1.86,2.69,177.43,269.87,118.29,19.73,0.12775,0.08809,0.04503,250,4200,SKF 6314
2026-04-14 14:00:00,C-118,Compresseur à vis,compresseur,3.696,7.001,21.393,4197.3,1493,60.9,B,normal,3.67,9.05,1.56,3.15,97.54,151.29,63.7,9.75,0.07488,0.06556,0.04741,500,6800,SKF 7314
2026-04-14 14:00:00,V-302,Ventilateur tirage,ventilateur,1.866,4.323,12.834,2518.0,981,45.5,A,normal,4.11,5.12,1.56,3.38,68.34,95.16,44.31,6.83,0.16269,0.07325,0.05923,75,1800,SKF 22216
2026-04-14 14:00:00,M-019,Moteur électrique 400kW,moteur_electrique,6.242,11.245,34.277,6725.1,1490,67.4,C,alerte,4.21,17.52,1.47,4.16,90.14,133.35,60.1,10.01,0.20438,0.05451,0.04452,400,5500,SKF 6320
2026-04-14 14:00:00,R-077,Réducteur convoyeur,reducteur,1.061,1.949,6.738,1322.0,718,43.6,A,normal,3.81,2.69,1.84,2.71,52.89,66.77,35.3,5.29,0.12953,0.08019,0.04781,55,950,SKF 2312
2026-04-14 14:00:00,P-311,Pompe centrifuge BP,pompe_centrifuge,8.727,15.691,46.133,9051.3,2962,64.7,D,danger,4.76,27.68,1.77,4.19,175.25,269.05,116.51,19.5,0.10565,0.13022,0.07958,180,3100,SKF 6312
2026-04-14 15:00:00,P-204,Pompe centrifuge HP,pompe_centrifuge,1.643,3.036,7.702,1511.1,2979,47.2,A,normal,3.72,4.07,2.26,2.94,177.25,269.6,118.17,19.71,0.13184,0.09422,0.04937,250,4200,SKF 6314
2026-04-14 15:00:00,C-118,Compresseur à vis,compresseur,3.612,6.683,17.656,3464.1,1496,62.3,B,normal,3.34,8.05,1.74,3.37,97.74,151.59,63.83,9.77,0.15806,0.06185,0.05899,500,6800,SKF 7314
2026-04-14 15:00:00,V-302,Ventilateur tirage,ventilateur,1.751,2.835,9.13,1791.3,986,45.6,A,normal,3.87,4.52,1.74,2.9,68.69,95.64,44.53,6.87,0.13428,0.08378,0.05167,75,1800,SKF 22216
2026-04-14 15:00:00,M-019,Moteur électrique 400kW,moteur_electrique,4.514,8.051,25.183,4940.9,1486,59.6,C,alerte,3.55,10.69,2.18,4.11,89.9,133.0,59.94,9.98,0.11677,0.07547,0.06212,400,5500,SKF 6320
2026-04-14 15:00:00,R-077,Réducteur convoyeur,reducteur,1.784,3.12,10.375,2035.6,732,44.1,A,normal,2.94,3.5,2.21,3.66,53.92,68.08,35.99,5.39,0.1083,0.07836,0.0511,55,950,SKF 2312
2026-04-14 15:00:00,P-311,Pompe centrifuge BP,pompe_centrifuge,7.751,14.318,42.077,8255.5,2954,59.5,D,danger,3.67,18.96,2.06,3.83,174.78,268.32,116.19,19.45,0.10021,0.12719,0.04194,180,3100,SKF 6312
2026-04-14 16:00:00,P-204,Pompe centrifuge HP,pompe_centrifuge,1.577,3.172,9.12,1789.3,2964,50.6,A,normal,3.19,3.35,1.81,4.54,176.36,268.24,117.57,19.61,0.15557,0.09405,0.05333,250,4200,SKF 6314
2026-04-14 16:00:00,C-118,Compresseur à vis,compresseur,3.286,5.749,17.998,3531.2,1475,61.7,B,normal,4.1,8.99,1.61,2.73,96.37,149.47,62.93,9.64,0.17722,0.06809,0.04125,500,6800,SKF 7314
2026-04-14 16:00:00,V-302,Ventilateur tirage,ventilateur,1.171,2.241,7.997,1569.0,984,42.5,A,normal,2.66,2.08,1.72,3.18,68.55,95.45,44.44,6.86,0.13198,0.06862,0.05383,75,1800,SKF 22216
2026-04-14 16:00:00,M-019,Moteur électrique 400kW,moteur_electrique,6.326,11.658,35.36,6937.6,1480,69.4,C,alerte,4.1,17.29,1.95,4.06,89.54,132.46,59.69,9.94,0.07968,0.04884,0.05138,400,5500,SKF 6320
2026-04-14 16:00:00,R-077,Réducteur convoyeur,reducteur,1.437,2.584,8.183,1605.5,717,45.0,A,normal,3.02,2.9,1.4,3.1,52.82,66.68,35.25,5.28,0.15438,0.08741,0.05188,55,950,SKF 2312
2026-04-14 16:00:00,P-311,Pompe centrifuge BP,pompe_centrifuge,7.844,14.334,41.877,8216.3,2954,60.9,D,danger,3.89,20.35,2.53,4.19,174.78,268.32,116.19,19.45,0.12319,0.10519,0.04601,180,3100,SKF 6312
2026-04-14 17:00:00,P-204,Pompe centrifuge HP,pompe_centrifuge,1.726,3.548,10.486,2057.4,2977,51.8,A,normal,3.62,4.16,1.78,2.07,177.13,269.42,118.09,19.7,0.12619,0.07651,0.04756,250,4200,SKF 6314
2026-04-14 17:00:00,C-118,Compresseur à vis,compresseur,3.656,6.857,20.588,4039.4,1480,62.8,B,normal,3.83,9.33,2.03,4.75,96.69,149.97,63.15,9.67,0.14323,0.10334,0.05025,500,6800,SKF 7314
2026-04-14 17:00:00,V-302,Ventilateur tirage,ventilateur,1.552,2.673,8.565,1680.5,986,44.4,A,normal,3.31,3.42,1.88,3.14,68.69,95.64,44.53,6.87,0.13409,0.08667,0.0514,75,1800,SKF 22216
2026-04-14 17:00:00,M-019,Moteur électrique 400kW,moteur_electrique,4.27,7.181,21.005,4121.2,1489,62.0,B,normal,3.47,9.88,1.72,4.09,90.08,133.27,60.06,10.0,0.13997,0.08285,0.05366,400,5500,SKF 6320
2026-04-14 17:00:00,R-077,Réducteur convoyeur,reducteur,1.868,3.1,10.545,2068.9,721,44.1,A,normal,3.57,4.45,2.14,2.9,53.11,67.05,35.45,5.31,0.13534,0.07265,0.0494,55,950,SKF 2312
2026-04-14 17:00:00,P-311,Pompe centrifuge BP,pompe_centrifuge,7.923,14.626,45.156,8859.6,2957,62.1,D,danger,4.13,21.82,1.55,5.75,174.96,268.59,116.31,19.47,0.04802,0.09123,0.02379,180,3100,SKF 6312
2026-04-14 18:00:00,P-204,Pompe centrifuge HP,pompe_centrifuge,1.32,2.326,7.35,1442.1,2987,50.5,A,normal,3.32,2.92,1.74,2.28,177.73,270.32,118.48,19.76,0.11768,0.10029,0.05138,250,4200,SKF 6314
2026-04-14 18:00:00,C-118,Compresseur à vis,compresseur,3.185,5.431,16.537,3244.6,1480,60.5,B,normal,3.54,7.52,1.73,3.19,96.69,149.97,63.15,9.67,0.09962,0.05336,0.04465,500,6800,SKF 7314
2026-04-14 18:00:00,V-302,Ventilateur tirage,ventilateur,2.122,3.712,11.49,2254.3,980,44.1,A,normal,3.18,4.51,2.19,3.63,68.27,95.06,44.26,6.83,0.13681,0.07713,0.05945,75,1800,SKF 22216
2026-04-14 18:00:00,M-019,Moteur électrique 400kW,moteur_electrique,4.928,8.745,26.258,5151.8,1487,60.5,C,alerte,3.96,13.01,2.6,4.51,89.96,133.09,59.98,9.99,0.11164,0.04563,0.04421,400,5500,SKF 6320
2026-04-14 18:00:00,R-077,Réducteur convoyeur,reducteur,2.071,3.879,11.289,2214.9,720,43.7,A,normal,4.18,5.77,1.73,2.78,53.04,66.96,35.4,5.3,0.12448,0.08905,0.04911,55,950,SKF 2312
2026-04-14 18:00:00,P-311,Pompe centrifuge BP,pompe_centrifuge,8.278,14.733,44.055,8643.6,2949,64.2,D,danger,3.79,20.93,1.53,3.93,174.48,267.87,115.99,19.41,0.05579,0.08939,0.02897,180,3100,SKF 6312
2026-04-14 19:00:00,P-204,Pompe centrifuge HP,pompe_centrifuge,1.608,2.864,6.843,1342.6,2980,48.8,A,normal,2.61,2.8,2.19,2.81,177.31,269.69,118.21,19.72,0.15879,0.07446,0.05089,250,4200,SKF 6314
2026-04-14 19:00:00,C-118,Compresseur à vis,compresseur,3.249,5.752,17.622,3457.4,1488,57.6,B,normal,4.79,10.37,1.3,3.24,97.22,150.78,63.49,9.72,0.12356,0.08487,0.04924,500,6800,SKF 7314
2026-04-14 19:00:00,V-302,Ventilateur tirage,ventilateur,1.733,3.178,10.045,1970.8,976,45.2,A,normal,3.54,4.09,1.42,4.16,67.99,94.67,44.08,6.8,0.14576,0.09446,0.04715,75,1800,SKF 22216
2026-04-14 19:00:00,M-019,Moteur électrique 400kW,moteur_electrique,5.371,9.887,29.708,5828.7,1490,64.4,C,alerte,3.63,13.01,2.26,2.32,90.14,133.35,60.1,10.01,0.15747,0.05754,0.04561,400,5500,SKF 6320
2026-04-14 19:00:00,R-077,Réducteur convoyeur,reducteur,1.962,3.671,11.59,2274.0,719,43.1,A,normal,3.23,4.22,1.66,3.04,52.97,66.87,35.35,5.3,0.12045,0.09518,0.04825,55,950,SKF 2312
2026-04-14 19:00:00,P-311,Pompe centrifuge BP,pompe_centrifuge,7.629,13.552,40.676,7980.6,2958,62.8,D,danger,4.24,21.54,1.71,5.15,175.01,268.69,116.35,19.47,0.11212,0.03381,0.02641,180,3100,SKF 6312
2026-04-14 20:00:00,P-204,Pompe centrifuge HP,pompe_centrifuge,1.255,2.475,7.031,1379.5,2983,48.6,A,normal,3.5,2.93,2.18,3.15,177.49,269.96,118.33,19.74,0.1172,0.08938,0.04992,250,4200,SKF 6314
2026-04-14 20:00:00,C-118,Compresseur à vis,compresseur,3.833,6.449,18.177,3566.3,1488,63.2,B,normal,3.65,9.33,1.41,4.24,97.22,150.78,63.49,9.72,0.09396,0.06846,0.05408,500,6800,SKF 7314
2026-04-14 20:00:00,V-302,Ventilateur tirage,ventilateur,1.9,2.943,7.967,1563.1,987,44.9,A,normal,3.17,4.01,1.48,3.93,68.76,95.74,44.58,6.88,0.1439,0.07005,0.05065,75,1800,SKF 22216
2026-04-14 20:00:00,M-019,Moteur électrique 400kW,moteur_electrique,5.626,10.163,30.024,5890.7,1494,64.2,C,alerte,3.15,11.8,1.69,3.17,90.39,133.71,60.26,10.03,0.10044,0.09743,0.06439,400,5500,SKF 6320
2026-04-14 20:00:00,R-077,Réducteur convoyeur,reducteur,1.664,3.015,9.214,1807.8,723,40.7,A,normal,2.89,3.21,1.53,3.34,53.26,67.24,35.55,5.33,0.13145,0.06866,0.04229,55,950,SKF 2312
2026-04-14 20:00:00,P-311,Pompe centrifuge BP,pompe_centrifuge,8.988,15.92,47.468,9313.2,2954,64.6,D,danger,4.65,27.85,2.15,4.81,174.78,268.32,116.19,19.45,0.08275,0.10408,0.04408,180,3100,SKF 6312
2026-04-14 21:00:00,P-204,Pompe centrifuge HP,pompe_centrifuge,2.073,3.475,10.032,1968.3,2981,49.9,A,normal,2.97,4.1,2.15,3.48,177.37,269.78,118.25,19.72,0.12873,0.06928,0.07025,250,4200,SKF 6314
2026-04-14 21:00:00,C-118,Compresseur à vis,compresseur,3.223,6.003,16.918,3319.3,1485,60.8,B,normal,3.69,7.92,1.69,2.4,97.02,150.48,63.36,9.7,0.15301,0.06237,0.06236,500,6800,SKF 7314
2026-04-14 21:00:00,V-302,Ventilateur tirage,ventilateur,1.806,2.872,7.015,1376.3,979,47.1,A,normal,2.92,3.51,2.45,3.43,68.2,94.96,44.22,6.82,0.11518,0.08632,0.04785,75,1800,SKF 22216
2026-04-14 21:00:00,M-019,Moteur électrique 400kW,moteur_electrique,5.278,9.472,30.254,5935.8,1484,64.1,C,alerte,3.08,10.85,1.91,4.77,89.78,132.82,59.85,9.97,0.21804,0.07246,0.04295,400,5500,SKF 6320
2026-04-14 21:00:00,R-077,Réducteur convoyeur,reducteur,1.56,2.659,8.39,1646.1,715,47.0,A,normal,2.84,2.95,2.19,3.67,52.67,66.5,35.15,5.27,0.13528,0.086,0.05168,55,950,SKF 2312
2026-04-14 21:00:00,P-311,Pompe centrifuge BP,pompe_centrifuge,10.173,18.73,54.41,10675.2,2964,71.2,D,danger,3.87,26.25,1.69,4.63,175.37,269.23,116.58,19.51,0.36663,0.0416,0.02236,180,3100,SKF 6312
2026-04-14 22:00:00,P-204,Pompe centrifuge HP,pompe_centrifuge,2.018,3.93,11.237,2204.7,2975,50.6,A,normal,2.98,4.01,1.84,2.58,177.01,269.24,118.01,19.68,0.17354,0.07011,0.05364,250,4200,SKF 6314
2026-04-14 22:00:00,C-118,Compresseur à vis,compresseur,3.121,5.833,18.071,3545.5,1480,61.7,B,normal,3.26,6.79,1.27,3.44,96.69,149.97,63.15,9.67,0.21534,0.09138,0.04632,500,6800,SKF 7314
2026-04-14 22:00:00,V-302,Ventilateur tirage,ventilateur,1.657,3.294,8.598,1686.9,983,44.5,A,normal,2.68,2.96,1.56,3.67,68.48,95.35,44.4,6.85,0.11136,0.08167,0.0567,75,1800,SKF 22216
2026-04-14 22:00:00,M-019,Moteur électrique 400kW,moteur_electrique,7.204,13.671,39.871,7822.7,1485,68.7,D,danger,3.97,19.09,1.51,3.56,89.84,132.91,59.89,9.97,0.04693,0.04525,0.06571,400,5500,SKF 6320
2026-04-14 22:00:00,R-077,Réducteur convoyeur,reducteur,1.711,3.3,9.163,1797.8,711,43.8,A,normal,3.8,4.33,1.72,4.13,52.38,66.12,34.96,5.24,0.13487,0.09628,0.05381,55,950,SKF 2312
2026-04-14 22:00:00,P-311,Pompe centrifuge BP,pompe_centrifuge,10.564,18.563,56.091,11005.1,2962,70.9,D,danger,4.33,30.48,1.39,4.75,175.25,269.05,116.51,19.5,0.22503,0.05613,0.03914,180,3100,SKF 6312
2026-04-14 23:00:00,P-204,Pompe centrifuge HP,pompe_centrifuge,1.794,3.126,10.114,1984.4,2975,51.5,A,normal,3.87,4.62,2.02,3.36,177.01,269.24,118.01,19.68,0.12615,0.07629,0.05046,250,4200,SKF 6314
2026-04-14 23:00:00,C-118,Compresseur à vis,compresseur,3.273,6.223,19.458,3817.7,1483,61.7,B,normal,3.19,6.97,1.96,3.74,96.89,150.28,63.27,9.69,0.10498,0.06294,0.05144,500,6800,SKF 7314
2026-04-14 23:00:00,V-302,Ventilateur tirage,ventilateur,1.822,3.194,8.531,1673.8,984,45.6,A,normal,3.25,3.95,2.04,2.53,68.55,95.45,44.44,6.86,0.12135,0.07068,0.04962,75,1800,SKF 22216
2026-04-14 23:00:00,M-019,Moteur électrique 400kW,moteur_electrique,5.666,9.925,30.552,5994.3,1492,65.6,C,alerte,3.46,13.07,1.59,4.36,90.27,133.53,60.18,10.02,0.18527,0.14551,0.05963,400,5500,SKF 6320
2026-04-14 23:00:00,R-077,Réducteur convoyeur,reducteur,1.497,2.209,5.836,1145.0,724,45.6,A,normal,3.18,3.17,1.63,3.6,53.33,67.33,35.6,5.33,0.15175,0.08682,0.04852,55,950,SKF 2312
2026-04-14 23:00:00,P-311,Pompe centrifuge BP,pompe_centrifuge,10.758,19.221,56.582,11101.4,2951,69.2,D,danger,3.93,28.19,1.7,5.59,174.6,268.05,116.07,19.43,0.19413,0.10013,0.03423,180,3100,SKF 6312
2026-04-15 00:00:00,P-204,Pompe centrifuge HP,pompe_centrifuge,1.983,3.585,9.789,1920.6,2984,50.1,A,normal,2.98,3.94,1.61,3.25,177.55,270.05,118.37,19.74,0.13209,0.0961,0.04979,250,4200,SKF 6314
2026-04-15 00:00:00,C-118,Compresseur à vis,compresseur,3.622,6.906,22.135,4342.9,1474,62.2,B,normal,3.85,9.31,2.0,4.49,96.3,149.37,62.89,9.63,0.1316,0.08093,0.04673,500,6800,SKF 7314
2026-04-15 00:00:00,V-302,Ventilateur tirage,ventilateur,1.517,2.593,8.453,1658.5,981,45.2,A,normal,3.27,3.31,1.64,2.53,68.34,95.16,44.31,6.83,0.12484,0.10672,0.04695,75,1800,SKF 22216
2026-04-15 00:00:00,M-019,Moteur électrique 400kW,moteur_electrique,6.037,10.897,32.291,6335.5,1489,67.1,C,alerte,3.59,14.47,1.64,3.65,90.08,133.27,60.06,10.0,0.16756,0.21361,0.0631,400,5500,SKF 6320
2026-04-15 00:00:00,R-077,Réducteur convoyeur,reducteur,1.465,3.233,8.574,1682.2,719,44.8,A,normal,2.93,2.86,1.56,3.07,52.97,66.87,35.35,5.3,0.13902,0.09622,0.05693,55,950,SKF 2312
2026-04-15 00:00:00,P-311,Pompe centrifuge BP,pompe_centrifuge,8.662,15.673,47.524,9324.2,2962,67.0,D,danger,4.49,25.93,2.22,4.65,175.25,269.05,116.51,19.5,0.13836,0.04455,0.02624,180,3100,SKF 6312
2026-04-15 01:00:00,P-204,Pompe centrifuge HP,pompe_centrifuge,1.524,2.743,7.79,1528.4,2986,47.3,A,normal,3.21,3.26,2.1,3.25,177.67,270.23,118.44,19.76,0.11699,0.08225,0.05189,250,4200,SKF 6314
2026-04-15 01:00:00,C-118,Compresseur à vis,compresseur,3.685,6.67,20.057,3935.2,1486,60.7,B,normal,3.56,8.75,2.17,3.05,97.09,150.58,63.4,9.71,0.09934,0.12983,0.05068,500,6800,SKF 7314
2026-04-15 01:00:00,V-302,Ventilateur tirage,ventilateur,2.014,3.368,10.207,2002.6,982,47.0,A,normal,3.34,4.49,1.43,3.14,68.41,95.25,44.35,6.84,0.19532,0.08057,0.05489,75,1800,SKF 22216
2026-04-15 01:00:00,M-019,Moteur électrique 400kW,moteur_electrique,6.846,12.868,37.972,7450.1,1491,67.0,C,alerte,3.88,17.72,1.39,3.74,90.21,133.44,60.14,10.01,0.09399,0.06056,0.03342,400,5500,SKF 6320
2026-04-15 01:00:00,R-077,Réducteur convoyeur,reducteur,1.545,3.2,9.445,1853.1,717,45.3,A,normal,4.12,4.24,1.12,3.69,52.82,66.68,35.25,5.28,0.14114,0.08874,0.05311,55,950,SKF 2312
2026-04-15 01:00:00,P-311,Pompe centrifuge BP,pompe_centrifuge,8.612,15.052,44.109,8654.2,2961,62.2,D,danger,4.18,24.02,2.11,4.34,175.19,268.96,116.47,19.49,0.11592,0.08394,0.08298,180,3100,SKF 6312
2026-04-15 02:00:00,P-204,Pompe centrifuge HP,pompe_centrifuge,1.929,3.48,10.3,2020.9,2989,49.9,A,normal,2.86,3.68,1.91,2.32,177.85,270.5,118.56,19.78,0.13002,0.08293,0.04906,250,4200,SKF 6314
2026-04-15 02:00:00,C-118,Compresseur à vis,compresseur,3.348,6.362,18.243,3579.3,1482,64.2,B,normal,3.26,7.28,2.18,3.22,96.82,150.18,63.23,9.68,0.17228,0.08958,0.0524,500,6800,SKF 7314
2026-04-15 02:00:00,V-302,Ventilateur tirage,ventilateur,1.841,3.126,8.178,1604.5,978,44.4,A,normal,3.62,4.44,2.06,4.22,68.13,94.87,44.17,6.81,0.11492,0.06921,0.04958,75,1800,SKF 22216
2026-04-15 02:00:00,M-019,Moteur électrique 400kW,moteur_electrique,5.793,10.454,32.338,6344.7,1498,66.7,C,alerte,3.71,14.31,1.87,2.24,90.63,134.07,60.42,10.06,0.07784,0.09816,0.02284,400,5500,SKF 6320
2026-04-15 02:00:00,R-077,Réducteur convoyeur,reducteur,1.952,3.353,10.504,2060.9,720,46.5,A,normal,3.38,4.4,1.79,3.28,53.04,66.96,35.4,5.3,0.14541,0.09444,0.04508,55,950,SKF 2312
2026-04-15 02:00:00,P-311,Pompe centrifuge BP,pompe_centrifuge,8.232,14.889,44.684,8767.0,2962,61.2,D,danger,3.42,18.76,2.31,3.43,175.25,269.05,116.51,19.5,0.10607,0.06452,0.05471,180,3100,SKF 6312
2026-04-15 03:00:00,P-204,Pompe centrifuge HP,pompe_centrifuge,1.267,1.739,4.847,951.0,2976,47.0,A,normal,2.88,2.43,1.76,2.76,177.07,269.33,118.05,19.69,0.14387,0.09413,0.04577,250,4200,SKF 6314
2026-04-15 03:00:00,C-118,Compresseur à vis,compresseur,3.025,5.322,16.354,3208.7,1500,59.5,B,normal,3.89,7.85,1.5,3.32,98.0,152.0,64.0,9.8,0.11347,0.06634,0.05797,500,6800,SKF 7314
2026-04-15 03:00:00,V-302,Ventilateur tirage,ventilateur,1.374,2.71,8.991,1764.0,973,42.4,A,normal,3.12,2.86,1.64,3.58,67.79,94.38,43.95,6.78,0.12576,0.0829,0.05478,75,1800,SKF 22216
2026-04-15 03:00:00,M-019,Moteur électrique 400kW,moteur_electrique,5.524,9.483,28.606,5612.5,1487,63.3,C,alerte,4.23,15.59,1.97,3.66,89.96,133.09,59.98,9.99,0.12364,0.0503,0.05667,400,5500,SKF 6320
2026-04-15 03:00:00,R-077,Réducteur convoyeur,reducteur,1.49,3.318,8.57,1681.4,726,41.1,A,normal,3.34,3.32,1.62,3.07,53.48,67.52,35.7,5.35,0.14753,0.08331,0.04934,55,950,SKF 2312
2026-04-15 03:00:00,P-311,Pompe centrifuge BP,pompe_centrifuge,7.602,13.854,42.395,8317.9,2957,62.4,D,danger,4.06,20.59,1.59,4.61,174.96,268.59,116.31,19.47,0.13665,0.12727,0.04832,180,3100,SKF 6312
2026-04-15 04:00:00,P-204,Pompe centrifuge HP,pompe_centrifuge,2.078,3.443,11.457,2247.9,2984,53.5,A,normal,3.14,4.35,1.93,2.8,177.55,270.05,118.37,19.74,0.12426,0.07716,0.04757,250,4200,SKF 6314
2026-04-15 04:00:00,C-118,Compresseur à vis,compresseur,3.633,5.741,17.514,3436.2,1490,61.5,B,normal,3.32,8.03,1.85,3.48,97.35,150.99,63.57,9.73,0.17475,0.08402,0.0402,500,6800,SKF 7314
2026-04-15 04:00:00,V-302,Ventilateur tirage,ventilateur,1.475,2.745,6.86,1345.9,973,45.9,A,normal,3.67,3.61,2.41,3.26,67.79,94.38,43.95,6.78,0.14513,0.07078,0.04728,75,1800,SKF 22216
2026-04-15 04:00:00,M-019,Moteur électrique 400kW,moteur_electrique,6.393,11.502,33.652,6602.5,1490,63.4,C,alerte,3.94,16.78,1.66,2.99,90.14,133.35,60.1,10.01,0.14006,0.08155,0.07837,400,5500,SKF 6320
2026-04-15 04:00:00,R-077,Réducteur convoyeur,reducteur,1.519,2.714,8.496,1666.9,722,42.1,A,normal,3.45,3.5,1.69,3.41,53.19,67.15,35.5,5.32,0.13876,0.07702,0.05675,55,950,SKF 2312
2026-04-15 04:00:00,P-311,Pompe centrifuge BP,pompe_centrifuge,9.056,16.418,49.661,9743.5,2960,64.7,D,danger,4.09,24.67,1.71,5.36,175.13,268.87,116.43,19.49,0.06196,0.06594,0.04066,180,3100,SKF 6312
2026-04-15 05:00:00,P-204,Pompe centrifuge HP,pompe_centrifuge,1.794,2.713,8.062,1581.8,2976,50.6,A,normal,3.6,4.3,1.57,3.11,177.07,269.33,118.05,19.69,0.11838,0.07701,0.05166,250,4200,SKF 6314
2026-04-15 05:00:00,C-118,Compresseur à vis,compresseur,3.522,6.526,19.57,3839.6,1480,61.8,B,normal,2.92,6.86,1.93,3.08,96.69,149.97,63.15,9.67,0.11452,0.09504,0.03374,500,6800,SKF 7314
2026-04-15 05:00:00,V-302,Ventilateur tirage,ventilateur,1.716,2.902,9.904,1943.2,984,44.6,A,normal,3.58,4.09,1.56,4.2,68.55,95.45,44.44,6.86,0.11082,0.06991,0.05384,75,1800,SKF 22216
2026-04-15 05:00:00,M-019,Moteur électrique 400kW,moteur_electrique,6.665,12.182,36.794,7219.0,1492,67.1,C,alerte,4.08,18.13,1.75,4.45,90.27,133.53,60.18,10.02,0.15638,0.06211,0.05135,400,5500,SKF 6320
2026-04-15 05:00:00,R-077,Réducteur convoyeur,reducteur,1.569,3.417,9.135,1792.3,723,44.4,A,normal,3.62,3.78,1.29,3.1,53.26,67.24,35.55,5.33,0.12661,0.07942,0.04981,55,950,SKF 2312
2026-04-15 05:00:00,P-311,Pompe centrifuge BP,pompe_centrifuge,9.597,17.901,53.751,10545.9,2962,68.6,D,danger,4.84,30.98,1.78,4.23,175.25,269.05,116.51,19.5,0.17937,0.13963,0.02588,180,3100,SKF 6312
2026-04-15 06:00:00,P-204,Pompe centrifuge HP,pompe_centrifuge,1.82,3.239,9.123,1789.9,2981,47.9,A,normal,2.95,3.58,1.65,1.88,177.37,269.78,118.25,19.72,0.16328,0.07563,0.04581,250,4200,SKF 6314
2026-04-15 06:00:00,C-118,Compresseur à vis,compresseur,3.51,6.321,19.09,3745.5,1496,63.6,B,normal,3.44,8.05,1.14,3.83,97.74,151.59,63.83,9.77,0.17294,0.11191,0.06205,500,6800,SKF 7314
2026-04-15 06:00:00,V-302,Ventilateur tirage,ventilateur,1.804,3.38,11.484,2253.2,982,45.5,A,normal,3.98,4.78,1.69,2.93,68.41,95.25,44.35,6.84,0.1483,0.08403,0.04523,75,1800,SKF 22216
2026-04-15 06:00:00,M-019,Moteur électrique 400kW,moteur_electrique,6.402,11.292,31.88,6254.9,1502,67.7,C,alerte,4.07,17.36,1.78,5.17,90.87,134.43,60.58,10.09,0.42287,0.18195,0.09768,400,5500,SKF 6320
2026-04-15 06:00:00,R-077,Réducteur convoyeur,reducteur,1.369,2.577,7.714,1513.5,720,43.5,A,normal,3.76,3.44,1.8,3.5,53.04,66.96,35.4,5.3,0.15607,0.07856,0.04551,55,950,SKF 2312
2026-04-15 06:00:00,P-311,Pompe centrifuge BP,pompe_centrifuge,10.285,18.348,56.428,11071.2,2959,67.5,D,danger,4.33,29.72,2.05,5.06,175.07,268.78,116.39,19.48,0.06421,0.15452,0.06171,180,3100,SKF 6312
2026-04-15 07:00:00,P-204,Pompe centrifuge HP,pompe_centrifuge,1.577,2.775,8.684,1703.8,2983,49.5,A,normal,3.61,3.79,1.92,3.02,177.49,269.96,118.33,19.74,0.10844,0.09592,0.04763,250,4200,SKF 6314
2026-04-15 07:00:00,C-118,Compresseur à vis,compresseur,3.415,5.897,18.121,3555.3,1476,62.0,B,normal,3.31,7.54,1.91,3.98,96.43,149.57,62.98,9.64,0.16364,0.06784,0.04536,500,6800,SKF 7314
2026-04-15 07:00:00,V-302,Ventilateur tirage,ventilateur,1.149,2.272,7.478,1467.2,985,43.3,A,normal,3.04,2.33,2.04,4.32,68.62,95.55,44.49,6.86,0.12621,0.07795,0.05069,75,1800,SKF 22216
2026-04-15 07:00:00,M-019,Moteur électrique 400kW,moteur_electrique,5.119,9.141,25.975,5096.3,1497,64.4,C,alerte,3.98,13.6,1.52,3.39,90.57,133.98,60.38,10.05,0.16324,0.07202,0.04923,400,5500,SKF 6320
2026-04-15 07:00:00,R-077,Réducteur convoyeur,reducteur,1.97,3.537,10.988,2155.8,709,43.2,A,normal,3.29,4.32,1.7,2.44,52.23,65.94,34.86,5.22,0.1472,0.08923,0.05668,55,950,SKF 2312
2026-04-15 07:00:00,P-311,Pompe centrifuge BP,pompe_centrifuge,9.002,16.146,47.824,9383.1,2962,69.2,D,danger,4.13,24.79,2.01,4.74,175.25,269.05,116.51,19.5,0.08995,0.18671,0.0513,180,3100,SKF 6312
2026-04-15 08:00:00,P-204,Pompe centrifuge HP,pompe_centrifuge,1.496,2.427,8.973,1760.5,2973,49.7,A,normal,3.21,3.2,1.75,2.71,176.89,269.06,117.93,19.67,0.12312,0.07827,0.04836,250,4200,SKF 6314
2026-04-15 08:00:00,C-118,Compresseur à vis,compresseur,3.309,6.121,17.409,3415.6,1485,61.0,B,normal,4.41,9.72,1.95,2.92,97.02,150.48,63.36,9.7,0.12241,0.09837,0.04404,500,6800,SKF 7314
2026-04-15 08:00:00,V-302,Ventilateur tirage,ventilateur,1.533,2.641,8.778,1722.2,982,43.4,A,normal,3.53,3.61,1.59,3.13,68.41,95.25,44.35,6.84,0.12881,0.07632,0.05869,75,1800,SKF 22216
2026-04-15 08:00:00,M-019,Moteur électrique 400kW,moteur_electrique,5.678,9.895,30.058,5897.4,1493,61.2,C,alerte,3.66,13.86,1.79,4.29,90.33,133.62,60.22,10.03,0.0945,0.03428,0.05013,400,5500,SKF 6320
2026-04-15 08:00:00,R-077,Réducteur convoyeur,reducteur,1.623,3.211,10.343,2029.3,715,44.0,A,normal,3.07,3.33,1.66,4.33,52.67,66.5,35.15,5.27,0.16174,0.07667,0.04461,55,950,SKF 2312
2026-04-15 08:00:00,P-311,Pompe centrifuge BP,pompe_centrifuge,11.432,20.217,60.552,11880.3,2955,71.3,D,danger,5.26,40.1,1.87,5.32,174.84,268.41,116.23,19.45,0.84447,0.09442,0.01433,180,3100,SKF 6312
2026-04-15 09:00:00,P-204,Pompe centrifuge HP,pompe_centrifuge,1.364,2.209,6.098,1196.4,2977,52.6,A,normal,3.35,3.05,2.14,3.59,177.13,269.42,118.09,19.7,0.16346,0.08056,0.04999,250,4200,SKF 6314
2026-04-15 09:00:00,C-118,Compresseur à vis,compresseur,3.596,6.144,18.318,3594.0,1481,60.8,B,normal,4.73,11.34,2.15,3.81,96.76,150.07,63.19,9.68,0.22334,0.05744,0.05917,500,6800,SKF 7314
2026-04-15 09:00:00,V-302,Ventilateur tirage,ventilateur,1.866,3.039,9.467,1857.4,987,47.0,A,normal,3.1,3.86,1.42,2.51,68.76,95.74,44.58,6.88,0.15953,0.07967,0.0505,75,1800,SKF 22216
2026-04-15 09:00:00,M-019,Moteur électrique 400kW,moteur_electrique,5.509,9.803,30.402,5964.9,1481,62.7,C,alerte,3.09,11.35,1.77,3.33,89.6,132.55,59.73,9.95,0.10361,0.05889,0.09205,400,5500,SKF 6320
2026-04-15 09:00:00,R-077,Réducteur convoyeur,reducteur,1.741,3.245,8.924,1750.9,719,46.1,A,normal,3.16,3.67,2.29,4.04,52.97,66.87,35.35,5.3,0.12816,0.06146,0.04817,55,950,SKF 2312
2026-04-15 09:00:00,P-311,Pompe centrifuge BP,pompe_centrifuge,6.614,12.178,34.924,6852.1,2969,58.1,C,alerte,3.74,16.51,1.97,3.99,175.67,269.68,116.78,19.55,0.08967,0.06943,0.07618,180,3100,SKF 6312
2026-04-15 10:00:00,P-204,Pompe centrifuge HP,pompe_centrifuge,1.427,2.227,6.343,1244.5,2981,51.2,A,normal,3.34,3.18,1.78,2.94,177.37,269.78,118.25,19.72,0.1124,0.08147,0.04368,250,4200,SKF 6314
2026-04-15 10:00:00,C-118,Compresseur à vis,compresseur,3.096,5.509,17.046,3344.4,1490,59.6,B,normal,3.52,7.27,1.84,3.55,97.35,150.99,63.57,9.73,0.08604,0.0575,0.05207,500,6800,SKF 7314
2026-04-15 10:00:00,V-302,Ventilateur tirage,ventilateur,1.455,2.833,8.088,1586.9,983,42.6,A,normal,3.52,3.42,1.57,3.03,68.48,95.35,44.4,6.85,0.11608,0.0842,0.0408,75,1800,SKF 22216
2026-04-15 10:00:00,M-019,Moteur électrique 400kW,moteur_electrique,5.282,9.292,27.404,5376.7,1501,64.0,C,alerte,3.8,13.39,1.64,4.04,90.81,134.34,60.54,10.08,0.20465,0.05893,0.05344,400,5500,SKF 6320
2026-04-15 10:00:00,R-077,Réducteur convoyeur,reducteur,1.707,3.052,10.334,2027.5,718,43.1,A,normal,3.35,3.82,1.75,3.23,52.89,66.77,35.3,5.29,0.14605,0.07775,0.04957,55,950,SKF 2312
2026-04-15 10:00:00,P-311,Pompe centrifuge BP,pompe_centrifuge,8.523,15.76,46.95,9211.6,2958,62.7,D,danger,4.05,23.03,1.7,3.87,175.01,268.69,116.35,19.47,0.20848,0.1058,0.03781,180,3100,SKF 6312
2026-04-15 11:00:00,P-204,Pompe centrifuge HP,pompe_centrifuge,1.576,3.283,9.786,1920.0,2982,51.3,A,normal,3.12,3.28,1.8,3.4,177.43,269.87,118.29,19.73,0.15566,0.08523,0.04445,250,4200,SKF 6314
2026-04-15 11:00:00,C-118,Compresseur à vis,compresseur,3.322,6.197,19.26,3778.8,1485,60.6,B,normal,3.42,7.57,1.83,3.46,97.02,150.48,63.36,9.7,0.08364,0.06168,0.05266,500,6800,SKF 7314
2026-04-15 11:00:00,V-302,Ventilateur tirage,ventilateur,1.334,1.974,7.149,1402.6,973,44.8,A,normal,3.53,3.14,2.08,3.81,67.79,94.38,43.95,6.78,0.15202,0.07261,0.0549,75,1800,SKF 22216
2026-04-15 11:00:00,M-019,Moteur électrique 400kW,moteur_electrique,5.653,10.077,30.672,6017.8,1489,63.4,C,alerte,3.42,12.88,2.0,3.72,90.08,133.27,60.06,10.0,0.2806,0.05791,0.04639,400,5500,SKF 6320
2026-04-15 11:00:00,R-077,Réducteur convoyeur,reducteur,1.297,2.308,7.268,1426.0,723,40.3,A,normal,3.26,2.82,1.85,3.05,53.26,67.24,35.55,5.33,0.12721,0.09062,0.05341,55,950,SKF 2312
2026-04-15 11:00:00,P-311,Pompe centrifuge BP,pompe_centrifuge,6.038,10.63,30.66,6015.5,2958,56.8,C,alerte,4.41,17.77,2.05,3.78,175.01,268.69,116.35,19.47,0.09843,0.10105,0.07409,180,3100,SKF 6312
2026-04-15 12:00:00,P-204,Pompe centrifuge HP,pompe_centrifuge,1.691,2.906,9.629,1889.2,2978,49.7,A,normal,3.51,3.96,1.71,2.3,177.19,269.51,118.13,19.7,0.13499,0.0701,0.04888,250,4200,SKF 6314
2026-04-15 12:00:00,C-118,Compresseur à vis,compresseur,2.641,4.943,14.449,2834.9,1476,60.3,B,normal,2.94,5.17,1.81,3.5,96.43,149.57,62.98,9.64,0.10592,0.05914,0.05176,500,6800,SKF 7314
2026-04-15 12:00:00,V-302,Ventilateur tirage,ventilateur,1.314,1.718,4.978,976.7,974,43.5,A,normal,3.43,3.0,2.13,3.35,67.86,94.48,43.99,6.79,0.13925,0.08108,0.05117,75,1800,SKF 22216
2026-04-15 12:00:00,M-019,Moteur électrique 400kW,moteur_electrique,5.566,10.493,32.127,6303.3,1485,62.9,C,alerte,3.25,12.05,1.74,3.72,89.84,132.91,59.89,9.97,0.0513,0.09689,0.05314,400,5500,SKF 6320
2026-04-15 12:00:00,R-077,Réducteur convoyeur,reducteur,1.78,3.343,9.951,1952.4,712,43.5,A,normal,2.62,3.11,2.15,2.99,52.45,66.22,35.01,5.25,0.16538,0.09125,0.04454,55,950,SKF 2312
2026-04-15 12:00:00,P-311,Pompe centrifuge BP,pompe_centrifuge,8.689,15.414,45.293,8886.5,2969,65.0,D,danger,4.46,25.85,1.71,4.38,175.67,269.68,116.78,19.55,0.19159,0.04359,0.09431,180,3100,SKF 6312
2026-04-15 13:00:00,P-204,Pompe centrifuge HP,pompe_centrifuge,1.279,2.216,6.699,1314.3,2991,48.7,A,normal,4.38,3.74,1.62,2.71,177.96,270.69,118.64,19.79,0.13405,0.0785,0.05176,250,4200,SKF 6314
2026-04-15 13:00:00,C-118,Compresseur à vis,compresseur,3.081,4.863,14.23,2791.9,1482,57.9,B,normal,3.33,6.84,1.63,3.16,96.82,150.18,63.23,9.68,0.11084,0.11553,0.05371,500,6800,SKF 7314
2026-04-15 13:00:00,V-302,Ventilateur tirage,ventilateur,1.709,3.124,8.959,1757.8,974,45.4,A,normal,3.4,3.87,1.22,2.72,67.86,94.48,43.99,6.79,0.09741,0.09372,0.05136,75,1800,SKF 22216
2026-04-15 13:00:00,M-019,Moteur électrique 400kW,moteur_electrique,5.52,10.158,31.126,6106.9,1489,62.9,C,alerte,3.67,13.51,2.28,3.05,90.08,133.27,60.06,10.0,0.20568,0.03665,0.06073,400,5500,SKF 6320
2026-04-15 13:00:00,R-077,Réducteur convoyeur,reducteur,1.14,2.54,8.305,1629.4,710,39.6,A,normal,3.28,2.49,1.78,3.09,52.3,66.03,34.91,5.23,0.12215,0.08888,0.0526,55,950,SKF 2312
2026-04-15 13:00:00,P-311,Pompe centrifuge BP,pompe_centrifuge,7.388,13.243,40.262,7899.4,2964,60.3,D,danger,4.19,20.62,1.97,4.93,175.37,269.23,116.58,19.51,0.13842,0.07114,0.02834,180,3100,SKF 6312
2026-04-15 14:00:00,P-204,Pompe centrifuge HP,pompe_centrifuge,1.549,2.62,8.261,1620.8,2979,50.7,A,normal,4.27,4.41,2.02,3.67,177.25,269.6,118.17,19.71,0.14554,0.08175,0.04562,250,4200,SKF 6314
2026-04-15 14:00:00,C-118,Compresseur à vis,compresseur,3.184,5.834,16.674,3271.4,1486,61.9,B,normal,3.41,7.24,1.77,3.46,97.09,150.58,63.4,9.71,0.11592,0.07423,0.03648,500,6800,SKF 7314
2026-04-15 14:00:00,V-302,Ventilateur tirage,ventilateur,0.487,0.12,1.548,303.7,986,40.5,A,normal,2.44,0.79,2.02,3.12,68.69,95.64,44.53,6.87,0.13808,0.08564,0.0499,75,1800,SKF 22216
2026-04-15 14:00:00,M-019,Moteur électrique 400kW,moteur_electrique,6.605,12.271,36.588,7178.6,1484,65.0,C,alerte,4.2,18.51,1.68,4.05,89.78,132.82,59.85,9.97,0.1726,0.08461,0.04746,400,5500,SKF 6320
2026-04-15 14:00:00,R-077,Réducteur convoyeur,reducteur,1.017,1.753,4.113,807.0,729,41.6,A,normal,3.32,2.25,1.63,2.02,53.7,67.8,35.84,5.37,0.13419,0.08904,0.05021,55,950,SKF 2312
2026-04-15 14:00:00,P-311,Pompe centrifuge BP,pompe_centrifuge,8.956,15.888,48.852,9584.8,2956,67.3,D,danger,3.71,22.18,1.71,4.44,174.9,268.5,116.27,19.46,0.24563,0.11167,0.04213,180,3100,SKF 6312
2026-04-15 15:00:00,P-204,Pompe centrifuge HP,pompe_centrifuge,1.57,3.096,8.314,1631.2,2974,47.8,A,normal,3.65,3.82,2.03,3.36,176.95,269.15,117.97,19.68,0.15584,0.10081,0.0506,250,4200,SKF 6314
2026-04-15 15:00:00,C-118,Compresseur à vis,compresseur,3.309,5.744,17.876,3507.3,1480,61.4,B,normal,3.59,7.91,1.15,3.33,96.69,149.97,63.15,9.67,0.11994,0.09245,0.044,500,6800,SKF 7314
2026-04-15 15:00:00,V-302,Ventilateur tirage,ventilateur,1.561,3.298,10.831,2125.0,984,43.3,A,normal,4.56,4.74,1.4,2.29,68.55,95.45,44.44,6.86,0.13286,0.0787,0.04966,75,1800,SKF 22216
2026-04-15 15:00:00,M-019,Moteur électrique 400kW,moteur_electrique,6.189,11.385,34.723,6812.7,1496,67.1,C,alerte,3.41,14.08,1.93,3.62,90.51,133.89,60.34,10.05,0.091,0.08863,0.04198,400,5500,SKF 6320
2026-04-15 15:00:00,R-077,Réducteur convoyeur,reducteur,1.676,3.501,9.094,1784.2,721,43.9,A,normal,3.83,4.28,2.16,3.7,53.11,67.05,35.45,5.31,0.15911,0.07879,0.05024,55,950,SKF 2312
2026-04-15 15:00:00,P-311,Pompe centrifuge BP,pompe_centrifuge,7.192,12.818,37.846,7425.4,2962,59.6,D,danger,4.18,20.06,1.72,3.97,175.25,269.05,116.51,19.5,0.13633,0.09245,0.09007,180,3100,SKF 6312
2026-04-15 16:00:00,P-204,Pompe centrifuge HP,pompe_centrifuge,1.164,2.092,6.398,1255.3,2986,47.8,A,normal,3.45,2.68,2.31,2.6,177.67,270.23,118.44,19.76,0.14264,0.08126,0.04877,250,4200,SKF 6314
2026-04-15 16:00:00,C-118,Compresseur à vis,compresseur,2.855,4.751,14.738,2891.6,1487,57.7,B,normal,3.3,6.29,1.86,4.05,97.15,150.68,63.45,9.72,0.13398,0.06801,0.04201,500,6800,SKF 7314
2026-04-15 16:00:00,V-302,Ventilateur tirage,ventilateur,1.636,2.789,7.503,1472.1,984,44.6,A,normal,4.48,4.88,2.04,3.38,68.55,95.45,44.44,6.86,0.11844,0.08413,0.05307,75,1800,SKF 22216
2026-04-15 16:00:00,M-019,Moteur électrique 400kW,moteur_electrique,5.044,8.844,25.664,5035.3,1487,62.4,C,alerte,3.42,11.48,1.77,2.82,89.96,133.09,59.98,9.99,0.24242,0.04185,0.04924,400,5500,SKF 6320
2026-04-15 16:00:00,R-077,Réducteur convoyeur,reducteur,1.148,2.205,7.631,1497.2,722,41.4,A,normal,3.4,2.6,1.99,3.57,53.19,67.15,35.5,5.32,0.12533,0.07666,0.05555,55,950,SKF 2312
2026-04-15 16:00:00,P-311,Pompe centrifuge BP,pompe_centrifuge,7.614,13.878,41.718,8185.1,2961,62.6,D,danger,4.61,23.42,1.9,4.03,175.19,268.96,116.47,19.49,0.05203,0.04748,0.05777,180,3100,SKF 6312
2026-04-15 17:00:00,P-204,Pompe centrifuge HP,pompe_centrifuge,1.975,3.347,10.79,2117.0,2978,50.7,A,normal,4.24,5.58,1.77,3.64,177.19,269.51,118.13,19.7,0.1546,0.09008,0.05165,250,4200,SKF 6314
2026-04-15 17:00:00,C-118,Compresseur à vis,compresseur,3.179,5.838,17.613,3455.7,1479,59.6,B,normal,3.79,8.04,1.93,4.07,96.63,149.87,63.1,9.66,0.18573,0.07918,0.04036,500,6800,SKF 7314
2026-04-15 17:00:00,V-302,Ventilateur tirage,ventilateur,1.354,2.09,6.95,1363.6,981,43.4,A,normal,3.73,3.37,2.1,3.66,68.34,95.16,44.31,6.83,0.15655,0.08255,0.04448,75,1800,SKF 22216
2026-04-15 17:00:00,M-019,Moteur électrique 400kW,moteur_electrique,5.6,9.795,28.27,5546.6,1491,66.7,C,alerte,3.91,14.6,1.34,3.32,90.21,133.44,60.14,10.01,0.13227,0.11497,0.06761,400,5500,SKF 6320
2026-04-15 17:00:00,R-077,Réducteur convoyeur,reducteur,1.583,2.467,7.473,1466.2,722,45.8,A,normal,3.05,3.22,1.42,3.29,53.19,67.15,35.5,5.32,0.12711,0.06799,0.04898,55,950,SKF 2312
2026-04-15 17:00:00,P-311,Pompe centrifuge BP,pompe_centrifuge,8.66,15.278,46.029,9030.9,2960,67.3,D,danger,3.89,22.45,2.08,3.63,175.13,268.87,116.43,19.49,0.08874,0.04738,0.07959,180,3100,SKF 6312
2026-04-15 18:00:00,P-204,Pompe centrifuge HP,pompe_centrifuge,1.04,2.049,5.558,1090.5,2982,48.9,A,normal,2.73,1.9,1.66,3.48,177.43,269.87,118.29,19.73,0.14018,0.09019,0.04736,250,4200,SKF 6314
2026-04-15 18:00:00,C-118,Compresseur à vis,compresseur,3.313,6.539,18.884,3705.0,1474,61.5,B,normal,3.47,7.66,1.41,3.02,96.3,149.37,62.89,9.63,0.15163,0.05808,0.05619,500,6800,SKF 7314
2026-04-15 18:00:00,V-302,Ventilateur tirage,ventilateur,1.791,3.202,9.712,1905.5,976,45.2,A,normal,3.41,4.08,1.81,3.41,67.99,94.67,44.08,6.8,0.15051,0.07773,0.05031,75,1800,SKF 22216
2026-04-15 18:00:00,M-019,Moteur électrique 400kW,moteur_electrique,5.693,10.799,33.033,6481.1,1488,64.5,C,alerte,4.19,15.91,1.74,3.57,90.02,133.18,60.02,9.99,0.15004,0.16383,0.04089,400,5500,SKF 6320
2026-04-15 18:00:00,R-077,Réducteur convoyeur,reducteur,1.475,3.354,10.717,2102.7,717,43.7,A,normal,3.9,3.83,1.41,1.8,52.82,66.68,35.25,5.28,0.14221,0.09998,0.05546,55,950,SKF 2312
2026-04-15 18:00:00,P-311,Pompe centrifuge BP,pompe_centrifuge,7.377,13.304,40.945,8033.4,2962,62.3,D,danger,4.69,23.04,1.78,4.46,175.25,269.05,116.51,19.5,0.09075,0.18909,0.04177,180,3100,SKF 6312
2026-04-15 19:00:00,P-204,Pompe centrifuge HP,pompe_centrifuge,1.201,2.481,6.704,1315.3,2990,46.0,A,normal,3.59,2.88,1.65,3.26,177.91,270.59,118.6,19.78,0.15488,0.06969,0.05226,250,4200,SKF 6314
2026-04-15 19:00:00,C-118,Compresseur à vis,compresseur,3.282,5.789,18.777,3684.0,1483,62.3,B,normal,3.32,7.27,1.4,4.33,96.89,150.28,63.27,9.69,0.16821,0.0835,0.04914,500,6800,SKF 7314
2026-04-15 19:00:00,V-302,Ventilateur tirage,ventilateur,0.5,0.535,-0.697,-136.8,988,41.7,A,normal,3.54,1.18,1.68,3.18,68.83,95.84,44.62,6.88,0.12937,0.08185,0.0498,75,1800,SKF 22216
2026-04-15 19:00:00,M-019,Moteur électrique 400kW,moteur_electrique,5.224,9.335,26.82,5262.1,1498,62.2,C,alerte,4.1,14.27,1.82,4.01,90.63,134.07,60.42,10.06,0.1475,0.09032,0.05123,400,5500,SKF 6320
2026-04-15 19:00:00,R-077,Réducteur convoyeur,reducteur,0.953,1.979,6.241,1224.5,716,42.4,A,normal,2.76,1.76,2.22,4.04,52.75,66.59,35.2,5.27,0.13066,0.07431,0.04857,55,950,SKF 2312
2026-04-15 19:00:00,P-311,Pompe centrifuge BP,pompe_centrifuge,8.788,15.94,49.051,9623.8,2956,66.5,D,danger,4.68,27.45,2.24,5.52,174.9,268.5,116.27,19.46,0.06207,0.08753,0.0677,180,3100,SKF 6312
2026-04-15 20:00:00,P-204,Pompe centrifuge HP,pompe_centrifuge,1.076,2.211,7.996,1568.8,2974,47.5,A,normal,2.77,1.99,1.86,3.57,176.95,269.15,117.97,19.68,0.13384,0.0788,0.05253,250,4200,SKF 6314
2026-04-15 20:00:00,C-118,Compresseur à vis,compresseur,3.371,5.497,16.822,3300.5,1494,61.5,B,normal,3.45,7.76,1.65,4.26,97.61,151.39,63.74,9.76,0.16548,0.09412,0.04744,500,6800,SKF 7314
2026-04-15 20:00:00,V-302,Ventilateur tirage,ventilateur,1.233,2.693,7.488,1469.1,984,42.7,A,normal,2.65,2.18,1.55,3.9,68.55,95.45,44.44,6.86,0.12652,0.0787,0.05084,75,1800,SKF 22216
2026-04-15 20:00:00,M-019,Moteur électrique 400kW,moteur_electrique,4.057,7.605,23.622,4634.6,1486,61.2,B,normal,3.72,10.05,1.86,3.48,89.9,133.0,59.94,9.98,0.19696,0.12351,0.03788,400,5500,SKF 6320
2026-04-15 20:00:00,R-077,Réducteur convoyeur,reducteur,1.347,2.598,6.857,1345.3,720,42.4,A,normal,3.25,2.92,2.01,2.17,53.04,66.96,35.4,5.3,0.12162,0.08949,0.0446,55,950,SKF 2312
2026-04-15 20:00:00,P-311,Pompe centrifuge BP,pompe_centrifuge,7.945,14.57,43.549,8544.3,2948,63.0,D,danger,3.69,19.56,1.56,3.84,174.42,267.78,115.95,19.41,0.19009,0.08734,0.04082,180,3100,SKF 6312
2026-04-15 21:00:00,P-204,Pompe centrifuge HP,pompe_centrifuge,0.888,1.701,5.06,992.8,2976,47.1,A,normal,4.05,2.4,1.8,3.64,177.07,269.33,118.05,19.69,0.14437,0.08181,0.0497,250,4200,SKF 6314
2026-04-15 21:00:00,C-118,Compresseur à vis,compresseur,2.844,5.155,14.887,2920.8,1485,60.6,B,normal,3.17,6.01,1.69,3.87,97.02,150.48,63.36,9.7,0.08209,0.07726,0.04505,500,6800,SKF 7314
2026-04-15 21:00:00,V-302,Ventilateur tirage,ventilateur,1.356,2.149,6.185,1213.5,988,46.2,A,normal,3.33,3.01,1.25,2.75,68.83,95.84,44.62,6.88,0.12116,0.07632,0.0519,75,1800,SKF 22216
2026-04-15 21:00:00,M-019,Moteur électrique 400kW,moteur_electrique,5.21,9.433,29.241,5737.1,1490,65.1,C,alerte,3.9,13.53,1.93,4.01,90.14,133.35,60.1,10.01,0.07581,0.09879,0.03658,400,5500,SKF 6320
2026-04-15 21:00:00,R-077,Réducteur convoyeur,reducteur,1.169,1.099,1.916,375.9,725,43.7,A,normal,2.97,2.31,2.31,3.42,53.41,67.42,35.65,5.34,0.14194,0.08166,0.05169,55,950,SKF 2312
2026-04-15 21:00:00,P-311,Pompe centrifuge BP,pompe_centrifuge,8.946,15.781,47.327,9285.6,2961,64.6,D,danger,3.6,21.49,1.93,4.18,175.19,268.96,116.47,19.49,0.57766,0.0749,0.04024,180,3100,SKF 6312
2026-04-15 22:00:00,P-204,Pompe centrifuge HP,pompe_centrifuge,1.33,2.255,6.74,1322.4,2986,48.5,A,normal,3.62,3.21,2.39,4.06,177.67,270.23,118.44,19.76,0.14732,0.06936,0.0486,250,4200,SKF 6314
2026-04-15 22:00:00,C-118,Compresseur à vis,compresseur,3.088,5.519,17.909,3513.7,1485,61.5,B,normal,3.04,6.26,1.86,3.73,97.02,150.48,63.36,9.7,0.12747,0.15509,0.06429,500,6800,SKF 7314
2026-04-15 22:00:00,V-302,Ventilateur tirage,ventilateur,1.451,2.551,7.714,1513.5,989,44.7,A,normal,3.13,3.03,1.87,2.14,68.9,95.93,44.67,6.89,0.14352,0.08171,0.04576,75,1800,SKF 22216
2026-04-15 22:00:00,M-019,Moteur électrique 400kW,moteur_electrique,5.487,10.275,30.585,6000.8,1485,64.6,C,alerte,4.3,15.72,1.6,4.94,89.84,132.91,59.89,9.97,0.10982,0.09503,0.03204,400,5500,SKF 6320
2026-04-15 22:00:00,R-077,Réducteur convoyeur,reducteur,1.082,2.185,5.542,1087.3,715,40.8,A,normal,3.06,2.21,1.63,3.17,52.67,66.5,35.15,5.27,0.13856,0.08235,0.0516,55,950,SKF 2312
2026-04-15 22:00:00,P-311,Pompe centrifuge BP,pompe_centrifuge,9.379,16.895,49.311,9674.8,2958,66.1,D,danger,4.06,25.36,1.49,3.92,175.01,268.69,116.35,19.47,0.19172,0.05602,0.03141,180,3100,SKF 6312
2026-04-15 23:00:00,P-204,Pompe centrifuge HP,pompe_centrifuge,1.461,2.529,5.823,1142.5,2981,48.8,A,normal,3.05,2.97,1.95,2.72,177.37,269.78,118.25,19.72,0.17153,0.07366,0.05003,250,4200,SKF 6314
2026-04-15 23:00:00,C-118,Compresseur à vis,compresseur,2.798,4.903,14.705,2885.1,1483,59.8,B,normal,3.99,7.43,2.06,2.8,96.89,150.28,63.27,9.69,0.12236,0.13184,0.04516,500,6800,SKF 7314
2026-04-15 23:00:00,V-302,Ventilateur tirage,ventilateur,1.051,2.796,7.688,1508.4,990,43.7,A,normal,2.84,1.99,2.65,3.36,68.97,96.03,44.71,6.9,0.13,0.08704,0.05244,75,1800,SKF 22216
2026-04-15 23:00:00,M-019,Moteur électrique 400kW,moteur_electrique,4.849,8.047,24.088,4726.1,1491,61.7,C,alerte,3.4,11.0,1.9,5.26,90.21,133.44,60.14,10.01,0.15445,0.07069,0.07665,400,5500,SKF 6320
2026-04-15 23:00:00,R-077,Réducteur convoyeur,reducteur,1.198,1.919,5.883,1154.2,709,44.5,A,normal,3.21,2.57,1.93,3.32,52.23,65.94,34.86,5.22,0.12844,0.06698,0.04643,55,950,SKF 2312
2026-04-15 23:00:00,P-311,Pompe centrifuge BP,pompe_centrifuge,10.485,18.348,55.74,10936.2,2959,68.4,D,danger,4.27,29.83,1.43,5.56,175.07,268.78,116.39,19.48,0.57652,0.03227,0.05364,180,3100,SKF 6312
2026-04-16 00:00:00,P-204,Pompe centrifuge HP,pompe_centrifuge,1.828,3.742,9.833,1929.2,2975,51.0,A,normal,3.62,4.41,1.64,3.87,177.01,269.24,118.01,19.68,0.14903,0.0791,0.04258,250,4200,SKF 6314
2026-04-16 00:00:00,C-118,Compresseur à vis,compresseur,3.351,6.127,18.288,3588.1,1485,62.8,B,normal,3.09,6.91,1.94,2.9,97.02,150.48,63.36,9.7,0.13571,0.07138,0.05087,500,6800,SKF 7314
2026-04-16 00:00:00,V-302,Ventilateur tirage,ventilateur,1.145,2.055,6.459,1267.3,971,43.5,A,normal,2.91,2.22,1.67,3.41,67.65,94.19,43.86,6.76,0.13942,0.08719,0.04847,75,1800,SKF 22216
2026-04-16 00:00:00,M-019,Moteur électrique 400kW,moteur_electrique,5.376,9.617,28.455,5582.9,1492,62.1,C,alerte,3.65,13.06,2.02,3.25,90.27,133.53,60.18,10.02,0.14529,0.07858,0.03991,400,5500,SKF 6320
2026-04-16 00:00:00,R-077,Réducteur convoyeur,reducteur,1.263,2.339,8.751,1716.9,721,39.9,A,normal,3.85,3.24,1.39,2.76,53.11,67.05,35.45,5.31,0.11973,0.08268,0.04996,55,950,SKF 2312
2026-04-16 00:00:00,P-311,Pompe centrifuge BP,pompe_centrifuge,6.827,12.649,38.999,7651.6,2965,60.7,C,alerte,3.96,18.02,1.72,4.11,175.43,269.32,116.62,19.52,0.08791,0.15268,0.03109,180,3100,SKF 6312
2026-04-16 01:00:00,P-204,Pompe centrifuge HP,pompe_centrifuge,1.243,1.731,6.79,1332.2,2975,51.5,A,normal,3.18,2.63,1.62,3.33,177.01,269.24,118.01,19.68,0.12248,0.09226,0.04656,250,4200,SKF 6314
2026-04-16 01:00:00,C-118,Compresseur à vis,compresseur,2.165,3.927,11.074,2172.7,1489,59.3,A,normal,3.28,4.73,1.91,3.22,97.28,150.89,63.53,9.73,0.12615,0.08566,0.05949,500,6800,SKF 7314
2026-04-16 01:00:00,V-302,Ventilateur tirage,ventilateur,1.382,2.052,6.233,1222.9,988,41.8,A,normal,3.06,2.82,1.72,3.08,68.83,95.84,44.62,6.88,0.13982,0.08628,0.04771,75,1800,SKF 22216
2026-04-16 01:00:00,M-019,Moteur électrique 400kW,moteur_electrique,6.314,11.221,33.138,6501.7,1494,69.0,C,alerte,4.28,18.01,2.09,3.84,90.39,133.71,60.26,10.03,0.0772,0.08382,0.06932,400,5500,SKF 6320
2026-04-16 01:00:00,R-077,Réducteur convoyeur,reducteur,0.525,1.123,4.306,844.8,723,39.7,A,normal,3.34,1.17,1.18,2.42,53.26,67.24,35.55,5.33,0.13392,0.07775,0.04754,55,950,SKF 2312
2026-04-16 01:00:00,P-311,Pompe centrifuge BP,pompe_centrifuge,9.33,16.382,49.038,9621.3,2961,67.3,D,danger,4.35,27.05,2.02,5.17,175.19,268.96,116.47,19.49,0.19681,0.12279,0.05002,180,3100,SKF 6312
2026-04-16 02:00:00,P-204,Pompe centrifuge HP,pompe_centrifuge,1.229,1.933,6.139,1204.5,2983,47.2,A,normal,4.02,3.29,1.9,3.48,177.49,269.96,118.33,19.74,0.12785,0.0819,0.04949,250,4200,SKF 6314
2026-04-16 02:00:00,C-118,Compresseur à vis,compresseur,2.926,4.975,14.5,2844.9,1485,60.6,B,normal,3.52,6.87,1.4,4.2,97.02,150.48,63.36,9.7,0.14684,0.1013,0.04641,500,6800,SKF 7314
2026-04-16 02:00:00,V-302,Ventilateur tirage,ventilateur,2.155,3.844,11.436,2243.7,975,46.9,A,normal,2.9,4.16,1.76,2.56,67.92,94.58,44.04,6.79,0.11213,0.07903,0.05571,75,1800,SKF 22216
2026-04-16 02:00:00,M-019,Moteur électrique 400kW,moteur_electrique,4.37,7.988,24.906,4886.6,1496,61.9,B,normal,3.11,9.07,1.94,4.54,90.51,133.89,60.34,10.05,0.0932,0.07955,0.05601,400,5500,SKF 6320
2026-04-16 02:00:00,R-077,Réducteur convoyeur,reducteur,1.282,2.768,9.495,1862.9,720,44.4,A,normal,3.31,2.83,1.65,2.6,53.04,66.96,35.4,5.3,0.11964,0.07853,0.04684,55,950,SKF 2312
2026-04-16 02:00:00,P-311,Pompe centrifuge BP,pompe_centrifuge,5.773,10.594,31.985,6275.5,2956,57.6,C,alerte,3.35,12.9,1.62,2.56,174.9,268.5,116.27,19.46,0.05593,0.07572,0.06331,180,3100,SKF 6312
2026-04-16 03:00:00,P-204,Pompe centrifuge HP,pompe_centrifuge,1.17,2.255,6.325,1241.0,2982,47.9,A,normal,2.58,2.01,1.95,2.86,177.43,269.87,118.29,19.73,0.13629,0.08809,0.05064,250,4200,SKF 6314
2026-04-16 03:00:00,C-118,Compresseur à vis,compresseur,2.861,5.018,13.989,2744.6,1482,60.5,B,normal,2.84,5.42,1.6,3.19,96.82,150.18,63.23,9.68,0.14406,0.11825,0.05604,500,6800,SKF 7314
2026-04-16 03:00:00,V-302,Ventilateur tirage,ventilateur,1.256,2.354,6.547,1284.5,977,43.2,A,normal,3.16,2.65,1.42,2.46,68.06,94.77,44.13,6.81,0.14373,0.08078,0.04811,75,1800,SKF 22216
2026-04-16 03:00:00,M-019,Moteur électrique 400kW,moteur_electrique,5.009,9.183,27.436,5382.9,1484,62.9,C,alerte,3.69,12.33,1.57,4.06,89.78,132.82,59.85,9.97,0.14073,0.11121,0.04868,400,5500,SKF 6320
2026-04-16 03:00:00,R-077,Réducteur convoyeur,reducteur,1.963,3.933,11.404,2237.5,718,42.8,A,normal,3.81,4.98,1.79,3.96,52.89,66.77,35.3,5.29,0.10773,0.08313,0.04971,55,950,SKF 2312
2026-04-16 03:00:00,P-311,Pompe centrifuge BP,pompe_centrifuge,7.216,12.987,40.068,7861.3,2960,59.9,D,danger,4.64,22.3,2.19,4.21,175.13,268.87,116.43,19.49,0.1191,0.09484,0.02614,180,3100,SKF 6312
2026-04-16 04:00:00,P-204,Pompe centrifuge HP,pompe_centrifuge,1.126,2.057,5.883,1154.2,2980,50.0,A,normal,3.25,2.44,1.39,2.67,177.31,269.69,118.21,19.72,0.13009,0.09194,0.04955,250,4200,SKF 6314
2026-04-16 04:00:00,C-118,Compresseur à vis,compresseur,3.361,6.502,18.375,3605.2,1481,60.2,B,normal,3.77,8.45,1.58,4.01,96.76,150.07,63.19,9.68,0.15749,0.0836,0.06501,500,6800,SKF 7314
2026-04-16 04:00:00,V-302,Ventilateur tirage,ventilateur,1.361,2.404,9.461,1856.2,984,42.7,A,normal,2.82,2.56,1.39,3.53,68.55,95.45,44.44,6.86,0.13831,0.09208,0.055,75,1800,SKF 22216
2026-04-16 04:00:00,M-019,Moteur électrique 400kW,moteur_electrique,5.105,9.37,28.179,5528.7,1485,63.1,C,alerte,4.08,13.89,1.74,4.43,89.84,132.91,59.89,9.97,0.11579,0.18017,0.06894,400,5500,SKF 6320
2026-04-16 04:00:00,R-077,Réducteur convoyeur,reducteur,1.474,2.653,9.112,1787.8,717,43.6,A,normal,2.7,2.65,1.72,2.77,52.82,66.68,35.25,5.28,0.14103,0.08835,0.05268,55,950,SKF 2312
2026-04-16 04:00:00,P-311,Pompe centrifuge BP,pompe_centrifuge,11.428,20.199,61.362,12039.2,2957,72.1,D,danger,5.03,38.33,1.9,5.06,174.96,268.59,116.31,19.47,0.1945,0.09582,0.08769,180,3100,SKF 6312
2026-04-16 05:00:00,P-204,Pompe centrifuge HP,pompe_centrifuge,1.316,2.662,8.323,1633.0,2978,49.9,A,normal,3.35,2.94,1.85,3.43,177.19,269.51,118.13,19.7,0.14166,0.07643,0.04861,250,4200,SKF 6314
2026-04-16 05:00:00,C-118,Compresseur à vis,compresseur,2.858,5.26,15.228,2987.7,1485,59.0,B,normal,3.34,6.37,1.85,3.07,97.02,150.48,63.36,9.7,0.13063,0.0796,0.05275,500,6800,SKF 7314
2026-04-16 05:00:00,V-302,Ventilateur tirage,ventilateur,1.363,2.28,7.36,1444.0,977,41.7,A,normal,3.12,2.84,1.47,2.34,68.06,94.77,44.13,6.81,0.13434,0.08131,0.05363,75,1800,SKF 22216
2026-04-16 05:00:00,M-019,Moteur électrique 400kW,moteur_electrique,4.655,8.967,25.59,5020.8,1492,61.9,C,alerte,3.28,10.17,2.09,2.81,90.27,133.53,60.18,10.02,0.22304,0.12136,0.03482,400,5500,SKF 6320
2026-04-16 05:00:00,R-077,Réducteur convoyeur,reducteur,0.911,2.09,5.94,1165.4,724,43.3,A,normal,3.9,2.37,2.13,2.95,53.33,67.33,35.6,5.33,0.14299,0.08881,0.05,55,950,SKF 2312
2026-04-16 05:00:00,P-311,Pompe centrifuge BP,pompe_centrifuge,7.187,12.696,37.545,7366.3,2947,62.4,D,danger,4.27,20.47,1.43,4.45,174.36,267.69,115.92,19.4,0.22239,0.14149,0.03074,180,3100,SKF 6312
2026-04-16 06:00:00,P-204,Pompe centrifuge HP,pompe_centrifuge,1.821,3.122,8.62,1691.2,2975,51.7,A,normal,2.72,3.3,1.61,2.9,177.01,269.24,118.01,19.68,0.19076,0.0779,0.05118,250,4200,SKF 6314
2026-04-16 06:00:00,C-118,Compresseur à vis,compresseur,3.269,5.641,17.372,3408.4,1491,58.3,B,normal,3.88,8.46,2.1,3.49,97.41,151.09,63.62,9.74,0.1204,0.05641,0.04417,500,6800,SKF 7314
2026-04-16 06:00:00,V-302,Ventilateur tirage,ventilateur,1.319,2.263,7.518,1475.0,985,42.9,A,normal,3.4,2.99,1.82,3.14,68.62,95.55,44.49,6.86,0.15689,0.0755,0.04818,75,1800,SKF 22216
2026-04-16 06:00:00,M-019,Moteur électrique 400kW,moteur_electrique,6.159,10.831,33.523,6577.2,1492,66.2,C,alerte,4.0,16.42,2.26,3.0,90.27,133.53,60.18,10.02,0.11871,0.07135,0.05343,400,5500,SKF 6320
2026-04-16 06:00:00,R-077,Réducteur convoyeur,reducteur,0.895,2.063,6.438,1263.1,711,42.0,A,normal,3.91,2.33,1.79,2.84,52.38,66.12,34.96,5.24,0.13494,0.08426,0.049,55,950,SKF 2312
2026-04-16 06:00:00,P-311,Pompe centrifuge BP,pompe_centrifuge,7.589,13.984,41.123,8068.3,2963,61.4,D,danger,3.95,19.99,1.95,3.93,175.31,269.14,116.54,19.51,0.17518,0.12419,0.04988,180,3100,SKF 6312
2026-04-16 07:00:00,P-204,Pompe centrifuge HP,pompe_centrifuge,0.913,1.59,4.662,914.7,2986,47.4,A,normal,2.7,1.64,1.85,2.86,177.67,270.23,118.44,19.76,0.11453,0.08691,0.04684,250,4200,SKF 6314
2026-04-16 07:00:00,C-118,Compresseur à vis,compresseur,2.852,5.334,16.208,3180.0,1491,56.3,B,normal,3.89,7.4,1.89,2.93,97.41,151.09,63.62,9.74,0.16617,0.08276,0.05496,500,6800,SKF 7314
2026-04-16 07:00:00,V-302,Ventilateur tirage,ventilateur,1.598,2.954,10.041,1970.0,980,43.6,A,normal,3.32,3.54,1.42,2.77,68.27,95.06,44.26,6.83,0.11275,0.08488,0.04435,75,1800,SKF 22216
2026-04-16 07:00:00,M-019,Moteur électrique 400kW,moteur_electrique,5.442,9.976,30.012,5888.4,1493,62.6,C,alerte,4.04,14.67,1.92,3.74,90.33,133.62,60.22,10.03,0.14672,0.06847,0.03431,400,5500,SKF 6320
2026-04-16 07:00:00,R-077,Réducteur convoyeur,reducteur,0.528,0.741,2.609,511.9,723,41.2,A,normal,3.47,1.22,1.73,3.25,53.26,67.24,35.55,5.33,0.12928,0.08395,0.04942,55,950,SKF 2312
2026-04-16 07:00:00,P-311,Pompe centrifuge BP,pompe_centrifuge,9.041,16.629,49.902,9790.8,2956,68.4,D,danger,4.48,27.03,2.06,4.06,174.9,268.5,116.27,19.46,0.05126,0.14753,0.03627,180,3100,SKF 6312
2026-04-16 08:00:00,P-204,Pompe centrifuge HP,pompe_centrifuge,1.002,1.77,6.093,1195.4,2981,48.1,A,normal,2.88,1.92,1.11,2.86,177.37,269.78,118.25,19.72,0.13893,0.09429,0.05334,250,4200,SKF 6314
2026-04-16 08:00:00,C-118,Compresseur à vis,compresseur,3.572,6.633,20.85,4090.8,1483,60.5,B,normal,3.1,7.38,2.13,4.05,96.89,150.28,63.27,9.69,0.2143,0.08606,0.04239,500,6800,SKF 7314
2026-04-16 08:00:00,V-302,Ventilateur tirage,ventilateur,1.216,1.688,5.425,1064.4,976,45.0,A,normal,3.7,3.0,2.0,3.2,67.99,94.67,44.08,6.8,0.12678,0.09432,0.05103,75,1800,SKF 22216
2026-04-16 08:00:00,M-019,Moteur électrique 400kW,moteur_electrique,5.313,9.028,25.17,4938.4,1484,62.7,C,alerte,4.33,15.33,1.52,3.17,89.78,132.82,59.85,9.97,0.09658,0.11916,0.03528,400,5500,SKF 6320
2026-04-16 08:00:00,R-077,Réducteur convoyeur,reducteur,1.074,2.033,6.233,1222.9,721,41.0,A,normal,3.26,2.33,1.89,2.58,53.11,67.05,35.45,5.31,0.14828,0.08086,0.0551,55,950,SKF 2312
2026-04-16 08:00:00,P-311,Pompe centrifuge BP,pompe_centrifuge,9.147,16.868,50.831,9973.0,2965,67.8,D,danger,4.84,29.5,1.55,5.21,175.43,269.32,116.62,19.52,0.15252,0.04622,0.02314,180,3100,SKF 6312
2026-04-16 09:00:00,P-204,Pompe centrifuge HP,pompe_centrifuge,1.553,3.258,10.639,2087.4,2979,48.5,A,normal,2.45,2.53,1.73,2.79,177.25,269.6,118.17,19.71,0.13486,0.09216,0.05403,250,4200,SKF 6314
2026-04-16 09:00:00,C-118,Compresseur à vis,compresseur,2.01,3.97,10.991,2156.4,1480,56.6,A,normal,3.61,4.84,1.77,3.8,96.69,149.97,63.15,9.67,0.17281,0.06806,0.05672,500,6800,SKF 7314
2026-04-16 09:00:00,V-302,Ventilateur tirage,ventilateur,1.072,2.06,5.61,1100.7,978,43.3,A,normal,3.07,2.19,1.59,1.96,68.13,94.87,44.17,6.81,0.1146,0.08503,0.04502,75,1800,SKF 22216
2026-04-16 09:00:00,M-019,Moteur électrique 400kW,moteur_electrique,4.386,8.039,23.766,4662.9,1496,60.0,B,normal,3.95,11.54,1.52,4.35,90.51,133.89,60.34,10.05,0.2359,0.07668,0.05874,400,5500,SKF 6320
2026-04-16 09:00:00,R-077,Réducteur convoyeur,reducteur,0.42,0.794,1.869,366.7,723,39.1,A,normal,3.36,0.94,1.75,2.5,53.26,67.24,35.55,5.33,0.13715,0.07831,0.04969,55,950,SKF 2312
2026-04-16 09:00:00,P-311,Pompe centrifuge BP,pompe_centrifuge,6.655,12.197,36.762,7212.7,2965,58.5,C,alerte,4.14,18.36,1.5,3.6,175.43,269.32,116.62,19.52,0.17224,0.22169,0.05393,180,3100,SKF 6312
2026-04-16 10:00:00,P-204,Pompe centrifuge HP,pompe_centrifuge,1.251,2.487,6.65,1304.7,2973,49.2,A,normal,3.45,2.88,1.76,2.98,176.89,269.06,117.93,19.67,0.14761,0.07123,0.04387,250,4200,SKF 6314
2026-04-16 10:00:00,C-118,Compresseur à vis,compresseur,3.158,5.201,15.411,3023.6,1488,59.9,B,normal,3.27,6.88,1.52,3.09,97.22,150.78,63.49,9.72,0.07311,0.08574,0.04186,500,6800,SKF 7314
2026-04-16 10:00:00,V-302,Ventilateur tirage,ventilateur,1.415,2.275,7.412,1454.2,981,43.1,A,normal,3.73,3.52,2.05,3.22,68.34,95.16,44.31,6.83,0.11967,0.09039,0.04292,75,1800,SKF 22216
2026-04-16 10:00:00,M-019,Moteur électrique 400kW,moteur_electrique,4.74,9.034,26.27,5154.2,1493,60.8,C,alerte,3.52,11.12,1.83,2.26,90.33,133.62,60.22,10.03,0.15193,0.09212,0.04784,400,5500,SKF 6320
2026-04-16 10:00:00,R-077,Réducteur convoyeur,reducteur,1.17,2.238,7.159,1404.6,728,40.2,A,normal,3.44,2.68,1.46,3.01,53.63,67.7,35.79,5.36,0.14768,0.07962,0.05111,55,950,SKF 2312
2026-04-16 10:00:00,P-311,Pompe centrifuge BP,pompe_centrifuge,8.688,15.922,48.297,9475.9,2967,63.8,D,danger,4.32,25.04,2.13,3.88,175.55,269.5,116.7,19.53,0.1142,0.07603,0.01893,180,3100,SKF 6312
2026-04-16 11:00:00,P-204,Pompe centrifuge HP,pompe_centrifuge,0.561,1.159,3.378,662.8,2981,43.9,A,normal,3.78,1.41,2.24,2.88,177.37,269.78,118.25,19.72,0.13482,0.07481,0.05098,250,4200,SKF 6314
2026-04-16 11:00:00,C-118,Compresseur à vis,compresseur,2.469,5.141,15.631,3066.8,1491,57.6,B,normal,3.79,6.23,1.53,3.17,97.41,151.09,63.62,9.74,0.15857,0.1063,0.04597,500,6800,SKF 7314
2026-04-16 11:00:00,V-302,Ventilateur tirage,ventilateur,0.439,0.697,2.02,396.3,978,39.8,A,normal,3.36,0.98,1.79,3.04,68.13,94.87,44.17,6.81,0.13431,0.07789,0.0496,75,1800,SKF 22216
2026-04-16 11:00:00,M-019,Moteur électrique 400kW,moteur_electrique,5.358,10.027,31.376,6156.0,1490,61.9,C,alerte,4.04,14.44,1.75,3.88,90.14,133.35,60.1,10.01,0.08837,0.04948,0.0368,400,5500,SKF 6320
2026-04-16 11:00:00,R-077,Réducteur convoyeur,reducteur,1.291,2.374,7.346,1441.3,725,40.9,A,normal,2.76,2.38,2.1,1.98,53.41,67.42,35.65,5.34,0.12966,0.09519,0.04884,55,950,SKF 2312
2026-04-16 11:00:00,P-311,Pompe centrifuge BP,pompe_centrifuge,7.623,13.597,41.179,8079.3,2966,63.0,D,danger,4.83,24.57,2.1,3.12,175.49,269.41,116.66,19.53,0.17569,0.05942,0.04475,180,3100,SKF 6312
2026-04-16 12:00:00,P-204,Pompe centrifuge HP,pompe_centrifuge,0.993,1.591,5.359,1051.4,2979,47.8,A,normal,3.67,2.43,2.02,3.1,177.25,269.6,118.17,19.71,0.15607,0.08524,0.04894,250,4200,SKF 6314
2026-04-16 12:00:00,C-118,Compresseur à vis,compresseur,2.67,4.913,13.764,2700.5,1489,58.6,B,normal,3.97,7.07,2.13,3.46,97.28,150.89,63.53,9.73,0.15565,0.06886,0.04927,500,6800,SKF 7314
2026-04-16 12:00:00,V-302,Ventilateur tirage,ventilateur,1.175,2.076,6.028,1182.7,982,42.4,A,normal,2.52,1.97,1.81,4.1,68.41,95.25,44.35,6.84,0.13655,0.08264,0.04842,75,1800,SKF 22216
2026-04-16 12:00:00,M-019,Moteur électrique 400kW,moteur_electrique,4.65,8.604,26.028,5106.7,1499,60.6,C,alerte,3.51,10.87,1.56,5.15,90.69,134.16,60.46,10.07,0.10193,0.06467,0.08181,400,5500,SKF 6320
2026-04-16 12:00:00,R-077,Réducteur convoyeur,reducteur,0.72,1.686,5.352,1050.1,726,41.9,A,normal,2.23,1.07,1.88,3.52,53.48,67.52,35.7,5.35,0.13177,0.08422,0.0516,55,950,SKF 2312
2026-04-16 12:00:00,P-311,Pompe centrifuge BP,pompe_centrifuge,8.958,16.191,49.009,9615.6,2964,66.7,D,danger,4.48,26.78,2.15,4.67,175.37,269.23,116.58,19.51,0.05857,0.0628,0.05164,180,3100,SKF 6312
2026-04-16 13:00:00,P-204,Pompe centrifuge HP,pompe_centrifuge,0.867,1.76,5.82,1141.9,2975,50.9,A,normal,3.28,1.9,1.83,3.66,177.01,269.24,118.01,19.68,0.12642,0.08177,0.05011,250,4200,SKF 6314
2026-04-16 13:00:00,C-118,Compresseur à vis,compresseur,1.991,3.747,11.043,2166.6,1478,56.7,A,normal,3.76,4.99,2.09,2.02,96.56,149.77,63.06,9.66,0.12398,0.09509,0.05276,500,6800,SKF 7314
2026-04-16 13:00:00,V-302,Ventilateur tirage,ventilateur,1.082,2.011,5.189,1018.1,980,46.4,A,normal,3.25,2.34,1.69,3.0,68.27,95.06,44.26,6.83,0.13563,0.07731,0.04904,75,1800,SKF 22216
2026-04-16 13:00:00,M-019,Moteur électrique 400kW,moteur_electrique,5.399,9.894,28.372,5566.6,1487,62.4,C,alerte,3.97,14.28,1.71,5.14,89.96,133.09,59.98,9.99,0.18337,0.04055,0.07266,400,5500,SKF 6320
2026-04-16 13:00:00,R-077,Réducteur convoyeur,reducteur,1.074,1.867,5.839,1145.6,718,41.8,A,normal,4.12,2.95,1.15,3.82,52.89,66.77,35.3,5.29,0.14106,0.07162,0.04891,55,950,SKF 2312
2026-04-16 13:00:00,P-311,Pompe centrifuge BP,pompe_centrifuge,7.939,14.436,42.56,8350.3,2962,60.8,D,danger,4.87,25.79,1.95,4.71,175.25,269.05,116.51,19.5,0.22849,0.0912,0.07665,180,3100,SKF 6312
2026-04-16 14:00:00,P-204,Pompe centrifuge HP,pompe_centrifuge,0.708,1.448,4.116,807.6,2975,44.7,A,normal,3.52,1.66,1.96,2.69,177.01,269.24,118.01,19.68,0.14327,0.08564,0.05053,250,4200,SKF 6314
2026-04-16 14:00:00,C-118,Compresseur à vis,compresseur,2.706,4.84,14.789,2901.6,1478,59.1,B,normal,3.85,6.95,1.89,3.11,96.56,149.77,63.06,9.66,0.15922,0.07062,0.04025,500,6800,SKF 7314
2026-04-16 14:00:00,V-302,Ventilateur tirage,ventilateur,0.79,1.292,2.516,493.6,968,43.2,A,normal,3.36,1.77,1.92,3.03,67.44,93.9,43.72,6.74,0.14371,0.08417,0.05184,75,1800,SKF 22216
2026-04-16 14:00:00,M-019,Moteur électrique 400kW,moteur_electrique,5.736,10.281,30.077,5901.1,1490,65.5,C,alerte,3.53,13.49,1.83,3.79,90.14,133.35,60.1,10.01,0.09545,0.13048,0.05115,400,5500,SKF 6320
2026-04-16 14:00:00,R-077,Réducteur convoyeur,reducteur,0.449,1.027,4.393,861.9,724,40.0,A,normal,3.66,1.1,1.64,3.58,53.33,67.33,35.6,5.33,0.13289,0.08393,0.04875,55,950,SKF 2312
2026-04-16 14:00:00,P-311,Pompe centrifuge BP,pompe_centrifuge,10.587,19.639,59.277,11630.1,2962,70.4,D,danger,4.62,32.61,1.91,4.93,175.25,269.05,116.51,19.5,0.21171,0.34616,0.08604,180,3100,SKF 6312
2026-04-16 15:00:00,P-204,Pompe centrifuge HP,pompe_centrifuge,1.197,2.266,6.133,1203.3,2980,48.8,A,normal,3.52,2.81,1.14,2.31,177.31,269.69,118.21,19.72,0.12495,0.07997,0.0498,250,4200,SKF 6314
2026-04-16 15:00:00,C-118,Compresseur à vis,compresseur,2.788,5.248,16.302,3198.5,1490,61.9,B,normal,3.65,6.79,2.03,3.46,97.35,150.99,63.57,9.73,0.18863,0.06767,0.05385,500,6800,SKF 7314
2026-04-16 15:00:00,V-302,Ventilateur tirage,ventilateur,0.656,1.131,2.915,571.9,983,41.0,A,normal,3.34,1.46,2.01,3.56,68.48,95.35,44.4,6.85,0.14109,0.07778,0.04831,75,1800,SKF 22216
2026-04-16 15:00:00,M-019,Moteur électrique 400kW,moteur_electrique,4.473,8.003,23.384,4587.9,1495,60.4,B,normal,3.9,11.62,1.65,3.5,90.45,133.8,60.3,10.04,0.12918,0.08167,0.04644,400,5500,SKF 6320
2026-04-16 15:00:00,R-077,Réducteur convoyeur,reducteur,1.057,2.137,7.873,1544.7,715,42.7,A,normal,3.47,2.44,1.78,3.98,52.67,66.5,35.15,5.27,0.1502,0.0854,0.05215,55,950,SKF 2312
2026-04-16 15:00:00,P-311,Pompe centrifuge BP,pompe_centrifuge,8.101,14.343,41.955,8231.6,2957,66.3,D,danger,3.79,20.48,2.0,4.34,174.96,268.59,116.31,19.47,0.04691,0.04935,0.04953,180,3100,SKF 6312
2026-04-16 16:00:00,P-204,Pompe centrifuge HP,pompe_centrifuge,1.137,2.083,5.316,1043.0,2982,48.9,A,normal,2.89,2.19,2.1,1.73,177.43,269.87,118.29,19.73,0.11726,0.09516,0.0516,250,4200,SKF 6314
2026-04-16 16:00:00,C-118,Compresseur à vis,compresseur,2.506,4.785,14.996,2942.2,1485,57.8,B,normal,3.6,6.02,1.78,2.8,97.02,150.48,63.36,9.7,0.10214,0.078,0.0474,500,6800,SKF 7314
2026-04-16 16:00:00,V-302,Ventilateur tirage,ventilateur,1.291,2.128,6.13,1202.7,983,43.9,A,normal,3.77,3.25,2.16,2.52,68.48,95.35,44.4,6.85,0.135,0.08891,0.05223,75,1800,SKF 22216
2026-04-16 16:00:00,M-019,Moteur électrique 400kW,moteur_electrique,3.591,6.451,17.227,3379.9,1485,59.4,B,normal,3.35,8.02,1.61,3.59,89.84,132.91,59.89,9.97,0.19138,0.10261,0.05978,400,5500,SKF 6320
2026-04-16 16:00:00,R-077,Réducteur convoyeur,reducteur,1.126,2.245,6.415,1258.6,717,43.3,A,normal,3.02,2.26,1.48,2.79,52.82,66.68,35.25,5.28,0.12931,0.07454,0.04843,55,950,SKF 2312
2026-04-16 16:00:00,P-311,Pompe centrifuge BP,pompe_centrifuge,6.042,11.336,32.023,6282.9,2959,57.2,C,alerte,3.64,14.64,2.01,2.99,175.07,268.78,116.39,19.48,0.18523,0.0336,0.04196,180,3100,SKF 6312
2026-04-16 17:00:00,P-204,Pompe centrifuge HP,pompe_centrifuge,1.062,1.723,4.307,845.0,2976,46.8,A,normal,3.73,2.64,1.37,3.44,177.07,269.33,118.05,19.69,0.1506,0.07978,0.0537,250,4200,SKF 6314
2026-04-16 17:00:00,C-118,Compresseur à vis,compresseur,2.838,5.424,16.873,3310.5,1493,62.5,B,normal,4.2,7.95,2.02,3.73,97.54,151.29,63.7,9.75,0.1337,0.10961,0.03892,500,6800,SKF 7314
2026-04-16 17:00:00,V-302,Ventilateur tirage,ventilateur,0.564,1.305,3.292,645.9,982,42.4,A,normal,3.29,1.24,1.61,2.61,68.41,95.25,44.35,6.84,0.14462,0.08465,0.05209,75,1800,SKF 22216
2026-04-16 17:00:00,M-019,Moteur électrique 400kW,moteur_electrique,4.037,7.423,21.59,4236.0,1484,58.4,B,normal,3.53,9.51,1.93,3.09,89.78,132.82,59.85,9.97,0.07314,0.06915,0.03439,400,5500,SKF 6320
2026-04-16 17:00:00,R-077,Réducteur convoyeur,reducteur,1.074,2.225,6.302,1236.5,712,42.7,A,normal,3.0,2.15,1.62,2.79,52.45,66.22,35.01,5.25,0.12612,0.06789,0.04942,55,950,SKF 2312
2026-04-16 17:00:00,P-311,Pompe centrifuge BP,pompe_centrifuge,6.788,12.259,37.182,7295.1,2963,61.2,C,alerte,4.2,19.03,1.38,4.37,175.31,269.14,116.54,19.51,0.31359,0.03504,0.04573,180,3100,SKF 6312
2026-04-16 18:00:00,P-204,Pompe centrifuge HP,pompe_centrifuge,0.957,1.554,4.91,963.3,2988,47.3,A,normal,3.22,2.06,1.11,3.37,177.79,270.41,118.52,19.77,0.13764,0.07932,0.05169,250,4200,SKF 6314
2026-04-16 18:00:00,C-118,Compresseur à vis,compresseur,2.386,4.075,11.829,2320.8,1485,58.2,B,normal,3.97,6.31,2.51,3.52,97.02,150.48,63.36,9.7,0.13179,0.08632,0.04665,500,6800,SKF 7314
2026-04-16 18:00:00,V-302,Ventilateur tirage,ventilateur,0.579,0.558,0.846,166.0,989,38.2,A,normal,3.31,1.28,1.74,3.81,68.9,95.93,44.67,6.89,0.14666,0.08428,0.04998,75,1800,SKF 22216
2026-04-16 18:00:00,M-019,Moteur électrique 400kW,moteur_electrique,5.572,9.888,30.723,6027.9,1491,63.6,C,alerte,3.2,11.88,2.22,2.96,90.21,133.44,60.14,10.01,0.1102,0.10887,0.08537,400,5500,SKF 6320
2026-04-16 18:00:00,R-077,Réducteur convoyeur,reducteur,1.25,2.294,7.876,1545.3,719,41.0,A,normal,3.77,3.14,1.68,2.36,52.97,66.87,35.35,5.3,0.12319,0.08719,0.04784,55,950,SKF 2312
2026-04-16 18:00:00,P-311,Pompe centrifuge BP,pompe_centrifuge,9.136,16.465,50.481,9904.4,2959,64.0,D,danger,3.82,23.24,1.41,4.65,175.07,268.78,116.39,19.48,0.06321,0.10077,0.07598,180,3100,SKF 6312
2026-04-16 19:00:00,P-204,Pompe centrifuge HP,pompe_centrifuge,1.269,1.91,5.915,1160.5,2984,46.4,A,normal,2.7,2.29,1.87,2.68,177.55,270.05,118.37,19.74,0.11844,0.07589,0.05773,250,4200,SKF 6314
2026-04-16 19:00:00,C-118,Compresseur à vis,compresseur,2.984,5.197,14.904,2924.2,1484,60.3,B,normal,3.55,7.06,1.93,3.82,96.95,150.38,63.32,9.7,0.09711,0.07802,0.0551,500,6800,SKF 7314
2026-04-16 19:00:00,V-302,Ventilateur tirage,ventilateur,0.729,0.993,3.632,712.6,984,42.1,A,normal,3.11,1.51,1.52,3.1,68.55,95.45,44.44,6.86,0.13389,0.08007,0.0539,75,1800,SKF 22216
2026-04-16 19:00:00,M-019,Moteur électrique 400kW,moteur_electrique,4.196,7.564,23.166,4545.2,1489,62.2,B,normal,3.49,9.77,1.37,4.02,90.08,133.27,60.06,10.0,0.20626,0.09632,0.04602,400,5500,SKF 6320
2026-04-16 19:00:00,R-077,Réducteur convoyeur,reducteur,1.721,2.806,7.334,1438.9,732,41.2,A,normal,3.7,4.24,1.86,2.68,53.92,68.08,35.99,5.39,0.14093,0.07929,0.05059,55,950,SKF 2312
2026-04-16 19:00:00,P-311,Pompe centrifuge BP,pompe_centrifuge,5.598,9.966,29.493,5786.5,2962,57.3,C,alerte,4.0,14.93,1.92,4.51,175.25,269.05,116.51,19.5,0.19474,0.06514,0.06558,180,3100,SKF 6312
2026-04-16 20:00:00,P-204,Pompe centrifuge HP,pompe_centrifuge,1.527,3.227,8.893,1744.8,2986,49.2,A,normal,3.59,3.66,1.86,2.33,177.67,270.23,118.44,19.76,0.11408,0.07499,0.0496,250,4200,SKF 6314
2026-04-16 20:00:00,C-118,Compresseur à vis,compresseur,3.17,5.799,17.739,3480.4,1487,58.4,B,normal,3.81,8.05,2.11,3.2,97.15,150.68,63.45,9.72,0.14801,0.11989,0.05146,500,6800,SKF 7314
2026-04-16 20:00:00,V-302,Ventilateur tirage,ventilateur,1.335,1.841,6.717,1317.9,975,44.8,A,normal,3.19,2.84,1.53,3.35,67.92,94.58,44.04,6.79,0.19001,0.0875,0.05148,75,1800,SKF 22216
2026-04-16 20:00:00,M-019,Moteur électrique 400kW,moteur_electrique,5.819,10.503,30.417,5967.8,1503,64.0,C,alerte,3.61,14.0,2.23,2.65,90.93,134.52,60.62,10.1,0.14515,0.07202,0.04512,400,5500,SKF 6320
2026-04-16 20:00:00,R-077,Réducteur convoyeur,reducteur,1.202,2.067,6.486,1272.6,721,46.1,A,normal,3.4,2.73,1.56,2.89,53.11,67.05,35.45,5.31,0.15266,0.07371,0.04803,55,950,SKF 2312
2026-04-16 20:00:00,P-311,Pompe centrifuge BP,pompe_centrifuge,7.69,14.168,42.977,8432.1,2965,64.7,D,danger,3.29,16.88,1.84,3.52,175.43,269.32,116.62,19.52,0.12785,0.06131,0.08469,180,3100,SKF 6312
2026-04-16 21:00:00,P-204,Pompe centrifuge HP,pompe_centrifuge,0.725,1.374,3.567,699.8,2984,47.9,A,normal,3.2,1.55,1.64,3.21,177.55,270.05,118.37,19.74,0.13517,0.08233,0.04774,250,4200,SKF 6314
2026-04-16 21:00:00,C-118,Compresseur à vis,compresseur,2.486,4.941,15.352,3012.1,1493,59.3,B,normal,3.46,5.73,1.89,2.76,97.54,151.29,63.7,9.75,0.10723,0.05744,0.05077,500,6800,SKF 7314
2026-04-16 21:00:00,V-302,Ventilateur tirage,ventilateur,0.872,1.566,4.434,870.0,978,43.0,A,normal,3.47,2.02,2.07,2.81,68.13,94.87,44.17,6.81,0.12762,0.08092,0.05042,75,1800,SKF 22216
2026-04-16 21:00:00,M-019,Moteur électrique 400kW,moteur_electrique,6.298,11.514,34.52,6772.8,1491,65.1,C,alerte,4.09,17.15,1.7,3.12,90.21,133.44,60.14,10.01,0.13944,0.05784,0.04783,400,5500,SKF 6320
2026-04-16 21:00:00,R-077,Réducteur convoyeur,reducteur,1.387,2.29,5.28,1035.9,715,40.3,A,normal,2.99,2.76,2.14,2.11,52.67,66.5,35.15,5.27,0.14369,0.07906,0.05255,55,950,SKF 2312
2026-04-16 21:00:00,P-311,Pompe centrifuge BP,pompe_centrifuge,7.326,13.352,40.186,7884.5,2954,60.0,D,danger,3.94,19.24,2.12,3.72,174.78,268.32,116.19,19.45,0.13176,0.05804,0.04381,180,3100,SKF 6312
2026-04-16 22:00:00,P-204,Pompe centrifuge HP,pompe_centrifuge,0.84,1.272,3.911,767.3,2971,47.1,A,normal,2.87,1.61,1.45,3.15,176.77,268.88,117.85,19.66,0.1448,0.08272,0.0497,250,4200,SKF 6314
2026-04-16 22:00:00,C-118,Compresseur à vis,compresseur,2.246,3.545,9.372,1838.8,1481,57.5,A,normal,3.06,4.58,1.74,3.41,96.76,150.07,63.19,9.68,0.12738,0.09845,0.04928,500,6800,SKF 7314
2026-04-16 22:00:00,V-302,Ventilateur tirage,ventilateur,1.129,1.974,5.798,1137.6,980,42.6,A,normal,3.18,2.39,1.98,3.55,68.27,95.06,44.26,6.83,0.12712,0.09398,0.04733,75,1800,SKF 22216
2026-04-16 22:00:00,M-019,Moteur électrique 400kW,moteur_electrique,4.482,7.679,22.898,4492.6,1494,57.5,B,normal,3.98,11.89,1.25,2.61,90.39,133.71,60.26,10.03,0.15024,0.12282,0.04166,400,5500,SKF 6320
2026-04-16 22:00:00,R-077,Réducteur convoyeur,reducteur,0.745,1.823,5.286,1037.1,706,41.1,A,normal,3.36,1.67,1.82,3.5,52.01,65.66,34.71,5.2,0.14379,0.07665,0.05021,55,950,SKF 2312
2026-04-16 22:00:00,P-311,Pompe centrifuge BP,pompe_centrifuge,8.51,15.555,48.235,9463.7,2957,65.8,D,danger,4.19,23.78,1.97,4.64,174.96,268.59,116.31,19.47,0.214,0.14807,0.08664,180,3100,SKF 6312
2026-04-16 23:00:00,P-204,Pompe centrifuge HP,pompe_centrifuge,0.459,0.917,1.679,329.4,2982,47.4,A,normal,3.96,1.21,1.62,2.4,177.43,269.87,118.29,19.73,0.14419,0.08042,0.04983,250,4200,SKF 6314
2026-04-16 23:00:00,C-118,Compresseur à vis,compresseur,3.176,5.858,18.072,3545.7,1484,62.2,B,normal,2.99,6.33,2.06,2.95,96.95,150.38,63.32,9.7,0.07565,0.07264,0.04158,500,6800,SKF 7314
2026-04-16 23:00:00,V-302,Ventilateur tirage,ventilateur,0.88,1.436,4.326,848.8,979,41.0,A,normal,3.41,2.0,2.33,2.5,68.2,94.96,44.22,6.82,0.13296,0.0797,0.05155,75,1800,SKF 22216
2026-04-16 23:00:00,M-019,Moteur électrique 400kW,moteur_electrique,5.293,9.561,29.0,5689.8,1499,63.4,C,alerte,3.39,11.95,2.58,3.7,90.69,134.16,60.46,10.07,0.23552,0.20646,0.06622,400,5500,SKF 6320
2026-04-16 23:00:00,R-077,Réducteur convoyeur,reducteur,0.603,1.347,3.399,666.9,714,41.0,A,normal,3.23,1.3,1.14,2.92,52.6,66.4,35.11,5.26,0.13931,0.08426,0.04815,55,950,SKF 2312
2026-04-16 23:00:00,P-311,Pompe centrifuge BP,pompe_centrifuge,8.778,15.207,45.781,8982.2,2957,63.2,D,danger,4.36,25.53,2.04,3.72,174.96,268.59,116.31,19.47,0.05853,0.2045,0.04161,180,3100,SKF 6312
2026-04-17 00:00:00,P-204,Pompe centrifuge HP,pompe_centrifuge,0.671,1.031,4.498,882.5,2980,46.6,A,normal,3.03,1.36,1.68,3.29,177.31,269.69,118.21,19.72,0.14842,0.07757,0.05035,250,4200,SKF 6314
2026-04-17 00:00:00,C-118,Compresseur à vis,compresseur,3.262,6.05,18.077,3546.7,1488,61.8,B,normal,4.31,9.38,1.74,2.83,97.22,150.78,63.49,9.72,0.21746,0.08477,0.04696,500,6800,SKF 7314
2026-04-17 00:00:00,V-302,Ventilateur tirage,ventilateur,0.974,1.334,3.402,667.5,976,40.4,A,normal,3.07,1.99,2.15,3.09,67.99,94.67,44.08,6.8,0.1448,0.08167,0.04865,75,1800,SKF 22216
2026-04-17 00:00:00,M-019,Moteur électrique 400kW,moteur_electrique,4.188,7.683,22.208,4357.2,1487,59.5,B,normal,2.84,7.94,2.06,3.63,89.96,133.09,59.98,9.99,0.10808,0.09929,0.03131,400,5500,SKF 6320
2026-04-17 00:00:00,R-077,Réducteur convoyeur,reducteur,1.174,1.999,6.209,1218.2,722,44.3,A,normal,3.32,2.6,1.08,3.84,53.19,67.15,35.5,5.32,0.13913,0.07245,0.0479,55,950,SKF 2312
2026-04-17 00:00:00,P-311,Pompe centrifuge BP,pompe_centrifuge,8.536,15.314,47.263,9273.0,2959,63.9,D,danger,4.38,24.95,2.34,3.5,175.07,268.78,116.39,19.48,0.13333,0.02479,0.04322,180,3100,SKF 6312
2026-04-17 01:00:00,P-204,Pompe centrifuge HP,pompe_centrifuge,0.43,0.44,1.115,218.8,2981,45.3,A,normal,3.29,0.94,1.45,2.26,177.37,269.78,118.25,19.72,0.13477,0.08049,0.04821,250,4200,SKF 6314
2026-04-17 01:00:00,C-118,Compresseur à vis,compresseur,2.5,4.799,12.449,2442.5,1486,57.9,B,normal,4.0,6.67,1.49,3.0,97.09,150.58,63.4,9.71,0.19661,0.09493,0.06186,500,6800,SKF 7314
2026-04-17 01:00:00,V-302,Ventilateur tirage,ventilateur,0.73,1.243,2.957,580.2,977,41.8,A,normal,3.78,1.84,1.93,2.58,68.06,94.77,44.13,6.81,0.12753,0.07609,0.05201,75,1800,SKF 22216
2026-04-17 01:00:00,M-019,Moteur électrique 400kW,moteur_electrique,5.245,9.494,28.593,5609.9,1489,61.2,C,alerte,3.45,12.06,1.92,3.69,90.08,133.27,60.06,10.0,0.19775,0.06906,0.04009,400,5500,SKF 6320
2026-04-17 01:00:00,R-077,Réducteur convoyeur,reducteur,0.996,1.93,5.383,1056.1,724,43.0,A,normal,3.05,2.02,1.62,3.35,53.33,67.33,35.6,5.33,0.13237,0.08083,0.04681,55,950,SKF 2312
2026-04-17 01:00:00,P-311,Pompe centrifuge BP,pompe_centrifuge,8.958,15.726,45.843,8994.4,2960,66.5,D,danger,4.12,24.63,1.9,4.38,175.13,268.87,116.43,19.49,0.04933,0.06762,0.04538,180,3100,SKF 6312
2026-04-17 02:00:00,P-204,Pompe centrifuge HP,pompe_centrifuge,1.205,2.067,6.224,1221.1,2987,47.7,A,normal,3.41,2.74,1.55,3.94,177.73,270.32,118.48,19.76,0.13308,0.08414,0.05378,250,4200,SKF 6314
2026-04-17 02:00:00,C-118,Compresseur à vis,compresseur,3.409,6.063,18.933,3714.7,1480,61.3,B,normal,4.06,9.22,1.8,3.16,96.69,149.97,63.15,9.67,0.1681,0.11564,0.0595,500,6800,SKF 7314
2026-04-17 02:00:00,V-302,Ventilateur tirage,ventilateur,0.673,0.918,2.509,492.3,976,42.9,A,normal,3.25,1.46,1.41,3.09,67.99,94.67,44.08,6.8,0.13128,0.07923,0.05001,75,1800,SKF 22216
2026-04-17 02:00:00,M-019,Moteur électrique 400kW,moteur_electrique,4.04,7.203,21.304,4179.8,1494,61.0,B,normal,3.63,9.79,2.3,3.11,90.39,133.71,60.26,10.03,0.13071,0.11718,0.04808,400,5500,SKF 6320
2026-04-17 02:00:00,R-077,Réducteur convoyeur,reducteur,1.315,2.352,5.352,1050.1,720,43.2,A,normal,3.17,2.78,1.53,3.39,53.04,66.96,35.4,5.3,0.14995,0.09341,0.0558,55,950,SKF 2312
2026-04-17 02:00:00,P-311,Pompe centrifuge BP,pompe_centrifuge,7.856,13.622,40.551,7956.1,2964,61.8,D,danger,4.21,22.06,1.34,4.47,175.37,269.23,116.58,19.51,0.05047,0.17221,0.04481,180,3100,SKF 6312
2026-04-17 03:00:00,P-204,Pompe centrifuge HP,pompe_centrifuge,0.84,1.297,3.133,614.7,2979,46.8,A,normal,3.13,1.75,2.44,3.15,177.25,269.6,118.17,19.71,0.13948,0.07573,0.05028,250,4200,SKF 6314
2026-04-17 03:00:00,C-118,Compresseur à vis,compresseur,2.163,3.711,10.863,2131.3,1478,57.7,A,normal,3.56,5.13,1.88,3.23,96.56,149.77,63.06,9.66,0.11465,0.07078,0.05312,500,6800,SKF 7314
2026-04-17 03:00:00,V-302,Ventilateur tirage,ventilateur,0.474,0.507,1.501,294.5,978,37.2,A,normal,2.36,0.74,2.0,3.84,68.13,94.87,44.17,6.81,0.12926,0.08184,0.04902,75,1800,SKF 22216
2026-04-17 03:00:00,M-019,Moteur électrique 400kW,moteur_electrique,4.25,7.656,23.877,4684.7,1493,61.4,B,normal,4.36,12.35,1.88,4.02,90.33,133.62,60.22,10.03,0.21959,0.06145,0.04169,400,5500,SKF 6320
2026-04-17 03:00:00,R-077,Réducteur convoyeur,reducteur,0.767,1.449,3.409,668.8,711,41.1,A,normal,3.14,1.61,2.0,2.66,52.38,66.12,34.96,5.24,0.1282,0.08082,0.04721,55,950,SKF 2312
2026-04-17 03:00:00,P-311,Pompe centrifuge BP,pompe_centrifuge,10.338,18.26,54.039,10602.5,2954,68.3,D,danger,4.56,31.43,1.85,3.99,174.78,268.32,116.19,19.45,0.0516,0.07403,0.05612,180,3100,SKF 6312
2026-04-17 04:00:00,P-204,Pompe centrifuge HP,pompe_centrifuge,0.873,1.854,6.662,1307.1,2979,46.0,A,normal,3.36,1.96,2.2,3.7,177.25,269.6,118.17,19.71,0.12645,0.09114,0.05176,250,4200,SKF 6314
2026-04-17 04:00:00,C-118,Compresseur à vis,compresseur,2.604,4.93,16.076,3154.1,1490,60.4,B,normal,3.69,6.41,2.17,3.83,97.35,150.99,63.57,9.73,0.14457,0.07504,0.04898,500,6800,SKF 7314
2026-04-17 04:00:00,V-302,Ventilateur tirage,ventilateur,0.919,1.951,7.152,1403.2,978,42.0,A,normal,3.0,1.84,2.38,2.89,68.13,94.87,44.17,6.81,0.14096,0.07949,0.05085,75,1800,SKF 22216
2026-04-17 04:00:00,M-019,Moteur électrique 400kW,moteur_electrique,5.707,9.762,28.821,5654.7,1495,64.9,C,alerte,4.15,15.81,2.42,4.05,90.45,133.8,60.3,10.04,0.19001,0.11966,0.04092,400,5500,SKF 6320
2026-04-17 04:00:00,R-077,Réducteur convoyeur,reducteur,1.273,2.379,5.782,1134.4,717,42.4,A,normal,3.62,3.07,1.86,3.49,52.82,66.68,35.25,5.28,0.1194,0.07063,0.05361,55,950,SKF 2312
2026-04-17 04:00:00,P-311,Pompe centrifuge BP,pompe_centrifuge,8.355,15.872,47.411,9302.0,2966,63.3,D,danger,4.39,24.47,1.83,4.43,175.49,269.41,116.66,19.53,0.10045,0.11844,0.0383,180,3100,SKF 6312
2026-04-17 05:00:00,P-204,Pompe centrifuge HP,pompe_centrifuge,1.411,2.862,8.659,1698.9,2977,47.5,A,normal,3.85,3.62,1.25,3.32,177.13,269.42,118.09,19.7,0.1212,0.07859,0.0556,250,4200,SKF 6314
2026-04-17 05:00:00,C-118,Compresseur à vis,compresseur,3.761,6.761,20.495,4021.1,1495,60.9,B,normal,4.21,10.56,2.34,3.41,97.67,151.49,63.79,9.77,0.16338,0.07518,0.05214,500,6800,SKF 7314
2026-04-17 05:00:00,V-302,Ventilateur tirage,ventilateur,0.381,0.773,2.78,545.4,979,40.6,A,normal,3.88,0.98,1.17,1.89,68.2,94.96,44.22,6.82,0.13883,0.07917,0.05007,75,1800,SKF 22216
2026-04-17 05:00:00,M-019,Moteur électrique 400kW,moteur_electrique,3.771,6.505,18.621,3653.4,1486,59.3,B,normal,3.48,8.76,2.06,3.58,89.9,133.0,59.94,9.98,0.19282,0.08182,0.03316,400,5500,SKF 6320
2026-04-17 05:00:00,R-077,Réducteur convoyeur,reducteur,0.806,1.649,5.472,1073.6,721,41.5,A,normal,3.01,1.62,2.39,2.66,53.11,67.05,35.45,5.31,0.15296,0.07989,0.04949,55,950,SKF 2312
2026-04-17 05:00:00,P-311,Pompe centrifuge BP,pompe_centrifuge,7.26,12.85,37.746,7405.8,2956,60.7,D,danger,4.19,20.29,1.55,4.21,174.9,268.5,116.27,19.46,0.11732,0.04266,0.04525,180,3100,SKF 6312
2026-04-17 06:00:00,P-204,Pompe centrifuge HP,pompe_centrifuge,1.262,1.858,5.901,1157.8,2975,47.2,A,normal,3.45,2.9,1.84,3.07,177.01,269.24,118.01,19.68,0.12687,0.07909,0.05546,250,4200,SKF 6314
2026-04-17 06:00:00,C-118,Compresseur à vis,compresseur,2.651,4.758,14.294,2804.5,1503,61.9,B,normal,3.56,6.29,1.78,2.42,98.2,152.3,64.13,9.82,0.08976,0.09548,0.04731,500,6800,SKF 7314
2026-04-17 06:00:00,V-302,Ventilateur tirage,ventilateur,0.717,1.25,4.227,829.3,972,40.6,A,normal,3.39,1.62,2.29,3.6,67.72,94.28,43.9,6.77,0.13463,0.09086,0.05107,75,1800,SKF 22216
2026-04-17 06:00:00,M-019,Moteur électrique 400kW,moteur_electrique,5.105,9.665,28.818,5654.1,1493,61.5,C,alerte,3.32,11.31,1.92,3.38,90.33,133.62,60.22,10.03,0.10994,0.11197,0.04448,400,5500,SKF 6320
2026-04-17 06:00:00,R-077,Réducteur convoyeur,reducteur,0.459,0.764,3.68,722.0,716,42.3,A,normal,3.46,1.06,1.72,3.22,52.75,66.59,35.2,5.27,0.14122,0.08358,0.0514,55,950,SKF 2312
2026-04-17 06:00:00,P-311,Pompe centrifuge BP,pompe_centrifuge,9.243,16.873,50.763,9959.7,2955,66.4,D,danger,3.91,24.09,1.66,4.66,174.84,268.41,116.23,19.45,0.04404,0.08082,0.03982,180,3100,SKF 6312
2026-04-17 07:00:00,P-204,Pompe centrifuge HP,pompe_centrifuge,1.017,1.959,6.624,1299.6,2986,47.6,A,normal,3.12,2.12,1.89,4.2,177.67,270.23,118.44,19.76,0.12037,0.08185,0.0478,250,4200,SKF 6314
2026-04-17 07:00:00,C-118,Compresseur à vis,compresseur,2.186,3.999,12.985,2547.7,1478,59.4,A,normal,2.85,4.16,1.79,3.03,96.56,149.77,63.06,9.66,0.11566,0.08854,0.0568,500,6800,SKF 7314
2026-04-17 07:00:00,V-302,Ventilateur tirage,ventilateur,0.484,1.473,3.223,632.4,978,40.3,A,normal,3.18,1.03,1.56,3.32,68.13,94.87,44.17,6.81,0.14079,0.08005,0.04882,75,1800,SKF 22216
2026-04-17 07:00:00,M-019,Moteur électrique 400kW,moteur_electrique,5.328,10.039,30.223,5929.8,1481,65.1,C,alerte,3.76,13.35,2.22,5.01,89.6,132.55,59.73,9.95,0.22802,0.05743,0.04307,400,5500,SKF 6320
2026-04-17 07:00:00,R-077,Réducteur convoyeur,reducteur,0.892,1.633,4.444,871.9,718,43.7,A,normal,2.82,1.68,2.14,2.19,52.89,66.77,35.3,5.29,0.14547,0.08772,0.05166,55,950,SKF 2312
2026-04-17 07:00:00,P-311,Pompe centrifuge BP,pompe_centrifuge,9.834,18.435,56.247,11035.7,2961,68.8,D,danger,4.51,29.57,1.65,5.34,175.19,268.96,116.47,19.49,0.07449,0.07138,0.09918,180,3100,SKF 6312
2026-04-17 08:00:00,P-204,Pompe centrifuge HP,pompe_centrifuge,1.255,2.337,6.757,1325.7,2980,49.8,A,normal,3.1,2.59,1.26,2.82,177.31,269.69,118.21,19.72,0.15715,0.08015,0.05647,250,4200,SKF 6314
2026-04-17 08:00:00,C-118,Compresseur à vis,compresseur,3.123,5.752,15.133,2969.1,1485,60.2,B,normal,3.43,7.15,1.97,4.32,97.02,150.48,63.36,9.7,0.14851,0.09527,0.04274,500,6800,SKF 7314
2026-04-17 08:00:00,V-302,Ventilateur tirage,ventilateur,1.141,1.98,6.206,1217.6,977,43.9,A,normal,3.53,2.68,1.74,3.89,68.06,94.77,44.13,6.81,0.12623,0.07617,0.04834,75,1800,SKF 22216
2026-04-17 08:00:00,M-019,Moteur électrique 400kW,moteur_electrique,4.724,8.104,24.11,4730.4,1493,62.0,C,alerte,3.84,12.08,2.05,3.87,90.33,133.62,60.22,10.03,0.07757,0.11599,0.04131,400,5500,SKF 6320
2026-04-17 08:00:00,R-077,Réducteur convoyeur,reducteur,1.107,1.716,4.59,900.6,723,41.5,A,normal,2.99,2.21,1.65,3.88,53.26,67.24,35.55,5.33,0.13915,0.07482,0.05258,55,950,SKF 2312
2026-04-17 08:00:00,P-311,Pompe centrifuge BP,pompe_centrifuge,8.326,14.915,44.271,8686.0,2959,61.7,D,danger,4.36,24.2,1.97,4.61,175.07,268.78,116.39,19.48,1.07316,0.11723,0.03192,180,3100,SKF 6312
2026-04-17 09:00:00,P-204,Pompe centrifuge HP,pompe_centrifuge,1.134,1.98,5.899,1157.4,2987,46.5,A,normal,3.55,2.68,1.58,3.3,177.73,270.32,118.48,19.76,0.12405,0.09684,0.04604,250,4200,SKF 6314
2026-04-17 09:00:00,C-118,Compresseur à vis,compresseur,2.684,5.01,14.949,2933.0,1482,57.7,B,normal,3.62,6.48,1.72,3.42,96.82,150.18,63.23,9.68,0.09928,0.07099,0.03953,500,6800,SKF 7314
2026-04-17 09:00:00,V-302,Ventilateur tirage,ventilateur,1.287,2.437,7.203,1413.2,980,40.4,A,normal,3.3,2.84,1.58,2.68,68.27,95.06,44.26,6.83,0.12542,0.07729,0.05082,75,1800,SKF 22216
2026-04-17 09:00:00,M-019,Moteur électrique 400kW,moteur_electrique,5.045,9.029,27.514,5398.2,1495,62.0,C,alerte,3.16,10.61,1.78,4.32,90.45,133.8,60.3,10.04,0.36757,0.05018,0.05227,400,5500,SKF 6320
2026-04-17 09:00:00,R-077,Réducteur convoyeur,reducteur,0.892,1.68,4.268,837.4,715,40.7,A,normal,3.51,2.09,1.87,3.71,52.67,66.5,35.15,5.27,0.13473,0.08211,0.04935,55,950,SKF 2312
2026-04-17 09:00:00,P-311,Pompe centrifuge BP,pompe_centrifuge,11.466,20.888,61.989,12162.2,2956,70.6,D,danger,4.49,34.29,1.85,4.1,174.9,268.5,116.27,19.46,0.39791,0.09182,0.04577,180,3100,SKF 6312
2026-04-17 10:00:00,P-204,Pompe centrifuge HP,pompe_centrifuge,1.539,2.749,7.782,1526.8,2974,48.1,A,normal,2.85,2.93,1.24,2.37,176.95,269.15,117.97,19.68,0.14453,0.08846,0.05358,250,4200,SKF 6314
2026-04-17 10:00:00,C-118,Compresseur à vis,compresseur,2.774,4.785,12.776,2506.7,1483,61.6,B,normal,3.56,6.59,1.76,2.54,96.89,150.28,63.27,9.69,0.18088,0.10337,0.06124,500,6800,SKF 7314
2026-04-17 10:00:00,V-302,Ventilateur tirage,ventilateur,0.771,1.651,4.939,969.0,972,42.1,A,normal,3.86,1.99,1.71,3.63,67.72,94.28,43.9,6.77,0.13293,0.07683,0.05062,75,1800,SKF 22216
2026-04-17 10:00:00,M-019,Moteur électrique 400kW,moteur_electrique,4.211,7.718,23.139,4539.9,1488,58.6,B,normal,3.43,9.62,1.95,2.25,90.02,133.18,60.02,9.99,0.17184,0.11,0.04116,400,5500,SKF 6320
2026-04-17 10:00:00,R-077,Réducteur convoyeur,reducteur,0.885,2.258,5.376,1054.8,725,40.9,A,normal,3.36,1.98,1.9,3.47,53.41,67.42,35.65,5.34,0.11532,0.07998,0.05349,55,950,SKF 2312
2026-04-17 10:00:00,P-311,Pompe centrifuge BP,pompe_centrifuge,9.03,16.422,48.684,9551.8,2957,67.1,D,danger,3.69,22.24,1.86,5.02,174.96,268.59,116.31,19.47,0.04755,0.1998,0.03991,180,3100,SKF 6312
2026-04-17 11:00:00,P-204,Pompe centrifuge HP,pompe_centrifuge,0.714,1.283,4.953,971.8,2989,49.6,A,normal,3.19,1.52,1.87,2.79,177.85,270.5,118.56,19.78,0.13251,0.07706,0.05204,250,4200,SKF 6314
2026-04-17 11:00:00,C-118,Compresseur à vis,compresseur,2.99,5.021,14.834,2910.4,1477,59.9,B,normal,3.71,7.39,1.54,4.36,96.5,149.67,63.02,9.65,0.15604,0.08085,0.04102,500,6800,SKF 7314
2026-04-17 11:00:00,V-302,Ventilateur tirage,ventilateur,1.503,2.995,8.35,1638.3,978,44.8,A,normal,3.25,3.26,1.72,2.85,68.13,94.87,44.17,6.81,0.10893,0.08715,0.04755,75,1800,SKF 22216
2026-04-17 11:00:00,M-019,Moteur électrique 400kW,moteur_electrique,4.119,7.136,22.399,4394.7,1494,60.1,B,normal,3.5,9.62,2.23,4.39,90.39,133.71,60.26,10.03,0.16865,0.06102,0.03329,400,5500,SKF 6320
2026-04-17 11:00:00,R-077,Réducteur convoyeur,reducteur,0.971,1.307,4.645,911.3,720,43.1,A,normal,3.27,2.11,1.63,3.49,53.04,66.96,35.4,5.3,0.14164,0.07777,0.04665,55,950,SKF 2312
2026-04-17 11:00:00,P-311,Pompe centrifuge BP,pompe_centrifuge,8.474,14.685,45.296,8887.1,2956,63.9,D,danger,3.76,21.22,1.55,3.84,174.9,268.5,116.27,19.46,0.08158,0.12104,0.06302,180,3100,SKF 6312
2026-04-17 12:00:00,P-204,Pompe centrifuge HP,pompe_centrifuge,1.507,2.859,8.872,1740.7,2980,47.1,A,normal,3.32,3.34,1.1,3.37,177.31,269.69,118.21,19.72,0.14331,0.06973,0.0572,250,4200,SKF 6314
2026-04-17 12:00:00,C-118,Compresseur à vis,compresseur,2.986,5.246,16.434,3224.4,1476,60.5,B,normal,3.16,6.29,2.14,3.38,96.43,149.57,62.98,9.64,0.17431,0.08602,0.04698,500,6800,SKF 7314
2026-04-17 12:00:00,V-302,Ventilateur tirage,ventilateur,0.837,1.306,3.035,595.5,989,42.5,A,normal,3.12,1.74,1.7,3.13,68.9,95.93,44.67,6.89,0.14891,0.08637,0.05122,75,1800,SKF 22216
2026-04-17 12:00:00,M-019,Moteur électrique 400kW,moteur_electrique,5.431,9.496,29.203,5729.6,1489,62.0,C,alerte,3.98,14.42,1.62,3.75,90.08,133.27,60.06,10.0,0.33781,0.09423,0.06126,400,5500,SKF 6320
2026-04-17 12:00:00,R-077,Réducteur convoyeur,reducteur,0.68,1.181,4.968,974.7,727,41.5,A,normal,2.93,1.33,1.72,1.6,53.56,67.61,35.74,5.36,0.14079,0.08235,0.0505,55,950,SKF 2312
2026-04-17 12:00:00,P-311,Pompe centrifuge BP,pompe_centrifuge,9.326,17.154,50.196,9848.5,2966,65.5,D,danger,4.69,29.15,1.42,3.87,175.49,269.41,116.66,19.53,0.12682,0.0216,0.04095,180,3100,SKF 6312
2026-04-17 13:00:00,P-204,Pompe centrifuge HP,pompe_centrifuge,1.29,2.282,6.687,1312.0,2980,51.2,A,normal,2.83,2.44,0.99,2.41,177.31,269.69,118.21,19.72,0.12474,0.08692,0.04924,250,4200,SKF 6314
2026-04-17 13:00:00,C-118,Compresseur à vis,compresseur,2.89,4.512,13.091,2568.5,1480,62.0,B,normal,3.3,6.35,1.3,2.95,96.69,149.97,63.15,9.67,0.17958,0.11791,0.0424,500,6800,SKF 7314
2026-04-17 13:00:00,V-302,Ventilateur tirage,ventilateur,0.918,1.825,5.008,982.6,985,43.1,A,normal,3.83,2.34,1.86,2.51,68.62,95.55,44.49,6.86,0.13705,0.09362,0.04742,75,1800,SKF 22216
2026-04-17 13:00:00,M-019,Moteur électrique 400kW,moteur_electrique,4.605,8.229,26.302,5160.5,1488,60.3,C,alerte,3.82,11.74,1.62,4.2,90.02,133.18,60.02,9.99,0.14608,0.11504,0.05069,400,5500,SKF 6320
2026-04-17 13:00:00,R-077,Réducteur convoyeur,reducteur,0.878,1.933,7.468,1465.2,726,39.3,A,normal,3.54,2.07,2.17,2.86,53.48,67.52,35.7,5.35,0.12411,0.08511,0.04806,55,950,SKF 2312
2026-04-17 13:00:00,P-311,Pompe centrifuge BP,pompe_centrifuge,9.43,16.91,51.672,10138.0,2961,68.6,D,danger,4.0,25.16,2.08,4.32,175.19,268.96,116.47,19.49,0.02197,0.23492,0.09741,180,3100,SKF 6312
2026-04-17 14:00:00,P-204,Pompe centrifuge HP,pompe_centrifuge,0.844,1.176,4.27,837.8,2978,48.3,A,normal,3.03,1.71,1.75,3.08,177.19,269.51,118.13,19.7,0.13035,0.07271,0.04822,250,4200,SKF 6314
2026-04-17 14:00:00,C-118,Compresseur à vis,compresseur,3.271,5.991,16.7,3276.5,1488,62.7,B,normal,3.46,7.55,1.87,4.37,97.22,150.78,63.49,9.72,0.11169,0.09678,0.0434,500,6800,SKF 7314
2026-04-17 14:00:00,V-302,Ventilateur tirage,ventilateur,0.736,1.133,4.824,946.5,976,39.8,A,normal,3.21,1.57,1.83,4.65,67.99,94.67,44.08,6.8,0.13688,0.08246,0.05048,75,1800,SKF 22216
2026-04-17 14:00:00,M-019,Moteur électrique 400kW,moteur_electrique,4.805,8.492,26.251,5150.4,1492,63.0,C,alerte,4.16,13.31,1.74,3.76,90.27,133.53,60.18,10.02,0.0616,0.04395,0.04934,400,5500,SKF 6320
2026-04-17 14:00:00,R-077,Réducteur convoyeur,reducteur,0.835,1.372,4.507,884.3,714,38.9,A,normal,3.68,2.05,1.7,2.91,52.6,66.4,35.11,5.26,0.12636,0.09074,0.05208,55,950,SKF 2312
2026-04-17 14:00:00,P-311,Pompe centrifuge BP,pompe_centrifuge,8.024,14.465,43.627,8559.6,2966,63.6,D,danger,3.69,19.75,2.14,4.46,175.49,269.41,116.66,19.53,0.0668,0.10476,0.04989,180,3100,SKF 6312
2026-04-17 15:00:00,P-204,Pompe centrifuge HP,pompe_centrifuge,0.596,0.7,1.562,306.5,2987,48.6,A,normal,3.66,1.45,1.7,4.2,177.73,270.32,118.48,19.76,0.13308,0.08271,0.04939,250,4200,SKF 6314
2026-04-17 15:00:00,C-118,Compresseur à vis,compresseur,2.853,5.036,16.052,3149.4,1467,58.4,B,normal,3.08,5.86,2.03,2.83,95.84,148.66,62.59,9.58,0.17942,0.09192,0.05067,500,6800,SKF 7314
2026-04-17 15:00:00,V-302,Ventilateur tirage,ventilateur,0.458,0.273,0.253,49.6,975,39.0,A,normal,3.93,1.2,2.06,3.01,67.92,94.58,44.04,6.79,0.13781,0.08153,0.04951,75,1800,SKF 22216
2026-04-17 15:00:00,M-019,Moteur électrique 400kW,moteur_electrique,5.563,9.889,30.165,5918.4,1482,63.3,C,alerte,3.8,14.08,2.0,4.17,89.66,132.64,59.77,9.95,0.20628,0.06257,0.04754,400,5500,SKF 6320
2026-04-17 15:00:00,R-077,Réducteur convoyeur,reducteur,0.76,1.19,3.521,690.8,717,41.7,A,normal,3.49,1.77,1.68,3.16,52.82,66.68,35.25,5.28,0.13307,0.08202,0.04984,55,950,SKF 2312
2026-04-17 15:00:00,P-311,Pompe centrifuge BP,pompe_centrifuge,9.666,17.763,53.408,10478.6,2964,68.8,D,danger,4.23,27.26,2.1,5.05,175.37,269.23,116.58,19.51,0.05369,0.13133,0.04019,180,3100,SKF 6312
2026-04-17 16:00:00,P-204,Pompe centrifuge HP,pompe_centrifuge,0.88,1.768,6.081,1193.1,2981,50.0,A,normal,3.28,1.92,1.16,3.28,177.37,269.78,118.25,19.72,0.12858,0.08155,0.04829,250,4200,SKF 6314
2026-04-17 16:00:00,C-118,Compresseur à vis,compresseur,2.249,3.789,11.516,2259.4,1484,57.8,A,normal,2.56,3.84,1.79,2.11,96.95,150.38,63.32,9.7,0.16094,0.08209,0.04251,500,6800,SKF 7314
2026-04-17 16:00:00,V-302,Ventilateur tirage,ventilateur,0.637,0.827,2.256,442.6,980,45.3,A,normal,3.3,1.4,1.57,3.77,68.27,95.06,44.26,6.83,0.12718,0.07561,0.0461,75,1800,SKF 22216
2026-04-17 16:00:00,M-019,Moteur électrique 400kW,moteur_electrique,5.481,9.432,27.791,5452.6,1493,65.9,C,alerte,4.39,16.03,1.78,3.81,90.33,133.62,60.22,10.03,0.15432,0.07233,0.04675,400,5500,SKF 6320
2026-04-17 16:00:00,R-077,Réducteur convoyeur,reducteur,0.918,1.946,4.691,920.4,717,41.1,A,normal,3.2,1.96,2.02,3.09,52.82,66.68,35.25,5.28,0.12969,0.081,0.04769,55,950,SKF 2312
2026-04-17 16:00:00,P-311,Pompe centrifuge BP,pompe_centrifuge,9.176,17.187,51.114,10028.6,2965,66.0,D,danger,4.35,26.62,1.83,4.77,175.43,269.32,116.62,19.52,0.21704,0.04,0.0304,180,3100,SKF 6312
2026-04-17 17:00:00,P-204,Pompe centrifuge HP,pompe_centrifuge,1.006,1.644,3.685,723.0,2978,47.8,A,normal,3.77,2.53,2.16,3.98,177.19,269.51,118.13,19.7,0.11922,0.0948,0.04548,250,4200,SKF 6314
2026-04-17 17:00:00,C-118,Compresseur à vis,compresseur,3.097,5.495,16.113,3161.4,1481,60.5,B,normal,3.76,7.77,2.26,1.67,96.76,150.07,63.19,9.68,0.13928,0.10713,0.04086,500,6800,SKF 7314
2026-04-17 17:00:00,V-302,Ventilateur tirage,ventilateur,1.434,2.637,7.772,1524.9,987,43.1,A,normal,3.87,3.7,1.91,2.92,68.76,95.74,44.58,6.88,0.16353,0.08793,0.05931,75,1800,SKF 22216
2026-04-17 17:00:00,M-019,Moteur électrique 400kW,moteur_electrique,5.571,9.732,29.346,5757.7,1490,63.8,C,alerte,3.84,14.26,1.99,3.24,90.14,133.35,60.1,10.01,0.09707,0.24391,0.06425,400,5500,SKF 6320
2026-04-17 17:00:00,R-077,Réducteur convoyeur,reducteur,0.992,1.985,5.693,1117.0,719,40.4,A,normal,3.38,2.23,1.88,2.42,52.97,66.87,35.35,5.3,0.14657,0.09043,0.04412,55,950,SKF 2312
2026-04-17 17:00:00,P-311,Pompe centrifuge BP,pompe_centrifuge,8.685,15.968,47.676,9354.0,2956,65.1,D,danger,4.1,23.75,1.44,4.48,174.9,268.5,116.27,19.46,0.2117,0.09751,0.06782,180,3100,SKF 6312
2026-04-17 18:00:00,P-204,Pompe centrifuge HP,pompe_centrifuge,1.5,2.634,9.278,1820.3,2986,49.0,A,normal,3.42,3.42,1.66,3.08,177.67,270.23,118.44,19.76,0.14688,0.10159,0.05174,250,4200,SKF 6314
2026-04-17 18:00:00,C-118,Compresseur à vis,compresseur,3.097,5.968,18.378,3605.8,1484,59.8,B,normal,3.73,7.7,1.98,2.52,96.95,150.38,63.32,9.7,0.15761,0.07098,0.05606,500,6800,SKF 7314
2026-04-17 18:00:00,V-302,Ventilateur tirage,ventilateur,0.651,1.122,3.627,711.6,979,42.0,A,normal,2.85,1.24,2.05,3.42,68.2,94.96,44.22,6.82,0.13653,0.08722,0.04944,75,1800,SKF 22216
2026-04-17 18:00:00,M-019,Moteur électrique 400kW,moteur_electrique,5.732,10.247,30.744,6032.0,1489,62.1,C,alerte,4.24,16.19,2.13,4.11,90.08,133.27,60.06,10.0,0.1792,0.09818,0.0487,400,5500,SKF 6320
2026-04-17 18:00:00,R-077,Réducteur convoyeur,reducteur,0.944,1.851,6.705,1315.5,719,42.3,A,normal,3.17,2.0,1.69,3.46,52.97,66.87,35.35,5.3,0.14184,0.0783,0.05139,55,950,SKF 2312
2026-04-17 18:00:00,P-311,Pompe centrifuge BP,pompe_centrifuge,9.009,16.291,48.553,9526.1,2957,65.7,D,danger,4.57,27.45,1.6,3.99,174.96,268.59,116.31,19.47,0.076,0.17681,0.0551,180,3100,SKF 6312
2026-04-17 19:00:00,P-204,Pompe centrifuge HP,pompe_centrifuge,1.942,3.246,10.169,1995.2,2985,48.8,A,normal,2.94,3.81,1.53,3.95,177.61,270.14,118.41,19.75,0.10227,0.06369,0.0484,250,4200,SKF 6314
2026-04-17 19:00:00,C-118,Compresseur à vis,compresseur,3.517,6.107,18.243,3579.3,1493,60.7,B,normal,4.55,10.67,1.81,3.3,97.54,151.29,63.7,9.75,0.08268,0.07247,0.06797,500,6800,SKF 7314
2026-04-17 19:00:00,V-302,Ventilateur tirage,ventilateur,1.05,1.533,4.537,890.2,969,43.0,A,normal,3.58,2.5,1.79,3.42,67.51,93.99,43.77,6.75,0.13208,0.07955,0.04795,75,1800,SKF 22216
2026-04-17 19:00:00,M-019,Moteur électrique 400kW,moteur_electrique,4.577,8.053,23.341,4579.5,1488,63.8,C,alerte,3.27,9.98,1.72,4.03,90.02,133.18,60.02,9.99,0.18789,0.08865,0.05501,400,5500,SKF 6320
2026-04-17 19:00:00,R-077,Réducteur convoyeur,reducteur,1.132,2.06,6.329,1241.7,720,40.1,A,normal,2.4,1.81,1.53,3.17,53.04,66.96,35.4,5.3,0.11593,0.07945,0.05249,55,950,SKF 2312
2026-04-17 19:00:00,P-311,Pompe centrifuge BP,pompe_centrifuge,9.012,16.806,50.196,9848.5,2968,65.5,D,danger,5.3,31.85,1.93,3.79,175.61,269.59,116.74,19.54,0.07954,0.09928,0.0281,180,3100,SKF 6312
2026-04-17 20:00:00,P-204,Pompe centrifuge HP,pompe_centrifuge,1.478,2.429,7.586,1488.4,2972,49.5,A,normal,3.35,3.3,1.3,3.53,176.83,268.97,117.89,19.66,0.14334,0.08016,0.05597,250,4200,SKF 6314
2026-04-17 20:00:00,C-118,Compresseur à vis,compresseur,2.981,5.314,15.948,3129.0,1486,61.3,B,normal,4.31,8.56,1.84,2.74,97.09,150.58,63.4,9.71,0.24499,0.09197,0.06174,500,6800,SKF 7314
2026-04-17 20:00:00,V-302,Ventilateur tirage,ventilateur,1.108,2.667,5.811,1140.1,987,41.5,A,normal,3.53,2.61,1.95,2.95,68.76,95.74,44.58,6.88,0.13851,0.06955,0.05159,75,1800,SKF 22216
2026-04-17 20:00:00,M-019,Moteur électrique 400kW,moteur_electrique,5.554,10.394,31.405,6161.7,1487,62.3,C,alerte,4.06,15.02,1.39,3.51,89.96,133.09,59.98,9.99,0.10425,0.04037,0.0397,400,5500,SKF 6320
2026-04-17 20:00:00,R-077,Réducteur convoyeur,reducteur,1.534,2.503,6.429,1261.4,720,44.3,A,normal,3.69,3.78,1.85,2.96,53.04,66.96,35.4,5.3,0.14428,0.07265,0.0485,55,950,SKF 2312
2026-04-17 20:00:00,P-311,Pompe centrifuge BP,pompe_centrifuge,8.225,14.323,44.197,8671.5,2960,64.6,D,danger,4.52,24.77,1.98,4.08,175.13,268.87,116.43,19.49,0.18326,0.11735,0.055,180,3100,SKF 6312
2026-04-17 21:00:00,P-204,Pompe centrifuge HP,pompe_centrifuge,0.899,1.785,3.734,732.6,2979,46.2,A,normal,3.84,2.3,2.06,3.42,177.25,269.6,118.17,19.71,0.14695,0.08262,0.04703,250,4200,SKF 6314
2026-04-17 21:00:00,C-118,Compresseur à vis,compresseur,2.86,4.897,15.76,3092.1,1488,61.4,B,normal,3.33,6.36,1.93,2.77,97.22,150.78,63.49,9.72,0.14183,0.05956,0.04963,500,6800,SKF 7314
2026-04-17 21:00:00,V-302,Ventilateur tirage,ventilateur,1.593,2.637,7.977,1565.1,967,46.6,A,normal,3.68,3.91,1.95,2.99,67.37,93.8,43.68,6.74,0.12549,0.07459,0.05234,75,1800,SKF 22216
2026-04-17 21:00:00,M-019,Moteur électrique 400kW,moteur_electrique,4.731,8.212,24.896,4884.6,1495,62.0,C,alerte,3.67,11.57,1.76,3.95,90.45,133.8,60.3,10.04,0.19971,0.05884,0.04237,400,5500,SKF 6320
2026-04-17 21:00:00,R-077,Réducteur convoyeur,reducteur,0.955,1.399,3.361,659.4,725,42.0,A,normal,3.29,2.1,1.58,2.55,53.41,67.42,35.65,5.34,0.14446,0.0769,0.04702,55,950,SKF 2312
2026-04-17 21:00:00,P-311,Pompe centrifuge BP,pompe_centrifuge,8.381,15.177,46.256,9075.4,2953,64.5,D,danger,4.77,26.63,2.05,3.87,174.72,268.23,116.15,19.44,0.19897,0.06377,0.06572,180,3100,SKF 6312
2026-04-17 22:00:00,P-204,Pompe centrifuge HP,pompe_centrifuge,1.415,2.827,8.035,1576.5,2983,49.4,A,normal,3.9,3.68,1.88,2.8,177.49,269.96,118.33,19.74,0.09387,0.07876,0.04962,250,4200,SKF 6314
2026-04-17 22:00:00,C-118,Compresseur à vis,compresseur,3.756,6.543,19.41,3808.2,1483,59.7,B,normal,4.02,10.07,1.93,3.37,96.89,150.28,63.27,9.69,0.09431,0.11676,0.0536,500,6800,SKF 7314
2026-04-17 22:00:00,V-302,Ventilateur tirage,ventilateur,1.305,2.19,6.579,1290.8,984,42.9,A,normal,3.12,2.71,2.05,2.84,68.55,95.45,44.44,6.86,0.13344,0.06889,0.04722,75,1800,SKF 22216
2026-04-17 22:00:00,M-019,Moteur électrique 400kW,moteur_electrique,5.213,8.988,28.011,5495.8,1491,63.2,C,alerte,3.57,12.39,1.62,4.2,90.21,133.44,60.14,10.01,0.26182,0.0717,0.04872,400,5500,SKF 6320
2026-04-17 22:00:00,R-077,Réducteur convoyeur,reducteur,1.313,2.306,6.85,1344.0,725,42.4,A,normal,2.64,2.31,1.97,3.19,53.41,67.42,35.65,5.34,0.11973,0.07984,0.04687,55,950,SKF 2312
2026-04-17 22:00:00,P-311,Pompe centrifuge BP,pompe_centrifuge,7.225,12.936,40.267,7900.4,2966,64.5,D,danger,4.92,23.68,1.86,4.18,175.49,269.41,116.66,19.53,0.13747,0.13433,0.04754,180,3100,SKF 6312
2026-04-17 23:00:00,P-204,Pompe centrifuge HP,pompe_centrifuge,1.234,2.147,6.818,1337.7,2972,50.1,A,normal,3.13,2.57,1.88,3.43,176.83,268.97,117.89,19.66,0.14018,0.07329,0.05159,250,4200,SKF 6314
2026-04-17 23:00:00,C-118,Compresseur à vis,compresseur,3.0,5.132,16.844,3304.8,1494,62.5,B,normal,4.02,8.04,2.06,3.42,97.61,151.39,63.74,9.76,0.1468,0.08166,0.04811,500,6800,SKF 7314
2026-04-17 23:00:00,V-302,Ventilateur tirage,ventilateur,1.511,2.822,7.713,1513.3,977,44.3,A,normal,3.53,3.56,2.12,3.4,68.06,94.77,44.13,6.81,0.15665,0.09989,0.04876,75,1800,SKF 22216
2026-04-17 23:00:00,M-019,Moteur électrique 400kW,moteur_electrique,5.014,9.596,29.019,5693.5,1489,65.6,C,alerte,3.85,12.87,2.44,3.15,90.08,133.27,60.06,10.0,0.12749,0.0588,0.05311,400,5500,SKF 6320
2026-04-17 23:00:00,R-077,Réducteur convoyeur,reducteur,2.155,4.686,14.464,2837.8,721,43.8,A,normal,3.8,5.46,1.33,4.13,53.11,67.05,35.45,5.31,0.13896,0.08274,0.04989,55,950,SKF 2312
2026-04-17 23:00:00,P-311,Pompe centrifuge BP,pompe_centrifuge,9.469,16.877,48.788,9572.2,2957,64.3,D,danger,4.39,27.69,1.93,3.94,174.96,268.59,116.31,19.47,0.1087,0.09155,0.02861,180,3100,SKF 6312
2026-04-18 00:00:00,P-204,Pompe centrifuge HP,pompe_centrifuge,1.48,2.786,7.985,1566.7,2973,48.4,A,normal,3.65,3.6,1.65,3.57,176.89,269.06,117.93,19.67,0.13663,0.10358,0.05506,250,4200,SKF 6314
2026-04-18 00:00:00,C-118,Compresseur à vis,compresseur,2.997,5.087,14.934,2930.1,1480,64.0,B,normal,3.04,6.07,1.9,3.32,96.69,149.97,63.15,9.67,0.10804,0.08182,0.05743,500,6800,SKF 7314
2026-04-18 00:00:00,V-302,Ventilateur tirage,ventilateur,1.232,2.556,8.751,1716.9,991,43.3,A,normal,3.1,2.54,1.98,3.6,69.04,96.13,44.76,6.9,0.11937,0.08343,0.04957,75,1800,SKF 22216
2026-04-18 00:00:00,M-019,Moteur électrique 400kW,moteur_electrique,4.95,8.225,24.745,4855.0,1489,62.1,C,alerte,4.26,14.07,1.85,3.88,90.08,133.27,60.06,10.0,0.09689,0.07198,0.04116,400,5500,SKF 6320
2026-04-18 00:00:00,R-077,Réducteur convoyeur,reducteur,1.535,2.683,8.022,1573.9,716,43.1,A,normal,2.98,3.05,1.78,2.53,52.75,66.59,35.2,5.27,0.12516,0.11147,0.04748,55,950,SKF 2312
2026-04-18 00:00:00,P-311,Pompe centrifuge BP,pompe_centrifuge,7.245,13.535,41.491,8140.5,2957,60.2,D,danger,4.38,21.15,1.59,3.89,174.96,268.59,116.31,19.47,0.51397,0.10778,0.04498,180,3100,SKF 6312
2026-04-18 01:00:00,P-204,Pompe centrifuge HP,pompe_centrifuge,1.219,2.266,7.732,1517.0,2983,50.1,A,normal,3.07,2.49,1.67,3.33,177.49,269.96,118.33,19.74,0.15787,0.09118,0.04556,250,4200,SKF 6314
2026-04-18 01:00:00,C-118,Compresseur à vis,compresseur,3.074,5.292,15.951,3129.6,1482,61.1,B,normal,3.55,7.27,1.84,3.16,96.82,150.18,63.23,9.68,0.11824,0.08518,0.0527,500,6800,SKF 7314
2026-04-18 01:00:00,V-302,Ventilateur tirage,ventilateur,1.515,2.337,7.212,1415.0,972,44.8,A,normal,3.71,3.75,1.6,3.05,67.72,94.28,43.9,6.77,0.14633,0.07881,0.05385,75,1800,SKF 22216
2026-04-18 01:00:00,M-019,Moteur électrique 400kW,moteur_electrique,6.102,11.113,32.973,6469.3,1492,65.2,C,alerte,3.64,14.82,1.69,4.44,90.27,133.53,60.18,10.02,0.31227,0.03026,0.03055,400,5500,SKF 6320
2026-04-18 01:00:00,R-077,Réducteur convoyeur,reducteur,1.37,2.376,8.32,1632.4,719,42.9,A,normal,3.31,3.03,1.56,3.82,52.97,66.87,35.35,5.3,0.14654,0.0832,0.05088,55,950,SKF 2312
2026-04-18 01:00:00,P-311,Pompe centrifuge BP,pompe_centrifuge,8.618,14.874,45.182,8864.7,2968,63.4,D,danger,4.16,23.92,1.75,4.69,175.61,269.59,116.74,19.54,0.0679,0.11579,0.03683,180,3100,SKF 6312
2026-04-18 02:00:00,P-204,Pompe centrifuge HP,pompe_centrifuge,1.781,2.686,9.533,1870.4,2992,49.1,A,normal,3.37,4.01,2.32,2.78,178.02,270.78,118.68,19.8,0.11592,0.09335,0.04772,250,4200,SKF 6314
2026-04-18 02:00:00,C-118,Compresseur à vis,compresseur,3.487,6.702,20.138,3951.1,1492,63.0,B,normal,4.02,9.34,1.73,2.27,97.48,151.19,63.66,9.75,0.13146,0.08436,0.04085,500,6800,SKF 7314
2026-04-18 02:00:00,V-302,Ventilateur tirage,ventilateur,1.384,2.611,6.316,1239.2,979,44.9,A,normal,3.02,2.78,1.39,2.77,68.2,94.96,44.22,6.82,0.12738,0.08761,0.04692,75,1800,SKF 22216
2026-04-18 02:00:00,M-019,Moteur électrique 400kW,moteur_electrique,4.677,8.025,23.741,4658.0,1495,60.7,C,alerte,4.03,12.57,2.09,4.31,90.45,133.8,60.3,10.04,0.19019,0.12551,0.05717,400,5500,SKF 6320
2026-04-18 02:00:00,R-077,Réducteur convoyeur,reducteur,1.292,2.893,8.409,1649.8,716,43.8,A,normal,3.83,3.29,1.45,2.92,52.75,66.59,35.2,5.27,0.14262,0.07328,0.04606,55,950,SKF 2312
2026-04-18 02:00:00,P-311,Pompe centrifuge BP,pompe_centrifuge,8.697,15.789,46.596,9142.1,2960,65.1,D,danger,3.94,22.87,1.92,3.52,175.13,268.87,116.43,19.49,0.10166,0.08725,0.04262,180,3100,SKF 6312
2026-04-18 03:00:00,P-204,Pompe centrifuge HP,pompe_centrifuge,1.115,2.104,6.927,1359.1,2980,45.3,A,normal,3.5,2.6,1.86,3.27,177.31,269.69,118.21,19.72,0.12121,0.08608,0.05232,250,4200,SKF 6314
2026-04-18 03:00:00,C-118,Compresseur à vis,compresseur,3.419,6.356,17.999,3531.4,1483,64.1,B,normal,4.0,9.12,2.0,2.95,96.89,150.28,63.27,9.69,0.16199,0.07018,0.04262,500,6800,SKF 7314
2026-04-18 03:00:00,V-302,Ventilateur tirage,ventilateur,1.51,2.745,7.984,1566.5,986,43.5,A,normal,3.37,3.39,1.92,3.55,68.69,95.64,44.53,6.87,0.17426,0.08454,0.04799,75,1800,SKF 22216
2026-04-18 03:00:00,M-019,Moteur électrique 400kW,moteur_electrique,5.807,10.418,30.777,6038.4,1499,62.8,C,alerte,4.01,15.51,1.91,3.81,90.69,134.16,60.46,10.07,0.075,0.07247,0.04926,400,5500,SKF 6320
2026-04-18 03:00:00,R-077,Réducteur convoyeur,reducteur,1.629,2.32,7.202,1413.0,717,43.8,A,normal,3.84,4.17,1.57,2.07,52.82,66.68,35.25,5.28,0.10274,0.08512,0.04977,55,950,SKF 2312
2026-04-18 03:00:00,P-311,Pompe centrifuge BP,pompe_centrifuge,8.95,16.493,50.167,9842.8,2955,61.7,D,danger,3.6,21.5,1.2,5.74,174.84,268.41,116.23,19.45,0.5725,0.17891,0.10474,180,3100,SKF 6312
2026-04-18 04:00:00,P-204,Pompe centrifuge HP,pompe_centrifuge,1.56,2.615,5.625,1103.6,2984,51.7,A,normal,3.35,3.48,1.88,4.18,177.55,270.05,118.37,19.74,0.13622,0.08519,0.04121,250,4200,SKF 6314
2026-04-18 04:00:00,C-118,Compresseur à vis,compresseur,3.34,5.945,17.481,3429.8,1491,60.2,B,normal,4.21,9.38,2.43,2.88,97.41,151.09,63.62,9.74,0.16026,0.07349,0.04144,500,6800,SKF 7314
2026-04-18 04:00:00,V-302,Ventilateur tirage,ventilateur,1.319,2.673,8.004,1570.4,978,43.3,A,normal,3.36,2.95,2.08,3.18,68.13,94.87,44.17,6.81,0.10246,0.09193,0.04583,75,1800,SKF 22216
2026-04-18 04:00:00,M-019,Moteur électrique 400kW,moteur_electrique,5.884,10.638,32.346,6346.3,1485,65.2,C,alerte,2.99,11.71,2.17,3.09,89.84,132.91,59.89,9.97,0.08722,0.06701,0.05505,400,5500,SKF 6320
2026-04-18 04:00:00,R-077,Réducteur convoyeur,reducteur,1.203,1.983,6.617,1298.3,719,44.4,A,normal,3.29,2.64,1.92,3.75,52.97,66.87,35.35,5.3,0.1394,0.08296,0.05334,55,950,SKF 2312
2026-04-18 04:00:00,P-311,Pompe centrifuge BP,pompe_centrifuge,10.006,18.657,55.763,10940.7,2955,69.7,D,danger,4.02,26.82,1.94,3.84,174.84,268.41,116.23,19.45,0.11922,0.43396,0.0377,180,3100,SKF 6312
2026-04-18 05:00:00,P-204,Pompe centrifuge HP,pompe_centrifuge,1.441,2.953,9.557,1875.1,2980,48.3,A,normal,3.06,2.94,1.7,3.76,177.31,269.69,118.21,19.72,0.14707,0.08149,0.05119,250,4200,SKF 6314
2026-04-18 05:00:00,C-118,Compresseur à vis,compresseur,3.551,6.423,20.488,4019.7,1481,62.6,B,normal,3.33,7.87,1.36,3.9,96.76,150.07,63.19,9.68,0.13494,0.13629,0.04559,500,6800,SKF 7314
2026-04-18 05:00:00,V-302,Ventilateur tirage,ventilateur,1.462,2.675,8.029,1575.3,972,43.9,A,normal,3.22,3.13,1.71,3.22,67.72,94.28,43.9,6.77,0.12225,0.07985,0.04942,75,1800,SKF 22216
2026-04-18 05:00:00,M-019,Moteur électrique 400kW,moteur_electrique,5.994,10.729,32.735,6422.6,1499,66.0,C,alerte,4.18,16.7,1.39,3.27,90.69,134.16,60.46,10.07,0.2929,0.0718,0.05489,400,5500,SKF 6320
2026-04-18 05:00:00,R-077,Réducteur convoyeur,reducteur,1.382,2.525,6.572,1289.4,716,41.2,A,normal,2.78,2.56,1.82,1.89,52.75,66.59,35.2,5.27,0.12641,0.07341,0.04933,55,950,SKF 2312
2026-04-18 05:00:00,P-311,Pompe centrifuge BP,pompe_centrifuge,7.718,13.91,40.694,7984.2,2964,63.2,D,danger,4.04,20.77,1.74,3.16,175.37,269.23,116.58,19.51,0.1197,0.03289,0.04995,180,3100,SKF 6312
2026-04-18 06:00:00,P-204,Pompe centrifuge HP,pompe_centrifuge,1.578,3.009,8.265,1621.6,2987,48.0,A,normal,3.05,3.21,2.2,4.01,177.73,270.32,118.48,19.76,0.14749,0.08816,0.04195,250,4200,SKF 6314
2026-04-18 06:00:00,C-118,Compresseur à vis,compresseur,3.068,5.6,15.173,2976.9,1478,59.5,B,normal,3.65,7.46,1.44,2.83,96.56,149.77,63.06,9.66,0.10744,0.10617,0.05244,500,6800,SKF 7314
2026-04-18 06:00:00,V-302,Ventilateur tirage,ventilateur,2.017,3.744,12.699,2491.5,981,46.1,A,normal,2.77,3.73,1.87,4.17,68.34,95.16,44.31,6.83,0.14725,0.0923,0.04906,75,1800,SKF 22216
2026-04-18 06:00:00,M-019,Moteur électrique 400kW,moteur_electrique,5.243,9.342,28.116,5516.4,1491,62.6,C,alerte,4.32,15.1,1.23,2.97,90.21,133.44,60.14,10.01,0.08829,0.08699,0.04085,400,5500,SKF 6320
2026-04-18 06:00:00,R-077,Réducteur convoyeur,reducteur,1.382,2.956,9.056,1776.8,725,44.1,A,normal,2.88,2.65,1.59,2.84,53.41,67.42,35.65,5.34,0.14088,0.07892,0.05008,55,950,SKF 2312
2026-04-18 06:00:00,P-311,Pompe centrifuge BP,pompe_centrifuge,10.014,17.797,51.879,10178.7,2966,70.7,D,danger,3.99,26.65,1.65,4.53,175.49,269.41,116.66,19.53,0.07944,0.08909,0.02601,180,3100,SKF 6312
2026-04-18 07:00:00,P-204,Pompe centrifuge HP,pompe_centrifuge,1.604,3.134,9.283,1821.3,2988,49.9,A,normal,3.46,3.7,2.2,3.53,177.79,270.41,118.52,19.77,0.129,0.06985,0.05343,250,4200,SKF 6314
2026-04-18 07:00:00,C-118,Compresseur à vis,compresseur,3.759,6.827,20.355,3993.7,1484,61.7,B,normal,2.77,6.94,1.92,3.28,96.95,150.38,63.32,9.7,0.12087,0.05976,0.03851,500,6800,SKF 7314
2026-04-18 07:00:00,V-302,Ventilateur tirage,ventilateur,1.41,2.011,6.062,1189.4,975,40.4,A,normal,4.19,3.94,1.59,3.44,67.92,94.58,44.04,6.79,0.16004,0.0838,0.05594,75,1800,SKF 22216
2026-04-18 07:00:00,M-019,Moteur électrique 400kW,moteur_electrique,5.505,9.988,29.466,5781.2,1496,64.2,C,alerte,3.6,13.21,2.35,3.31,90.51,133.89,60.34,10.05,0.22425,0.17358,0.064,400,5500,SKF 6320
2026-04-18 07:00:00,R-077,Réducteur convoyeur,reducteur,1.935,3.184,9.16,1797.2,718,45.3,A,normal,2.64,3.41,2.04,3.43,52.89,66.77,35.3,5.29,0.16574,0.07234,0.04525,55,950,SKF 2312
2026-04-18 07:00:00,P-311,Pompe centrifuge BP,pompe_centrifuge,8.551,14.764,44.569,8744.4,2960,64.2,D,danger,4.3,24.49,1.8,3.53,175.13,268.87,116.43,19.49,0.53622,0.05246,0.03819,180,3100,SKF 6312
2026-04-18 08:00:00,P-204,Pompe centrifuge HP,pompe_centrifuge,1.443,2.681,8.041,1577.6,2981,48.0,A,normal,2.72,2.62,1.82,3.97,177.37,269.78,118.25,19.72,0.09694,0.06932,0.04623,250,4200,SKF 6314
2026-04-18 08:00:00,C-118,Compresseur à vis,compresseur,3.044,5.143,17.05,3345.2,1483,60.4,B,normal,3.42,6.93,1.4,3.89,96.89,150.28,63.27,9.69,0.12057,0.05604,0.04414,500,6800,SKF 7314
2026-04-18 08:00:00,V-302,Ventilateur tirage,ventilateur,1.57,2.762,7.768,1524.1,988,43.4,A,normal,3.74,3.91,2.03,2.71,68.83,95.84,44.62,6.88,0.11776,0.07234,0.04607,75,1800,SKF 22216
2026-04-18 08:00:00,M-019,Moteur électrique 400kW,moteur_electrique,4.924,8.639,26.438,5187.1,1493,61.2,C,alerte,3.96,13.0,2.09,3.85,90.33,133.62,60.22,10.03,0.08756,0.08524,0.05832,400,5500,SKF 6320
2026-04-18 08:00:00,R-077,Réducteur convoyeur,reducteur,1.17,2.234,6.531,1281.4,715,44.9,A,normal,3.52,2.75,1.85,2.21,52.67,66.5,35.15,5.27,0.12689,0.09795,0.05404,55,950,SKF 2312
2026-04-18 08:00:00,P-311,Pompe centrifuge BP,pompe_centrifuge,7.921,14.237,41.738,8189.0,2957,62.3,D,danger,4.34,22.92,1.73,4.86,174.96,268.59,116.31,19.47,0.07468,0.06359,0.0563,180,3100,SKF 6312
2026-04-18 09:00:00,P-204,Pompe centrifuge HP,pompe_centrifuge,1.454,2.236,7.444,1460.5,2983,46.9,A,normal,3.23,3.14,2.01,3.77,177.49,269.96,118.33,19.74,0.12012,0.08049,0.05568,250,4200,SKF 6314
2026-04-18 09:00:00,C-118,Compresseur à vis,compresseur,3.536,6.62,19.678,3860.8,1496,61.0,B,normal,3.56,8.4,1.9,4.34,97.74,151.59,63.83,9.77,0.06967,0.05349,0.03762,500,6800,SKF 7314
2026-04-18 09:00:00,V-302,Ventilateur tirage,ventilateur,1.667,3.11,10.004,1962.8,987,44.6,A,normal,4.01,4.46,1.92,2.64,68.76,95.74,44.58,6.88,0.12565,0.10546,0.04621,75,1800,SKF 22216
2026-04-18 09:00:00,M-019,Moteur électrique 400kW,moteur_electrique,5.056,9.253,27.171,5331.0,1495,61.8,C,alerte,3.63,12.22,2.06,3.73,90.45,133.8,60.3,10.04,0.19857,0.1643,0.03956,400,5500,SKF 6320
2026-04-18 09:00:00,R-077,Réducteur convoyeur,reducteur,1.563,3.051,7.034,1380.1,714,42.2,A,normal,3.22,3.35,1.68,3.53,52.6,66.4,35.11,5.26,0.15287,0.08285,0.04992,55,950,SKF 2312
2026-04-18 09:00:00,P-311,Pompe centrifuge BP,pompe_centrifuge,8.887,15.929,47.671,9353.1,2961,66.5,D,danger,4.43,26.23,1.8,3.75,175.19,268.96,116.47,19.49,0.0688,0.09787,0.0394,180,3100,SKF 6312
2026-04-18 10:00:00,P-204,Pompe centrifuge HP,pompe_centrifuge,1.973,3.659,10.125,1986.5,2985,48.9,A,normal,3.35,4.4,2.37,3.2,177.61,270.14,118.41,19.75,0.12567,0.06317,0.0477,250,4200,SKF 6314
2026-04-18 10:00:00,C-118,Compresseur à vis,compresseur,3.4,6.607,20.373,3997.2,1485,60.8,B,normal,3.33,7.54,2.09,3.12,97.02,150.48,63.36,9.7,0.23648,0.08874,0.04712,500,6800,SKF 7314
2026-04-18 10:00:00,V-302,Ventilateur tirage,ventilateur,1.62,2.794,7.496,1470.7,972,43.6,A,normal,3.59,3.88,1.98,3.68,67.72,94.28,43.9,6.77,0.12631,0.07132,0.05399,75,1800,SKF 22216
2026-04-18 10:00:00,M-019,Moteur électrique 400kW,moteur_electrique,6.76,12.183,36.463,7154.0,1493,65.1,C,alerte,4.61,20.78,1.59,4.77,90.33,133.62,60.22,10.03,0.11022,0.13646,0.04381,400,5500,SKF 6320
2026-04-18 10:00:00,R-077,Réducteur convoyeur,reducteur,1.485,2.288,5.933,1164.1,729,42.6,A,normal,3.5,3.46,1.8,2.77,53.7,67.8,35.84,5.37,0.14594,0.08083,0.0479,55,950,SKF 2312
2026-04-18 10:00:00,P-311,Pompe centrifuge BP,pompe_centrifuge,9.051,16.435,49.483,9708.6,2962,67.7,D,danger,4.44,26.77,1.75,3.03,175.25,269.05,116.51,19.5,0.4534,0.05484,0.04214,180,3100,SKF 6312
2026-04-18 11:00:00,P-204,Pompe centrifuge HP,pompe_centrifuge,1.386,2.449,7.132,1399.3,2982,48.9,A,normal,2.58,2.38,1.55,3.73,177.43,269.87,118.29,19.73,0.14918,0.08062,0.0485,250,4200,SKF 6314
2026-04-18 11:00:00,C-118,Compresseur à vis,compresseur,3.88,6.085,18.493,3628.3,1484,64.9,B,normal,3.18,8.21,1.61,4.28,96.95,150.38,63.32,9.7,0.10044,0.06426,0.0417,500,6800,SKF 7314
2026-04-18 11:00:00,V-302,Ventilateur tirage,ventilateur,1.409,2.501,8.557,1678.9,988,47.0,A,normal,3.54,3.32,1.96,2.8,68.83,95.84,44.62,6.88,0.1768,0.09721,0.05141,75,1800,SKF 22216
2026-04-18 11:00:00,M-019,Moteur électrique 400kW,moteur_electrique,4.316,7.908,23.304,4572.2,1489,60.4,B,normal,3.32,9.55,1.91,2.54,90.08,133.27,60.06,10.0,0.09522,0.0978,0.04997,400,5500,SKF 6320
2026-04-18 11:00:00,R-077,Réducteur convoyeur,reducteur,1.296,1.87,4.888,959.0,721,41.6,A,normal,2.51,2.16,2.08,4.44,53.11,67.05,35.45,5.31,0.14612,0.09602,0.04667,55,950,SKF 2312
2026-04-18 11:00:00,P-311,Pompe centrifuge BP,pompe_centrifuge,11.099,20.149,60.956,11959.6,2960,70.4,D,danger,4.48,33.16,2.0,3.76,175.13,268.87,116.43,19.49,0.15124,0.03927,0.0346,180,3100,SKF 6312
2026-04-18 12:00:00,P-204,Pompe centrifuge HP,pompe_centrifuge,1.437,2.63,8.178,1604.5,2973,48.0,A,normal,3.41,3.27,2.05,3.68,176.89,269.06,117.93,19.67,0.13339,0.07974,0.04966,250,4200,SKF 6314
2026-04-18 12:00:00,C-118,Compresseur à vis,compresseur,4.072,7.083,21.945,4305.6,1485,65.2,B,normal,3.59,9.74,1.67,3.51,97.02,150.48,63.36,9.7,0.13148,0.12778,0.04836,500,6800,SKF 7314
2026-04-18 12:00:00,V-302,Ventilateur tirage,ventilateur,1.281,2.553,5.982,1173.7,980,43.6,A,normal,3.38,2.89,1.7,3.13,68.27,95.06,44.26,6.83,0.14438,0.07839,0.04926,75,1800,SKF 22216
2026-04-18 12:00:00,M-019,Moteur électrique 400kW,moteur_electrique,6.116,10.738,32.501,6376.7,1489,64.7,C,alerte,3.49,14.25,2.01,3.45,90.08,133.27,60.06,10.0,0.09512,0.09293,0.05266,400,5500,SKF 6320
2026-04-18 12:00:00,R-077,Réducteur convoyeur,reducteur,1.467,2.892,9.84,1930.6,727,40.7,A,normal,2.83,2.76,1.66,2.68,53.56,67.61,35.74,5.36,0.13613,0.07707,0.05141,55,950,SKF 2312
2026-04-18 12:00:00,P-311,Pompe centrifuge BP,pompe_centrifuge,9.726,17.363,52.369,10274.8,2964,70.4,D,danger,4.47,28.96,1.77,5.41,175.37,269.23,116.58,19.51,0.05607,0.08039,0.04015,180,3100,SKF 6312
2026-04-18 13:00:00,P-204,Pompe centrifuge HP,pompe_centrifuge,1.859,3.499,10.744,2108.0,2980,49.0,A,normal,3.87,4.8,2.16,2.42,177.31,269.69,118.21,19.72,0.12693,0.09074,0.05078,250,4200,SKF 6314
2026-04-18 13:00:00,C-118,Compresseur à vis,compresseur,3.401,6.506,19.249,3776.7,1487,58.9,B,normal,3.52,7.98,1.79,4.0,97.15,150.68,63.45,9.72,0.11857,0.06204,0.0492,500,6800,SKF 7314
2026-04-18 13:00:00,V-302,Ventilateur tirage,ventilateur,2.261,3.941,12.649,2481.7,975,48.1,A,normal,3.47,5.23,1.86,2.93,67.92,94.58,44.04,6.79,0.13513,0.07606,0.04514,75,1800,SKF 22216
2026-04-18 13:00:00,M-019,Moteur électrique 400kW,moteur_electrique,6.36,11.734,34.145,6699.2,1491,65.7,C,alerte,3.6,15.28,2.27,3.62,90.21,133.44,60.14,10.01,0.13374,0.04018,0.04726,400,5500,SKF 6320
2026-04-18 13:00:00,R-077,Réducteur convoyeur,reducteur,1.38,2.257,6.497,1274.7,720,42.7,A,normal,3.58,3.29,2.01,3.71,53.04,66.96,35.4,5.3,0.13819,0.10085,0.05018,55,950,SKF 2312
2026-04-18 13:00:00,P-311,Pompe centrifuge BP,pompe_centrifuge,8.865,15.608,48.41,9498.0,2958,64.5,D,danger,4.42,26.14,1.87,2.87,175.01,268.69,116.35,19.47,0.19955,0.11376,0.06243,180,3100,SKF 6312
2026-04-18 14:00:00,P-204,Pompe centrifuge HP,pompe_centrifuge,1.106,2.067,6.891,1352.0,2985,49.8,A,normal,2.67,1.97,1.84,4.12,177.61,270.14,118.41,19.75,0.13696,0.07825,0.05157,250,4200,SKF 6314
2026-04-18 14:00:00,C-118,Compresseur à vis,compresseur,3.193,5.613,16.304,3198.8,1483,60.0,B,normal,3.1,6.61,1.49,3.42,96.89,150.28,63.27,9.69,0.13688,0.06567,0.05567,500,6800,SKF 7314
2026-04-18 14:00:00,V-302,Ventilateur tirage,ventilateur,1.068,1.942,5.999,1177.0,985,42.5,A,normal,3.67,2.61,1.76,3.34,68.62,95.55,44.49,6.86,0.11653,0.08268,0.04616,75,1800,SKF 22216
2026-04-18 14:00:00,M-019,Moteur électrique 400kW,moteur_electrique,6.043,10.799,31.132,6108.1,1487,66.3,C,alerte,3.82,15.37,2.35,2.91,89.96,133.09,59.98,9.99,0.28215,0.05639,0.04655,400,5500,SKF 6320
2026-04-18 14:00:00,R-077,Réducteur convoyeur,reducteur,1.171,2.189,6.487,1272.7,723,42.0,A,normal,3.32,2.59,1.94,2.7,53.26,67.24,35.55,5.33,0.15192,0.0868,0.05324,55,950,SKF 2312
2026-04-18 14:00:00,P-311,Pompe centrifuge BP,pompe_centrifuge,9.132,16.115,47.867,9391.5,2965,68.9,D,danger,4.55,27.68,0.92,4.43,175.43,269.32,116.62,19.52,0.07962,0.15064,0.05061,180,3100,SKF 6312
2026-04-18 15:00:00,P-204,Pompe centrifuge HP,pompe_centrifuge,1.729,3.112,8.612,1689.7,2978,48.7,A,normal,3.07,3.54,2.02,3.04,177.19,269.51,118.13,19.7,0.12326,0.08669,0.06055,250,4200,SKF 6314
2026-04-18 15:00:00,C-118,Compresseur à vis,compresseur,3.067,5.078,14.435,2832.1,1487,60.0,B,normal,3.52,7.19,1.86,3.23,97.15,150.68,63.45,9.72,0.12174,0.10338,0.04196,500,6800,SKF 7314
2026-04-18 15:00:00,V-302,Ventilateur tirage,ventilateur,2.352,4.36,13.08,2566.3,978,46.1,B,normal,3.02,4.74,1.93,3.26,68.13,94.87,44.17,6.81,0.10996,0.08469,0.04563,75,1800,SKF 22216
2026-04-18 15:00:00,M-019,Moteur électrique 400kW,moteur_electrique,6.738,12.549,39.111,7673.6,1490,67.5,C,alerte,4.61,20.7,1.28,3.81,90.14,133.35,60.1,10.01,0.13305,0.02833,0.06373,400,5500,SKF 6320
2026-04-18 15:00:00,R-077,Réducteur convoyeur,reducteur,1.105,2.136,6.744,1323.2,727,43.8,A,normal,2.23,1.64,1.57,3.27,53.56,67.61,35.74,5.36,0.12001,0.08783,0.05772,55,950,SKF 2312
2026-04-18 15:00:00,P-311,Pompe centrifuge BP,pompe_centrifuge,6.692,12.373,36.976,7254.7,2952,59.8,C,alerte,4.21,18.8,1.48,3.81,174.66,268.14,116.11,19.43,0.17026,0.07709,0.03509,180,3100,SKF 6312
2026-04-18 16:00:00,P-204,Pompe centrifuge HP,pompe_centrifuge,2.114,3.785,11.243,2205.9,2980,53.0,A,normal,3.17,4.47,2.13,3.87,177.31,269.69,118.21,19.72,0.15432,0.08122,0.04331,250,4200,SKF 6314
2026-04-18 16:00:00,C-118,Compresseur à vis,compresseur,4.181,7.322,21.733,4264.0,1486,62.9,B,normal,3.65,10.18,1.58,3.81,97.09,150.58,63.4,9.71,0.2325,0.10531,0.05534,500,6800,SKF 7314
2026-04-18 16:00:00,V-302,Ventilateur tirage,ventilateur,2.1,3.928,11.556,2267.3,981,46.3,A,normal,3.76,5.27,2.38,3.71,68.34,95.16,44.31,6.83,0.1186,0.08784,0.04957,75,1800,SKF 22216
2026-04-18 16:00:00,M-019,Moteur électrique 400kW,moteur_electrique,5.131,9.368,28.21,5534.8,1483,64.6,C,alerte,4.02,13.74,1.54,3.63,89.72,132.73,59.81,9.96,0.14,0.09934,0.03243,400,5500,SKF 6320
2026-04-18 16:00:00,R-077,Réducteur convoyeur,reducteur,1.063,1.788,5.453,1069.9,721,42.2,A,normal,3.23,2.29,1.82,2.7,53.11,67.05,35.45,5.31,0.11483,0.07835,0.05042,55,950,SKF 2312
2026-04-18 16:00:00,P-311,Pompe centrifuge BP,pompe_centrifuge,8.4,15.218,44.547,8740.1,2968,65.8,D,danger,4.63,25.92,1.82,3.38,175.61,269.59,116.74,19.54,0.07878,0.0569,0.07501,180,3100,SKF 6312
2026-04-18 17:00:00,P-204,Pompe centrifuge HP,pompe_centrifuge,1.613,3.24,9.706,1904.3,2972,48.8,A,normal,3.07,3.31,2.18,3.82,176.83,268.97,117.89,19.66,0.16202,0.07671,0.05529,250,4200,SKF 6314
2026-04-18 17:00:00,C-118,Compresseur à vis,compresseur,3.999,6.905,22.583,4430.8,1494,63.3,B,normal,4.02,10.72,2.56,3.29,97.61,151.39,63.74,9.76,0.15864,0.11383,0.07881,500,6800,SKF 7314
2026-04-18 17:00:00,V-302,Ventilateur tirage,ventilateur,1.496,2.694,8.583,1684.0,983,44.2,A,normal,3.64,3.63,1.91,2.88,68.48,95.35,44.4,6.85,0.12657,0.07097,0.05344,75,1800,SKF 22216
2026-04-18 17:00:00,M-019,Moteur électrique 400kW,moteur_electrique,5.091,9.247,27.183,5333.3,1483,62.9,C,alerte,3.44,11.68,1.31,2.5,89.72,132.73,59.81,9.96,0.24861,0.09883,0.08357,400,5500,SKF 6320
2026-04-18 17:00:00,R-077,Réducteur convoyeur,reducteur,1.374,2.624,7.809,1532.1,725,43.8,A,normal,3.46,3.17,2.2,2.41,53.41,67.42,35.65,5.34,0.14662,0.07069,0.05247,55,950,SKF 2312
2026-04-18 17:00:00,P-311,Pompe centrifuge BP,pompe_centrifuge,11.058,20.052,60.363,11843.2,2962,69.9,D,danger,4.22,31.09,2.17,5.28,175.25,269.05,116.51,19.5,0.11559,0.0354,0.04556,180,3100,SKF 6312
2026-04-18 18:00:00,P-204,Pompe centrifuge HP,pompe_centrifuge,1.677,3.046,8.993,1764.4,2978,47.1,A,normal,3.87,4.33,1.39,2.99,177.19,269.51,118.13,19.7,0.11477,0.08411,0.04916,250,4200,SKF 6314
2026-04-18 18:00:00,C-118,Compresseur à vis,compresseur,3.933,6.827,20.419,4006.2,1486,62.5,B,normal,3.1,8.13,1.47,4.44,97.09,150.58,63.4,9.71,0.12967,0.08056,0.05072,500,6800,SKF 7314
2026-04-18 18:00:00,V-302,Ventilateur tirage,ventilateur,1.869,3.306,9.709,1904.9,975,40.8,A,normal,2.93,3.66,2.4,2.98,67.92,94.58,44.04,6.79,0.13929,0.10622,0.04941,75,1800,SKF 22216
2026-04-18 18:00:00,M-019,Moteur électrique 400kW,moteur_electrique,5.67,10.225,31.609,6201.7,1485,64.9,C,alerte,3.87,14.63,2.07,3.26,89.84,132.91,59.89,9.97,0.05629,0.08505,0.04638,400,5500,SKF 6320
2026-04-18 18:00:00,R-077,Réducteur convoyeur,reducteur,1.459,2.467,8.676,1702.2,716,45.2,A,normal,3.38,3.28,1.93,3.44,52.75,66.59,35.2,5.27,0.14182,0.08576,0.05293,55,950,SKF 2312
2026-04-18 18:00:00,P-311,Pompe centrifuge BP,pompe_centrifuge,9.129,16.553,50.788,9964.6,2958,66.4,D,danger,4.59,27.91,1.6,4.25,175.01,268.69,116.35,19.47,0.12254,0.15951,0.13843,180,3100,SKF 6312
2026-04-18 19:00:00,P-204,Pompe centrifuge HP,pompe_centrifuge,2.09,3.893,11.631,2282.0,2982,49.4,A,normal,2.67,3.72,1.75,3.82,177.43,269.87,118.29,19.73,0.09389,0.07731,0.0541,250,4200,SKF 6314
2026-04-18 19:00:00,C-118,Compresseur à vis,compresseur,3.537,6.808,19.035,3734.7,1484,59.2,B,normal,3.48,8.22,1.58,2.73,96.95,150.38,63.32,9.7,0.12926,0.07872,0.04174,500,6800,SKF 7314
2026-04-18 19:00:00,V-302,Ventilateur tirage,ventilateur,1.952,3.57,10.579,2075.6,980,44.9,A,normal,3.28,4.27,2.26,3.48,68.27,95.06,44.26,6.83,0.16739,0.08604,0.0382,75,1800,SKF 22216
2026-04-18 19:00:00,M-019,Moteur électrique 400kW,moteur_electrique,6.388,11.766,34.017,6674.1,1487,66.1,C,alerte,4.12,17.53,2.25,4.19,89.96,133.09,59.98,9.99,0.16592,0.0882,0.04499,400,5500,SKF 6320
2026-04-18 19:00:00,R-077,Réducteur convoyeur,reducteur,1.483,2.747,8.613,1689.9,727,45.4,A,normal,2.18,2.15,2.21,3.7,53.56,67.61,35.74,5.36,0.13842,0.06946,0.05034,55,950,SKF 2312
2026-04-18 19:00:00,P-311,Pompe centrifuge BP,pompe_centrifuge,10.734,19.019,55.937,10974.8,2960,72.4,D,danger,4.02,28.75,2.0,5.15,175.13,268.87,116.43,19.49,0.08912,0.0495,0.02462,180,3100,SKF 6312
2026-04-18 20:00:00,P-204,Pompe centrifuge HP,pompe_centrifuge,1.6,2.589,8.211,1611.0,2983,49.6,A,normal,3.27,3.49,2.16,3.07,177.49,269.96,118.33,19.74,0.12644,0.07695,0.0556,250,4200,SKF 6314
2026-04-18 20:00:00,C-118,Compresseur à vis,compresseur,3.196,6.072,19.298,3786.3,1489,59.4,B,normal,3.47,7.4,1.08,3.47,97.28,150.89,63.53,9.73,0.12217,0.08633,0.04167,500,6800,SKF 7314
2026-04-18 20:00:00,V-302,Ventilateur tirage,ventilateur,1.673,2.698,9.114,1788.2,976,41.3,A,normal,3.6,4.02,2.04,2.37,67.99,94.67,44.08,6.8,0.15021,0.07805,0.05347,75,1800,SKF 22216
2026-04-18 20:00:00,M-019,Moteur électrique 400kW,moteur_electrique,5.251,8.903,27.332,5362.5,1478,63.4,C,alerte,3.64,12.74,1.8,2.25,89.42,132.28,59.61,9.93,0.15139,0.0435,0.09065,400,5500,SKF 6320
2026-04-18 20:00:00,R-077,Réducteur convoyeur,reducteur,2.267,4.214,12.562,2464.7,725,45.2,A,normal,3.97,6.0,2.16,4.29,53.41,67.42,35.65,5.34,0.14931,0.06394,0.05298,55,950,SKF 2312
2026-04-18 20:00:00,P-311,Pompe centrifuge BP,pompe_centrifuge,7.833,13.816,41.249,8093.1,2961,64.6,D,danger,3.89,20.31,1.54,3.47,175.19,268.96,116.47,19.49,0.08431,0.02286,0.06031,180,3100,SKF 6312
2026-04-18 21:00:00,P-204,Pompe centrifuge HP,pompe_centrifuge,2.094,4.329,13.143,2578.7,2974,52.1,A,normal,3.92,5.47,2.05,2.91,176.95,269.15,117.97,19.68,0.1349,0.07535,0.04751,250,4200,SKF 6314
2026-04-18 21:00:00,C-118,Compresseur à vis,compresseur,3.406,5.847,17.935,3518.8,1478,59.7,B,normal,3.68,8.35,2.08,3.91,96.56,149.77,63.06,9.66,0.12362,0.09112,0.04856,500,6800,SKF 7314
2026-04-18 21:00:00,V-302,Ventilateur tirage,ventilateur,1.69,3.241,8.871,1740.5,983,42.2,A,normal,3.67,4.14,1.84,3.82,68.48,95.35,44.4,6.85,0.12125,0.0689,0.04804,75,1800,SKF 22216
2026-04-18 21:00:00,M-019,Moteur électrique 400kW,moteur_electrique,6.076,11.424,33.968,6664.5,1495,66.4,C,alerte,4.24,17.17,1.54,4.44,90.45,133.8,60.3,10.04,0.07569,0.06949,0.0408,400,5500,SKF 6320
2026-04-18 21:00:00,R-077,Réducteur convoyeur,reducteur,1.77,2.958,7.165,1405.8,717,41.5,A,normal,4.05,4.78,1.48,3.6,52.82,66.68,35.25,5.28,0.13637,0.068,0.04894,55,950,SKF 2312
2026-04-18 21:00:00,P-311,Pompe centrifuge BP,pompe_centrifuge,9.423,16.839,50.429,9894.2,2954,67.4,D,danger,4.46,28.02,1.78,3.19,174.78,268.32,116.19,19.45,0.15178,0.02846,0.07723,180,3100,SKF 6312
2026-04-18 22:00:00,P-204,Pompe centrifuge HP,pompe_centrifuge,1.965,3.56,9.897,1941.8,2979,52.7,A,normal,3.66,4.79,1.91,2.81,177.25,269.6,118.17,19.71,0.16994,0.07178,0.05153,250,4200,SKF 6314
2026-04-18 22:00:00,C-118,Compresseur à vis,compresseur,3.089,5.302,15.555,3051.9,1486,61.1,B,normal,3.69,7.6,1.88,3.16,97.09,150.58,63.4,9.71,0.10225,0.06679,0.05202,500,6800,SKF 7314
2026-04-18 22:00:00,V-302,Ventilateur tirage,ventilateur,1.807,2.912,9.23,1810.9,987,44.2,A,normal,3.09,3.72,1.58,4.29,68.76,95.74,44.58,6.88,0.14221,0.07119,0.0521,75,1800,SKF 22216
2026-04-18 22:00:00,M-019,Moteur électrique 400kW,moteur_electrique,5.342,9.856,28.932,5676.5,1490,66.2,C,alerte,2.82,10.05,2.1,3.61,90.14,133.35,60.1,10.01,0.25607,0.08025,0.03507,400,5500,SKF 6320
2026-04-18 22:00:00,R-077,Réducteur convoyeur,reducteur,1.452,2.763,7.796,1529.6,713,46.5,A,normal,3.49,3.38,1.3,3.13,52.52,66.31,35.06,5.25,0.12067,0.07678,0.04639,55,950,SKF 2312
2026-04-18 22:00:00,P-311,Pompe centrifuge BP,pompe_centrifuge,8.443,15.342,46.17,9058.6,2962,63.3,D,danger,4.54,25.57,1.47,3.22,175.25,269.05,116.51,19.5,0.61825,0.06737,0.04216,180,3100,SKF 6312
2026-04-18 23:00:00,P-204,Pompe centrifuge HP,pompe_centrifuge,1.815,2.939,8.104,1590.0,2980,51.3,A,normal,2.83,3.42,2.05,3.54,177.31,269.69,118.21,19.72,0.11221,0.0656,0.04731,250,4200,SKF 6314
2026-04-18 23:00:00,C-118,Compresseur à vis,compresseur,3.268,6.224,18.846,3697.6,1482,63.6,B,normal,2.8,6.1,1.79,3.89,96.82,150.18,63.23,9.68,0.10721,0.07196,0.05597,500,6800,SKF 7314
2026-04-18 23:00:00,V-302,Ventilateur tirage,ventilateur,1.807,2.867,9.378,1840.0,976,44.7,A,normal,3.32,4.0,2.2,2.89,67.99,94.67,44.08,6.8,0.13075,0.08559,0.0382,75,1800,SKF 22216
2026-04-18 23:00:00,M-019,Moteur électrique 400kW,moteur_electrique,6.066,10.653,32.09,6296.1,1490,65.7,C,alerte,4.06,16.41,1.94,3.3,90.14,133.35,60.1,10.01,0.10978,0.05515,0.0584,400,5500,SKF 6320
2026-04-18 23:00:00,R-077,Réducteur convoyeur,reducteur,1.661,3.051,9.194,1803.9,720,45.6,A,normal,3.54,3.92,1.34,3.03,53.04,66.96,35.4,5.3,0.10133,0.09497,0.05325,55,950,SKF 2312
2026-04-18 23:00:00,P-311,Pompe centrifuge BP,pompe_centrifuge,8.35,15.421,46.089,9042.7,2956,64.6,D,danger,4.2,23.39,1.74,3.81,174.9,268.5,116.27,19.46,0.06453,0.06704,0.02506,180,3100,SKF 6312
2026-04-19 00:00:00,P-204,Pompe centrifuge HP,pompe_centrifuge,2.267,4.113,13.268,2603.2,2985,50.2,A,normal,3.68,5.56,1.29,3.48,177.61,270.14,118.41,19.75,0.13455,0.09421,0.05594,250,4200,SKF 6314
2026-04-19 00:00:00,C-118,Compresseur à vis,compresseur,3.812,7.217,19.711,3867.3,1495,59.8,B,normal,3.67,9.32,1.29,2.37,97.67,151.49,63.79,9.77,0.12874,0.06811,0.06226,500,6800,SKF 7314
2026-04-19 00:00:00,V-302,Ventilateur tirage,ventilateur,2.107,4.103,11.786,2312.4,977,46.5,A,normal,3.37,4.74,1.83,2.28,68.06,94.77,44.13,6.81,0.13831,0.0727,0.04707,75,1800,SKF 22216
2026-04-19 00:00:00,M-019,Moteur électrique 400kW,moteur_electrique,5.496,10.009,30.158,5917.0,1483,62.6,C,alerte,3.36,12.31,2.29,3.04,89.72,132.73,59.81,9.96,0.18766,0.103,0.06784,400,5500,SKF 6320
2026-04-19 00:00:00,R-077,Réducteur convoyeur,reducteur,1.756,3.086,9.026,1770.9,724,42.2,A,normal,3.5,4.1,2.05,3.66,53.33,67.33,35.6,5.33,0.13199,0.09232,0.04855,55,950,SKF 2312
2026-04-19 00:00:00,P-311,Pompe centrifuge BP,pompe_centrifuge,10.703,19.014,55.803,10948.5,2962,69.2,D,danger,4.46,31.85,1.51,4.95,175.25,269.05,116.51,19.5,0.11883,0.04457,0.06845,180,3100,SKF 6312
2026-04-19 01:00:00,P-204,Pompe centrifuge HP,pompe_centrifuge,2.263,3.923,11.784,2312.0,2980,54.1,A,normal,2.93,4.42,1.83,3.04,177.31,269.69,118.21,19.72,0.1516,0.09323,0.04719,250,4200,SKF 6314
2026-04-19 01:00:00,C-118,Compresseur à vis,compresseur,3.534,6.075,18.692,3667.4,1487,61.9,B,normal,4.34,10.23,1.61,3.09,97.15,150.68,63.45,9.72,0.10972,0.05005,0.04674,500,6800,SKF 7314
2026-04-19 01:00:00,V-302,Ventilateur tirage,ventilateur,1.948,3.295,10.267,2014.4,977,44.8,A,normal,3.24,4.21,1.74,3.64,68.06,94.77,44.13,6.81,0.10008,0.08763,0.05196,75,1800,SKF 22216
2026-04-19 01:00:00,M-019,Moteur électrique 400kW,moteur_electrique,5.428,10.392,32.463,6369.2,1495,64.0,C,alerte,3.94,14.26,1.62,3.6,90.45,133.8,60.3,10.04,0.08204,0.05858,0.06451,400,5500,SKF 6320
2026-04-19 01:00:00,R-077,Réducteur convoyeur,reducteur,1.46,3.176,11.113,2180.4,715,45.7,A,normal,3.49,3.39,1.75,3.48,52.67,66.5,35.15,5.27,0.12728,0.08252,0.04538,55,950,SKF 2312
2026-04-19 01:00:00,P-311,Pompe centrifuge BP,pompe_centrifuge,12.018,21.596,63.879,12533.1,2957,73.1,D,danger,4.47,35.83,2.11,4.28,174.96,268.59,116.31,19.47,0.20322,0.14631,0.04545,180,3100,SKF 6312
2026-04-19 02:00:00,P-204,Pompe centrifuge HP,pompe_centrifuge,2.081,3.901,12.238,2401.1,2981,49.9,A,normal,3.61,5.01,1.87,3.16,177.37,269.78,118.25,19.72,0.10615,0.07226,0.0422,250,4200,SKF 6314
2026-04-19 02:00:00,C-118,Compresseur à vis,compresseur,3.067,5.204,14.144,2775.1,1482,64.2,B,normal,3.58,7.32,1.64,2.88,96.82,150.18,63.23,9.68,0.12284,0.12837,0.04823,500,6800,SKF 7314
2026-04-19 02:00:00,V-302,Ventilateur tirage,ventilateur,1.778,3.262,9.919,1946.1,981,45.6,A,normal,3.18,3.77,2.15,2.93,68.34,95.16,44.31,6.83,0.13452,0.09539,0.05087,75,1800,SKF 22216
2026-04-19 02:00:00,M-019,Moteur électrique 400kW,moteur_electrique,5.993,10.745,31.984,6275.3,1488,67.0,C,alerte,4.24,16.94,1.67,4.91,90.02,133.18,60.02,9.99,0.20878,0.12631,0.05365,400,5500,SKF 6320
2026-04-19 02:00:00,R-077,Réducteur convoyeur,reducteur,1.55,2.777,7.57,1485.2,718,42.3,A,normal,3.59,3.71,1.77,3.87,52.89,66.77,35.3,5.29,0.1216,0.06988,0.04018,55,950,SKF 2312
2026-04-19 02:00:00,P-311,Pompe centrifuge BP,pompe_centrifuge,9.219,16.582,50.382,9884.9,2962,68.0,D,danger,3.55,21.8,2.23,3.85,175.25,269.05,116.51,19.5,0.23524,0.05474,0.05498,180,3100,SKF 6312
2026-04-19 03:00:00,P-204,Pompe centrifuge HP,pompe_centrifuge,1.82,3.156,9.208,1806.6,2986,50.9,A,normal,3.71,4.5,2.17,3.47,177.67,270.23,118.44,19.76,0.16338,0.08757,0.0538,250,4200,SKF 6314
2026-04-19 03:00:00,C-118,Compresseur à vis,compresseur,4.52,8.754,27.929,5479.7,1482,63.4,C,alerte,3.53,10.64,1.83,3.46,96.82,150.18,63.23,9.68,0.09563,0.05471,0.08471,500,6800,SKF 7314
2026-04-19 03:00:00,V-302,Ventilateur tirage,ventilateur,1.927,3.047,8.736,1714.0,982,44.7,A,normal,3.51,4.51,1.7,3.54,68.41,95.25,44.35,6.84,0.1603,0.07102,0.05607,75,1800,SKF 22216
2026-04-19 03:00:00,M-019,Moteur électrique 400kW,moteur_electrique,6.126,11.156,32.845,6444.2,1489,65.4,C,alerte,3.76,15.34,1.59,3.43,90.08,133.27,60.06,10.0,0.12986,0.06993,0.07536,400,5500,SKF 6320
2026-04-19 03:00:00,R-077,Réducteur convoyeur,reducteur,1.795,3.314,10.816,2122.1,714,43.7,A,normal,3.61,4.31,1.31,2.62,52.6,66.4,35.11,5.26,0.12548,0.08488,0.059,55,950,SKF 2312
2026-04-19 03:00:00,P-311,Pompe centrifuge BP,pompe_centrifuge,11.268,20.484,61.883,12141.4,2954,68.3,D,danger,4.5,33.82,1.56,4.33,174.78,268.32,116.19,19.45,0.06202,0.04225,0.03043,180,3100,SKF 6312
2026-04-19 04:00:00,P-204,Pompe centrifuge HP,pompe_centrifuge,1.585,3.171,9.248,1814.5,2987,48.3,A,normal,3.59,3.79,1.55,2.5,177.73,270.32,118.48,19.76,0.14301,0.07761,0.05284,250,4200,SKF 6314
2026-04-19 04:00:00,C-118,Compresseur à vis,compresseur,4.074,7.676,22.263,4368.0,1491,62.6,B,normal,4.03,10.94,1.62,4.3,97.41,151.09,63.62,9.74,0.10728,0.05769,0.06644,500,6800,SKF 7314
2026-04-19 04:00:00,V-302,Ventilateur tirage,ventilateur,1.004,1.418,4.46,875.1,983,42.3,A,normal,3.83,2.56,1.86,2.27,68.48,95.35,44.4,6.85,0.15779,0.08685,0.05191,75,1800,SKF 22216
2026-04-19 04:00:00,M-019,Moteur électrique 400kW,moteur_electrique,6.294,11.36,31.711,6221.7,1489,65.5,C,alerte,3.9,16.34,2.33,4.42,90.08,133.27,60.06,10.0,0.04526,0.08653,0.04588,400,5500,SKF 6320
2026-04-19 04:00:00,R-077,Réducteur convoyeur,reducteur,1.908,3.222,8.69,1705.0,723,41.8,A,normal,3.58,4.55,1.62,2.63,53.26,67.24,35.55,5.33,0.14894,0.09452,0.04685,55,950,SKF 2312
2026-04-19 04:00:00,P-311,Pompe centrifuge BP,pompe_centrifuge,10.127,18.697,55.235,10837.1,2959,70.1,D,danger,4.95,33.39,1.49,5.4,175.07,268.78,116.39,19.48,0.34736,0.02652,0.06179,180,3100,SKF 6312
2026-04-19 05:00:00,P-204,Pompe centrifuge HP,pompe_centrifuge,1.66,2.8,9.31,1826.6,2979,49.3,A,normal,3.69,4.08,1.59,3.69,177.25,269.6,118.17,19.71,0.11195,0.08298,0.05383,250,4200,SKF 6314
2026-04-19 05:00:00,C-118,Compresseur à vis,compresseur,3.416,6.148,19.418,3809.8,1490,61.3,B,normal,3.45,7.86,1.59,3.7,97.35,150.99,63.57,9.73,0.13326,0.05964,0.06099,500,6800,SKF 7314
2026-04-19 05:00:00,V-302,Ventilateur tirage,ventilateur,1.376,2.348,7.654,1501.7,975,44.7,A,normal,2.79,2.55,1.35,2.56,67.92,94.58,44.04,6.79,0.14629,0.06623,0.05371,75,1800,SKF 22216
2026-04-19 05:00:00,M-019,Moteur électrique 400kW,moteur_electrique,4.668,8.847,27.142,5325.3,1497,64.6,C,alerte,3.56,11.08,1.76,3.66,90.57,133.98,60.38,10.05,0.13657,0.04772,0.05778,400,5500,SKF 6320
2026-04-19 05:00:00,R-077,Réducteur convoyeur,reducteur,1.582,2.558,6.652,1305.1,706,41.5,A,normal,3.91,4.12,1.94,3.41,52.01,65.66,34.71,5.2,0.13519,0.08423,0.04541,55,950,SKF 2312
2026-04-19 05:00:00,P-311,Pompe centrifuge BP,pompe_centrifuge,10.12,18.116,54.145,10623.2,2959,68.1,D,danger,5.02,33.9,1.64,3.76,175.07,268.78,116.39,19.48,0.24236,0.07236,0.06244,180,3100,SKF 6312
2026-04-19 06:00:00,P-204,Pompe centrifuge HP,pompe_centrifuge,1.393,2.452,6.183,1213.1,2983,47.7,A,normal,3.35,3.11,1.83,2.99,177.49,269.96,118.33,19.74,0.14555,0.0799,0.05045,250,4200,SKF 6314
2026-04-19 06:00:00,C-118,Compresseur à vis,compresseur,3.525,6.044,18.348,3599.9,1478,60.7,B,normal,3.34,7.86,1.52,3.87,96.56,149.77,63.06,9.66,0.22462,0.11195,0.04541,500,6800,SKF 7314
2026-04-19 06:00:00,V-302,Ventilateur tirage,ventilateur,1.871,3.527,10.145,1990.4,984,46.0,A,normal,3.16,3.95,1.8,2.09,68.55,95.45,44.44,6.86,0.13098,0.071,0.04998,75,1800,SKF 22216
2026-04-19 06:00:00,M-019,Moteur électrique 400kW,moteur_electrique,4.2,7.665,24.005,4709.8,1495,57.9,B,normal,3.66,10.26,1.79,4.98,90.45,133.8,60.3,10.04,0.1264,0.13107,0.03703,400,5500,SKF 6320
2026-04-19 06:00:00,R-077,Réducteur convoyeur,reducteur,1.748,3.649,11.871,2329.1,714,45.0,A,normal,2.66,3.1,1.52,2.84,52.6,66.4,35.11,5.26,0.12358,0.06658,0.05323,55,950,SKF 2312
2026-04-19 06:00:00,P-311,Pompe centrifuge BP,pompe_centrifuge,9.37,17.195,52.344,10269.9,2963,68.2,D,danger,3.22,20.14,1.17,4.0,175.31,269.14,116.54,19.51,0.45811,0.06544,0.02492,180,3100,SKF 6312
2026-04-19 07:00:00,P-204,Pompe centrifuge HP,pompe_centrifuge,1.789,3.772,11.625,2280.8,2981,51.2,A,normal,2.85,3.4,2.32,3.84,177.37,269.78,118.25,19.72,0.13731,0.07566,0.05103,250,4200,SKF 6314
2026-04-19 07:00:00,C-118,Compresseur à vis,compresseur,3.153,5.927,17.277,3389.7,1486,62.0,B,normal,3.98,8.36,1.69,3.6,97.09,150.58,63.4,9.71,0.13126,0.08711,0.06853,500,6800,SKF 7314
2026-04-19 07:00:00,V-302,Ventilateur tirage,ventilateur,1.568,3.01,8.657,1698.5,992,42.4,A,normal,3.8,3.97,1.58,3.99,69.11,96.22,44.81,6.91,0.15203,0.08264,0.04819,75,1800,SKF 22216
2026-04-19 07:00:00,M-019,Moteur électrique 400kW,moteur_electrique,5.973,10.208,30.555,5994.9,1495,64.8,C,alerte,4.09,16.27,2.06,3.17,90.45,133.8,60.3,10.04,0.0872,0.04573,0.03066,400,5500,SKF 6320
2026-04-19 07:00:00,R-077,Réducteur convoyeur,reducteur,1.677,3.568,11.831,2321.2,721,43.8,A,normal,4.15,4.64,1.75,1.74,53.11,67.05,35.45,5.31,0.11282,0.07035,0.05476,55,950,SKF 2312
2026-04-19 07:00:00,P-311,Pompe centrifuge BP,pompe_centrifuge,7.483,13.325,40.919,8028.3,2958,60.8,D,danger,4.01,19.99,2.25,3.44,175.01,268.69,116.35,19.47,0.1168,0.14315,0.05914,180,3100,SKF 6312
2026-04-19 08:00:00,P-204,Pompe centrifuge HP,pompe_centrifuge,1.564,2.954,9.055,1776.6,2973,50.8,A,normal,4.04,4.21,2.23,4.07,176.89,269.06,117.93,19.67,0.13493,0.07112,0.0548,250,4200,SKF 6314
2026-04-19 08:00:00,C-118,Compresseur à vis,compresseur,3.219,5.733,18.288,3588.1,1483,60.8,B,normal,4.32,9.26,1.31,4.24,96.89,150.28,63.27,9.69,0.14202,0.08099,0.0345,500,6800,SKF 7314
2026-04-19 08:00:00,V-302,Ventilateur tirage,ventilateur,1.75,2.936,9.482,1860.4,976,43.6,A,normal,4.31,5.03,1.98,3.89,67.99,94.67,44.08,6.8,0.14646,0.07508,0.06086,75,1800,SKF 22216
2026-04-19 08:00:00,M-019,Moteur électrique 400kW,moteur_electrique,4.807,8.521,25.915,5084.5,1494,65.1,C,alerte,3.6,11.53,1.91,4.54,90.39,133.71,60.26,10.03,0.11687,0.06545,0.05592,400,5500,SKF 6320
2026-04-19 08:00:00,R-077,Réducteur convoyeur,reducteur,1.718,3.46,9.964,1954.9,720,43.5,A,normal,3.54,4.05,1.78,3.14,53.04,66.96,35.4,5.3,0.1457,0.08362,0.04869,55,950,SKF 2312
2026-04-19 08:00:00,P-311,Pompe centrifuge BP,pompe_centrifuge,10.333,18.861,57.118,11206.6,2955,69.9,D,danger,4.65,32.03,1.95,3.6,174.84,268.41,116.23,19.45,0.20534,0.10544,0.06002,180,3100,SKF 6312
2026-04-19 09:00:00,P-204,Pompe centrifuge HP,pompe_centrifuge,1.914,3.266,10.676,2094.6,2977,48.0,A,normal,3.63,4.63,1.72,3.24,177.13,269.42,118.09,19.7,0.13738,0.06553,0.0487,250,4200,SKF 6314
2026-04-19 09:00:00,C-118,Compresseur à vis,compresseur,3.602,6.601,19.249,3776.7,1477,61.2,B,normal,3.0,7.21,2.13,3.43,96.5,149.67,63.02,9.65,0.12657,0.09843,0.04716,500,6800,SKF 7314
2026-04-19 09:00:00,V-302,Ventilateur tirage,ventilateur,1.521,2.537,7.718,1514.3,979,45.4,A,normal,3.66,3.71,2.37,3.61,68.2,94.96,44.22,6.82,0.14768,0.09651,0.05277,75,1800,SKF 22216
2026-04-19 09:00:00,M-019,Moteur électrique 400kW,moteur_electrique,5.426,9.878,29.246,5738.1,1492,62.7,C,alerte,4.19,15.16,1.35,3.4,90.27,133.53,60.18,10.02,0.14912,0.05442,0.03841,400,5500,SKF 6320
2026-04-19 09:00:00,R-077,Réducteur convoyeur,reducteur,1.438,2.75,7.356,1443.2,713,43.1,A,normal,3.27,3.14,2.29,3.8,52.52,66.31,35.06,5.25,0.13736,0.07595,0.04673,55,950,SKF 2312
2026-04-19 09:00:00,P-311,Pompe centrifuge BP,pompe_centrifuge,7.256,13.569,39.954,7839.0,2968,62.1,D,danger,3.57,17.27,1.48,5.37,175.61,269.59,116.74,19.54,0.43002,0.10791,0.04005,180,3100,SKF 6312
2026-04-19 10:00:00,P-204,Pompe centrifuge HP,pompe_centrifuge,2.04,4.171,11.212,2199.8,2973,53.4,A,normal,2.82,3.84,1.87,2.75,176.89,269.06,117.93,19.67,0.12675,0.09564,0.04486,250,4200,SKF 6314
2026-04-19 10:00:00,C-118,Compresseur à vis,compresseur,2.968,5.661,14.737,2891.4,1488,60.0,B,normal,3.24,6.4,1.2,3.78,97.22,150.78,63.49,9.72,0.10442,0.09121,0.04741,500,6800,SKF 7314
2026-04-19 10:00:00,V-302,Ventilateur tirage,ventilateur,1.674,2.501,8.465,1660.8,977,44.7,A,normal,3.75,4.19,2.38,2.92,68.06,94.77,44.13,6.81,0.15476,0.07682,0.05648,75,1800,SKF 22216
2026-04-19 10:00:00,M-019,Moteur électrique 400kW,moteur_electrique,6.31,10.648,32.887,6452.4,1487,65.5,C,alerte,3.98,16.73,1.75,4.36,89.96,133.09,59.98,9.99,0.2421,0.05935,0.05679,400,5500,SKF 6320
2026-04-19 10:00:00,R-077,Réducteur convoyeur,reducteur,0.961,1.801,5.099,1000.4,723,42.3,A,normal,3.22,2.06,1.84,3.75,53.26,67.24,35.55,5.33,0.15525,0.08165,0.05003,55,950,SKF 2312
2026-04-19 10:00:00,P-311,Pompe centrifuge BP,pompe_centrifuge,11.273,20.233,59.429,11660.0,2960,71.3,D,danger,4.47,33.61,1.86,5.58,175.13,268.87,116.43,19.49,0.32541,0.02651,0.04344,180,3100,SKF 6312
2026-04-19 11:00:00,P-204,Pompe centrifuge HP,pompe_centrifuge,2.341,4.101,12.119,2377.7,2975,50.5,B,normal,3.63,5.67,1.74,4.67,177.01,269.24,118.01,19.68,0.14637,0.08231,0.04831,250,4200,SKF 6314
2026-04-19 11:00:00,C-118,Compresseur à vis,compresseur,3.717,6.659,21.423,4203.2,1485,59.8,B,normal,4.03,9.98,1.5,3.65,97.02,150.48,63.36,9.7,0.08467,0.11163,0.054,500,6800,SKF 7314
2026-04-19 11:00:00,V-302,Ventilateur tirage,ventilateur,1.627,3.331,11.408,2238.2,990,43.7,A,normal,3.41,3.69,1.9,3.27,68.97,96.03,44.71,6.9,0.11787,0.08299,0.0507,75,1800,SKF 22216
2026-04-19 11:00:00,M-019,Moteur électrique 400kW,moteur_electrique,5.448,9.726,29.215,5732.0,1491,65.8,C,alerte,3.97,14.43,1.98,3.88,90.21,133.44,60.14,10.01,0.07567,0.09476,0.04013,400,5500,SKF 6320
2026-04-19 11:00:00,R-077,Réducteur convoyeur,reducteur,1.774,2.891,7.91,1551.9,716,44.0,A,normal,3.32,3.93,2.11,2.85,52.75,66.59,35.2,5.27,0.18243,0.08365,0.05476,55,950,SKF 2312
2026-04-19 11:00:00,P-311,Pompe centrifuge BP,pompe_centrifuge,9.605,17.395,52.066,10215.3,2964,66.9,D,danger,4.42,28.32,1.69,3.61,175.37,269.23,116.58,19.51,0.46203,0.02591,0.0852,180,3100,SKF 6312
2026-04-19 12:00:00,P-204,Pompe centrifuge HP,pompe_centrifuge,1.689,3.134,9.871,1936.7,2984,47.7,A,normal,3.38,3.81,1.46,2.69,177.55,270.05,118.37,19.74,0.13529,0.0705,0.04494,250,4200,SKF 6314
2026-04-19 12:00:00,C-118,Compresseur à vis,compresseur,3.046,5.214,16.522,3241.6,1494,61.0,B,normal,3.92,7.95,1.61,3.34,97.61,151.39,63.74,9.76,0.13075,0.06768,0.04848,500,6800,SKF 7314
2026-04-19 12:00:00,V-302,Ventilateur tirage,ventilateur,1.727,3.464,10.537,2067.4,983,42.4,A,normal,3.23,3.72,1.91,3.51,68.48,95.35,44.4,6.85,0.1301,0.07949,0.05782,75,1800,SKF 22216
2026-04-19 12:00:00,M-019,Moteur électrique 400kW,moteur_electrique,5.794,10.114,30.789,6040.8,1489,66.2,C,alerte,4.04,15.59,1.78,3.75,90.08,133.27,60.06,10.0,0.10346,0.06777,0.04773,400,5500,SKF 6320
2026-04-19 12:00:00,R-077,Réducteur convoyeur,reducteur,1.516,2.396,6.82,1338.1,715,44.3,A,normal,3.6,3.64,1.98,3.36,52.67,66.5,35.15,5.27,0.17247,0.09119,0.0492,55,950,SKF 2312
2026-04-19 12:00:00,P-311,Pompe centrifuge BP,pompe_centrifuge,9.844,18.324,54.291,10651.9,2961,69.3,D,danger,5.07,33.28,1.71,5.71,175.19,268.96,116.47,19.49,0.16134,0.06406,0.0313,180,3100,SKF 6312
2026-04-19 13:00:00,P-204,Pompe centrifuge HP,pompe_centrifuge,1.326,2.785,8.477,1663.2,2981,45.9,A,normal,2.91,2.57,1.82,4.31,177.37,269.78,118.25,19.72,0.11317,0.08386,0.04966,250,4200,SKF 6314
2026-04-19 13:00:00,C-118,Compresseur à vis,compresseur,4.243,7.964,24.133,4734.9,1484,61.2,B,normal,3.67,10.38,1.96,2.59,96.95,150.38,63.32,9.7,0.09052,0.04966,0.04942,500,6800,SKF 7314
2026-04-19 13:00:00,V-302,Ventilateur tirage,ventilateur,1.557,2.765,6.842,1342.4,987,45.4,A,normal,2.78,2.88,1.2,2.98,68.76,95.74,44.58,6.88,0.13858,0.09681,0.04333,75,1800,SKF 22216
2026-04-19 13:00:00,M-019,Moteur électrique 400kW,moteur_electrique,4.518,8.148,24.557,4818.1,1494,62.6,C,alerte,3.35,10.1,1.39,3.79,90.39,133.71,60.26,10.03,0.08306,0.09571,0.05788,400,5500,SKF 6320
2026-04-19 13:00:00,R-077,Réducteur convoyeur,reducteur,1.747,3.608,10.367,2034.0,719,44.8,A,normal,4.1,4.77,2.34,3.36,52.97,66.87,35.35,5.3,0.13807,0.07146,0.05081,55,950,SKF 2312
2026-04-19 13:00:00,P-311,Pompe centrifuge BP,pompe_centrifuge,8.826,16.392,49.815,9773.7,2956,64.3,D,danger,3.78,22.24,1.64,4.43,174.9,268.5,116.27,19.46,0.18326,0.03786,0.07696,180,3100,SKF 6312
2026-04-19 14:00:00,P-204,Pompe centrifuge HP,pompe_centrifuge,1.869,3.627,10.887,2136.0,2977,46.2,A,normal,2.95,3.68,1.7,2.58,177.13,269.42,118.09,19.7,0.14374,0.09329,0.04734,250,4200,SKF 6314
2026-04-19 14:00:00,C-118,Compresseur à vis,compresseur,3.13,5.821,17.499,3433.3,1494,59.3,B,normal,3.64,7.59,2.01,3.64,97.61,151.39,63.74,9.76,0.13539,0.1099,0.04947,500,6800,SKF 7314
2026-04-19 14:00:00,V-302,Ventilateur tirage,ventilateur,1.452,2.713,8.411,1650.2,986,42.1,A,normal,3.99,3.87,1.82,3.99,68.69,95.64,44.53,6.87,0.13886,0.0892,0.04609,75,1800,SKF 22216
2026-04-19 14:00:00,M-019,Moteur électrique 400kW,moteur_electrique,6.64,12.327,36.51,7163.3,1489,65.3,C,alerte,4.16,18.4,2.19,3.98,90.08,133.27,60.06,10.0,0.10816,0.06608,0.05895,400,5500,SKF 6320
2026-04-19 14:00:00,R-077,Réducteur convoyeur,reducteur,1.235,2.303,7.354,1442.9,721,42.6,A,normal,3.54,2.91,1.66,2.26,53.11,67.05,35.45,5.31,0.14186,0.09552,0.04902,55,950,SKF 2312
2026-04-19 14:00:00,P-311,Pompe centrifuge BP,pompe_centrifuge,8.445,15.049,44.46,8723.1,2963,63.1,D,danger,4.26,24.0,1.99,4.23,175.31,269.14,116.54,19.51,0.09212,0.18205,0.04736,180,3100,SKF 6312
2026-04-19 15:00:00,P-204,Pompe centrifuge HP,pompe_centrifuge,1.844,3.369,10.439,2048.1,2973,46.7,A,normal,3.57,4.39,1.75,2.43,176.89,269.06,117.93,19.67,0.11518,0.0894,0.04503,250,4200,SKF 6314
2026-04-19 15:00:00,C-118,Compresseur à vis,compresseur,3.393,6.221,16.874,3310.7,1487,61.9,B,normal,4.49,10.15,1.73,3.88,97.15,150.68,63.45,9.72,0.08319,0.07069,0.05614,500,6800,SKF 7314
2026-04-19 15:00:00,V-302,Ventilateur tirage,ventilateur,1.905,3.492,10.21,2003.2,980,43.5,A,normal,3.33,4.23,1.6,3.21,68.27,95.06,44.26,6.83,0.12964,0.06811,0.04945,75,1800,SKF 22216
2026-04-19 15:00:00,M-019,Moteur électrique 400kW,moteur_electrique,7.113,12.171,37.41,7339.8,1483,68.0,D,danger,4.0,18.98,1.6,3.41,89.72,132.73,59.81,9.96,0.06781,0.19288,0.0652,400,5500,SKF 6320
2026-04-19 15:00:00,R-077,Réducteur convoyeur,reducteur,1.084,1.492,4.445,872.1,722,41.5,A,normal,3.66,2.65,1.95,2.67,53.19,67.15,35.5,5.32,0.15028,0.06939,0.05212,55,950,SKF 2312
2026-04-19 15:00:00,P-311,Pompe centrifuge BP,pompe_centrifuge,8.776,16.015,46.453,9114.1,2955,67.3,D,danger,4.27,25.0,1.63,5.56,174.84,268.41,116.23,19.45,0.88758,0.11222,0.04014,180,3100,SKF 6312
2026-04-19 16:00:00,P-204,Pompe centrifuge HP,pompe_centrifuge,2.193,4.061,11.471,2250.6,2974,50.0,A,normal,2.96,4.33,2.36,2.19,176.95,269.15,117.97,19.68,0.11887,0.07033,0.05065,250,4200,SKF 6314
2026-04-19 16:00:00,C-118,Compresseur à vis,compresseur,3.13,5.411,16.154,3169.4,1474,60.3,B,normal,3.69,7.69,1.46,2.56,96.3,149.37,62.89,9.63,0.08557,0.08613,0.04432,500,6800,SKF 7314
2026-04-19 16:00:00,V-302,Ventilateur tirage,ventilateur,1.115,2.273,5.366,1052.8,986,44.4,A,normal,3.53,2.63,1.68,3.5,68.69,95.64,44.53,6.87,0.13544,0.08888,0.04729,75,1800,SKF 22216
2026-04-19 16:00:00,M-019,Moteur électrique 400kW,moteur_electrique,5.299,9.478,28.833,5657.0,1490,63.1,C,alerte,4.11,14.5,2.28,3.85,90.14,133.35,60.1,10.01,0.08914,0.13486,0.04467,400,5500,SKF 6320
2026-04-19 16:00:00,R-077,Réducteur convoyeur,reducteur,1.417,2.684,7.089,1390.9,717,42.0,A,normal,2.82,2.66,1.86,3.56,52.82,66.68,35.25,5.28,0.11359,0.07301,0.05346,55,950,SKF 2312
2026-04-19 16:00:00,P-311,Pompe centrifuge BP,pompe_centrifuge,8.961,15.743,45.964,9018.1,2957,65.6,D,danger,4.19,25.0,1.8,5.63,174.96,268.59,116.31,19.47,0.04474,0.18857,0.05165,180,3100,SKF 6312
2026-04-19 17:00:00,P-204,Pompe centrifuge HP,pompe_centrifuge,1.711,2.925,8.771,1720.9,2985,47.4,A,normal,3.52,4.01,1.79,2.81,177.61,270.14,118.41,19.75,0.11076,0.09009,0.04913,250,4200,SKF 6314
2026-04-19 17:00:00,C-118,Compresseur à vis,compresseur,3.933,6.39,18.282,3586.9,1487,65.0,B,normal,3.07,8.05,1.91,3.83,97.15,150.68,63.45,9.72,0.06053,0.08859,0.05479,500,6800,SKF 7314
2026-04-19 17:00:00,V-302,Ventilateur tirage,ventilateur,0.866,1.731,5.013,983.6,979,42.6,A,normal,3.48,2.01,1.91,3.65,68.2,94.96,44.22,6.82,0.14228,0.08197,0.05536,75,1800,SKF 22216
2026-04-19 17:00:00,M-019,Moteur électrique 400kW,moteur_electrique,6.58,11.896,35.037,6874.3,1493,65.0,C,alerte,4.15,18.2,1.62,4.76,90.33,133.62,60.22,10.03,0.11452,0.18401,0.04711,400,5500,SKF 6320
2026-04-19 17:00:00,R-077,Réducteur convoyeur,reducteur,1.457,2.55,7.399,1451.7,712,43.0,A,normal,3.05,2.97,1.84,3.01,52.45,66.22,35.01,5.25,0.13805,0.07404,0.05433,55,950,SKF 2312
2026-04-19 17:00:00,P-311,Pompe centrifuge BP,pompe_centrifuge,7.274,12.754,38.607,7574.7,2968,63.5,D,danger,3.54,17.18,1.61,4.34,175.61,269.59,116.74,19.54,0.114,0.0514,0.05226,180,3100,SKF 6312
2026-04-19 18:00:00,P-204,Pompe centrifuge HP,pompe_centrifuge,1.863,3.31,11.242,2205.7,2980,50.8,A,normal,3.87,4.81,2.09,3.67,177.31,269.69,118.21,19.72,0.13836,0.09059,0.05283,250,4200,SKF 6314
2026-04-19 18:00:00,C-118,Compresseur à vis,compresseur,2.909,5.409,15.56,3052.9,1489,60.5,B,normal,3.62,7.02,1.64,2.88,97.28,150.89,63.53,9.73,0.09987,0.11883,0.05089,500,6800,SKF 7314
2026-04-19 18:00:00,V-302,Ventilateur tirage,ventilateur,1.502,2.867,8.58,1683.4,978,41.1,A,normal,2.64,2.64,2.05,3.44,68.13,94.87,44.17,6.81,0.12781,0.06894,0.05377,75,1800,SKF 22216
2026-04-19 18:00:00,M-019,Moteur électrique 400kW,moteur_electrique,6.081,11.448,34.162,6702.6,1488,66.9,C,alerte,4.08,16.54,1.85,3.97,90.02,133.18,60.02,9.99,0.1984,0.09669,0.04487,400,5500,SKF 6320
2026-04-19 18:00:00,R-077,Réducteur convoyeur,reducteur,1.687,3.387,9.842,1931.0,718,40.7,A,normal,3.85,4.33,1.69,3.71,52.89,66.77,35.3,5.29,0.11028,0.09304,0.05815,55,950,SKF 2312
2026-04-19 18:00:00,P-311,Pompe centrifuge BP,pompe_centrifuge,8.608,15.519,45.828,8991.5,2958,63.3,D,danger,3.67,21.08,1.75,4.33,175.01,268.69,116.35,19.47,0.09063,0.05886,0.05052,180,3100,SKF 6312
2026-04-19 19:00:00,P-204,Pompe centrifuge HP,pompe_centrifuge,2.289,4.008,11.506,2257.5,2976,49.4,A,normal,3.06,4.68,1.77,4.39,177.07,269.33,118.05,19.69,0.11899,0.09914,0.05367,250,4200,SKF 6314
2026-04-19 19:00:00,C-118,Compresseur à vis,compresseur,3.191,5.674,17.335,3401.1,1481,59.7,B,normal,3.88,8.26,2.23,2.72,96.76,150.07,63.19,9.68,0.21348,0.04799,0.05562,500,6800,SKF 7314
2026-04-19 19:00:00,V-302,Ventilateur tirage,ventilateur,1.255,2.604,7.678,1506.4,980,42.0,A,normal,3.13,2.62,1.76,3.96,68.27,95.06,44.26,6.83,0.13868,0.09239,0.0471,75,1800,SKF 22216
2026-04-19 19:00:00,M-019,Moteur électrique 400kW,moteur_electrique,5.608,10.467,30.648,6013.1,1477,64.5,C,alerte,3.72,13.92,1.9,3.46,89.36,132.19,59.57,9.92,0.09215,0.11344,0.0514,400,5500,SKF 6320
2026-04-19 19:00:00,R-077,Réducteur convoyeur,reducteur,1.574,2.646,8.74,1714.8,719,40.2,A,normal,3.75,3.93,1.82,2.75,52.97,66.87,35.35,5.3,0.14046,0.08068,0.05167,55,950,SKF 2312
2026-04-19 19:00:00,P-311,Pompe centrifuge BP,pompe_centrifuge,9.253,16.511,48.873,9588.9,2962,68.4,D,danger,4.45,27.45,2.33,4.22,175.25,269.05,116.51,19.5,0.22721,0.08071,0.07078,180,3100,SKF 6312
2026-04-19 20:00:00,P-204,Pompe centrifuge HP,pompe_centrifuge,1.549,2.976,9.389,1842.1,2982,49.6,A,normal,3.2,3.3,2.17,3.51,177.43,269.87,118.29,19.73,0.14009,0.07736,0.04835,250,4200,SKF 6314
2026-04-19 20:00:00,C-118,Compresseur à vis,compresseur,2.899,5.474,16.198,3178.0,1480,61.6,B,normal,2.84,5.48,1.83,4.66,96.69,149.97,63.15,9.67,0.13725,0.08201,0.06165,500,6800,SKF 7314
2026-04-19 20:00:00,V-302,Ventilateur tirage,ventilateur,1.115,1.732,4.182,820.5,974,44.7,A,normal,3.42,2.55,2.05,3.9,67.86,94.48,43.99,6.79,0.13274,0.07915,0.0507,75,1800,SKF 22216
2026-04-19 20:00:00,M-019,Moteur électrique 400kW,moteur_electrique,7.132,13.301,38.532,7560.0,1490,68.4,D,danger,3.78,17.95,1.98,4.39,90.14,133.35,60.1,10.01,0.10765,0.05121,0.03831,400,5500,SKF 6320
2026-04-19 20:00:00,R-077,Réducteur convoyeur,reducteur,1.747,3.657,10.309,2022.6,725,44.0,A,normal,3.7,4.31,1.26,2.62,53.41,67.42,35.65,5.34,0.16216,0.08717,0.05134,55,950,SKF 2312
2026-04-19 20:00:00,P-311,Pompe centrifuge BP,pompe_centrifuge,11.83,21.367,64.507,12656.3,2956,74.6,D,danger,4.87,38.4,1.69,4.39,174.9,268.5,116.27,19.46,0.07151,0.05395,0.1152,180,3100,SKF 6312
2026-04-19 21:00:00,P-204,Pompe centrifuge HP,pompe_centrifuge,1.875,3.19,9.5,1863.9,2981,49.5,A,normal,4.01,5.02,2.13,3.06,177.37,269.78,118.25,19.72,0.12315,0.07924,0.05194,250,4200,SKF 6314
2026-04-19 21:00:00,C-118,Compresseur à vis,compresseur,3.562,6.444,19.43,3812.2,1495,61.4,B,normal,4.1,9.73,1.85,2.81,97.67,151.49,63.79,9.77,0.19859,0.07243,0.04453,500,6800,SKF 7314
2026-04-19 21:00:00,V-302,Ventilateur tirage,ventilateur,1.422,2.448,7.324,1437.0,980,45.9,A,normal,2.68,2.54,1.93,3.22,68.27,95.06,44.26,6.83,0.14331,0.08307,0.05397,75,1800,SKF 22216
2026-04-19 21:00:00,M-019,Moteur électrique 400kW,moteur_electrique,6.103,10.691,32.069,6291.9,1484,64.8,C,alerte,3.53,14.37,1.75,2.92,89.78,132.82,59.85,9.97,0.13605,0.10879,0.05407,400,5500,SKF 6320
2026-04-19 21:00:00,R-077,Réducteur convoyeur,reducteur,1.258,2.417,6.763,1326.9,716,44.7,A,normal,3.37,2.83,1.85,3.56,52.75,66.59,35.2,5.27,0.13123,0.09778,0.05095,55,950,SKF 2312
2026-04-19 21:00:00,P-311,Pompe centrifuge BP,pompe_centrifuge,9.365,17.176,50.635,9934.6,2961,67.1,D,danger,3.51,21.94,1.93,4.46,175.19,268.96,116.47,19.49,0.12484,0.06438,0.04756,180,3100,SKF 6312
2026-04-19 22:00:00,P-204,Pompe centrifuge HP,pompe_centrifuge,1.496,2.53,6.683,1311.2,2976,47.9,A,normal,4.12,4.11,1.56,3.17,177.07,269.33,118.05,19.69,0.13446,0.06586,0.04617,250,4200,SKF 6314
2026-04-19 22:00:00,C-118,Compresseur à vis,compresseur,3.666,6.281,18.37,3604.2,1487,62.4,B,normal,4.1,10.02,1.91,3.21,97.15,150.68,63.45,9.72,0.09657,0.0802,0.05877,500,6800,SKF 7314
2026-04-19 22:00:00,V-302,Ventilateur tirage,ventilateur,2.111,3.68,10.582,2076.2,984,47.1,A,normal,3.4,4.79,1.57,2.77,68.55,95.45,44.44,6.86,0.11177,0.07982,0.04379,75,1800,SKF 22216
2026-04-19 22:00:00,M-019,Moteur électrique 400kW,moteur_electrique,4.328,8.098,24.237,4755.3,1494,62.2,B,normal,3.87,11.16,1.8,4.98,90.39,133.71,60.26,10.03,0.1809,0.0813,0.02663,400,5500,SKF 6320
2026-04-19 22:00:00,R-077,Réducteur convoyeur,reducteur,1.667,3.161,10.377,2036.0,725,43.0,A,normal,4.17,4.63,1.72,2.76,53.41,67.42,35.65,5.34,0.15575,0.09124,0.05325,55,950,SKF 2312
2026-04-19 22:00:00,P-311,Pompe centrifuge BP,pompe_centrifuge,8.582,14.952,43.832,8599.8,2955,63.3,D,danger,4.47,25.57,1.31,3.8,174.84,268.41,116.23,19.45,0.02676,0.07475,0.07911,180,3100,SKF 6312
2026-04-19 23:00:00,P-204,Pompe centrifuge HP,pompe_centrifuge,2.566,4.746,14.435,2832.1,2986,51.1,B,normal,3.74,6.39,1.46,2.94,177.67,270.23,118.44,19.76,0.15808,0.10672,0.05052,250,4200,SKF 6314
2026-04-19 23:00:00,C-118,Compresseur à vis,compresseur,3.22,5.904,18.19,3568.9,1484,59.5,B,normal,3.72,7.98,1.75,4.07,96.95,150.38,63.32,9.7,0.06439,0.07175,0.04153,500,6800,SKF 7314
2026-04-19 23:00:00,V-302,Ventilateur tirage,ventilateur,2.061,3.859,12.251,2403.6,983,46.1,A,normal,3.96,5.44,1.7,2.83,68.48,95.35,44.4,6.85,0.11328,0.07167,0.0464,75,1800,SKF 22216
2026-04-19 23:00:00,M-019,Moteur électrique 400kW,moteur_electrique,5.123,9.283,27.879,5469.9,1492,64.1,C,alerte,3.36,11.49,1.71,3.69,90.27,133.53,60.18,10.02,0.25041,0.06529,0.06965,400,5500,SKF 6320
2026-04-19 23:00:00,R-077,Réducteur convoyeur,reducteur,1.109,2.302,8.541,1675.7,716,39.8,A,normal,3.28,2.43,1.87,3.49,52.75,66.59,35.2,5.27,0.14919,0.07813,0.04542,55,950,SKF 2312
2026-04-19 23:00:00,P-311,Pompe centrifuge BP,pompe_centrifuge,8.204,14.553,44.663,8762.9,2962,62.7,D,danger,4.14,22.67,2.23,4.56,175.25,269.05,116.51,19.5,0.17361,0.11502,0.07285,180,3100,SKF 6312
2026-04-20 00:00:00,P-204,Pompe centrifuge HP,pompe_centrifuge,1.737,3.113,9.115,1788.4,2976,48.5,A,normal,3.51,4.06,1.59,2.68,177.07,269.33,118.05,19.69,0.15997,0.07827,0.0468,250,4200,SKF 6314
2026-04-20 00:00:00,C-118,Compresseur à vis,compresseur,3.683,6.726,19.746,3874.2,1487,63.2,B,normal,4.25,10.44,2.03,3.66,97.15,150.68,63.45,9.72,0.16957,0.09742,0.03561,500,6800,SKF 7314
2026-04-20 00:00:00,V-302,Ventilateur tirage,ventilateur,1.698,2.687,8.287,1625.9,970,43.8,A,normal,3.63,4.11,1.84,3.91,67.58,94.09,43.81,6.76,0.12606,0.08197,0.0473,75,1800,SKF 22216
2026-04-20 00:00:00,M-019,Moteur électrique 400kW,moteur_electrique,5.249,10.141,29.809,5848.5,1484,63.8,C,alerte,4.28,14.98,1.6,4.03,89.78,132.82,59.85,9.97,0.12025,0.11289,0.04237,400,5500,SKF 6320
2026-04-20 00:00:00,R-077,Réducteur convoyeur,reducteur,0.984,1.496,5.405,1060.5,721,40.4,A,normal,3.53,2.31,1.48,3.16,53.11,67.05,35.45,5.31,0.12765,0.08814,0.04983,55,950,SKF 2312
2026-04-20 00:00:00,P-311,Pompe centrifuge BP,pompe_centrifuge,12.206,21.703,63.312,12421.8,2955,70.9,D,danger,4.8,39.1,1.49,5.41,174.84,268.41,116.23,19.45,0.30436,0.1036,0.02437,180,3100,SKF 6312
2026-04-20 01:00:00,P-204,Pompe centrifuge HP,pompe_centrifuge,1.257,1.934,7.129,1398.7,2981,49.8,A,normal,3.82,3.2,1.59,2.23,177.37,269.78,118.25,19.72,0.12647,0.08416,0.0468,250,4200,SKF 6314
2026-04-20 01:00:00,C-118,Compresseur à vis,compresseur,3.471,6.118,18.259,3582.4,1488,61.9,B,normal,4.57,10.57,1.99,4.25,97.22,150.78,63.49,9.72,0.13002,0.04055,0.05636,500,6800,SKF 7314
2026-04-20 01:00:00,V-302,Ventilateur tirage,ventilateur,1.465,2.814,9.802,1923.2,975,42.2,A,normal,3.16,3.08,1.6,2.91,67.92,94.58,44.04,6.79,0.13824,0.08542,0.04674,75,1800,SKF 22216
2026-04-20 01:00:00,M-019,Moteur électrique 400kW,moteur_electrique,6.287,11.648,35.318,6929.4,1487,65.6,C,alerte,4.46,18.71,2.01,4.81,89.96,133.09,59.98,9.99,0.0736,0.10248,0.06555,400,5500,SKF 6320
2026-04-20 01:00:00,R-077,Réducteur convoyeur,reducteur,1.349,2.321,5.989,1175.0,724,43.6,A,normal,4.4,3.96,2.16,3.0,53.33,67.33,35.6,5.33,0.17394,0.07323,0.05289,55,950,SKF 2312
2026-04-20 01:00:00,P-311,Pompe centrifuge BP,pompe_centrifuge,10.527,19.072,57.396,11261.1,2960,71.3,D,danger,4.26,29.92,1.93,4.04,175.13,268.87,116.43,19.49,0.64643,0.05406,0.06157,180,3100,SKF 6312
2026-04-20 02:00:00,P-204,Pompe centrifuge HP,pompe_centrifuge,2.09,3.982,10.913,2141.1,2977,50.6,A,normal,3.83,5.34,2.02,3.96,177.13,269.42,118.09,19.7,0.15161,0.06624,0.06047,250,4200,SKF 6314
2026-04-20 02:00:00,C-118,Compresseur à vis,compresseur,4.317,8.205,25.412,4985.8,1486,65.7,B,normal,3.77,10.84,1.51,3.29,97.09,150.58,63.4,9.71,0.15038,0.05318,0.03744,500,6800,SKF 7314
2026-04-20 02:00:00,V-302,Ventilateur tirage,ventilateur,1.989,3.33,11.095,2176.8,977,45.0,A,normal,3.55,4.71,1.7,1.95,68.06,94.77,44.13,6.81,0.1705,0.08346,0.04403,75,1800,SKF 22216
2026-04-20 02:00:00,M-019,Moteur électrique 400kW,moteur_electrique,6.493,12.041,37.611,7379.3,1486,66.2,C,alerte,3.84,16.62,2.04,4.2,89.9,133.0,59.94,9.98,0.20318,0.05604,0.046,400,5500,SKF 6320
2026-04-20 02:00:00,R-077,Réducteur convoyeur,reducteur,1.088,2.125,6.986,1370.7,725,43.7,A,normal,3.3,2.39,1.86,3.39,53.41,67.42,35.65,5.34,0.1506,0.10148,0.0551,55,950,SKF 2312
2026-04-20 02:00:00,P-311,Pompe centrifuge BP,pompe_centrifuge,9.894,17.941,52.983,10395.3,2963,67.0,D,danger,4.5,29.66,1.99,5.57,175.31,269.14,116.54,19.51,0.2301,0.01538,0.05463,180,3100,SKF 6312
2026-04-20 03:00:00,P-204,Pompe centrifuge HP,pompe_centrifuge,1.91,3.319,9.711,1905.3,2974,48.2,A,normal,3.11,3.96,1.72,2.82,176.95,269.15,117.97,19.68,0.12731,0.07762,0.0506,250,4200,SKF 6314
2026-04-20 03:00:00,C-118,Compresseur à vis,compresseur,2.696,5.14,15.324,3006.6,1481,60.0,B,normal,2.86,5.15,1.6,4.2,96.76,150.07,63.19,9.68,0.15374,0.11322,0.05276,500,6800,SKF 7314
2026-04-20 03:00:00,V-302,Ventilateur tirage,ventilateur,1.845,3.266,10.77,2113.1,965,44.1,A,normal,3.32,4.09,2.33,3.3,67.23,93.61,43.59,6.72,0.1475,0.08301,0.0434,75,1800,SKF 22216
2026-04-20 03:00:00,M-019,Moteur électrique 400kW,moteur_electrique,5.646,10.416,29.768,5840.5,1487,65.8,C,alerte,3.81,14.33,2.02,3.14,89.96,133.09,59.98,9.99,0.18549,0.07038,0.04733,400,5500,SKF 6320
2026-04-20 03:00:00,R-077,Réducteur convoyeur,reducteur,1.067,2.078,6.692,1313.0,720,42.9,A,normal,3.76,2.67,2.11,3.95,53.04,66.96,35.4,5.3,0.15065,0.07729,0.0523,55,950,SKF 2312
2026-04-20 03:00:00,P-311,Pompe centrifuge BP,pompe_centrifuge,9.283,16.836,51.3,10065.1,2963,66.4,D,danger,4.49,27.81,1.21,5.15,175.31,269.14,116.54,19.51,0.0927,0.14317,0.04706,180,3100,SKF 6312
2026-04-20 04:00:00,P-204,Pompe centrifuge HP,pompe_centrifuge,1.405,3.012,9.777,1918.2,2974,48.2,A,normal,2.4,2.25,1.85,2.52,176.95,269.15,117.97,19.68,0.13317,0.08099,0.05302,250,4200,SKF 6314
2026-04-20 04:00:00,C-118,Compresseur à vis,compresseur,3.173,5.95,18.455,3620.9,1484,61.6,B,normal,2.91,6.16,1.89,4.4,96.95,150.38,63.32,9.7,0.09566,0.07452,0.04413,500,6800,SKF 7314
2026-04-20 04:00:00,V-302,Ventilateur tirage,ventilateur,1.094,1.545,2.88,565.1,981,43.3,A,normal,2.79,2.04,1.66,4.33,68.34,95.16,44.31,6.83,0.12583,0.08024,0.0499,75,1800,SKF 22216
2026-04-20 04:00:00,M-019,Moteur électrique 400kW,moteur_electrique,5.111,9.162,27.976,5488.9,1492,63.1,C,alerte,3.85,13.13,2.55,3.5,90.27,133.53,60.18,10.02,0.27001,0.16449,0.06713,400,5500,SKF 6320
2026-04-20 04:00:00,R-077,Réducteur convoyeur,reducteur,1.063,1.907,5.853,1148.4,720,40.5,A,normal,3.09,2.19,2.28,3.43,53.04,66.96,35.4,5.3,0.11239,0.08455,0.05025,55,950,SKF 2312
2026-04-20 04:00:00,P-311,Pompe centrifuge BP,pompe_centrifuge,7.935,14.114,42.813,8399.9,2963,64.7,D,danger,4.18,22.12,1.43,3.75,175.31,269.14,116.54,19.51,0.13357,0.09943,0.03538,180,3100,SKF 6312
2026-04-20 05:00:00,P-204,Pompe centrifuge HP,pompe_centrifuge,1.635,2.2,6.196,1215.7,2974,49.6,A,normal,3.38,3.68,1.59,3.37,176.95,269.15,117.97,19.68,0.11983,0.09432,0.05066,250,4200,SKF 6314
2026-04-20 05:00:00,C-118,Compresseur à vis,compresseur,3.093,4.86,14.629,2870.2,1485,62.8,B,normal,3.53,7.28,1.98,4.14,97.02,150.48,63.36,9.7,0.20242,0.11193,0.04985,500,6800,SKF 7314
2026-04-20 05:00:00,V-302,Ventilateur tirage,ventilateur,1.215,1.526,4.598,902.1,976,43.3,A,normal,3.69,2.99,2.22,2.42,67.99,94.67,44.08,6.8,0.14009,0.08728,0.05195,75,1800,SKF 22216
2026-04-20 05:00:00,M-019,Moteur électrique 400kW,moteur_electrique,5.225,9.535,29.867,5859.9,1483,63.6,C,alerte,3.77,13.12,1.52,3.97,89.72,132.73,59.81,9.96,0.29234,0.1188,0.0826,400,5500,SKF 6320
2026-04-20 05:00:00,R-077,Réducteur convoyeur,reducteur,1.338,2.479,8.135,1596.1,721,44.2,A,normal,3.21,2.86,1.86,4.23,53.11,67.05,35.45,5.31,0.13165,0.08531,0.05424,55,950,SKF 2312
2026-04-20 05:00:00,P-311,Pompe centrifuge BP,pompe_centrifuge,10.232,18.183,55.582,10905.2,2965,67.7,D,danger,4.22,28.77,2.09,4.34,175.43,269.32,116.62,19.52,0.42228,0.10555,0.04717,180,3100,SKF 6312
2026-04-20 06:00:00,P-204,Pompe centrifuge HP,pompe_centrifuge,1.666,3.374,11.402,2237.1,2977,48.3,A,normal,3.54,3.93,1.63,2.77,177.13,269.42,118.09,19.7,0.11019,0.08145,0.05272,250,4200,SKF 6314
2026-04-20 06:00:00,C-118,Compresseur à vis,compresseur,3.164,5.326,16.617,3260.3,1484,61.3,B,normal,3.12,6.58,2.07,2.87,96.95,150.38,63.32,9.7,0.22387,0.11062,0.03875,500,6800,SKF 7314
2026-04-20 06:00:00,V-302,Ventilateur tirage,ventilateur,1.512,2.851,7.122,1397.3,983,44.9,A,normal,3.83,3.86,1.9,2.89,68.48,95.35,44.4,6.85,0.14683,0.09777,0.04915,75,1800,SKF 22216
2026-04-20 06:00:00,M-019,Moteur électrique 400kW,moteur_electrique,5.081,8.813,25.389,4981.3,1490,62.2,C,alerte,3.76,12.74,1.87,2.05,90.14,133.35,60.1,10.01,0.15226,0.05251,0.06884,400,5500,SKF 6320
2026-04-20 06:00:00,R-077,Réducteur convoyeur,reducteur,1.325,2.345,7.245,1421.5,722,43.4,A,normal,2.87,2.53,2.18,2.47,53.19,67.15,35.5,5.32,0.15173,0.07496,0.05327,55,950,SKF 2312
2026-04-20 06:00:00,P-311,Pompe centrifuge BP,pompe_centrifuge,8.858,16.262,49.496,9711.1,2963,66.8,D,danger,3.94,23.28,1.74,5.04,175.31,269.14,116.54,19.51,0.15205,0.04535,0.02843,180,3100,SKF 6312
2026-04-20 07:00:00,P-204,Pompe centrifuge HP,pompe_centrifuge,1.786,3.281,10.467,2053.6,2987,50.4,A,normal,3.42,4.08,2.08,3.28,177.73,270.32,118.48,19.76,0.12735,0.08268,0.04816,250,4200,SKF 6314
2026-04-20 07:00:00,C-118,Compresseur à vis,compresseur,3.069,5.738,16.703,3277.1,1485,61.5,B,normal,3.07,6.28,2.21,4.25,97.02,150.48,63.36,9.7,0.16402,0.08618,0.0437,500,6800,SKF 7314
2026-04-20 07:00:00,V-302,Ventilateur tirage,ventilateur,1.409,2.18,7.653,1501.5,974,42.3,A,normal,2.75,2.58,1.26,3.3,67.86,94.48,43.99,6.79,0.14968,0.07423,0.04599,75,1800,SKF 22216
2026-04-20 07:00:00,M-019,Moteur électrique 400kW,moteur_electrique,5.883,10.584,31.316,6144.2,1490,66.1,C,alerte,4.07,15.95,1.65,3.55,90.14,133.35,60.1,10.01,0.27857,0.1539,0.03837,400,5500,SKF 6320
2026-04-20 07:00:00,R-077,Réducteur convoyeur,reducteur,1.025,2.018,7.186,1409.9,720,42.1,A,normal,3.07,2.1,1.63,3.52,53.04,66.96,35.4,5.3,0.12148,0.08869,0.04931,55,950,SKF 2312
2026-04-20 07:00:00,P-311,Pompe centrifuge BP,pompe_centrifuge,9.137,16.165,48.344,9485.1,2959,67.8,D,danger,4.38,26.66,2.05,3.64,175.07,268.78,116.39,19.48,0.19794,0.06807,0.11186,180,3100,SKF 6312
2026-04-20 08:00:00,P-204,Pompe centrifuge HP,pompe_centrifuge,1.515,2.851,8.224,1613.5,2977,49.0,A,normal,3.24,3.27,1.57,2.74,177.13,269.42,118.09,19.7,0.1296,0.07758,0.0525,250,4200,SKF 6314
2026-04-20 08:00:00,C-118,Compresseur à vis,compresseur,2.133,3.358,9.384,1841.1,1486,58.2,A,normal,3.21,4.56,1.8,3.88,97.09,150.58,63.4,9.71,0.16716,0.10295,0.0516,500,6800,SKF 7314
2026-04-20 08:00:00,V-302,Ventilateur tirage,ventilateur,1.11,1.821,5.938,1165.0,982,42.5,A,normal,3.37,2.5,1.52,2.96,68.41,95.25,44.35,6.84,0.14477,0.07542,0.04915,75,1800,SKF 22216
2026-04-20 08:00:00,M-019,Moteur électrique 400kW,moteur_electrique,5.433,10.007,28.759,5642.5,1496,64.1,C,alerte,3.97,14.39,1.43,3.65,90.51,133.89,60.34,10.05,0.14943,0.0968,0.0416,400,5500,SKF 6320
2026-04-20 08:00:00,R-077,Réducteur convoyeur,reducteur,0.891,2.217,7.437,1459.1,722,42.6,A,normal,4.17,2.48,1.62,2.37,53.19,67.15,35.5,5.32,0.13913,0.08553,0.04901,55,950,SKF 2312
2026-04-20 08:00:00,P-311,Pompe centrifuge BP,pompe_centrifuge,7.828,13.896,41.779,8197.0,2951,63.0,D,danger,4.44,23.17,2.31,4.11,174.6,268.05,116.07,19.43,0.53789,0.05581,0.04676,180,3100,SKF 6312
2026-04-20 09:00:00,P-204,Pompe centrifuge HP,pompe_centrifuge,1.415,2.527,7.45,1461.7,2983,50.3,A,normal,3.93,3.71,1.81,2.6,177.49,269.96,118.33,19.74,0.12394,0.08693,0.04606,250,4200,SKF 6314
2026-04-20 09:00:00,C-118,Compresseur à vis,compresseur,3.192,5.662,16.757,3287.7,1477,61.3,B,normal,3.64,7.75,2.1,4.21,96.5,149.67,63.02,9.65,0.12729,0.09407,0.04829,500,6800,SKF 7314
2026-04-20 09:00:00,V-302,Ventilateur tirage,ventilateur,1.008,1.593,5.565,1091.9,975,39.2,A,normal,3.11,2.09,2.07,3.44,67.92,94.58,44.04,6.79,0.16356,0.07793,0.04823,75,1800,SKF 22216
2026-04-20 09:00:00,M-019,Moteur électrique 400kW,moteur_electrique,5.681,9.958,29.072,5703.9,1491,62.3,C,alerte,3.23,12.24,2.01,3.88,90.21,133.44,60.14,10.01,0.09257,0.0532,0.03531,400,5500,SKF 6320
2026-04-20 09:00:00,R-077,Réducteur convoyeur,reducteur,1.239,2.858,7.664,1503.7,722,43.3,A,normal,3.1,2.56,1.79,4.06,53.19,67.15,35.5,5.32,0.1386,0.0898,0.05323,55,950,SKF 2312
2026-04-20 09:00:00,P-311,Pompe centrifuge BP,pompe_centrifuge,6.535,11.546,35.025,6871.9,2962,56.8,C,alerte,3.81,16.62,2.16,3.91,175.25,269.05,116.51,19.5,0.19836,0.08525,0.03159,180,3100,SKF 6312
2026-04-20 10:00:00,P-204,Pompe centrifuge HP,pompe_centrifuge,1.302,2.517,7.495,1470.5,2984,48.2,A,normal,3.57,3.1,1.48,3.09,177.55,270.05,118.37,19.74,0.12131,0.09809,0.05202,250,4200,SKF 6314
2026-04-20 10:00:00,C-118,Compresseur à vis,compresseur,2.963,5.565,14.981,2939.3,1479,63.1,B,normal,3.07,6.06,2.0,2.81,96.63,149.87,63.1,9.66,0.19704,0.10124,0.06038,500,6800,SKF 7314
2026-04-20 10:00:00,V-302,Ventilateur tirage,ventilateur,1.149,2.263,7.645,1499.9,985,40.2,A,normal,2.84,2.17,1.6,4.0,68.62,95.55,44.49,6.86,0.13707,0.08314,0.05146,75,1800,SKF 22216
2026-04-20 10:00:00,M-019,Moteur électrique 400kW,moteur_electrique,6.265,11.186,34.329,6735.3,1492,62.8,C,alerte,4.07,17.01,2.31,3.02,90.27,133.53,60.18,10.02,0.20529,0.27841,0.02974,400,5500,SKF 6320
2026-04-20 10:00:00,R-077,Réducteur convoyeur,reducteur,0.767,1.11,3.586,703.6,726,42.0,A,normal,2.09,1.07,1.43,3.49,53.48,67.52,35.7,5.35,0.12584,0.07827,0.05376,55,950,SKF 2312
2026-04-20 10:00:00,P-311,Pompe centrifuge BP,pompe_centrifuge,10.178,17.999,55.466,10882.4,2956,67.8,D,danger,4.41,29.93,1.82,4.65,174.9,268.5,116.27,19.46,0.09384,0.255,0.04692,180,3100,SKF 6312
2026-04-20 11:00:00,P-204,Pompe centrifuge HP,pompe_centrifuge,1.578,3.123,8.937,1753.4,2973,47.0,A,normal,3.3,3.47,1.69,3.15,176.89,269.06,117.93,19.67,0.13885,0.0758,0.05357,250,4200,SKF 6314
2026-04-20 11:00:00,C-118,Compresseur à vis,compresseur,2.295,4.458,14.383,2821.9,1493,57.7,A,normal,3.6,5.5,1.56,2.65,97.54,151.29,63.7,9.75,0.15648,0.06492,0.03813,500,6800,SKF 7314
2026-04-20 11:00:00,V-302,Ventilateur tirage,ventilateur,1.535,2.728,8.846,1735.6,973,44.1,A,normal,3.58,3.67,1.8,2.9,67.79,94.38,43.95,6.78,0.1596,0.07732,0.04487,75,1800,SKF 22216
2026-04-20 11:00:00,M-019,Moteur électrique 400kW,moteur_electrique,5.75,10.465,31.204,6122.2,1502,61.9,C,alerte,3.79,14.53,1.7,4.0,90.87,134.43,60.58,10.09,0.15116,0.09764,0.04711,400,5500,SKF 6320
2026-04-20 11:00:00,R-077,Réducteur convoyeur,reducteur,0.913,1.483,4.07,798.5,715,41.2,A,normal,3.27,1.99,1.59,3.32,52.67,66.5,35.15,5.27,0.13519,0.07977,0.05133,55,950,SKF 2312
2026-04-20 11:00:00,P-311,Pompe centrifuge BP,pompe_centrifuge,9.767,17.241,51.119,10029.5,2965,69.0,D,danger,4.2,27.36,1.75,4.16,175.43,269.32,116.62,19.52,0.49603,0.10837,0.04772,180,3100,SKF 6312
2026-04-20 12:00:00,P-204,Pompe centrifuge HP,pompe_centrifuge,1.852,3.873,12.142,2382.3,2973,52.7,A,normal,3.05,3.77,2.0,4.56,176.89,269.06,117.93,19.67,0.16574,0.07932,0.04638,250,4200,SKF 6314
2026-04-20 12:00:00,C-118,Compresseur à vis,compresseur,3.297,6.011,18.8,3688.6,1479,61.1,B,normal,3.76,8.25,2.1,3.4,96.63,149.87,63.1,9.66,0.19977,0.06805,0.05377,500,6800,SKF 7314
2026-04-20 12:00:00,V-302,Ventilateur tirage,ventilateur,0.988,1.59,6.191,1214.7,983,42.5,A,normal,3.02,1.99,1.9,3.45,68.48,95.35,44.4,6.85,0.12117,0.09335,0.04887,75,1800,SKF 22216
2026-04-20 12:00:00,M-019,Moteur électrique 400kW,moteur_electrique,6.516,11.376,32.358,6348.6,1490,64.9,C,alerte,4.65,20.21,2.06,3.87,90.14,133.35,60.1,10.01,0.37563,0.17388,0.06104,400,5500,SKF 6320
2026-04-20 12:00:00,R-077,Réducteur convoyeur,reducteur,1.157,2.052,4.908,962.9,723,44.2,A,normal,2.69,2.07,1.83,2.89,53.26,67.24,35.55,5.33,0.13836,0.07737,0.05397,55,950,SKF 2312
2026-04-20 12:00:00,P-311,Pompe centrifuge BP,pompe_centrifuge,10.633,19.547,58.559,11489.3,2963,67.9,D,danger,4.57,32.37,2.3,4.72,175.31,269.14,116.54,19.51,0.37274,0.13397,0.04323,180,3100,SKF 6312
2026-04-20 13:00:00,P-204,Pompe centrifuge HP,pompe_centrifuge,0.791,1.728,5.269,1033.8,2980,49.5,A,normal,3.39,1.79,1.52,2.79,177.31,269.69,118.21,19.72,0.12325,0.0805,0.04941,250,4200,SKF 6314
2026-04-20 13:00:00,C-118,Compresseur à vis,compresseur,3.455,6.174,17.879,3507.9,1487,62.6,B,normal,3.26,7.52,2.0,3.29,97.15,150.68,63.45,9.72,0.14178,0.09684,0.04414,500,6800,SKF 7314
2026-04-20 13:00:00,V-302,Ventilateur tirage,ventilateur,0.862,1.536,5.527,1084.4,979,41.6,A,normal,3.65,2.1,1.86,4.19,68.2,94.96,44.22,6.82,0.14667,0.0978,0.05097,75,1800,SKF 22216
2026-04-20 13:00:00,M-019,Moteur électrique 400kW,moteur_electrique,4.554,8.65,25.266,4957.2,1497,61.3,C,alerte,3.19,9.67,1.77,4.51,90.57,133.98,60.38,10.05,0.15389,0.07746,0.04565,400,5500,SKF 6320
2026-04-20 13:00:00,R-077,Réducteur convoyeur,reducteur,1.408,2.636,8.64,1695.2,716,42.0,A,normal,3.05,2.86,1.97,4.36,52.75,66.59,35.2,5.27,0.10493,0.08435,0.05075,55,950,SKF 2312
2026-04-20 13:00:00,P-311,Pompe centrifuge BP,pompe_centrifuge,9.535,17.327,52.902,10379.4,2966,63.4,D,danger,3.95,25.14,1.74,4.31,175.49,269.41,116.66,19.53,0.04007,0.21487,0.0615,180,3100,SKF 6312
2026-04-20 14:00:00,P-204,Pompe centrifuge HP,pompe_centrifuge,1.49,2.52,7.556,1482.5,2975,48.1,A,normal,2.79,2.77,1.71,2.16,177.01,269.24,118.01,19.68,0.16196,0.07599,0.05758,250,4200,SKF 6314
2026-04-20 14:00:00,C-118,Compresseur à vis,compresseur,3.372,6.378,18.698,3668.5,1479,59.6,B,normal,4.18,9.41,1.91,4.09,96.63,149.87,63.1,9.66,0.0749,0.09977,0.04106,500,6800,SKF 7314
2026-04-20 14:00:00,V-302,Ventilateur tirage,ventilateur,0.747,1.778,4.942,969.6,986,42.5,A,normal,3.31,1.65,2.54,2.86,68.69,95.64,44.53,6.87,0.14547,0.08527,0.05298,75,1800,SKF 22216
2026-04-20 14:00:00,M-019,Moteur électrique 400kW,moteur_electrique,5.863,10.738,32.132,6304.3,1494,63.5,C,alerte,4.12,16.12,1.7,4.79,90.39,133.71,60.26,10.03,0.28882,0.13709,0.06642,400,5500,SKF 6320
2026-04-20 14:00:00,R-077,Réducteur convoyeur,reducteur,0.903,1.339,5.288,1037.5,714,40.6,A,normal,3.49,2.1,1.75,3.85,52.6,66.4,35.11,5.26,0.14105,0.08603,0.05387,55,950,SKF 2312
2026-04-20 14:00:00,P-311,Pompe centrifuge BP,pompe_centrifuge,9.985,18.008,54.282,10650.1,2952,68.5,D,danger,4.59,30.54,2.2,4.12,174.66,268.14,116.11,19.43,0.0272,0.085,0.04826,180,3100,SKF 6312
2026-04-20 15:00:00,P-204,Pompe centrifuge HP,pompe_centrifuge,1.693,2.667,7.975,1564.7,2978,50.3,A,normal,3.55,4.01,1.63,3.42,177.19,269.51,118.13,19.7,0.12666,0.08094,0.04841,250,4200,SKF 6314
2026-04-20 15:00:00,C-118,Compresseur à vis,compresseur,2.855,4.776,12.798,2511.0,1492,58.7,B,normal,3.25,6.19,1.77,3.61,97.48,151.19,63.66,9.75,0.1114,0.04863,0.057,500,6800,SKF 7314
2026-04-20 15:00:00,V-302,Ventilateur tirage,ventilateur,1.593,2.79,7.833,1536.8,980,46.6,A,normal,2.66,2.83,1.32,3.77,68.27,95.06,44.26,6.83,0.11054,0.08163,0.05164,75,1800,SKF 22216
2026-04-20 15:00:00,M-019,Moteur électrique 400kW,moteur_electrique,4.554,8.619,24.302,4768.1,1497,61.5,C,alerte,3.61,10.95,1.95,3.48,90.57,133.98,60.38,10.05,0.0964,0.07873,0.03681,400,5500,SKF 6320
2026-04-20 15:00:00,R-077,Réducteur convoyeur,reducteur,0.451,0.912,2.591,508.4,715,40.7,A,normal,2.89,0.87,1.81,3.42,52.67,66.5,35.15,5.27,0.13018,0.08374,0.04904,55,950,SKF 2312
2026-04-20 15:00:00,P-311,Pompe centrifuge BP,pompe_centrifuge,11.009,20.248,60.366,11843.8,2957,70.3,D,danger,5.21,38.25,2.35,4.4,174.96,268.59,116.31,19.47,0.30894,0.0635,0.04258,180,3100,SKF 6312
2026-04-20 16:00:00,P-204,Pompe centrifuge HP,pompe_centrifuge,1.203,2.124,7.562,1483.7,2983,47.6,A,normal,3.67,2.95,1.32,2.31,177.49,269.96,118.33,19.74,0.11959,0.08571,0.048,250,4200,SKF 6314
2026-04-20 16:00:00,C-118,Compresseur à vis,compresseur,2.636,4.699,11.863,2327.5,1480,62.4,B,normal,3.05,5.35,1.82,2.39,96.69,149.97,63.15,9.67,0.11276,0.08872,0.04678,500,6800,SKF 7314
2026-04-20 16:00:00,V-302,Ventilateur tirage,ventilateur,0.999,1.949,6.792,1332.6,978,41.8,A,normal,3.4,2.26,1.63,2.96,68.13,94.87,44.17,6.81,0.13979,0.08502,0.04751,75,1800,SKF 22216
2026-04-20 16:00:00,M-019,Moteur électrique 400kW,moteur_electrique,5.928,10.682,32.696,6415.0,1494,67.1,C,alerte,4.08,16.13,1.81,4.21,90.39,133.71,60.26,10.03,0.10213,0.03486,0.04884,400,5500,SKF 6320
2026-04-20 16:00:00,R-077,Réducteur convoyeur,reducteur,1.142,2.041,4.768,935.5,718,44.0,A,normal,3.71,2.82,1.6,3.46,52.89,66.77,35.3,5.29,0.12113,0.07805,0.04966,55,950,SKF 2312
2026-04-20 16:00:00,P-311,Pompe centrifuge BP,pompe_centrifuge,10.772,19.76,57.901,11360.2,2957,67.6,D,danger,4.28,30.76,1.51,4.55,174.96,268.59,116.31,19.47,0.50872,0.13383,0.05264,180,3100,SKF 6312
2026-04-20 17:00:00,P-204,Pompe centrifuge HP,pompe_centrifuge,1.183,2.151,6.248,1225.9,2978,48.7,A,normal,3.49,2.75,1.33,2.81,177.19,269.51,118.13,19.7,0.14996,0.07354,0.05067,250,4200,SKF 6314
2026-04-20 17:00:00,C-118,Compresseur à vis,compresseur,2.835,4.968,15.262,2994.4,1493,57.0,B,normal,3.05,5.76,1.58,2.59,97.54,151.29,63.7,9.75,0.1077,0.07371,0.05643,500,6800,SKF 7314
2026-04-20 17:00:00,V-302,Ventilateur tirage,ventilateur,1.014,1.701,4.458,874.7,983,44.8,A,normal,2.92,1.98,1.97,2.97,68.48,95.35,44.4,6.85,0.1461,0.08713,0.0517,75,1800,SKF 22216
2026-04-20 17:00:00,M-019,Moteur électrique 400kW,moteur_electrique,5.933,10.908,33.24,6521.7,1490,64.1,C,alerte,3.42,13.53,1.49,2.93,90.14,133.35,60.1,10.01,0.08455,0.0778,0.03687,400,5500,SKF 6320
2026-04-20 17:00:00,R-077,Réducteur convoyeur,reducteur,1.232,2.158,7.181,1408.9,714,41.7,A,normal,3.63,2.98,1.64,3.63,52.6,66.4,35.11,5.26,0.13952,0.08902,0.05128,55,950,SKF 2312
2026-04-20 17:00:00,P-311,Pompe centrifuge BP,pompe_centrifuge,9.221,16.019,47.586,9336.4,2963,65.0,D,danger,4.54,27.89,1.64,4.27,175.31,269.14,116.54,19.51,0.16112,0.08558,0.05414,180,3100,SKF 6312
2026-04-20 18:00:00,P-204,Pompe centrifuge HP,pompe_centrifuge,1.437,2.309,6.417,1259.0,2979,51.5,A,normal,3.11,2.98,1.57,3.19,177.25,269.6,118.17,19.71,0.14462,0.0777,0.0503,250,4200,SKF 6314
2026-04-20 18:00:00,C-118,Compresseur à vis,compresseur,3.567,6.597,19.554,3836.5,1487,63.1,B,normal,3.69,8.77,1.75,2.27,97.15,150.68,63.45,9.72,0.09016,0.12779,0.05186,500,6800,SKF 7314
2026-04-20 18:00:00,V-302,Ventilateur tirage,ventilateur,1.242,2.296,6.838,1341.6,973,43.5,A,normal,3.15,2.61,1.67,2.8,67.79,94.38,43.95,6.78,0.11714,0.08162,0.05034,75,1800,SKF 22216
2026-04-20 18:00:00,M-019,Moteur électrique 400kW,moteur_electrique,5.457,9.874,29.938,5873.8,1493,63.5,C,alerte,4.3,15.66,2.11,4.15,90.33,133.62,60.22,10.03,0.17873,0.07696,0.0565,400,5500,SKF 6320
2026-04-20 18:00:00,R-077,Réducteur convoyeur,reducteur,1.179,2.26,7.707,1512.1,722,43.6,A,normal,2.73,2.15,1.96,3.84,53.19,67.15,35.5,5.32,0.11888,0.08357,0.04805,55,950,SKF 2312
2026-04-20 18:00:00,P-311,Pompe centrifuge BP,pompe_centrifuge,8.182,14.345,43.097,8455.6,2967,62.5,D,danger,4.21,22.97,1.56,3.95,175.55,269.5,116.7,19.53,0.07229,0.20159,0.05515,180,3100,SKF 6312
2026-04-20 19:00:00,P-204,Pompe centrifuge HP,pompe_centrifuge,1.29,1.59,5.157,1011.8,2973,48.9,A,normal,3.88,3.34,2.22,3.59,176.89,269.06,117.93,19.67,0.14285,0.10168,0.05438,250,4200,SKF 6314
2026-04-20 19:00:00,C-118,Compresseur à vis,compresseur,2.996,5.303,15.591,3059.0,1483,62.7,B,normal,3.74,7.47,1.81,2.79,96.89,150.28,63.27,9.69,0.1153,0.07613,0.04739,500,6800,SKF 7314
2026-04-20 19:00:00,V-302,Ventilateur tirage,ventilateur,1.166,2.22,7.719,1514.5,992,42.7,A,normal,4.54,3.53,1.95,2.5,69.11,96.22,44.81,6.91,0.15247,0.08021,0.0472,75,1800,SKF 22216
2026-04-20 19:00:00,M-019,Moteur électrique 400kW,moteur_electrique,5.945,10.881,33.472,6567.2,1497,65.6,C,alerte,3.97,15.75,1.75,3.75,90.57,133.98,60.38,10.05,0.10499,0.05255,0.06795,400,5500,SKF 6320
2026-04-20 19:00:00,R-077,Réducteur convoyeur,reducteur,0.898,1.214,3.287,644.9,724,44.9,A,normal,3.23,1.93,1.56,2.8,53.33,67.33,35.6,5.33,0.13065,0.09405,0.04907,55,950,SKF 2312
2026-04-20 19:00:00,P-311,Pompe centrifuge BP,pompe_centrifuge,10.354,19.103,57.206,11223.8,2953,68.2,D,danger,3.88,26.8,1.96,4.76,174.72,268.23,116.15,19.44,0.41765,0.07336,0.03228,180,3100,SKF 6312
2026-04-20 20:00:00,P-204,Pompe centrifuge HP,pompe_centrifuge,1.754,3.477,11.214,2200.2,2980,51.7,A,normal,3.5,4.09,1.27,3.75,177.31,269.69,118.21,19.72,0.13582,0.09424,0.04505,250,4200,SKF 6314
2026-04-20 20:00:00,C-118,Compresseur à vis,compresseur,2.873,5.479,15.509,3042.9,1488,59.5,B,normal,3.77,7.23,1.39,3.23,97.22,150.78,63.49,9.72,0.1321,0.08081,0.04051,500,6800,SKF 7314
2026-04-20 20:00:00,V-302,Ventilateur tirage,ventilateur,0.983,1.891,7.216,1415.8,980,44.4,A,normal,3.0,1.96,2.08,3.51,68.27,95.06,44.26,6.83,0.1296,0.0857,0.05012,75,1800,SKF 22216
2026-04-20 20:00:00,M-019,Moteur électrique 400kW,moteur_electrique,4.219,7.844,22.978,4508.3,1487,60.2,B,normal,3.91,10.99,1.83,3.83,89.96,133.09,59.98,9.99,0.2937,0.06367,0.04835,400,5500,SKF 6320
2026-04-20 20:00:00,R-077,Réducteur convoyeur,reducteur,0.655,1.07,2.371,465.2,721,41.9,A,normal,3.58,1.56,1.39,2.73,53.11,67.05,35.45,5.31,0.13502,0.08744,0.04949,55,950,SKF 2312
2026-04-20 20:00:00,P-311,Pompe centrifuge BP,pompe_centrifuge,8.103,14.051,43.167,8469.4,2960,65.4,D,danger,4.07,22.0,1.67,4.47,175.13,268.87,116.43,19.49,0.20519,0.17026,0.0564,180,3100,SKF 6312
2026-04-20 21:00:00,P-204,Pompe centrifuge HP,pompe_centrifuge,1.53,2.752,8.307,1629.8,2982,49.3,A,normal,3.02,3.08,1.57,3.06,177.43,269.87,118.29,19.73,0.14838,0.09351,0.05243,250,4200,SKF 6314
2026-04-20 21:00:00,C-118,Compresseur à vis,compresseur,3.024,4.938,14.061,2758.8,1481,62.5,B,normal,3.45,6.96,2.1,3.97,96.76,150.07,63.19,9.68,0.12817,0.07105,0.03976,500,6800,SKF 7314
2026-04-20 21:00:00,V-302,Ventilateur tirage,ventilateur,0.948,1.942,6.359,1247.6,982,43.7,A,normal,3.89,2.46,1.71,4.04,68.41,95.25,44.35,6.84,0.13941,0.08158,0.04746,75,1800,SKF 22216
2026-04-20 21:00:00,M-019,Moteur électrique 400kW,moteur_electrique,6.081,11.001,31.53,6186.2,1496,65.0,C,alerte,3.69,14.96,1.75,3.8,90.51,133.89,60.34,10.05,0.05773,0.091,0.03214,400,5500,SKF 6320
2026-04-20 21:00:00,R-077,Réducteur convoyeur,reducteur,0.93,1.322,4.129,810.1,711,40.0,A,normal,3.43,2.13,1.92,2.5,52.38,66.12,34.96,5.24,0.14424,0.09046,0.05209,55,950,SKF 2312
2026-04-20 21:00:00,P-311,Pompe centrifuge BP,pompe_centrifuge,10.18,18.51,54.937,10778.6,2950,70.8,D,danger,4.89,33.2,1.63,5.1,174.54,267.96,116.03,19.42,0.11429,0.07599,0.03994,180,3100,SKF 6312
2026-04-20 22:00:00,P-204,Pompe centrifuge HP,pompe_centrifuge,0.966,2.059,6.606,1296.1,2988,48.2,A,normal,3.78,2.43,2.01,2.65,177.79,270.41,118.52,19.77,0.11604,0.09435,0.05161,250,4200,SKF 6314
2026-04-20 22:00:00,C-118,Compresseur à vis,compresseur,2.512,4.424,13.154,2580.8,1487,58.4,B,normal,4.06,6.8,1.64,2.79,97.15,150.68,63.45,9.72,0.19352,0.07044,0.03884,500,6800,SKF 7314
2026-04-20 22:00:00,V-302,Ventilateur tirage,ventilateur,1.046,1.954,6.789,1332.0,979,41.3,A,normal,3.47,2.42,2.02,2.65,68.2,94.96,44.22,6.82,0.13704,0.08068,0.0546,75,1800,SKF 22216
2026-04-20 22:00:00,M-019,Moteur électrique 400kW,moteur_electrique,5.702,10.116,29.289,5746.5,1488,62.6,C,alerte,4.44,16.89,1.59,2.9,90.02,133.18,60.02,9.99,0.08758,0.07383,0.03702,400,5500,SKF 6320
2026-04-20 22:00:00,R-077,Réducteur convoyeur,reducteur,1.249,2.35,8.073,1583.9,719,43.0,A,normal,3.53,2.94,1.9,3.25,52.97,66.87,35.35,5.3,0.15382,0.10265,0.04871,55,950,SKF 2312
2026-04-20 22:00:00,P-311,Pompe centrifuge BP,pompe_centrifuge,9.877,17.542,52.798,10359.0,2952,69.3,D,danger,3.93,25.85,1.73,5.21,174.66,268.14,116.11,19.43,0.49276,0.04596,0.00787,180,3100,SKF 6312
2026-04-20 23:00:00,P-204,Pompe centrifuge HP,pompe_centrifuge,1.308,2.21,6.422,1260.0,2975,47.1,A,normal,3.27,2.85,2.0,3.05,177.01,269.24,118.01,19.68,0.15616,0.09504,0.04664,250,4200,SKF 6314
2026-04-20 23:00:00,C-118,Compresseur à vis,compresseur,2.255,4.054,12.077,2369.5,1495,57.0,A,normal,3.62,5.44,2.27,3.06,97.67,151.49,63.79,9.77,0.16291,0.07066,0.04427,500,6800,SKF 7314
2026-04-20 23:00:00,V-302,Ventilateur tirage,ventilateur,0.996,2.356,6.948,1363.2,986,42.5,A,normal,3.45,2.29,1.92,3.65,68.69,95.64,44.53,6.87,0.12484,0.0832,0.04903,75,1800,SKF 22216
2026-04-20 23:00:00,M-019,Moteur électrique 400kW,moteur_electrique,5.033,9.225,26.377,5175.2,1493,60.0,C,alerte,3.46,11.62,1.52,3.51,90.33,133.62,60.22,10.03,0.21655,0.08494,0.03882,400,5500,SKF 6320
2026-04-20 23:00:00,R-077,Réducteur convoyeur,reducteur,0.1,-0.378,-2.423,-475.4,722,39.4,A,normal,2.53,0.17,1.28,2.08,53.19,67.15,35.5,5.32,0.13556,0.08228,0.04967,55,950,SKF 2312
2026-04-20 23:00:00,P-311,Pompe centrifuge BP,pompe_centrifuge,6.299,11.515,34.815,6830.7,2957,60.4,C,alerte,3.79,15.9,2.0,3.78,174.96,268.59,116.31,19.47,0.08425,0.0383,0.07243,180,3100,SKF 6312
2026-04-21 00:00:00,P-204,Pompe centrifuge HP,pompe_centrifuge,1.731,3.155,9.21,1807.0,2975,50.7,A,normal,3.28,3.78,1.54,2.7,177.01,269.24,118.01,19.68,0.14175,0.09533,0.06138,250,4200,SKF 6314
2026-04-21 00:00:00,C-118,Compresseur à vis,compresseur,2.944,5.55,17.327,3399.6,1478,61.6,B,normal,3.53,6.93,2.09,3.95,96.56,149.77,63.06,9.66,0.09548,0.08862,0.04093,500,6800,SKF 7314
2026-04-21 00:00:00,V-302,Ventilateur tirage,ventilateur,0.801,1.723,4.035,791.7,979,41.8,A,normal,3.45,1.84,1.32,3.97,68.2,94.96,44.22,6.82,0.13684,0.08206,0.05115,75,1800,SKF 22216
2026-04-21 00:00:00,M-019,Moteur électrique 400kW,moteur_electrique,6.285,11.605,33.932,6657.5,1488,66.0,C,alerte,3.5,14.68,2.34,4.7,90.02,133.18,60.02,9.99,0.1795,0.06639,0.02502,400,5500,SKF 6320
2026-04-21 00:00:00,R-077,Réducteur convoyeur,reducteur,0.946,2.136,5.431,1065.6,727,41.7,A,normal,3.81,2.41,1.43,3.93,53.56,67.61,35.74,5.36,0.14319,0.07959,0.04689,55,950,SKF 2312
2026-04-21 00:00:00,P-311,Pompe centrifuge BP,pompe_centrifuge,8.054,14.596,43.38,8511.2,2960,65.3,D,danger,4.31,23.12,1.96,3.36,175.13,268.87,116.43,19.49,0.08134,0.04571,0.06423,180,3100,SKF 6312
2026-04-21 01:00:00,P-204,Pompe centrifuge HP,pompe_centrifuge,0.893,1.413,4.635,909.4,2976,49.2,A,normal,3.26,1.94,1.67,3.36,177.07,269.33,118.05,19.69,0.13662,0.0827,0.04934,250,4200,SKF 6314
2026-04-21 01:00:00,C-118,Compresseur à vis,compresseur,2.927,5.301,15.103,2963.2,1491,56.1,B,normal,3.25,6.34,0.9,3.38,97.41,151.09,63.62,9.74,0.0978,0.10854,0.05709,500,6800,SKF 7314
2026-04-21 01:00:00,V-302,Ventilateur tirage,ventilateur,1.275,2.474,7.543,1479.9,980,43.4,A,normal,3.24,2.76,1.13,2.97,68.27,95.06,44.26,6.83,0.11466,0.06906,0.04964,75,1800,SKF 22216
2026-04-21 01:00:00,M-019,Moteur électrique 400kW,moteur_electrique,4.526,8.476,26.4,5179.7,1484,63.0,C,alerte,4.3,12.98,1.73,3.91,89.78,132.82,59.85,9.97,0.12111,0.083,0.03578,400,5500,SKF 6320
2026-04-21 01:00:00,R-077,Réducteur convoyeur,reducteur,0.926,1.47,4.441,871.3,723,40.2,A,normal,3.88,2.4,1.93,1.67,53.26,67.24,35.55,5.33,0.13359,0.07868,0.04905,55,950,SKF 2312
2026-04-21 01:00:00,P-311,Pompe centrifuge BP,pompe_centrifuge,9.698,17.921,54.479,10688.8,2969,70.6,D,danger,3.71,24.01,1.97,5.23,175.67,269.68,116.78,19.55,0.24164,0.17602,0.02692,180,3100,SKF 6312
2026-04-21 02:00:00,P-204,Pompe centrifuge HP,pompe_centrifuge,1.389,2.75,7.42,1455.8,2980,46.5,A,normal,3.27,3.02,1.81,2.44,177.31,269.69,118.21,19.72,0.15842,0.08012,0.04519,250,4200,SKF 6314
2026-04-21 02:00:00,C-118,Compresseur à vis,compresseur,2.727,5.125,14.755,2894.9,1494,57.7,B,normal,3.53,6.41,1.89,3.04,97.61,151.39,63.74,9.76,0.11355,0.09296,0.0552,500,6800,SKF 7314
2026-04-21 02:00:00,V-302,Ventilateur tirage,ventilateur,1.229,2.789,8.459,1659.7,981,45.0,A,normal,3.85,3.15,1.33,3.12,68.34,95.16,44.31,6.83,0.16316,0.08271,0.04876,75,1800,SKF 22216
2026-04-21 02:00:00,M-019,Moteur électrique 400kW,moteur_electrique,4.712,8.251,25.04,4912.8,1493,64.9,C,alerte,4.63,14.53,1.43,4.12,90.33,133.62,60.22,10.03,0.10339,0.10367,0.05091,400,5500,SKF 6320
2026-04-21 02:00:00,R-077,Réducteur convoyeur,reducteur,1.3,2.799,8.262,1621.0,722,43.7,A,normal,3.1,2.68,1.34,3.17,53.19,67.15,35.5,5.32,0.15917,0.07427,0.04631,55,950,SKF 2312
2026-04-21 02:00:00,P-311,Pompe centrifuge BP,pompe_centrifuge,7.131,12.488,37.808,7417.9,2966,61.2,D,danger,3.59,17.05,1.98,3.34,175.49,269.41,116.66,19.53,0.13763,0.23939,0.03803,180,3100,SKF 6312
2026-04-21 03:00:00,P-204,Pompe centrifuge HP,pompe_centrifuge,1.551,3.116,9.852,1933.0,2979,50.6,A,normal,3.56,3.68,1.83,3.67,177.25,269.6,118.17,19.71,0.15278,0.08844,0.0476,250,4200,SKF 6314
2026-04-21 03:00:00,C-118,Compresseur à vis,compresseur,3.487,5.953,18.166,3564.2,1481,60.1,B,normal,3.45,8.02,1.74,3.9,96.76,150.07,63.19,9.68,0.15766,0.0641,0.06762,500,6800,SKF 7314
2026-04-21 03:00:00,V-302,Ventilateur tirage,ventilateur,1.336,2.396,5.585,1095.8,978,43.4,A,normal,3.46,3.08,1.93,2.56,68.13,94.87,44.17,6.81,0.13043,0.08237,0.05205,75,1800,SKF 22216
2026-04-21 03:00:00,M-019,Moteur électrique 400kW,moteur_electrique,5.322,9.609,29.407,5769.7,1489,61.7,C,alerte,3.34,11.85,2.18,4.05,90.08,133.27,60.06,10.0,0.0878,0.09059,0.05003,400,5500,SKF 6320
2026-04-21 03:00:00,R-077,Réducteur convoyeur,reducteur,0.62,0.525,1.244,244.1,720,41.4,A,normal,2.98,1.23,2.36,2.78,53.04,66.96,35.4,5.3,0.14156,0.07435,0.04948,55,950,SKF 2312
2026-04-21 03:00:00,P-311,Pompe centrifuge BP,pompe_centrifuge,7.396,13.055,38.436,7541.1,2972,63.9,D,danger,4.16,20.5,1.83,3.77,175.84,269.96,116.9,19.57,0.19017,0.07606,0.07256,180,3100,SKF 6312
2026-04-21 04:00:00,P-204,Pompe centrifuge HP,pompe_centrifuge,1.441,1.797,5.493,1077.7,2989,49.4,A,normal,3.55,3.41,1.45,3.7,177.85,270.5,118.56,19.78,0.11028,0.09817,0.05305,250,4200,SKF 6314
2026-04-21 04:00:00,C-118,Compresseur à vis,compresseur,2.802,4.542,12.713,2494.3,1486,60.0,B,normal,3.48,6.49,1.96,3.74,97.09,150.58,63.4,9.71,0.13953,0.08619,0.05611,500,6800,SKF 7314
2026-04-21 04:00:00,V-302,Ventilateur tirage,ventilateur,0.615,0.977,2.667,523.3,974,41.5,A,normal,2.67,1.1,1.72,2.86,67.86,94.48,43.99,6.79,0.14291,0.08536,0.04754,75,1800,SKF 22216
2026-04-21 04:00:00,M-019,Moteur électrique 400kW,moteur_electrique,3.719,6.753,21.602,4238.3,1497,57.9,B,normal,4.2,10.4,2.26,4.59,90.57,133.98,60.38,10.05,0.16697,0.12528,0.05761,400,5500,SKF 6320
2026-04-21 04:00:00,R-077,Réducteur convoyeur,reducteur,0.958,1.671,6.931,1359.9,726,42.3,A,normal,3.62,2.32,1.63,3.19,53.48,67.52,35.7,5.35,0.13429,0.0814,0.05242,55,950,SKF 2312
2026-04-21 04:00:00,P-311,Pompe centrifuge BP,pompe_centrifuge,9.572,16.915,51.728,10149.0,2953,68.3,D,danger,4.61,29.41,1.47,4.95,174.72,268.23,116.15,19.44,0.06475,0.47986,0.0467,180,3100,SKF 6312
2026-04-21 05:00:00,P-204,Pompe centrifuge HP,pompe_centrifuge,1.795,3.576,9.34,1832.5,2977,52.8,A,normal,4.07,4.86,1.35,3.61,177.13,269.42,118.09,19.7,0.10903,0.07746,0.05373,250,4200,SKF 6314
2026-04-21 05:00:00,C-118,Compresseur à vis,compresseur,2.755,4.733,14.275,2800.8,1487,61.6,B,normal,3.65,6.7,1.66,3.1,97.15,150.68,63.45,9.72,0.16627,0.11973,0.04193,500,6800,SKF 7314
2026-04-21 05:00:00,V-302,Ventilateur tirage,ventilateur,1.564,3.209,9.095,1784.4,970,42.7,A,normal,3.9,4.06,2.24,3.33,67.58,94.09,43.81,6.76,0.13428,0.07109,0.04584,75,1800,SKF 22216
2026-04-21 05:00:00,M-019,Moteur électrique 400kW,moteur_electrique,5.097,9.367,29.49,5785.9,1495,62.6,C,alerte,4.06,13.8,2.22,3.39,90.45,133.8,60.3,10.04,0.16528,0.05593,0.02395,400,5500,SKF 6320
2026-04-21 05:00:00,R-077,Réducteur convoyeur,reducteur,1.421,2.804,9.105,1786.4,716,42.0,A,normal,2.8,2.65,1.62,3.41,52.75,66.59,35.2,5.27,0.15535,0.08708,0.04152,55,950,SKF 2312
2026-04-21 05:00:00,P-311,Pompe centrifuge BP,pompe_centrifuge,9.044,16.195,48.884,9591.0,2957,65.5,D,danger,3.98,23.97,1.91,4.41,174.96,268.59,116.31,19.47,0.04929,0.08384,0.05346,180,3100,SKF 6312
2026-04-21 06:00:00,P-204,Pompe centrifuge HP,pompe_centrifuge,1.206,2.471,6.363,1248.4,2984,51.2,A,normal,2.62,2.11,1.53,3.34,177.55,270.05,118.37,19.74,0.13309,0.08766,0.053,250,4200,SKF 6314
2026-04-21 06:00:00,C-118,Compresseur à vis,compresseur,3.177,5.203,17.105,3356.0,1488,62.3,B,normal,3.56,7.54,1.69,4.12,97.22,150.78,63.49,9.72,0.11679,0.08667,0.04233,500,6800,SKF 7314
2026-04-21 06:00:00,V-302,Ventilateur tirage,ventilateur,0.771,0.914,1.841,361.2,982,46.0,A,normal,3.51,1.81,1.65,3.4,68.41,95.25,44.35,6.84,0.14175,0.08247,0.04817,75,1800,SKF 22216
2026-04-21 06:00:00,M-019,Moteur électrique 400kW,moteur_electrique,5.811,10.814,35.125,6891.5,1492,64.9,C,alerte,4.62,17.89,1.36,3.74,90.27,133.53,60.18,10.02,0.13614,0.13245,0.07441,400,5500,SKF 6320
2026-04-21 06:00:00,R-077,Réducteur convoyeur,reducteur,1.136,2.116,5.911,1159.7,721,41.3,A,normal,3.04,2.3,1.88,3.73,53.11,67.05,35.45,5.31,0.12129,0.08418,0.04871,55,950,SKF 2312
2026-04-21 06:00:00,P-311,Pompe centrifuge BP,pompe_centrifuge,9.161,16.13,47.695,9357.8,2963,67.2,D,danger,4.32,26.38,1.66,4.23,175.31,269.14,116.54,19.51,0.13164,0.17548,0.10143,180,3100,SKF 6312
2026-04-21 07:00:00,P-204,Pompe centrifuge HP,pompe_centrifuge,1.468,2.949,9.18,1801.1,2987,49.5,A,normal,3.46,3.38,1.79,3.12,177.73,270.32,118.48,19.76,0.12886,0.08723,0.04143,250,4200,SKF 6314
2026-04-21 07:00:00,C-118,Compresseur à vis,compresseur,3.467,6.334,19.335,3793.5,1488,60.7,B,normal,3.9,9.01,2.04,3.52,97.22,150.78,63.49,9.72,0.08804,0.10169,0.04369,500,6800,SKF 7314
2026-04-21 07:00:00,V-302,Ventilateur tirage,ventilateur,1.12,2.15,6.353,1246.5,983,42.8,A,normal,4.08,3.05,1.26,2.8,68.48,95.35,44.4,6.85,0.14599,0.07515,0.05037,75,1800,SKF 22216
2026-04-21 07:00:00,M-019,Moteur électrique 400kW,moteur_electrique,4.749,8.573,25.28,4959.9,1482,65.5,C,alerte,3.28,10.38,1.89,2.6,89.66,132.64,59.77,9.95,0.14844,0.09568,0.03583,400,5500,SKF 6320
2026-04-21 07:00:00,R-077,Réducteur convoyeur,reducteur,1.372,2.372,8.338,1635.9,728,42.5,A,normal,3.33,3.05,1.79,3.28,53.63,67.7,35.79,5.36,0.1533,0.08238,0.05144,55,950,SKF 2312
2026-04-21 07:00:00,P-311,Pompe centrifuge BP,pompe_centrifuge,7.348,12.825,39.198,7690.6,2971,61.2,D,danger,3.45,16.91,1.38,4.07,175.78,269.87,116.86,19.56,0.27905,0.11117,0.04143,180,3100,SKF 6312
2026-04-21 08:00:00,P-204,Pompe centrifuge HP,pompe_centrifuge,1.554,2.842,9.538,1871.4,2982,50.5,A,normal,2.88,2.98,1.6,3.05,177.43,269.87,118.29,19.73,0.13027,0.06845,0.05262,250,4200,SKF 6314
2026-04-21 08:00:00,C-118,Compresseur à vis,compresseur,3.51,6.66,19.851,3894.8,1485,62.4,B,normal,3.41,7.98,1.07,4.43,97.02,150.48,63.36,9.7,0.16232,0.06638,0.06223,500,6800,SKF 7314
2026-04-21 08:00:00,V-302,Ventilateur tirage,ventilateur,1.031,1.873,5.888,1155.2,975,42.9,A,normal,3.19,2.2,1.99,2.86,67.92,94.58,44.04,6.79,0.15101,0.07675,0.04908,75,1800,SKF 22216
2026-04-21 08:00:00,M-019,Moteur électrique 400kW,moteur_electrique,5.476,10.086,30.374,5959.4,1495,63.1,C,alerte,4.24,15.47,2.47,4.01,90.45,133.8,60.3,10.04,0.16185,0.10804,0.04444,400,5500,SKF 6320
2026-04-21 08:00:00,R-077,Réducteur convoyeur,reducteur,0.961,1.357,4.889,959.2,721,42.2,A,normal,3.33,2.13,1.97,2.77,53.11,67.05,35.45,5.31,0.1329,0.0759,0.04907,55,950,SKF 2312
2026-04-21 08:00:00,P-311,Pompe centrifuge BP,pompe_centrifuge,10.523,18.904,57.704,11321.5,2965,69.7,D,danger,4.92,34.53,2.01,3.65,175.43,269.32,116.62,19.52,0.1711,0.17445,0.18484,180,3100,SKF 6312
2026-04-21 09:00:00,P-204,Pompe centrifuge HP,pompe_centrifuge,1.581,3.07,8.89,1744.2,2983,46.5,A,normal,2.96,3.12,1.88,3.21,177.49,269.96,118.33,19.74,0.1182,0.06561,0.05021,250,4200,SKF 6314
2026-04-21 09:00:00,C-118,Compresseur à vis,compresseur,2.019,3.945,11.761,2307.5,1492,59.6,A,normal,2.91,3.92,2.33,2.94,97.48,151.19,63.66,9.75,0.15972,0.09108,0.04733,500,6800,SKF 7314
2026-04-21 09:00:00,V-302,Ventilateur tirage,ventilateur,0.835,1.777,6.261,1228.4,976,42.3,A,normal,3.04,1.69,2.26,3.52,67.99,94.67,44.08,6.8,0.14102,0.08396,0.05,75,1800,SKF 22216
2026-04-21 09:00:00,M-019,Moteur électrique 400kW,moteur_electrique,7.212,13.168,38.084,7472.1,1488,69.5,D,danger,3.85,18.49,1.67,3.84,90.02,133.18,60.02,9.99,0.14591,0.17906,0.0823,400,5500,SKF 6320
2026-04-21 09:00:00,R-077,Réducteur convoyeur,reducteur,1.076,1.875,5.963,1169.9,724,41.2,A,normal,3.09,2.22,1.78,3.25,53.33,67.33,35.6,5.33,0.14153,0.07219,0.05094,55,950,SKF 2312
2026-04-21 09:00:00,P-311,Pompe centrifuge BP,pompe_centrifuge,7.399,13.756,41.61,8163.9,2961,59.9,D,danger,4.01,19.77,2.14,4.49,175.19,268.96,116.47,19.49,0.10179,0.08415,0.01705,180,3100,SKF 6312
2026-04-21 10:00:00,P-204,Pompe centrifuge HP,pompe_centrifuge,1.157,2.123,7.157,1404.2,2980,50.0,A,normal,3.45,2.66,1.81,3.77,177.31,269.69,118.21,19.72,0.12856,0.08716,0.05181,250,4200,SKF 6314
2026-04-21 10:00:00,C-118,Compresseur à vis,compresseur,3.161,5.604,16.884,3312.6,1485,60.1,B,normal,3.88,8.18,1.95,3.16,97.02,150.48,63.36,9.7,0.10401,0.05716,0.05695,500,6800,SKF 7314
2026-04-21 10:00:00,V-302,Ventilateur tirage,ventilateur,1.116,1.716,4.083,801.1,983,42.0,A,normal,3.74,2.79,2.01,4.19,68.48,95.35,44.4,6.85,0.13886,0.09667,0.05201,75,1800,SKF 22216
2026-04-21 10:00:00,M-019,Moteur électrique 400kW,moteur_electrique,4.459,7.891,23.666,4643.3,1492,62.6,B,normal,4.25,12.62,2.16,2.93,90.27,133.53,60.18,10.02,0.05414,0.16936,0.038,400,5500,SKF 6320
2026-04-21 10:00:00,R-077,Réducteur convoyeur,reducteur,1.215,1.995,6.666,1307.9,721,44.3,A,normal,2.97,2.4,1.8,3.65,53.11,67.05,35.45,5.31,0.13739,0.09165,0.0478,55,950,SKF 2312
2026-04-21 10:00:00,P-311,Pompe centrifuge BP,pompe_centrifuge,9.497,17.072,50.776,9962.3,2955,66.9,D,danger,4.18,26.46,2.3,4.81,174.84,268.41,116.23,19.45,0.05343,0.07292,0.0553,180,3100,SKF 6312
2026-04-21 11:00:00,P-204,Pompe centrifuge HP,pompe_centrifuge,1.486,2.698,7.465,1464.6,2987,50.8,A,normal,3.55,3.52,1.93,3.68,177.73,270.32,118.48,19.76,0.12115,0.07574,0.04914,250,4200,SKF 6314
2026-04-21 11:00:00,C-118,Compresseur à vis,compresseur,3.141,5.272,15.768,3093.7,1481,59.6,B,normal,3.24,6.78,1.27,3.81,96.76,150.07,63.19,9.68,0.13928,0.09736,0.04497,500,6800,SKF 7314
2026-04-21 11:00:00,V-302,Ventilateur tirage,ventilateur,1.13,1.765,5.249,1029.9,974,42.5,A,normal,3.18,2.39,1.99,3.57,67.86,94.48,43.99,6.79,0.13238,0.08254,0.04836,75,1800,SKF 22216
2026-04-21 11:00:00,M-019,Moteur électrique 400kW,moteur_electrique,5.675,10.336,31.795,6238.2,1490,61.7,C,alerte,3.48,13.17,1.74,2.84,90.14,133.35,60.1,10.01,0.09543,0.0695,0.05194,400,5500,SKF 6320
2026-04-21 11:00:00,R-077,Réducteur convoyeur,reducteur,0.869,1.234,3.887,762.6,711,43.3,A,normal,3.42,1.98,1.16,2.68,52.38,66.12,34.96,5.24,0.1324,0.08001,0.05202,55,950,SKF 2312
2026-04-21 11:00:00,P-311,Pompe centrifuge BP,pompe_centrifuge,10.533,18.946,57.342,11250.5,2947,68.9,D,danger,4.43,31.14,1.92,4.74,174.36,267.69,115.92,19.4,0.09446,0.13389,0.11992,180,3100,SKF 6312
2026-04-21 12:00:00,P-204,Pompe centrifuge HP,pompe_centrifuge,2.075,3.855,10.83,2124.8,2979,49.4,A,normal,3.16,4.37,1.65,4.16,177.25,269.6,118.17,19.71,0.18183,0.06962,0.04574,250,4200,SKF 6314
2026-04-21 12:00:00,C-118,Compresseur à vis,compresseur,3.202,6.115,18.973,3722.5,1480,60.9,B,normal,2.88,6.16,2.26,3.44,96.69,149.97,63.15,9.67,0.1421,0.0977,0.04629,500,6800,SKF 7314
2026-04-21 12:00:00,V-302,Ventilateur tirage,ventilateur,1.075,1.849,5.62,1102.6,977,42.4,A,normal,3.92,2.81,1.69,2.73,68.06,94.77,44.13,6.81,0.13964,0.07596,0.05004,75,1800,SKF 22216
2026-04-21 12:00:00,M-019,Moteur électrique 400kW,moteur_electrique,5.705,10.506,32.154,6308.6,1493,63.8,C,alerte,4.22,16.07,1.61,3.77,90.33,133.62,60.22,10.03,0.04048,0.11314,0.03209,400,5500,SKF 6320
2026-04-21 12:00:00,R-077,Réducteur convoyeur,reducteur,0.936,1.242,4.696,921.4,715,41.3,A,normal,3.55,2.22,1.21,3.26,52.67,66.5,35.15,5.27,0.14269,0.08116,0.05031,55,950,SKF 2312
2026-04-21 12:00:00,P-311,Pompe centrifuge BP,pompe_centrifuge,8.751,15.781,48.32,9480.4,2958,66.1,D,danger,4.9,28.59,1.95,3.85,175.01,268.69,116.35,19.47,0.49766,0.0552,0.05639,180,3100,SKF 6312
2026-04-21 13:00:00,P-204,Pompe centrifuge HP,pompe_centrifuge,1.649,2.821,8.939,1753.8,2982,49.8,A,normal,3.15,3.46,2.2,3.62,177.43,269.87,118.29,19.73,0.1161,0.09169,0.05078,250,4200,SKF 6314
2026-04-21 13:00:00,C-118,Compresseur à vis,compresseur,3.881,7.175,20.99,4118.2,1486,62.6,B,normal,4.06,10.49,2.23,3.19,97.09,150.58,63.4,9.71,0.07294,0.08697,0.08398,500,6800,SKF 7314
2026-04-21 13:00:00,V-302,Ventilateur tirage,ventilateur,1.173,1.345,3.02,592.5,977,41.8,A,normal,3.19,2.5,1.63,4.2,68.06,94.77,44.13,6.81,0.12855,0.08946,0.04884,75,1800,SKF 22216
2026-04-21 13:00:00,M-019,Moteur électrique 400kW,moteur_electrique,5.52,9.926,29.184,5725.9,1490,65.5,C,alerte,3.57,13.15,1.2,4.34,90.14,133.35,60.1,10.01,0.10343,0.07439,0.07587,400,5500,SKF 6320
2026-04-21 13:00:00,R-077,Réducteur convoyeur,reducteur,1.147,2.051,6.572,1289.4,722,42.8,A,normal,3.39,2.59,1.65,3.93,53.19,67.15,35.5,5.32,0.13548,0.0888,0.04607,55,950,SKF 2312
2026-04-21 13:00:00,P-311,Pompe centrifuge BP,pompe_centrifuge,9.434,16.397,49.755,9761.9,2952,67.6,D,danger,4.92,30.96,1.7,4.37,174.66,268.14,116.11,19.43,0.16685,0.26994,0.04156,180,3100,SKF 6312
2026-04-21 14:00:00,P-204,Pompe centrifuge HP,pompe_centrifuge,1.457,2.286,6.255,1227.2,2981,52.1,A,normal,3.56,3.46,1.95,4.12,177.37,269.78,118.25,19.72,0.14157,0.08241,0.05207,250,4200,SKF 6314
2026-04-21 14:00:00,C-118,Compresseur à vis,compresseur,3.397,6.079,17.073,3349.7,1495,61.5,B,normal,3.3,7.47,1.41,3.13,97.67,151.49,63.79,9.77,0.16604,0.1124,0.04075,500,6800,SKF 7314
2026-04-21 14:00:00,V-302,Ventilateur tirage,ventilateur,0.438,1.214,4.124,809.1,982,38.2,A,normal,3.81,1.11,1.48,2.81,68.41,95.25,44.35,6.84,0.13448,0.08227,0.05047,75,1800,SKF 22216
2026-04-21 14:00:00,M-019,Moteur électrique 400kW,moteur_electrique,5.637,10.17,31.727,6224.8,1486,64.8,C,alerte,3.96,14.87,1.37,2.7,89.9,133.0,59.94,9.98,0.1586,0.07211,0.05518,400,5500,SKF 6320
2026-04-21 14:00:00,R-077,Réducteur convoyeur,reducteur,1.249,2.329,6.815,1337.1,719,41.3,A,normal,3.69,3.07,1.87,2.14,52.97,66.87,35.35,5.3,0.14351,0.0793,0.05107,55,950,SKF 2312
2026-04-21 14:00:00,P-311,Pompe centrifuge BP,pompe_centrifuge,6.703,12.331,38.844,7621.2,2957,58.8,C,alerte,4.54,20.31,2.06,4.16,174.96,268.59,116.31,19.47,0.15074,0.05972,0.04503,180,3100,SKF 6312
2026-04-21 15:00:00,P-204,Pompe centrifuge HP,pompe_centrifuge,1.517,2.905,8.284,1625.3,2982,49.3,A,normal,3.94,3.99,1.84,3.37,177.43,269.87,118.29,19.73,0.14016,0.08593,0.05169,250,4200,SKF 6314
2026-04-21 15:00:00,C-118,Compresseur à vis,compresseur,2.175,4.126,11.886,2332.0,1480,60.0,A,normal,3.01,4.37,1.65,2.84,96.69,149.97,63.15,9.67,0.12225,0.08169,0.04089,500,6800,SKF 7314
2026-04-21 15:00:00,V-302,Ventilateur tirage,ventilateur,1.179,1.755,7.256,1423.6,976,42.4,A,normal,2.99,2.35,1.07,3.45,67.99,94.67,44.08,6.8,0.13679,0.08289,0.04871,75,1800,SKF 22216
2026-04-21 15:00:00,M-019,Moteur électrique 400kW,moteur_electrique,6.259,11.437,35.455,6956.3,1488,67.0,C,alerte,4.08,17.03,1.38,3.68,90.02,133.18,60.02,9.99,0.09903,0.12267,0.05298,400,5500,SKF 6320
2026-04-21 15:00:00,R-077,Réducteur convoyeur,reducteur,1.413,2.529,6.685,1311.6,720,42.4,A,normal,3.1,2.92,1.96,3.58,53.04,66.96,35.4,5.3,0.14324,0.07892,0.05768,55,950,SKF 2312
2026-04-21 15:00:00,P-311,Pompe centrifuge BP,pompe_centrifuge,9.581,16.975,50.22,9853.2,2962,66.9,D,danger,5.12,32.7,1.92,5.19,175.25,269.05,116.51,19.5,0.04808,0.0468,0.04854,180,3100,SKF 6312
2026-04-21 16:00:00,P-204,Pompe centrifuge HP,pompe_centrifuge,1.496,2.528,8.423,1652.6,2974,45.2,A,normal,3.82,3.81,2.07,3.07,176.95,269.15,117.97,19.68,0.14026,0.08589,0.044,250,4200,SKF 6314
2026-04-21 16:00:00,C-118,Compresseur à vis,compresseur,2.545,4.832,14.747,2893.4,1487,58.0,B,normal,3.28,5.56,1.91,3.68,97.15,150.68,63.45,9.72,0.18633,0.11479,0.05132,500,6800,SKF 7314
2026-04-21 16:00:00,V-302,Ventilateur tirage,ventilateur,1.028,1.705,4.499,882.7,985,44.1,A,normal,3.17,2.17,2.0,3.35,68.62,95.55,44.49,6.86,0.14227,0.07948,0.05448,75,1800,SKF 22216
2026-04-21 16:00:00,M-019,Moteur électrique 400kW,moteur_electrique,4.004,6.941,20.882,4097.0,1483,62.1,B,normal,3.88,10.36,1.61,4.54,89.72,132.73,59.81,9.96,0.1307,0.0646,0.05939,400,5500,SKF 6320
2026-04-21 16:00:00,R-077,Réducteur convoyeur,reducteur,0.977,1.838,4.557,894.1,724,41.8,A,normal,2.39,1.55,1.9,3.54,53.33,67.33,35.6,5.33,0.13798,0.08362,0.04852,55,950,SKF 2312
2026-04-21 16:00:00,P-311,Pompe centrifuge BP,pompe_centrifuge,9.348,16.586,50.602,9928.1,2965,66.9,D,danger,4.66,29.05,2.03,5.07,175.43,269.32,116.62,19.52,0.05668,0.20824,0.02557,180,3100,SKF 6312
2026-04-21 17:00:00,P-204,Pompe centrifuge HP,pompe_centrifuge,1.64,3.02,9.323,1829.2,2973,48.2,A,normal,3.4,3.71,1.89,3.01,176.89,269.06,117.93,19.67,0.12393,0.0687,0.05249,250,4200,SKF 6314
2026-04-21 17:00:00,C-118,Compresseur à vis,compresseur,3.512,6.449,20.326,3988.0,1483,63.7,B,normal,2.85,6.68,1.94,4.17,96.89,150.28,63.27,9.69,0.19645,0.08624,0.05322,500,6800,SKF 7314
2026-04-21 17:00:00,V-302,Ventilateur tirage,ventilateur,1.618,2.804,9.037,1773.1,975,41.0,A,normal,2.65,2.86,1.34,1.97,67.92,94.58,44.04,6.79,0.12456,0.07786,0.04787,75,1800,SKF 22216
2026-04-21 17:00:00,M-019,Moteur électrique 400kW,moteur_electrique,5.729,10.237,31.214,6124.2,1485,64.9,C,alerte,4.19,15.99,2.32,3.53,89.84,132.91,59.89,9.97,0.05974,0.05575,0.0383,400,5500,SKF 6320
2026-04-21 17:00:00,R-077,Réducteur convoyeur,reducteur,1.125,2.351,6.222,1220.8,721,42.2,A,normal,3.08,2.31,1.29,2.83,53.11,67.05,35.45,5.31,0.12372,0.08809,0.05442,55,950,SKF 2312
2026-04-21 17:00:00,P-311,Pompe centrifuge BP,pompe_centrifuge,8.879,15.938,47.932,9404.3,2963,68.1,D,danger,4.03,23.83,1.5,4.09,175.31,269.14,116.54,19.51,0.02956,0.04459,0.09204,180,3100,SKF 6312
2026-04-21 18:00:00,P-204,Pompe centrifuge HP,pompe_centrifuge,1.548,3.241,9.554,1874.5,2983,50.8,A,normal,3.4,3.5,1.6,2.23,177.49,269.96,118.33,19.74,0.14005,0.07592,0.04755,250,4200,SKF 6314
2026-04-21 18:00:00,C-118,Compresseur à vis,compresseur,3.115,5.797,16.986,3332.7,1492,62.5,B,normal,2.68,5.57,1.99,2.91,97.48,151.19,63.66,9.75,0.10092,0.09682,0.04225,500,6800,SKF 7314
2026-04-21 18:00:00,V-302,Ventilateur tirage,ventilateur,1.161,2.023,6.197,1215.9,983,43.5,A,normal,3.43,2.65,1.25,3.96,68.48,95.35,44.4,6.85,0.13694,0.08146,0.04896,75,1800,SKF 22216
2026-04-21 18:00:00,M-019,Moteur électrique 400kW,moteur_electrique,6.581,11.488,34.194,6708.9,1485,68.4,C,alerte,4.54,19.92,2.13,4.41,89.84,132.91,59.89,9.97,0.26197,0.06445,0.06466,400,5500,SKF 6320
2026-04-21 18:00:00,R-077,Réducteur convoyeur,reducteur,1.438,2.391,7.374,1446.8,717,45.1,A,normal,3.67,3.52,2.14,3.06,52.82,66.68,35.25,5.28,0.15628,0.08654,0.05204,55,950,SKF 2312
2026-04-21 18:00:00,P-311,Pompe centrifuge BP,pompe_centrifuge,9.256,15.935,46.685,9159.6,2959,68.3,D,danger,3.66,22.59,1.95,4.47,175.07,268.78,116.39,19.48,0.06985,0.02807,0.06189,180,3100,SKF 6312
2026-04-21 19:00:00,P-204,Pompe centrifuge HP,pompe_centrifuge,1.628,2.519,8.963,1758.5,2992,49.1,A,normal,3.7,4.01,1.54,3.77,178.02,270.78,118.68,19.8,0.16764,0.10132,0.04736,250,4200,SKF 6314
2026-04-21 19:00:00,C-118,Compresseur à vis,compresseur,2.928,5.591,16.613,3259.5,1481,59.5,B,normal,3.69,7.21,1.89,2.17,96.76,150.07,63.19,9.68,0.10782,0.09515,0.04425,500,6800,SKF 7314
2026-04-21 19:00:00,V-302,Ventilateur tirage,ventilateur,1.059,2.521,6.074,1191.7,979,40.8,A,normal,3.88,2.74,1.53,4.18,68.2,94.96,44.22,6.82,0.12827,0.08213,0.04988,75,1800,SKF 22216
2026-04-21 19:00:00,M-019,Moteur électrique 400kW,moteur_electrique,5.082,9.171,28.218,5536.4,1493,63.7,C,alerte,3.47,11.76,2.05,3.12,90.33,133.62,60.22,10.03,0.10323,0.10886,0.05828,400,5500,SKF 6320
2026-04-21 19:00:00,R-077,Réducteur convoyeur,reducteur,0.745,1.597,5.284,1036.7,714,39.2,A,normal,3.0,1.49,1.65,4.52,52.6,66.4,35.11,5.26,0.13088,0.08818,0.05092,55,950,SKF 2312
2026-04-21 19:00:00,P-311,Pompe centrifuge BP,pompe_centrifuge,8.899,16.325,48.779,9570.4,2951,66.3,D,danger,4.35,25.79,1.65,4.53,174.6,268.05,116.07,19.43,0.21024,0.06416,0.06472,180,3100,SKF 6312
2026-04-21 20:00:00,P-204,Pompe centrifuge HP,pompe_centrifuge,1.812,2.796,7.688,1508.4,2980,51.1,A,normal,2.8,3.38,1.91,3.64,177.31,269.69,118.21,19.72,0.11702,0.10607,0.04442,250,4200,SKF 6314
2026-04-21 20:00:00,C-118,Compresseur à vis,compresseur,3.019,5.395,15.843,3108.4,1478,61.5,B,normal,3.61,7.27,1.94,3.36,96.56,149.77,63.06,9.66,0.17682,0.06528,0.05286,500,6800,SKF 7314
2026-04-21 20:00:00,V-302,Ventilateur tirage,ventilateur,1.232,2.104,6.521,1279.4,981,42.5,A,normal,3.68,3.02,1.34,2.96,68.34,95.16,44.31,6.83,0.13124,0.10092,0.05225,75,1800,SKF 22216
2026-04-21 20:00:00,M-019,Moteur électrique 400kW,moteur_electrique,5.977,10.552,31.626,6205.0,1475,63.6,C,alerte,3.94,15.69,1.66,3.97,89.24,132.01,59.49,9.91,0.09824,0.05188,0.04438,400,5500,SKF 6320
2026-04-21 20:00:00,R-077,Réducteur convoyeur,reducteur,1.24,2.052,7.755,1521.5,721,42.7,A,normal,2.78,2.3,1.81,2.61,53.11,67.05,35.45,5.31,0.13268,0.08323,0.05601,55,950,SKF 2312
2026-04-21 20:00:00,P-311,Pompe centrifuge BP,pompe_centrifuge,10.316,18.751,56.72,11128.5,2963,70.3,D,danger,4.35,29.9,1.49,5.3,175.31,269.14,116.54,19.51,0.07091,0.03859,0.0615,180,3100,SKF 6312
2026-04-21 21:00:00,P-204,Pompe centrifuge HP,pompe_centrifuge,1.731,2.413,8.139,1596.9,2979,49.1,A,normal,3.93,4.53,1.34,2.87,177.25,269.6,118.17,19.71,0.12584,0.07809,0.05491,250,4200,SKF 6314
2026-04-21 21:00:00,C-118,Compresseur à vis,compresseur,3.139,6.044,18.906,3709.4,1489,60.2,B,normal,4.34,9.08,2.01,3.96,97.28,150.89,63.53,9.73,0.13078,0.08939,0.05044,500,6800,SKF 7314
2026-04-21 21:00:00,V-302,Ventilateur tirage,ventilateur,0.824,1.493,4.247,833.3,987,44.2,A,normal,3.32,1.82,2.17,3.45,68.76,95.74,44.58,6.88,0.12205,0.09039,0.04778,75,1800,SKF 22216
2026-04-21 21:00:00,M-019,Moteur électrique 400kW,moteur_electrique,5.564,9.511,29.343,5757.1,1492,63.1,C,alerte,3.45,12.79,1.73,4.08,90.27,133.53,60.18,10.02,0.37191,0.05052,0.05014,400,5500,SKF 6320
2026-04-21 21:00:00,R-077,Réducteur convoyeur,reducteur,0.971,2.276,5.718,1121.9,723,39.3,A,normal,2.75,1.78,1.78,3.7,53.26,67.24,35.55,5.33,0.14134,0.08151,0.05639,55,950,SKF 2312
2026-04-21 21:00:00,P-311,Pompe centrifuge BP,pompe_centrifuge,11.917,21.862,65.724,12895.0,2963,75.7,D,danger,4.71,37.42,2.21,4.4,175.31,269.14,116.54,19.51,0.03249,0.12212,0.0412,180,3100,SKF 6312
2026-04-21 22:00:00,P-204,Pompe centrifuge HP,pompe_centrifuge,1.679,3.154,9.111,1787.6,2985,47.3,A,normal,3.47,3.89,1.78,2.26,177.61,270.14,118.41,19.75,0.16554,0.07684,0.04831,250,4200,SKF 6314
2026-04-21 22:00:00,C-118,Compresseur à vis,compresseur,2.87,5.191,15.216,2985.4,1496,61.6,B,normal,3.36,6.44,1.61,3.36,97.74,151.59,63.83,9.77,0.17926,0.08043,0.04778,500,6800,SKF 7314
2026-04-21 22:00:00,V-302,Ventilateur tirage,ventilateur,1.19,2.083,6.944,1362.4,985,43.2,A,normal,3.01,2.39,1.74,2.49,68.62,95.55,44.49,6.86,0.13973,0.08665,0.04892,75,1800,SKF 22216
2026-04-21 22:00:00,M-019,Moteur électrique 400kW,moteur_electrique,6.109,11.118,34.07,6684.5,1488,64.8,C,alerte,4.22,17.2,1.95,3.35,90.02,133.18,60.02,9.99,0.07085,0.15378,0.03829,400,5500,SKF 6320
2026-04-21 22:00:00,R-077,Réducteur convoyeur,reducteur,0.927,1.639,4.286,840.9,720,40.6,A,normal,3.83,2.37,2.25,3.31,53.04,66.96,35.4,5.3,0.13353,0.08015,0.04915,55,950,SKF 2312
2026-04-21 22:00:00,P-311,Pompe centrifuge BP,pompe_centrifuge,7.916,14.116,41.926,8225.9,2954,63.4,D,danger,4.14,21.85,2.08,5.04,174.78,268.32,116.19,19.45,0.18238,0.0745,0.05136,180,3100,SKF 6312
2026-04-21 23:00:00,P-204,Pompe centrifuge HP,pompe_centrifuge,1.933,3.696,10.874,2133.5,2984,47.6,A,normal,3.77,4.86,1.7,3.93,177.55,270.05,118.37,19.74,0.12691,0.08894,0.04558,250,4200,SKF 6314
2026-04-21 23:00:00,C-118,Compresseur à vis,compresseur,2.952,5.8,17.973,3526.3,1481,60.1,B,normal,3.83,7.55,1.23,4.18,96.76,150.07,63.19,9.68,0.12434,0.07147,0.04893,500,6800,SKF 7314
2026-04-21 23:00:00,V-302,Ventilateur tirage,ventilateur,1.261,2.485,7.882,1546.4,989,45.4,A,normal,3.34,2.81,2.16,3.86,68.9,95.93,44.67,6.89,0.1577,0.07133,0.04523,75,1800,SKF 22216
2026-04-21 23:00:00,M-019,Moteur électrique 400kW,moteur_electrique,5.024,9.445,26.842,5266.4,1491,60.9,C,alerte,3.79,12.7,1.66,3.94,90.21,133.44,60.14,10.01,0.10931,0.0478,0.0739,400,5500,SKF 6320
2026-04-21 23:00:00,R-077,Réducteur convoyeur,reducteur,0.982,1.472,4.325,848.6,725,43.3,A,normal,3.69,2.41,1.74,3.06,53.41,67.42,35.65,5.34,0.12705,0.08535,0.04923,55,950,SKF 2312
2026-04-21 23:00:00,P-311,Pompe centrifuge BP,pompe_centrifuge,11.543,20.939,61.902,12145.2,2954,68.5,D,danger,4.58,35.21,1.74,4.72,174.78,268.32,116.19,19.45,0.04305,0.0589,0.07675,180,3100,SKF 6312
2026-04-22 00:00:00,P-204,Pompe centrifuge HP,pompe_centrifuge,1.893,4.075,11.536,2263.4,2981,49.7,A,normal,3.79,4.78,2.1,4.77,177.37,269.78,118.25,19.72,0.10754,0.09907,0.05408,250,4200,SKF 6314
2026-04-22 00:00:00,C-118,Compresseur à vis,compresseur,3.252,6.258,20.079,3939.5,1490,61.5,B,normal,3.26,7.07,1.59,4.37,97.35,150.99,63.57,9.73,0.13338,0.07923,0.0521,500,6800,SKF 7314
2026-04-22 00:00:00,V-302,Ventilateur tirage,ventilateur,1.481,2.393,8.104,1590.0,977,46.0,A,normal,2.99,2.95,1.84,3.35,68.06,94.77,44.13,6.81,0.13898,0.076,0.05074,75,1800,SKF 22216
2026-04-22 00:00:00,M-019,Moteur électrique 400kW,moteur_electrique,6.561,12.023,37.574,7372.0,1490,68.0,C,alerte,4.31,18.84,1.75,4.02,90.14,133.35,60.1,10.01,0.17611,0.11232,0.06276,400,5500,SKF 6320
2026-04-22 00:00:00,R-077,Réducteur convoyeur,reducteur,1.719,2.846,9.295,1823.7,716,43.0,A,normal,2.92,3.34,1.72,4.12,52.75,66.59,35.2,5.27,0.12349,0.07326,0.05027,55,950,SKF 2312
2026-04-22 00:00:00,P-311,Pompe centrifuge BP,pompe_centrifuge,8.646,15.312,45.774,8980.9,2958,64.4,D,danger,3.32,19.12,2.26,3.79,175.01,268.69,116.35,19.47,0.09792,0.06859,0.04257,180,3100,SKF 6312
2026-04-22 01:00:00,P-204,Pompe centrifuge HP,pompe_centrifuge,1.562,2.902,8.223,1613.4,2972,49.8,A,normal,3.66,3.81,2.05,2.8,176.83,268.97,117.89,19.66,0.13864,0.08621,0.0535,250,4200,SKF 6314
2026-04-22 01:00:00,C-118,Compresseur à vis,compresseur,3.105,5.222,15.874,3114.5,1487,61.8,B,normal,3.79,7.85,1.68,3.94,97.15,150.68,63.45,9.72,0.1178,0.08345,0.04382,500,6800,SKF 7314
2026-04-22 01:00:00,V-302,Ventilateur tirage,ventilateur,1.874,3.168,8.399,1647.9,979,46.3,A,normal,3.84,4.8,1.76,2.22,68.2,94.96,44.22,6.82,0.10792,0.08287,0.05453,75,1800,SKF 22216
2026-04-22 01:00:00,M-019,Moteur électrique 400kW,moteur_electrique,5.419,9.471,28.296,5551.7,1492,63.6,C,alerte,4.03,14.56,2.1,4.01,90.27,133.53,60.18,10.02,0.1092,0.10948,0.06661,400,5500,SKF 6320
2026-04-22 01:00:00,R-077,Réducteur convoyeur,reducteur,1.677,3.216,8.988,1763.4,724,45.0,A,normal,3.72,4.16,1.54,3.32,53.33,67.33,35.6,5.33,0.14914,0.07973,0.05547,55,950,SKF 2312
2026-04-22 01:00:00,P-311,Pompe centrifuge BP,pompe_centrifuge,10.518,19.224,56.78,11140.2,2961,70.2,D,danger,4.89,34.3,1.53,4.17,175.19,268.96,116.47,19.49,0.0753,0.12905,0.06036,180,3100,SKF 6312
2026-04-22 02:00:00,P-204,Pompe centrifuge HP,pompe_centrifuge,1.461,2.68,7.467,1465.0,2973,48.8,A,normal,3.95,3.84,1.6,3.13,176.89,269.06,117.93,19.67,0.10774,0.08307,0.05125,250,4200,SKF 6314
2026-04-22 02:00:00,C-118,Compresseur à vis,compresseur,3.503,7.003,21.119,4143.5,1483,62.9,B,normal,3.63,8.48,1.15,3.03,96.89,150.28,63.27,9.69,0.18201,0.08734,0.05778,500,6800,SKF 7314
2026-04-22 02:00:00,V-302,Ventilateur tirage,ventilateur,1.726,3.522,10.005,1963.0,976,41.7,A,normal,4.03,4.63,1.63,3.85,67.99,94.67,44.08,6.8,0.11635,0.08756,0.05827,75,1800,SKF 22216
2026-04-22 02:00:00,M-019,Moteur électrique 400kW,moteur_electrique,6.3,11.111,32.227,6322.9,1492,63.4,C,alerte,4.33,18.17,1.62,3.72,90.27,133.53,60.18,10.02,0.09496,0.23904,0.03632,400,5500,SKF 6320
2026-04-22 02:00:00,R-077,Réducteur convoyeur,reducteur,1.649,3.199,10.713,2101.9,715,42.5,A,normal,3.22,3.54,1.64,3.73,52.67,66.5,35.15,5.27,0.13568,0.08874,0.04603,55,950,SKF 2312
2026-04-22 02:00:00,P-311,Pompe centrifuge BP,pompe_centrifuge,10.999,19.74,60.128,11797.1,2956,70.7,D,danger,4.59,33.66,1.76,4.26,174.9,268.5,116.27,19.46,0.49499,0.15329,0.08778,180,3100,SKF 6312
2026-04-22 03:00:00,P-204,Pompe centrifuge HP,pompe_centrifuge,1.608,3.372,11.061,2170.2,2986,48.8,A,normal,3.52,3.78,2.32,2.88,177.67,270.23,118.44,19.76,0.12452,0.09999,0.04883,250,4200,SKF 6314
2026-04-22 03:00:00,C-118,Compresseur à vis,compresseur,3.44,6.614,21.154,4150.4,1488,59.4,B,normal,3.82,8.77,1.95,3.64,97.22,150.78,63.49,9.72,0.1409,0.12311,0.0424,500,6800,SKF 7314
2026-04-22 03:00:00,V-302,Ventilateur tirage,ventilateur,1.41,2.451,8.271,1622.8,980,44.5,A,normal,3.7,3.48,1.32,3.48,68.27,95.06,44.26,6.83,0.17261,0.07315,0.05316,75,1800,SKF 22216
2026-04-22 03:00:00,M-019,Moteur électrique 400kW,moteur_electrique,5.466,9.955,29.408,5769.8,1494,62.7,C,alerte,3.47,12.63,1.81,2.82,90.39,133.71,60.26,10.03,0.05701,0.08339,0.05185,400,5500,SKF 6320
2026-04-22 03:00:00,R-077,Réducteur convoyeur,reducteur,1.44,2.188,4.471,877.2,718,45.3,A,normal,4.13,3.97,1.72,2.77,52.89,66.77,35.3,5.29,0.13242,0.09474,0.04552,55,950,SKF 2312
2026-04-22 03:00:00,P-311,Pompe centrifuge BP,pompe_centrifuge,11.073,20.277,61.121,11991.9,2960,68.9,D,danger,4.66,34.39,1.7,5.17,175.13,268.87,116.43,19.49,0.08004,0.10523,0.02456,180,3100,SKF 6312
2026-04-22 04:00:00,P-204,Pompe centrifuge HP,pompe_centrifuge,1.913,3.601,9.999,1961.8,2971,52.0,A,normal,3.47,4.42,1.51,3.12,176.77,268.88,117.85,19.66,0.12094,0.07905,0.04905,250,4200,SKF 6314
2026-04-22 04:00:00,C-118,Compresseur à vis,compresseur,4.589,8.434,24.943,4893.8,1473,67.9,C,alerte,3.03,9.27,1.68,3.39,96.24,149.26,62.85,9.62,0.21161,0.10085,0.04714,500,6800,SKF 7314
2026-04-22 04:00:00,V-302,Ventilateur tirage,ventilateur,1.824,3.538,10.223,2005.8,986,44.1,A,normal,2.9,3.53,1.73,2.68,68.69,95.64,44.53,6.87,0.15136,0.10229,0.0504,75,1800,SKF 22216
2026-04-22 04:00:00,M-019,Moteur électrique 400kW,moteur_electrique,5.054,8.428,26.0,5101.2,1490,62.7,C,alerte,3.8,12.79,1.78,3.11,90.14,133.35,60.1,10.01,0.08562,0.10245,0.05449,400,5500,SKF 6320
2026-04-22 04:00:00,R-077,Réducteur convoyeur,reducteur,1.413,2.508,7.12,1396.9,722,44.5,A,normal,3.42,3.22,1.43,2.12,53.19,67.15,35.5,5.32,0.1349,0.10048,0.05742,55,950,SKF 2312
2026-04-22 04:00:00,P-311,Pompe centrifuge BP,pompe_centrifuge,10.685,19.576,58.438,11465.5,2962,70.4,D,danger,3.98,28.37,1.82,4.57,175.25,269.05,116.51,19.5,0.09731,0.04627,0.07688,180,3100,SKF 6312
2026-04-22 05:00:00,P-204,Pompe centrifuge HP,pompe_centrifuge,1.983,3.169,9.226,1810.1,2979,49.9,A,normal,3.69,4.88,1.74,3.1,177.25,269.6,118.17,19.71,0.12041,0.07674,0.04477,250,4200,SKF 6314
2026-04-22 05:00:00,C-118,Compresseur à vis,compresseur,3.286,5.451,15.369,3015.4,1492,60.5,B,normal,3.31,7.26,2.06,2.87,97.48,151.19,63.66,9.75,0.17838,0.09864,0.05088,500,6800,SKF 7314
2026-04-22 05:00:00,V-302,Ventilateur tirage,ventilateur,1.162,1.728,6.04,1185.0,984,45.0,A,normal,3.2,2.48,1.71,3.42,68.55,95.45,44.44,6.86,0.13877,0.08863,0.04938,75,1800,SKF 22216
2026-04-22 05:00:00,M-019,Moteur électrique 400kW,moteur_electrique,5.551,9.136,28.103,5513.8,1489,62.2,C,alerte,3.94,14.57,1.98,3.24,90.08,133.27,60.06,10.0,0.07153,0.07016,0.04344,400,5500,SKF 6320
2026-04-22 05:00:00,R-077,Réducteur convoyeur,reducteur,1.804,3.552,11.826,2320.3,721,42.8,A,normal,3.67,4.41,1.86,3.98,53.11,67.05,35.45,5.31,0.12859,0.08645,0.04956,55,950,SKF 2312
2026-04-22 05:00:00,P-311,Pompe centrifuge BP,pompe_centrifuge,8.233,15.432,46.421,9107.8,2966,65.3,D,danger,3.61,19.8,1.51,4.36,175.49,269.41,116.66,19.53,0.12096,0.08961,0.02608,180,3100,SKF 6312
2026-04-22 06:00:00,P-204,Pompe centrifuge HP,pompe_centrifuge,1.889,3.527,9.864,1935.3,2983,50.0,A,normal,3.52,4.43,1.79,4.21,177.49,269.96,118.33,19.74,0.13186,0.06771,0.0468,250,4200,SKF 6314
2026-04-22 06:00:00,C-118,Compresseur à vis,compresseur,3.07,5.618,17.727,3478.0,1491,60.3,B,normal,3.31,6.77,1.81,2.88,97.41,151.09,63.62,9.74,0.21207,0.0691,0.04944,500,6800,SKF 7314
2026-04-22 06:00:00,V-302,Ventilateur tirage,ventilateur,1.539,3.046,9.751,1913.1,993,45.2,A,normal,3.19,3.28,2.31,2.33,69.18,96.32,44.85,6.92,0.15019,0.0681,0.04517,75,1800,SKF 22216
2026-04-22 06:00:00,M-019,Moteur électrique 400kW,moteur_electrique,5.855,10.373,30.914,6065.3,1490,66.6,C,alerte,3.84,15.0,1.41,2.48,90.14,133.35,60.1,10.01,0.05578,0.12227,0.03274,400,5500,SKF 6320
2026-04-22 06:00:00,R-077,Réducteur convoyeur,reducteur,1.546,2.565,9.198,1804.6,717,44.4,A,normal,3.23,3.32,1.82,3.99,52.82,66.68,35.25,5.28,0.13001,0.07755,0.04402,55,950,SKF 2312
2026-04-22 06:00:00,P-311,Pompe centrifuge BP,pompe_centrifuge,12.059,21.55,65.867,12923.1,2949,75.9,D,danger,4.26,34.22,1.72,5.4,174.48,267.87,115.99,19.41,0.2457,0.11449,0.04194,180,3100,SKF 6312
2026-04-22 07:00:00,P-204,Pompe centrifuge HP,pompe_centrifuge,1.42,2.502,8.128,1594.7,2987,50.4,A,normal,4.24,4.01,1.8,3.69,177.73,270.32,118.48,19.76,0.13534,0.08146,0.05255,250,4200,SKF 6314
2026-04-22 07:00:00,C-118,Compresseur à vis,compresseur,2.872,5.149,16.096,3158.0,1487,56.7,B,normal,3.66,7.02,1.67,3.53,97.15,150.68,63.45,9.72,0.13188,0.07234,0.04128,500,6800,SKF 7314
2026-04-22 07:00:00,V-302,Ventilateur tirage,ventilateur,1.554,3.049,9.27,1818.8,981,43.4,A,normal,3.07,3.18,1.79,3.97,68.34,95.16,44.31,6.83,0.12318,0.09511,0.04798,75,1800,SKF 22216
2026-04-22 07:00:00,M-019,Moteur électrique 400kW,moteur_electrique,5.654,10.25,30.712,6025.7,1493,63.9,C,alerte,4.09,15.41,1.74,3.15,90.33,133.62,60.22,10.03,0.10276,0.10476,0.04318,400,5500,SKF 6320
2026-04-22 07:00:00,R-077,Réducteur convoyeur,reducteur,1.882,3.161,9.889,1940.2,712,44.4,A,normal,3.95,4.95,2.17,3.28,52.45,66.22,35.01,5.25,0.15677,0.09571,0.05287,55,950,SKF 2312
2026-04-22 07:00:00,P-311,Pompe centrifuge BP,pompe_centrifuge,7.003,12.21,35.278,6921.5,2960,61.0,C,alerte,3.94,18.4,1.31,3.84,175.13,268.87,116.43,19.49,0.16284,0.09363,0.08101,180,3100,SKF 6312
2026-04-22 08:00:00,P-204,Pompe centrifuge HP,pompe_centrifuge,1.77,3.283,11.144,2186.5,2980,50.1,A,normal,3.88,4.58,1.74,2.75,177.31,269.69,118.21,19.72,0.14365,0.09248,0.05262,250,4200,SKF 6314
2026-04-22 08:00:00,C-118,Compresseur à vis,compresseur,3.288,5.914,18.413,3612.6,1477,62.1,B,normal,3.85,8.45,1.77,3.37,96.5,149.67,63.02,9.65,0.06637,0.06066,0.04664,500,6800,SKF 7314
2026-04-22 08:00:00,V-302,Ventilateur tirage,ventilateur,1.534,3.409,9.751,1913.1,975,44.3,A,normal,2.84,2.91,1.57,2.95,67.92,94.58,44.04,6.79,0.15484,0.09971,0.05007,75,1800,SKF 22216
2026-04-22 08:00:00,M-019,Moteur électrique 400kW,moteur_electrique,4.126,7.132,20.274,3977.8,1487,60.2,B,normal,3.92,10.77,1.77,3.04,89.96,133.09,59.98,9.99,0.14016,0.0615,0.04634,400,5500,SKF 6320
2026-04-22 08:00:00,R-077,Réducteur convoyeur,reducteur,1.639,2.801,7.662,1503.3,718,47.0,A,normal,3.63,3.96,2.78,4.61,52.89,66.77,35.3,5.29,0.11603,0.08334,0.05089,55,950,SKF 2312
2026-04-22 08:00:00,P-311,Pompe centrifuge BP,pompe_centrifuge,11.396,19.721,59.077,11590.9,2963,71.1,D,danger,4.14,31.43,1.25,4.8,175.31,269.14,116.54,19.51,0.12658,0.02841,0.05647,180,3100,SKF 6312
2026-04-22 09:00:00,P-204,Pompe centrifuge HP,pompe_centrifuge,1.954,3.028,10.115,1984.6,2979,50.5,A,normal,3.88,5.06,2.15,4.83,177.25,269.6,118.17,19.71,0.16515,0.07887,0.05158,250,4200,SKF 6314
2026-04-22 09:00:00,C-118,Compresseur à vis,compresseur,3.143,5.662,16.991,3333.6,1480,60.6,B,normal,3.91,8.19,1.22,3.04,96.69,149.97,63.15,9.67,0.10074,0.10601,0.04498,500,6800,SKF 7314
2026-04-22 09:00:00,V-302,Ventilateur tirage,ventilateur,0.795,1.228,3.766,738.9,983,43.9,A,normal,3.04,1.61,1.61,3.0,68.48,95.35,44.4,6.85,0.1453,0.0739,0.04975,75,1800,SKF 22216
2026-04-22 09:00:00,M-019,Moteur électrique 400kW,moteur_electrique,5.809,10.621,31.451,6170.7,1485,66.4,C,alerte,4.53,17.53,1.61,4.07,89.84,132.91,59.89,9.97,0.16992,0.04473,0.05134,400,5500,SKF 6320
2026-04-22 09:00:00,R-077,Réducteur convoyeur,reducteur,1.483,3.044,8.758,1718.3,715,41.9,A,normal,4.16,4.11,2.43,3.42,52.67,66.5,35.15,5.27,0.15389,0.08953,0.0513,55,950,SKF 2312
2026-04-22 09:00:00,P-311,Pompe centrifuge BP,pompe_centrifuge,10.718,19.09,57.13,11208.9,2954,68.3,D,danger,4.68,33.41,1.78,4.74,174.78,268.32,116.19,19.45,0.13949,0.07961,0.03251,180,3100,SKF 6312
2026-04-22 10:00:00,P-204,Pompe centrifuge HP,pompe_centrifuge,2.41,4.578,12.589,2470.0,2978,49.5,B,normal,3.32,5.33,1.92,3.84,177.19,269.51,118.13,19.7,0.16033,0.06245,0.04754,250,4200,SKF 6314
2026-04-22 10:00:00,C-118,Compresseur à vis,compresseur,3.326,5.904,17.604,3453.9,1492,60.9,B,normal,3.88,8.6,1.33,3.98,97.48,151.19,63.66,9.75,0.1348,0.08569,0.04927,500,6800,SKF 7314
2026-04-22 10:00:00,V-302,Ventilateur tirage,ventilateur,1.536,3.211,9.86,1934.5,981,43.1,A,normal,3.86,3.96,1.39,2.54,68.34,95.16,44.31,6.83,0.14958,0.06675,0.04535,75,1800,SKF 22216
2026-04-22 10:00:00,M-019,Moteur électrique 400kW,moteur_electrique,7.093,11.904,35.91,7045.5,1496,68.1,C,alerte,4.3,20.34,1.62,4.38,90.51,133.89,60.34,10.05,0.16718,0.11263,0.06397,400,5500,SKF 6320
2026-04-22 10:00:00,R-077,Réducteur convoyeur,reducteur,1.379,2.115,8.277,1623.9,720,43.8,A,normal,3.19,2.93,1.8,3.25,53.04,66.96,35.4,5.3,0.14115,0.07798,0.05878,55,950,SKF 2312
2026-04-22 10:00:00,P-311,Pompe centrifuge BP,pompe_centrifuge,10.395,19.41,58.677,11512.4,2958,69.6,D,danger,4.25,29.43,1.82,5.86,175.01,268.69,116.35,19.47,0.32004,0.07282,0.03523,180,3100,SKF 6312
2026-04-22 11:00:00,P-204,Pompe centrifuge HP,pompe_centrifuge,2.407,4.777,14.458,2836.7,2971,52.8,B,normal,3.27,5.25,1.42,1.94,176.77,268.88,117.85,19.66,0.1477,0.08228,0.06067,250,4200,SKF 6314
2026-04-22 11:00:00,C-118,Compresseur à vis,compresseur,3.08,5.796,17.791,3490.6,1483,58.6,B,normal,3.69,7.58,2.11,3.48,96.89,150.28,63.27,9.69,0.10553,0.11692,0.06624,500,6800,SKF 7314
2026-04-22 11:00:00,V-302,Ventilateur tirage,ventilateur,1.639,3.207,9.703,1903.7,984,44.3,A,normal,2.45,2.67,1.94,2.3,68.55,95.45,44.44,6.86,0.14201,0.10947,0.04649,75,1800,SKF 22216
2026-04-22 11:00:00,M-019,Moteur électrique 400kW,moteur_electrique,6.106,11.173,32.731,6421.8,1488,65.9,C,alerte,4.49,18.29,1.31,4.12,90.02,133.18,60.02,9.99,0.15271,0.10543,0.02777,400,5500,SKF 6320
2026-04-22 11:00:00,R-077,Réducteur convoyeur,reducteur,1.559,2.443,6.946,1362.8,716,43.5,A,normal,3.93,4.08,2.26,4.26,52.75,66.59,35.2,5.27,0.15166,0.08902,0.05208,55,950,SKF 2312
2026-04-22 11:00:00,P-311,Pompe centrifuge BP,pompe_centrifuge,9.825,17.752,52.947,10388.2,2969,70.2,D,danger,3.82,25.01,1.98,3.96,175.67,269.68,116.78,19.55,0.32612,0.04403,0.17071,180,3100,SKF 6312
2026-04-22 12:00:00,P-204,Pompe centrifuge HP,pompe_centrifuge,2.536,4.583,14.253,2796.4,2980,50.1,B,normal,2.77,4.69,2.43,3.2,177.31,269.69,118.21,19.72,0.17056,0.10776,0.05099,250,4200,SKF 6314
2026-04-22 12:00:00,C-118,Compresseur à vis,compresseur,3.879,7.024,22.192,4354.1,1485,61.3,B,normal,3.08,7.95,1.48,3.07,97.02,150.48,63.36,9.7,0.17283,0.07077,0.04749,500,6800,SKF 7314
2026-04-22 12:00:00,V-302,Ventilateur tirage,ventilateur,1.402,2.169,6.001,1177.4,982,44.0,A,normal,3.3,3.08,1.58,3.53,68.41,95.25,44.35,6.84,0.14821,0.08285,0.04431,75,1800,SKF 22216
2026-04-22 12:00:00,M-019,Moteur électrique 400kW,moteur_electrique,6.2,11.162,34.414,6752.0,1486,64.7,C,alerte,4.17,17.25,1.44,3.9,89.9,133.0,59.94,9.98,0.02807,0.06871,0.03546,400,5500,SKF 6320
2026-04-22 12:00:00,R-077,Réducteur convoyeur,reducteur,1.756,3.127,8.496,1666.9,718,43.7,A,normal,3.49,4.09,1.65,3.48,52.89,66.77,35.3,5.29,0.14877,0.08204,0.04858,55,950,SKF 2312
2026-04-22 12:00:00,P-311,Pompe centrifuge BP,pompe_centrifuge,11.005,19.262,57.229,11228.3,2961,69.2,D,danger,4.35,31.92,1.92,4.75,175.19,268.96,116.47,19.49,0.29135,0.15292,0.04778,180,3100,SKF 6312
2026-04-22 13:00:00,P-204,Pompe centrifuge HP,pompe_centrifuge,1.912,3.476,10.844,2127.6,2983,51.5,A,normal,2.96,3.77,2.21,2.7,177.49,269.96,118.33,19.74,0.15392,0.08081,0.04548,250,4200,SKF 6314
2026-04-22 13:00:00,C-118,Compresseur à vis,compresseur,3.506,6.33,17.602,3453.5,1488,62.8,B,normal,3.87,9.05,1.5,3.92,97.22,150.78,63.49,9.72,0.11576,0.08539,0.05695,500,6800,SKF 7314
2026-04-22 13:00:00,V-302,Ventilateur tirage,ventilateur,0.87,1.447,3.667,719.5,983,41.7,A,normal,3.7,2.15,1.89,3.08,68.48,95.35,44.4,6.85,0.13936,0.07741,0.04817,75,1800,SKF 22216
2026-04-22 13:00:00,M-019,Moteur électrique 400kW,moteur_electrique,5.541,10.156,31.17,6115.6,1486,60.0,C,alerte,3.96,14.65,2.16,4.45,89.9,133.0,59.94,9.98,0.37867,0.09259,0.05416,400,5500,SKF 6320
2026-04-22 13:00:00,R-077,Réducteur convoyeur,reducteur,1.593,2.824,8.257,1620.0,715,47.0,A,normal,3.15,3.35,1.31,2.9,52.67,66.5,35.15,5.27,0.14689,0.07965,0.05082,55,950,SKF 2312
2026-04-22 13:00:00,P-311,Pompe centrifuge BP,pompe_centrifuge,10.178,18.089,54.953,10781.8,2953,67.2,D,danger,4.68,31.76,1.55,4.39,174.72,268.23,116.15,19.44,0.03869,0.05522,0.07529,180,3100,SKF 6312
2026-04-22 14:00:00,P-204,Pompe centrifuge HP,pompe_centrifuge,2.396,4.508,13.228,2595.3,2978,50.3,B,normal,3.46,5.52,1.73,3.45,177.19,269.51,118.13,19.7,0.17037,0.07252,0.04506,250,4200,SKF 6314
2026-04-22 14:00:00,C-118,Compresseur à vis,compresseur,3.855,7.04,21.981,4312.7,1485,61.2,B,normal,3.77,9.7,1.91,4.87,97.02,150.48,63.36,9.7,0.22331,0.08113,0.04691,500,6800,SKF 7314
2026-04-22 14:00:00,V-302,Ventilateur tirage,ventilateur,1.88,3.359,10.244,2009.9,979,43.6,A,normal,2.96,3.7,1.98,3.53,68.2,94.96,44.22,6.82,0.11758,0.10449,0.05023,75,1800,SKF 22216
2026-04-22 14:00:00,M-019,Moteur électrique 400kW,moteur_electrique,6.372,11.256,33.902,6651.6,1488,65.8,C,alerte,3.19,13.57,1.63,3.77,90.02,133.18,60.02,9.99,0.09338,0.10591,0.07561,400,5500,SKF 6320
2026-04-22 14:00:00,R-077,Réducteur convoyeur,reducteur,1.779,2.546,7.502,1471.9,715,41.0,A,normal,3.71,4.4,2.32,3.66,52.67,66.5,35.15,5.27,0.13019,0.07422,0.04519,55,950,SKF 2312
2026-04-22 14:00:00,P-311,Pompe centrifuge BP,pompe_centrifuge,9.909,17.931,54.604,10713.3,2959,65.7,D,danger,3.5,23.11,1.23,3.93,175.07,268.78,116.39,19.48,0.06141,0.03523,0.01727,180,3100,SKF 6312
2026-04-22 15:00:00,P-204,Pompe centrifuge HP,pompe_centrifuge,2.503,4.473,13.735,2694.8,2978,51.7,B,normal,3.22,5.37,1.98,3.2,177.19,269.51,118.13,19.7,0.14058,0.06736,0.04839,250,4200,SKF 6314
2026-04-22 15:00:00,C-118,Compresseur à vis,compresseur,3.522,6.051,17.424,3418.6,1489,62.6,B,normal,3.35,7.87,1.68,5.09,97.28,150.89,63.53,9.73,0.18103,0.08252,0.06437,500,6800,SKF 7314
2026-04-22 15:00:00,V-302,Ventilateur tirage,ventilateur,1.997,3.3,11.456,2247.7,987,47.5,A,normal,3.45,4.59,1.88,2.88,68.76,95.74,44.58,6.88,0.11597,0.09506,0.04659,75,1800,SKF 22216
2026-04-22 15:00:00,M-019,Moteur électrique 400kW,moteur_electrique,6.267,11.348,34.68,6804.2,1489,65.7,C,alerte,4.08,17.05,1.54,2.73,90.08,133.27,60.06,10.0,0.20756,0.06843,0.03887,400,5500,SKF 6320
2026-04-22 15:00:00,R-077,Réducteur convoyeur,reducteur,1.301,2.171,6.649,1304.5,713,42.9,A,normal,3.4,2.95,1.61,3.58,52.52,66.31,35.06,5.25,0.13231,0.08114,0.05011,55,950,SKF 2312
2026-04-22 15:00:00,P-311,Pompe centrifuge BP,pompe_centrifuge,10.011,17.899,54.388,10670.9,2958,66.6,D,danger,4.4,29.37,1.67,3.58,175.01,268.69,116.35,19.47,0.63611,0.02033,0.06387,180,3100,SKF 6312
2026-04-22 16:00:00,P-204,Pompe centrifuge HP,pompe_centrifuge,2.314,4.516,13.842,2715.8,2980,51.1,B,normal,3.34,5.15,2.07,4.0,177.31,269.69,118.21,19.72,0.12355,0.10904,0.05692,250,4200,SKF 6314
2026-04-22 16:00:00,C-118,Compresseur à vis,compresseur,3.019,5.526,16.327,3203.4,1487,64.2,B,normal,3.62,7.29,2.14,3.6,97.15,150.68,63.45,9.72,0.11245,0.07279,0.05439,500,6800,SKF 7314
2026-04-22 16:00:00,V-302,Ventilateur tirage,ventilateur,1.95,3.903,11.201,2197.6,989,44.6,A,normal,3.04,3.96,1.95,2.09,68.9,95.93,44.67,6.89,0.13843,0.09267,0.04748,75,1800,SKF 22216
2026-04-22 16:00:00,M-019,Moteur électrique 400kW,moteur_electrique,5.788,9.864,29.164,5722.0,1486,64.0,C,alerte,3.81,14.72,2.27,4.29,89.9,133.0,59.94,9.98,0.06824,0.05726,0.07073,400,5500,SKF 6320
2026-04-22 16:00:00,R-077,Réducteur convoyeur,reducteur,1.072,1.97,3.798,745.2,717,43.5,A,normal,2.87,2.05,2.15,3.5,52.82,66.68,35.25,5.28,0.14407,0.07316,0.05108,55,950,SKF 2312
2026-04-22 16:00:00,P-311,Pompe centrifuge BP,pompe_centrifuge,10.379,18.461,54.285,10650.7,2968,68.1,D,danger,4.78,33.04,1.75,4.03,175.61,269.59,116.74,19.54,0.15259,0.06499,0.07178,180,3100,SKF 6312
2026-04-22 17:00:00,P-204,Pompe centrifuge HP,pompe_centrifuge,2.242,4.387,12.461,2444.8,2983,52.2,A,normal,3.12,4.66,2.12,3.14,177.49,269.96,118.33,19.74,0.11008,0.0977,0.05625,250,4200,SKF 6314
2026-04-22 17:00:00,C-118,Compresseur à vis,compresseur,3.939,7.079,21.145,4148.6,1476,61.9,B,normal,3.91,10.27,1.47,2.86,96.43,149.57,62.98,9.64,0.19713,0.07108,0.03576,500,6800,SKF 7314
2026-04-22 17:00:00,V-302,Ventilateur tirage,ventilateur,1.641,2.862,8.395,1647.1,977,44.8,A,normal,3.55,3.88,1.2,3.64,68.06,94.77,44.13,6.81,0.14342,0.08377,0.04694,75,1800,SKF 22216
2026-04-22 17:00:00,M-019,Moteur électrique 400kW,moteur_electrique,5.18,9.266,28.327,5557.8,1485,65.0,C,alerte,3.26,11.26,2.08,2.44,89.84,132.91,59.89,9.97,0.25378,0.08545,0.05347,400,5500,SKF 6320
2026-04-22 17:00:00,R-077,Réducteur convoyeur,reducteur,2.212,4.221,12.42,2436.8,720,44.3,A,normal,2.88,4.24,1.51,4.09,53.04,66.96,35.4,5.3,0.1485,0.0695,0.04917,55,950,SKF 2312
2026-04-22 17:00:00,P-311,Pompe centrifuge BP,pompe_centrifuge,9.335,16.563,50.78,9963.0,2962,67.4,D,danger,4.15,25.83,1.95,3.1,175.25,269.05,116.51,19.5,0.16397,0.05929,0.06127,180,3100,SKF 6312
2026-04-22 18:00:00,P-204,Pompe centrifuge HP,pompe_centrifuge,2.254,4.454,13.81,2709.5,2982,52.6,A,normal,3.3,4.96,1.83,3.72,177.43,269.87,118.29,19.73,0.14171,0.06804,0.04289,250,4200,SKF 6314
2026-04-22 18:00:00,C-118,Compresseur à vis,compresseur,2.949,4.743,16.28,3194.1,1485,62.4,B,normal,3.82,7.52,1.58,3.99,97.02,150.48,63.36,9.7,0.10643,0.08486,0.04445,500,6800,SKF 7314
2026-04-22 18:00:00,V-302,Ventilateur tirage,ventilateur,2.25,3.552,10.404,2041.3,975,47.4,A,normal,3.65,5.47,1.65,2.98,67.92,94.58,44.04,6.79,0.13159,0.11173,0.04754,75,1800,SKF 22216
2026-04-22 18:00:00,M-019,Moteur électrique 400kW,moteur_electrique,5.535,10.093,29.28,5744.7,1491,64.2,C,alerte,3.65,13.48,2.45,4.88,90.21,133.44,60.14,10.01,0.10222,0.06786,0.05085,400,5500,SKF 6320
2026-04-22 18:00:00,R-077,Réducteur convoyeur,reducteur,1.133,2.157,6.627,1300.2,730,44.1,A,normal,3.19,2.41,2.2,3.61,53.78,67.89,35.89,5.38,0.12271,0.08123,0.04854,55,950,SKF 2312
2026-04-22 18:00:00,P-311,Pompe centrifuge BP,pompe_centrifuge,8.815,15.86,46.474,9118.2,2970,65.3,D,danger,4.39,25.79,2.03,4.35,175.72,269.78,116.82,19.55,0.0973,0.03367,0.02642,180,3100,SKF 6312
2026-04-22 19:00:00,P-204,Pompe centrifuge HP,pompe_centrifuge,2.265,3.552,9.862,1934.9,2982,52.5,A,normal,3.45,5.21,2.19,3.34,177.43,269.87,118.29,19.73,0.12844,0.09143,0.05039,250,4200,SKF 6314
2026-04-22 19:00:00,C-118,Compresseur à vis,compresseur,3.601,6.434,19.183,3763.7,1477,61.1,B,normal,3.66,8.79,1.8,4.41,96.5,149.67,63.02,9.65,0.11538,0.04436,0.04504,500,6800,SKF 7314
2026-04-22 19:00:00,V-302,Ventilateur tirage,ventilateur,1.924,3.723,11.048,2167.6,979,46.4,A,normal,3.59,4.61,1.42,3.23,68.2,94.96,44.22,6.82,0.11552,0.07456,0.04036,75,1800,SKF 22216
2026-04-22 19:00:00,M-019,Moteur électrique 400kW,moteur_electrique,5.139,9.569,29.642,5815.8,1489,61.0,C,alerte,3.75,12.84,2.13,3.57,90.08,133.27,60.06,10.0,0.12037,0.08608,0.07928,400,5500,SKF 6320
2026-04-22 19:00:00,R-077,Réducteur convoyeur,reducteur,1.899,3.591,10.434,2047.2,715,43.6,A,normal,3.48,4.4,2.18,2.74,52.67,66.5,35.15,5.27,0.12635,0.08422,0.04367,55,950,SKF 2312
2026-04-22 19:00:00,P-311,Pompe centrifuge BP,pompe_centrifuge,10.769,19.347,57.323,11246.8,2960,69.9,D,danger,4.3,30.89,1.39,4.56,175.13,268.87,116.43,19.49,0.30467,0.05753,0.02494,180,3100,SKF 6312
2026-04-22 20:00:00,P-204,Pompe centrifuge HP,pompe_centrifuge,2.851,5.356,15.979,3135.1,2981,53.3,B,normal,3.26,6.2,1.79,4.06,177.37,269.78,118.25,19.72,0.12074,0.08699,0.04605,250,4200,SKF 6314
2026-04-22 20:00:00,C-118,Compresseur à vis,compresseur,3.857,6.865,20.928,4106.1,1488,62.1,B,normal,4.21,10.83,1.29,4.14,97.22,150.78,63.49,9.72,0.18949,0.10345,0.0476,500,6800,SKF 7314
2026-04-22 20:00:00,V-302,Ventilateur tirage,ventilateur,1.605,2.439,7.407,1453.3,980,44.7,A,normal,3.12,3.34,1.84,3.07,68.27,95.06,44.26,6.83,0.13173,0.10014,0.06097,75,1800,SKF 22216
2026-04-22 20:00:00,M-019,Moteur électrique 400kW,moteur_electrique,5.102,9.474,27.404,5376.7,1483,62.7,C,alerte,3.77,12.83,1.86,5.54,89.72,132.73,59.81,9.96,0.16065,0.09316,0.0577,400,5500,SKF 6320
2026-04-22 20:00:00,R-077,Réducteur convoyeur,reducteur,1.788,3.133,9.368,1838.0,715,41.6,A,normal,3.21,3.83,1.92,3.12,52.67,66.5,35.15,5.27,0.15769,0.09621,0.05411,55,950,SKF 2312
2026-04-22 20:00:00,P-311,Pompe centrifuge BP,pompe_centrifuge,8.799,15.687,47.278,9275.9,2954,63.9,D,danger,4.61,27.02,2.18,4.58,174.78,268.32,116.19,19.45,0.20793,0.21369,0.07076,180,3100,SKF 6312
2026-04-22 21:00:00,P-204,Pompe centrifuge HP,pompe_centrifuge,2.207,4.044,11.919,2338.5,2980,52.5,A,normal,3.23,4.76,1.39,2.54,177.31,269.69,118.21,19.72,0.13965,0.06351,0.05161,250,4200,SKF 6314
2026-04-22 21:00:00,C-118,Compresseur à vis,compresseur,4.097,7.75,23.615,4633.3,1488,63.5,B,normal,4.0,10.93,1.8,3.03,97.22,150.78,63.49,9.72,0.14544,0.04922,0.0715,500,6800,SKF 7314
2026-04-22 21:00:00,V-302,Ventilateur tirage,ventilateur,1.897,3.308,9.862,1934.9,981,42.7,A,normal,2.65,3.35,1.91,2.99,68.34,95.16,44.31,6.83,0.15915,0.07642,0.05681,75,1800,SKF 22216
2026-04-22 21:00:00,M-019,Moteur électrique 400kW,moteur_electrique,6.685,11.967,35.542,6973.3,1492,64.8,C,alerte,4.13,18.42,1.13,3.63,90.27,133.53,60.18,10.02,0.58834,0.09408,0.05948,400,5500,SKF 6320
2026-04-22 21:00:00,R-077,Réducteur convoyeur,reducteur,2.129,4.184,14.141,2774.5,724,45.7,A,normal,3.6,5.1,2.14,3.65,53.33,67.33,35.6,5.33,0.13861,0.07374,0.05967,55,950,SKF 2312
2026-04-22 21:00:00,P-311,Pompe centrifuge BP,pompe_centrifuge,8.956,15.621,45.969,9019.1,2965,63.7,D,danger,4.23,25.28,1.75,5.63,175.43,269.32,116.62,19.52,0.05611,0.09341,0.05722,180,3100,SKF 6312
2026-04-22 22:00:00,P-204,Pompe centrifuge HP,pompe_centrifuge,2.003,3.776,10.378,2036.2,2986,50.8,A,normal,3.85,5.14,2.06,3.67,177.67,270.23,118.44,19.76,0.11405,0.07995,0.04877,250,4200,SKF 6314
2026-04-22 22:00:00,C-118,Compresseur à vis,compresseur,4.148,7.679,23.517,4614.0,1478,58.8,B,normal,3.84,10.61,2.33,3.29,96.56,149.77,63.06,9.66,0.11155,0.09128,0.05201,500,6800,SKF 7314
2026-04-22 22:00:00,V-302,Ventilateur tirage,ventilateur,1.775,3.636,10.578,2075.4,984,44.7,A,normal,3.23,3.83,1.59,4.12,68.55,95.45,44.44,6.86,0.1439,0.08046,0.05661,75,1800,SKF 22216
2026-04-22 22:00:00,M-019,Moteur électrique 400kW,moteur_electrique,5.921,10.448,30.125,5910.5,1495,65.8,C,alerte,3.82,15.08,1.58,4.51,90.45,133.8,60.3,10.04,0.08899,0.0649,0.05505,400,5500,SKF 6320
2026-04-22 22:00:00,R-077,Réducteur convoyeur,reducteur,1.467,2.801,9.272,1819.2,715,45.2,A,normal,3.02,2.95,1.91,3.57,52.67,66.5,35.15,5.27,0.14815,0.09401,0.04649,55,950,SKF 2312
2026-04-22 22:00:00,P-311,Pompe centrifuge BP,pompe_centrifuge,9.891,17.807,53.213,10440.4,2954,66.5,D,danger,3.12,20.55,2.39,5.41,174.78,268.32,116.19,19.45,0.04736,0.06771,0.09764,180,3100,SKF 6312
2026-04-22 23:00:00,P-204,Pompe centrifuge HP,pompe_centrifuge,2.108,3.604,9.06,1777.6,2974,50.4,A,normal,4.11,5.78,1.38,3.45,176.95,269.15,117.97,19.68,0.11324,0.07932,0.04772,250,4200,SKF 6314
2026-04-22 23:00:00,C-118,Compresseur à vis,compresseur,4.135,7.588,23.727,4655.2,1490,63.4,B,normal,4.07,11.21,2.37,3.29,97.35,150.99,63.57,9.73,0.1504,0.13795,0.07096,500,6800,SKF 7314
2026-04-22 23:00:00,V-302,Ventilateur tirage,ventilateur,1.919,2.856,7.791,1528.6,979,47.5,A,normal,3.32,4.25,1.48,3.71,68.2,94.96,44.22,6.82,0.132,0.0726,0.05271,75,1800,SKF 22216
2026-04-22 23:00:00,M-019,Moteur électrique 400kW,moteur_electrique,6.186,11.609,36.943,7248.2,1493,67.2,C,alerte,3.86,15.93,1.84,4.86,90.33,133.62,60.22,10.03,0.21745,0.04138,0.0573,400,5500,SKF 6320
2026-04-22 23:00:00,R-077,Réducteur convoyeur,reducteur,1.885,2.894,9.575,1878.6,715,42.0,A,normal,3.17,3.98,1.72,2.57,52.67,66.5,35.15,5.27,0.11954,0.0944,0.04267,55,950,SKF 2312
2026-04-22 23:00:00,P-311,Pompe centrifuge BP,pompe_centrifuge,9.556,16.998,50.061,9822.0,2955,67.1,D,danger,4.17,26.54,1.92,3.54,174.84,268.41,116.23,19.45,0.16644,0.0474,0.02987,180,3100,SKF 6312
2026-04-23 00:00:00,P-204,Pompe centrifuge HP,pompe_centrifuge,1.933,3.14,8.972,1760.3,2973,50.5,A,normal,3.77,4.86,1.63,2.97,176.89,269.06,117.93,19.67,0.1747,0.07694,0.05156,250,4200,SKF 6314
2026-04-23 00:00:00,C-118,Compresseur à vis,compresseur,4.124,7.498,21.467,4211.8,1483,62.7,B,normal,3.92,10.79,1.78,3.49,96.89,150.28,63.27,9.69,0.19229,0.08166,0.04269,500,6800,SKF 7314
2026-04-23 00:00:00,V-302,Ventilateur tirage,ventilateur,1.99,3.361,9.977,1957.5,978,45.7,A,normal,2.97,3.94,1.81,3.35,68.13,94.87,44.17,6.81,0.14113,0.0983,0.0473,75,1800,SKF 22216
2026-04-23 00:00:00,M-019,Moteur électrique 400kW,moteur_electrique,5.006,8.975,26.366,5173.0,1493,61.5,C,alerte,4.08,13.62,1.45,4.47,90.33,133.62,60.22,10.03,0.0937,0.08111,0.03758,400,5500,SKF 6320
2026-04-23 00:00:00,R-077,Réducteur convoyeur,reducteur,1.858,3.339,9.058,1777.2,724,45.4,A,normal,3.74,4.64,1.8,3.52,53.33,67.33,35.6,5.33,0.13114,0.09781,0.04612,55,950,SKF 2312
2026-04-23 00:00:00,P-311,Pompe centrifuge BP,pompe_centrifuge,12.886,22.89,67.978,13337.3,2966,75.3,D,danger,4.84,41.55,1.4,5.03,175.49,269.41,116.66,19.53,0.53184,0.08987,0.03284,180,3100,SKF 6312
2026-04-23 01:00:00,P-204,Pompe centrifuge HP,pompe_centrifuge,2.331,3.843,11.502,2256.7,2982,51.3,B,normal,3.11,4.83,2.21,3.38,177.43,269.87,118.29,19.73,0.19809,0.06056,0.04201,250,4200,SKF 6314
2026-04-23 01:00:00,C-118,Compresseur à vis,compresseur,3.288,6.363,19.307,3788.0,1485,59.7,B,normal,3.14,6.89,1.82,3.4,97.02,150.48,63.36,9.7,0.06924,0.06207,0.05997,500,6800,SKF 7314
2026-04-23 01:00:00,V-302,Ventilateur tirage,ventilateur,1.903,3.913,12.281,2409.5,984,43.2,A,normal,2.92,3.7,2.15,3.35,68.55,95.45,44.44,6.86,0.17671,0.06612,0.05777,75,1800,SKF 22216
2026-04-23 01:00:00,M-019,Moteur électrique 400kW,moteur_electrique,4.549,7.855,24.426,4792.4,1485,63.5,C,alerte,3.53,10.69,1.76,3.77,89.84,132.91,59.89,9.97,0.10187,0.0666,0.05519,400,5500,SKF 6320
2026-04-23 01:00:00,R-077,Réducteur convoyeur,reducteur,1.82,3.119,9.845,1931.6,720,45.3,A,normal,3.76,4.56,1.78,3.4,53.04,66.96,35.4,5.3,0.16137,0.08222,0.0536,55,950,SKF 2312
2026-04-23 01:00:00,P-311,Pompe centrifuge BP,pompe_centrifuge,12.029,21.441,65.38,12827.6,2955,74.1,D,danger,5.22,41.89,1.92,4.64,174.84,268.41,116.23,19.45,0.01657,0.28814,0.02893,180,3100,SKF 6312
2026-04-23 02:00:00,P-204,Pompe centrifuge HP,pompe_centrifuge,2.355,4.327,12.653,2482.5,2978,50.7,B,normal,3.41,5.36,1.88,3.76,177.19,269.51,118.13,19.7,0.11289,0.07422,0.0514,250,4200,SKF 6314
2026-04-23 02:00:00,C-118,Compresseur à vis,compresseur,3.599,5.664,17.411,3416.0,1479,63.6,B,normal,3.27,7.85,1.6,3.95,96.63,149.87,63.1,9.66,0.09174,0.0595,0.05452,500,6800,SKF 7314
2026-04-23 02:00:00,V-302,Ventilateur tirage,ventilateur,1.907,3.358,10.076,1976.9,982,41.7,A,normal,3.41,4.33,1.24,2.79,68.41,95.25,44.35,6.84,0.14513,0.08461,0.04879,75,1800,SKF 22216
2026-04-23 02:00:00,M-019,Moteur électrique 400kW,moteur_electrique,5.657,10.05,30.58,5999.8,1494,62.3,C,alerte,3.39,12.78,2.13,3.8,90.39,133.71,60.26,10.03,0.11334,0.08037,0.04822,400,5500,SKF 6320
2026-04-23 02:00:00,R-077,Réducteur convoyeur,reducteur,1.523,3.221,9.482,1860.4,716,44.4,A,normal,3.04,3.09,1.99,3.34,52.75,66.59,35.2,5.27,0.10699,0.08286,0.05578,55,950,SKF 2312
2026-04-23 02:00:00,P-311,Pompe centrifuge BP,pompe_centrifuge,7.188,13.116,39.063,7664.2,2968,58.9,D,danger,4.42,21.19,2.11,3.82,175.61,269.59,116.74,19.54,0.08126,0.12587,0.04288,180,3100,SKF 6312
2026-04-23 03:00:00,P-204,Pompe centrifuge HP,pompe_centrifuge,2.071,4.009,12.337,2420.5,2986,50.1,A,normal,4.05,5.59,1.95,3.86,177.67,270.23,118.44,19.76,0.13228,0.09811,0.05559,250,4200,SKF 6314
2026-04-23 03:00:00,C-118,Compresseur à vis,compresseur,3.621,5.733,16.832,3302.4,1490,63.3,B,normal,3.35,8.1,2.25,3.36,97.35,150.99,63.57,9.73,0.18637,0.07142,0.05003,500,6800,SKF 7314
2026-04-23 03:00:00,V-302,Ventilateur tirage,ventilateur,2.191,3.548,10.216,2004.4,979,45.9,A,normal,3.66,5.35,2.41,3.79,68.2,94.96,44.22,6.82,0.12853,0.10431,0.05187,75,1800,SKF 22216
2026-04-23 03:00:00,M-019,Moteur électrique 400kW,moteur_electrique,5.103,9.467,30.509,5985.9,1488,62.8,C,alerte,3.2,10.89,2.1,3.89,90.02,133.18,60.02,9.99,0.19114,0.07537,0.02589,400,5500,SKF 6320
2026-04-23 03:00:00,R-077,Réducteur convoyeur,reducteur,1.929,3.447,10.811,2121.1,721,45.8,A,normal,3.87,4.98,1.94,4.31,53.11,67.05,35.45,5.31,0.11079,0.07867,0.05102,55,950,SKF 2312
2026-04-23 03:00:00,P-311,Pompe centrifuge BP,pompe_centrifuge,9.652,17.502,52.24,10249.5,2956,67.5,D,danger,4.57,29.4,1.97,4.53,174.9,268.5,116.27,19.46,0.06419,0.05722,0.0255,180,3100,SKF 6312
2026-04-23 04:00:00,P-204,Pompe centrifuge HP,pompe_centrifuge,2.724,5.005,15.479,3037.0,2979,51.8,B,normal,3.98,7.22,1.77,2.55,177.25,269.6,118.17,19.71,0.08717,0.08366,0.04839,250,4200,SKF 6314
2026-04-23 04:00:00,C-118,Compresseur à vis,compresseur,3.314,5.9,17.22,3378.6,1482,64.0,B,normal,3.55,7.84,2.25,4.24,96.82,150.18,63.23,9.68,0.13001,0.05486,0.04921,500,6800,SKF 7314
2026-04-23 04:00:00,V-302,Ventilateur tirage,ventilateur,1.759,3.199,8.952,1756.4,980,42.8,A,normal,3.69,4.33,2.15,2.66,68.27,95.06,44.26,6.83,0.13246,0.09084,0.04906,75,1800,SKF 22216
2026-04-23 04:00:00,M-019,Moteur électrique 400kW,moteur_electrique,6.521,11.547,36.204,7103.2,1493,67.7,C,alerte,4.29,18.66,1.67,4.28,90.33,133.62,60.22,10.03,0.48481,0.07566,0.0531,400,5500,SKF 6320
2026-04-23 04:00:00,R-077,Réducteur convoyeur,reducteur,1.918,4.148,13.131,2576.3,721,45.9,A,normal,3.82,4.88,1.48,4.1,53.11,67.05,35.45,5.31,0.11571,0.0691,0.04131,55,950,SKF 2312
2026-04-23 04:00:00,P-311,Pompe centrifuge BP,pompe_centrifuge,10.479,18.837,56.667,11118.1,2956,72.3,D,danger,4.17,29.11,1.46,5.06,174.9,268.5,116.27,19.46,0.18802,0.06005,0.06055,180,3100,SKF 6312
2026-04-23 05:00:00,P-204,Pompe centrifuge HP,pompe_centrifuge,1.731,3.229,9.275,1819.8,2975,52.0,A,normal,3.71,4.28,2.52,2.48,177.01,269.24,118.01,19.68,0.12966,0.08185,0.04752,250,4200,SKF 6314
2026-04-23 05:00:00,C-118,Compresseur à vis,compresseur,3.677,7.029,21.064,4132.8,1476,61.8,B,normal,3.65,8.95,1.78,3.41,96.43,149.57,62.98,9.64,0.13962,0.07765,0.052,500,6800,SKF 7314
2026-04-23 05:00:00,V-302,Ventilateur tirage,ventilateur,1.541,2.682,8.558,1679.1,979,44.1,A,normal,3.47,3.57,1.56,2.46,68.2,94.96,44.22,6.82,0.11652,0.09343,0.05336,75,1800,SKF 22216
2026-04-23 05:00:00,M-019,Moteur électrique 400kW,moteur_electrique,5.253,9.951,30.315,5947.8,1482,63.8,C,alerte,4.24,14.85,2.29,3.26,89.66,132.64,59.77,9.95,0.09939,0.14508,0.03266,400,5500,SKF 6320
2026-04-23 05:00:00,R-077,Réducteur convoyeur,reducteur,1.85,3.265,9.534,1870.6,724,42.9,A,normal,3.14,3.88,1.69,3.4,53.33,67.33,35.6,5.33,0.14487,0.07168,0.04467,55,950,SKF 2312
2026-04-23 05:00:00,P-311,Pompe centrifuge BP,pompe_centrifuge,10.405,18.156,54.068,10608.1,2960,67.2,D,danger,4.32,29.96,1.73,3.45,175.13,268.87,116.43,19.49,0.21865,0.06579,0.05823,180,3100,SKF 6312
2026-04-23 06:00:00,P-204,Pompe centrifuge HP,pompe_centrifuge,2.001,3.293,10.272,2015.4,2973,53.3,A,normal,3.51,4.68,1.48,4.38,176.89,269.06,117.93,19.67,0.12373,0.06975,0.06234,250,4200,SKF 6314
2026-04-23 06:00:00,C-118,Compresseur à vis,compresseur,3.134,5.084,14.935,2930.2,1479,60.4,B,normal,3.84,8.01,1.71,3.9,96.63,149.87,63.1,9.66,0.10555,0.09671,0.04068,500,6800,SKF 7314
2026-04-23 06:00:00,V-302,Ventilateur tirage,ventilateur,1.134,1.946,6.693,1313.2,984,42.4,A,normal,3.55,2.68,2.06,1.95,68.55,95.45,44.44,6.86,0.13369,0.08148,0.05267,75,1800,SKF 22216
2026-04-23 06:00:00,M-019,Moteur électrique 400kW,moteur_electrique,6.212,11.314,33.778,6627.2,1483,65.1,C,alerte,3.36,13.9,1.13,3.76,89.72,132.73,59.81,9.96,0.10103,0.12154,0.04506,400,5500,SKF 6320
2026-04-23 06:00:00,R-077,Réducteur convoyeur,reducteur,1.725,2.967,8.879,1742.1,710,42.0,A,normal,3.2,3.68,1.47,3.39,52.3,66.03,34.91,5.23,0.15219,0.08792,0.04323,55,950,SKF 2312
2026-04-23 06:00:00,P-311,Pompe centrifuge BP,pompe_centrifuge,10.177,17.856,54.023,10599.3,2952,69.0,D,danger,4.98,33.8,2.19,5.03,174.66,268.14,116.11,19.43,0.11216,0.20192,0.04446,180,3100,SKF 6312
2026-04-23 07:00:00,P-204,Pompe centrifuge HP,pompe_centrifuge,1.542,2.689,8.075,1584.3,2984,49.4,A,normal,3.21,3.29,1.81,2.66,177.55,270.05,118.37,19.74,0.15449,0.08104,0.04397,250,4200,SKF 6314
2026-04-23 07:00:00,C-118,Compresseur à vis,compresseur,3.324,6.171,19.329,3792.3,1480,63.6,B,normal,3.34,7.4,2.04,4.17,96.69,149.97,63.15,9.67,0.12253,0.09976,0.06003,500,6800,SKF 7314
2026-04-23 07:00:00,V-302,Ventilateur tirage,ventilateur,1.531,3.213,9.933,1948.9,986,44.3,A,normal,4.59,4.69,1.24,3.93,68.69,95.64,44.53,6.87,0.10658,0.08065,0.05417,75,1800,SKF 22216
2026-04-23 07:00:00,M-019,Moteur électrique 400kW,moteur_electrique,5.719,10.27,31.471,6174.6,1485,67.6,C,alerte,3.83,14.59,1.88,4.81,89.84,132.91,59.89,9.97,0.16333,0.0453,0.07308,400,5500,SKF 6320
2026-04-23 07:00:00,R-077,Réducteur convoyeur,reducteur,1.379,2.021,5.242,1028.5,725,43.4,A,normal,3.57,3.28,1.57,2.89,53.41,67.42,35.65,5.34,0.12371,0.07587,0.04868,55,950,SKF 2312
2026-04-23 07:00:00,P-311,Pompe centrifuge BP,pompe_centrifuge,10.727,19.628,58.595,11496.3,2954,72.6,D,danger,5.01,35.81,1.76,5.29,174.78,268.32,116.19,19.45,0.13438,0.05095,0.02554,180,3100,SKF 6312
2026-04-23 08:00:00,P-204,Pompe centrifuge HP,pompe_centrifuge,2.459,4.549,13.205,2590.8,2987,49.4,B,normal,3.26,5.34,1.64,3.52,177.73,270.32,118.48,19.76,0.17655,0.06887,0.05444,250,4200,SKF 6314
2026-04-23 08:00:00,C-118,Compresseur à vis,compresseur,3.521,6.29,19.121,3751.5,1486,62.9,B,normal,3.79,8.9,1.83,4.01,97.09,150.58,63.4,9.71,0.19245,0.07997,0.04828,500,6800,SKF 7314
2026-04-23 08:00:00,V-302,Ventilateur tirage,ventilateur,1.909,3.772,10.753,2109.7,978,44.8,A,normal,3.84,4.89,1.6,3.5,68.13,94.87,44.17,6.81,0.13819,0.09203,0.05981,75,1800,SKF 22216
2026-04-23 08:00:00,M-019,Moteur électrique 400kW,moteur_electrique,5.463,10.218,31.278,6136.7,1489,61.1,C,alerte,4.06,14.77,2.58,4.55,90.08,133.27,60.06,10.0,0.11067,0.06703,0.07554,400,5500,SKF 6320
2026-04-23 08:00:00,R-077,Réducteur convoyeur,reducteur,1.867,3.444,10.722,2103.7,709,45.7,A,normal,2.84,3.54,1.96,4.41,52.23,65.94,34.86,5.22,0.13051,0.08708,0.05348,55,950,SKF 2312
2026-04-23 08:00:00,P-311,Pompe centrifuge BP,pompe_centrifuge,7.804,13.93,41.87,8214.9,2950,66.0,D,danger,3.81,19.8,1.8,3.5,174.54,267.96,116.03,19.42,0.0734,0.06746,0.03569,180,3100,SKF 6312
2026-04-23 09:00:00,P-204,Pompe centrifuge HP,pompe_centrifuge,2.153,3.958,12.734,2498.4,2977,50.7,A,normal,3.54,5.08,2.13,4.04,177.13,269.42,118.09,19.7,0.1314,0.09335,0.0538,250,4200,SKF 6314
2026-04-23 09:00:00,C-118,Compresseur à vis,compresseur,4.382,7.571,23.442,4599.3,1485,64.6,B,normal,3.61,10.53,1.39,2.57,97.02,150.48,63.36,9.7,0.12306,0.09484,0.05405,500,6800,SKF 7314
2026-04-23 09:00:00,V-302,Ventilateur tirage,ventilateur,1.835,3.489,8.097,1588.6,979,43.3,A,normal,3.78,4.62,1.54,3.0,68.2,94.96,44.22,6.82,0.13982,0.081,0.04996,75,1800,SKF 22216
2026-04-23 09:00:00,M-019,Moteur électrique 400kW,moteur_electrique,6.62,12.057,34.554,6779.5,1496,67.2,C,alerte,4.03,17.81,1.38,5.29,90.51,133.89,60.34,10.05,0.09464,0.08339,0.05518,400,5500,SKF 6320
2026-04-23 09:00:00,R-077,Réducteur convoyeur,reducteur,2.137,3.949,10.84,2126.8,718,44.4,A,normal,3.86,5.49,2.44,2.82,52.89,66.77,35.3,5.29,0.16718,0.08637,0.0503,55,950,SKF 2312
2026-04-23 09:00:00,P-311,Pompe centrifuge BP,pompe_centrifuge,8.207,14.73,43.432,8521.4,2955,62.8,D,danger,3.97,21.75,1.79,3.39,174.84,268.41,116.23,19.45,0.36397,0.07175,0.03583,180,3100,SKF 6312
2026-04-23 10:00:00,P-204,Pompe centrifuge HP,pompe_centrifuge,2.275,4.319,13.575,2663.4,2984,51.1,A,normal,3.78,5.74,2.1,3.85,177.55,270.05,118.37,19.74,0.12378,0.07417,0.0561,250,4200,SKF 6314
2026-04-23 10:00:00,C-118,Compresseur à vis,compresseur,4.0,6.994,22.194,4354.5,1481,61.2,B,normal,4.13,11.01,1.9,3.87,96.76,150.07,63.19,9.68,0.12789,0.06523,0.04538,500,6800,SKF 7314
2026-04-23 10:00:00,V-302,Ventilateur tirage,ventilateur,1.28,1.733,4.3,843.7,981,44.3,A,normal,3.64,3.11,1.96,2.15,68.34,95.16,44.31,6.83,0.14556,0.08834,0.05336,75,1800,SKF 22216
2026-04-23 10:00:00,M-019,Moteur électrique 400kW,moteur_electrique,5.328,9.287,27.794,5453.2,1484,61.9,C,alerte,3.76,13.35,1.56,3.08,89.78,132.82,59.85,9.97,0.07994,0.08269,0.0681,400,5500,SKF 6320
2026-04-23 10:00:00,R-077,Réducteur convoyeur,reducteur,1.557,3.016,9.417,1847.6,731,45.2,A,normal,3.47,3.6,2.23,3.44,53.85,67.98,35.94,5.39,0.13005,0.06761,0.04009,55,950,SKF 2312
2026-04-23 10:00:00,P-311,Pompe centrifuge BP,pompe_centrifuge,9.663,17.493,53.112,10420.6,2967,67.4,D,danger,4.23,27.25,1.83,4.0,175.55,269.5,116.7,19.53,0.26199,0.10334,0.05049,180,3100,SKF 6312
2026-04-23 11:00:00,P-204,Pompe centrifuge HP,pompe_centrifuge,2.57,5.267,17.279,3390.1,2977,51.6,B,normal,2.81,4.81,2.07,3.32,177.13,269.42,118.09,19.7,0.1113,0.06956,0.04399,250,4200,SKF 6314
2026-04-23 11:00:00,C-118,Compresseur à vis,compresseur,3.216,6.359,18.244,3579.5,1478,58.5,B,normal,4.06,8.7,2.36,4.18,96.56,149.77,63.06,9.66,0.16889,0.06656,0.05078,500,6800,SKF 7314
2026-04-23 11:00:00,V-302,Ventilateur tirage,ventilateur,1.094,1.603,5.383,1056.1,976,41.8,A,normal,3.41,2.49,1.92,3.15,67.99,94.67,44.08,6.8,0.16562,0.07527,0.05226,75,1800,SKF 22216
2026-04-23 11:00:00,M-019,Moteur électrique 400kW,moteur_electrique,4.757,8.613,26.015,5104.1,1496,60.6,C,alerte,3.43,10.88,2.02,4.19,90.51,133.89,60.34,10.05,0.1114,0.08988,0.04878,400,5500,SKF 6320
2026-04-23 11:00:00,R-077,Réducteur convoyeur,reducteur,2.03,3.802,10.396,2039.7,715,43.8,A,normal,3.57,4.84,1.73,4.55,52.67,66.5,35.15,5.27,0.14616,0.08506,0.04746,55,950,SKF 2312
2026-04-23 11:00:00,P-311,Pompe centrifuge BP,pompe_centrifuge,8.264,15.019,45.28,8883.9,2966,64.4,D,danger,3.75,20.67,1.83,3.87,175.49,269.41,116.66,19.53,0.19578,0.04394,0.05787,180,3100,SKF 6312
2026-04-23 12:00:00,P-204,Pompe centrifuge HP,pompe_centrifuge,1.752,3.576,9.97,1956.1,2988,51.7,A,normal,3.88,4.53,2.15,3.59,177.79,270.41,118.52,19.77,0.16546,0.09264,0.04181,250,4200,SKF 6314
2026-04-23 12:00:00,C-118,Compresseur à vis,compresseur,3.937,7.042,21.567,4231.4,1484,62.7,B,normal,3.28,8.62,1.92,3.35,96.95,150.38,63.32,9.7,0.10429,0.06339,0.05273,500,6800,SKF 7314
2026-04-23 12:00:00,V-302,Ventilateur tirage,ventilateur,1.549,2.925,9.247,1814.3,977,43.2,A,normal,3.41,3.52,2.39,3.29,68.06,94.77,44.13,6.81,0.11841,0.07963,0.05281,75,1800,SKF 22216
2026-04-23 12:00:00,M-019,Moteur électrique 400kW,moteur_electrique,6.29,11.51,34.112,6692.8,1494,63.2,C,alerte,4.05,17.0,2.18,3.96,90.39,133.71,60.26,10.03,0.19766,0.13453,0.05454,400,5500,SKF 6320
2026-04-23 12:00:00,R-077,Réducteur convoyeur,reducteur,1.495,3.107,8.15,1599.0,723,43.0,A,normal,3.51,3.5,1.57,4.09,53.26,67.24,35.55,5.33,0.14887,0.07952,0.05161,55,950,SKF 2312
2026-04-23 12:00:00,P-311,Pompe centrifuge BP,pompe_centrifuge,13.001,22.73,68.153,13371.6,2962,74.4,D,danger,4.51,39.09,1.82,5.71,175.25,269.05,116.51,19.5,0.34989,0.04846,0.03233,180,3100,SKF 6312
2026-04-23 13:00:00,P-204,Pompe centrifuge HP,pompe_centrifuge,1.797,3.464,9.996,1961.2,2987,51.7,A,normal,3.52,4.21,1.91,4.36,177.73,270.32,118.48,19.76,0.10328,0.08056,0.0508,250,4200,SKF 6314
2026-04-23 13:00:00,C-118,Compresseur à vis,compresseur,4.357,7.845,23.273,4566.2,1486,65.1,B,normal,3.29,9.56,1.81,4.05,97.09,150.58,63.4,9.71,0.10018,0.13954,0.04983,500,6800,SKF 7314
2026-04-23 13:00:00,V-302,Ventilateur tirage,ventilateur,1.627,2.901,8.794,1725.4,982,42.5,A,normal,3.52,3.81,1.86,3.48,68.41,95.25,44.35,6.84,0.12042,0.07837,0.05209,75,1800,SKF 22216
2026-04-23 13:00:00,M-019,Moteur électrique 400kW,moteur_electrique,5.602,9.711,28.843,5659.0,1487,64.1,C,alerte,3.66,13.68,2.09,4.3,89.96,133.09,59.98,9.99,0.1587,0.07661,0.0304,400,5500,SKF 6320
2026-04-23 13:00:00,R-077,Réducteur convoyeur,reducteur,1.872,3.669,11.815,2318.1,727,46.5,A,normal,3.76,4.7,1.86,3.39,53.56,67.61,35.74,5.36,0.10649,0.08334,0.05668,55,950,SKF 2312
2026-04-23 13:00:00,P-311,Pompe centrifuge BP,pompe_centrifuge,10.708,19.11,57.614,11303.9,2960,69.5,D,danger,5.68,40.58,2.01,4.85,175.13,268.87,116.43,19.49,0.02678,0.0322,0.05828,180,3100,SKF 6312
2026-04-23 14:00:00,P-204,Pompe centrifuge HP,pompe_centrifuge,1.919,3.488,10.497,2059.5,2982,48.5,A,normal,3.33,4.26,2.0,2.83,177.43,269.87,118.29,19.73,0.11812,0.07489,0.05276,250,4200,SKF 6314
2026-04-23 14:00:00,C-118,Compresseur à vis,compresseur,3.555,6.13,18.305,3591.4,1488,60.7,B,normal,3.47,8.22,2.13,3.83,97.22,150.78,63.49,9.72,0.0819,0.08907,0.05011,500,6800,SKF 7314
2026-04-23 14:00:00,V-302,Ventilateur tirage,ventilateur,1.616,2.515,7.013,1376.0,979,46.8,A,normal,2.82,3.04,1.93,3.74,68.2,94.96,44.22,6.82,0.16672,0.07081,0.05072,75,1800,SKF 22216
2026-04-23 14:00:00,M-019,Moteur électrique 400kW,moteur_electrique,6.137,11.35,34.161,6702.4,1491,66.9,C,alerte,4.11,16.8,2.07,3.38,90.21,133.44,60.14,10.01,0.25048,0.03662,0.02964,400,5500,SKF 6320
2026-04-23 14:00:00,R-077,Réducteur convoyeur,reducteur,1.475,2.063,5.08,996.7,722,43.9,A,normal,3.09,3.04,1.93,3.16,53.19,67.15,35.5,5.32,0.10888,0.0796,0.05762,55,950,SKF 2312
2026-04-23 14:00:00,P-311,Pompe centrifuge BP,pompe_centrifuge,11.379,19.761,59.994,11770.8,2962,74.4,D,danger,4.46,33.8,1.36,4.43,175.25,269.05,116.51,19.5,0.07605,0.20278,0.03411,180,3100,SKF 6312
2026-04-23 15:00:00,P-204,Pompe centrifuge HP,pompe_centrifuge,2.403,4.004,12.316,2416.4,2986,50.2,B,normal,4.06,6.5,1.53,3.69,177.67,270.23,118.44,19.76,0.08345,0.08138,0.04858,250,4200,SKF 6314
2026-04-23 15:00:00,C-118,Compresseur à vis,compresseur,4.466,7.661,23.085,4529.3,1485,62.7,B,normal,4.05,12.05,1.71,4.14,97.02,150.48,63.36,9.7,0.14363,0.07319,0.04557,500,6800,SKF 7314
2026-04-23 15:00:00,V-302,Ventilateur tirage,ventilateur,1.554,2.479,7.455,1462.7,976,45.8,A,normal,3.43,3.55,1.68,2.22,67.99,94.67,44.08,6.8,0.14575,0.08238,0.04953,75,1800,SKF 22216
2026-04-23 15:00:00,M-019,Moteur électrique 400kW,moteur_electrique,7.024,12.691,37.598,7376.7,1485,68.0,C,alerte,4.06,19.03,1.78,4.11,89.84,132.91,59.89,9.97,0.05836,0.07248,0.05572,400,5500,SKF 6320
2026-04-23 15:00:00,R-077,Réducteur convoyeur,reducteur,1.435,2.194,8.225,1613.7,719,43.0,A,normal,3.77,3.61,1.76,4.35,52.97,66.87,35.35,5.3,0.10457,0.08958,0.04465,55,950,SKF 2312
2026-04-23 15:00:00,P-311,Pompe centrifuge BP,pompe_centrifuge,11.079,19.92,58.806,11537.7,2967,69.0,D,danger,4.3,31.76,2.05,5.26,175.55,269.5,116.7,19.53,0.2965,0.26467,0.0231,180,3100,SKF 6312
2026-04-23 16:00:00,P-204,Pompe centrifuge HP,pompe_centrifuge,1.776,2.378,8.018,1573.1,2972,49.2,A,normal,3.29,3.9,1.52,3.82,176.83,268.97,117.89,19.66,0.12321,0.08602,0.05206,250,4200,SKF 6314
2026-04-23 16:00:00,C-118,Compresseur à vis,compresseur,3.765,7.135,23.36,4583.2,1482,61.7,B,normal,3.94,9.89,1.97,3.87,96.82,150.18,63.23,9.68,0.11293,0.08561,0.05587,500,6800,SKF 7314
2026-04-23 16:00:00,V-302,Ventilateur tirage,ventilateur,1.816,3.505,9.345,1833.5,979,45.3,A,normal,3.71,4.49,1.42,3.4,68.2,94.96,44.22,6.82,0.10712,0.08275,0.04234,75,1800,SKF 22216
2026-04-23 16:00:00,M-019,Moteur électrique 400kW,moteur_electrique,5.908,9.894,30.299,5944.7,1488,63.6,C,alerte,3.94,15.51,1.91,3.36,90.02,133.18,60.02,9.99,0.08689,0.05257,0.05691,400,5500,SKF 6320
2026-04-23 16:00:00,R-077,Réducteur convoyeur,reducteur,1.581,3.441,11.252,2207.6,716,43.1,A,normal,3.69,3.89,2.11,4.36,52.75,66.59,35.2,5.27,0.15804,0.0828,0.05071,55,950,SKF 2312
2026-04-23 16:00:00,P-311,Pompe centrifuge BP,pompe_centrifuge,11.844,21.089,64.746,12703.2,2960,76.0,D,danger,4.52,35.7,2.02,3.92,175.13,268.87,116.43,19.49,0.09852,0.02484,0.04371,180,3100,SKF 6312
2026-04-23 17:00:00,P-204,Pompe centrifuge HP,pompe_centrifuge,2.108,3.673,10.479,2056.0,2979,50.1,A,normal,3.86,5.43,2.15,3.33,177.25,269.6,118.17,19.71,0.14012,0.10525,0.05287,250,4200,SKF 6314
2026-04-23 17:00:00,C-118,Compresseur à vis,compresseur,3.704,6.544,19.502,3826.3,1475,62.7,B,normal,3.02,7.47,1.84,3.87,96.37,149.47,62.93,9.64,0.19265,0.12234,0.0501,500,6800,SKF 7314
2026-04-23 17:00:00,V-302,Ventilateur tirage,ventilateur,1.519,2.598,7.873,1544.7,977,45.6,A,normal,3.79,3.84,1.63,2.99,68.06,94.77,44.13,6.81,0.13902,0.08373,0.04791,75,1800,SKF 22216
2026-04-23 17:00:00,M-019,Moteur électrique 400kW,moteur_electrique,4.896,8.914,27.235,5343.5,1493,64.7,C,alerte,4.3,14.03,1.93,3.53,90.33,133.62,60.22,10.03,0.11854,0.0735,0.04251,400,5500,SKF 6320
2026-04-23 17:00:00,R-077,Réducteur convoyeur,reducteur,1.678,2.669,7.888,1547.6,720,45.0,A,normal,3.64,4.07,2.02,3.47,53.04,66.96,35.4,5.3,0.13316,0.09672,0.05084,55,950,SKF 2312
2026-04-23 17:00:00,P-311,Pompe centrifuge BP,pompe_centrifuge,9.742,17.366,51.345,10073.9,2964,69.6,D,danger,4.91,31.88,1.75,4.02,175.37,269.23,116.58,19.51,0.20334,0.03229,0.07731,180,3100,SKF 6312
2026-04-23 18:00:00,P-204,Pompe centrifuge HP,pompe_centrifuge,1.821,2.894,9.141,1793.5,2987,51.4,A,normal,3.62,4.39,1.89,4.05,177.73,270.32,118.48,19.76,0.12247,0.07825,0.04925,250,4200,SKF 6314
2026-04-23 18:00:00,C-118,Compresseur à vis,compresseur,4.189,7.342,22.07,4330.1,1483,65.0,B,normal,3.9,10.9,1.47,3.58,96.89,150.28,63.27,9.69,0.21278,0.09844,0.06022,500,6800,SKF 7314
2026-04-23 18:00:00,V-302,Ventilateur tirage,ventilateur,1.221,2.158,6.823,1338.7,989,42.0,A,normal,3.64,2.96,2.06,3.37,68.9,95.93,44.67,6.89,0.12106,0.07518,0.05164,75,1800,SKF 22216
2026-04-23 18:00:00,M-019,Moteur électrique 400kW,moteur_electrique,5.819,10.821,32.254,6328.2,1493,66.4,C,alerte,3.11,12.06,1.91,4.6,90.33,133.62,60.22,10.03,0.13978,0.09858,0.03611,400,5500,SKF 6320
2026-04-23 18:00:00,R-077,Réducteur convoyeur,reducteur,2.008,4.021,12.64,2480.0,719,45.3,A,normal,3.56,4.77,1.34,3.69,52.97,66.87,35.35,5.3,0.16268,0.08911,0.05289,55,950,SKF 2312
2026-04-23 18:00:00,P-311,Pompe centrifuge BP,pompe_centrifuge,10.086,18.049,52.946,10388.0,2964,68.5,D,danger,4.12,27.71,2.07,3.43,175.37,269.23,116.58,19.51,0.12683,0.03076,0.03151,180,3100,SKF 6312
2026-04-23 19:00:00,P-204,Pompe centrifuge HP,pompe_centrifuge,2.433,4.602,12.58,2468.2,2978,50.3,B,normal,3.97,6.44,2.16,2.57,177.19,269.51,118.13,19.7,0.14902,0.0875,0.05276,250,4200,SKF 6314
2026-04-23 19:00:00,C-118,Compresseur à vis,compresseur,3.284,5.97,18.734,3675.6,1486,64.2,B,normal,3.07,6.73,1.66,3.85,97.09,150.58,63.4,9.71,0.14841,0.07937,0.04386,500,6800,SKF 7314
2026-04-23 19:00:00,V-302,Ventilateur tirage,ventilateur,1.638,2.476,7.422,1456.2,979,46.5,A,normal,3.44,3.75,2.28,4.59,68.2,94.96,44.22,6.82,0.13834,0.09425,0.05491,75,1800,SKF 22216
2026-04-23 19:00:00,M-019,Moteur électrique 400kW,moteur_electrique,5.268,9.415,27.085,5314.1,1486,65.6,C,alerte,4.1,14.41,1.45,3.34,89.9,133.0,59.94,9.98,0.11768,0.09897,0.03339,400,5500,SKF 6320
2026-04-23 19:00:00,R-077,Réducteur convoyeur,reducteur,1.449,2.647,7.505,1472.5,721,43.2,A,normal,3.44,3.33,2.3,3.8,53.11,67.05,35.45,5.31,0.10637,0.0738,0.04941,55,950,SKF 2312
2026-04-23 19:00:00,P-311,Pompe centrifuge BP,pompe_centrifuge,10.23,18.582,55.33,10855.7,2966,71.2,D,danger,4.45,30.33,1.86,4.42,175.49,269.41,116.66,19.53,0.07488,0.05943,0.11234,180,3100,SKF 6312
2026-04-23 20:00:00,P-204,Pompe centrifuge HP,pompe_centrifuge,1.939,3.141,10.02,1965.9,2981,51.6,A,normal,3.47,4.49,1.77,3.0,177.37,269.78,118.25,19.72,0.12605,0.07364,0.04441,250,4200,SKF 6314
2026-04-23 20:00:00,C-118,Compresseur à vis,compresseur,2.934,5.367,15.42,3025.4,1483,63.3,B,normal,3.35,6.56,2.54,3.33,96.89,150.28,63.27,9.69,0.17906,0.10747,0.04801,500,6800,SKF 7314
2026-04-23 20:00:00,V-302,Ventilateur tirage,ventilateur,1.705,3.577,10.81,2120.9,981,45.9,A,normal,3.57,4.06,1.37,3.59,68.34,95.16,44.31,6.83,0.12749,0.07715,0.06465,75,1800,SKF 22216
2026-04-23 20:00:00,M-019,Moteur électrique 400kW,moteur_electrique,6.101,10.999,33.512,6575.1,1491,66.4,C,alerte,3.25,13.23,2.21,3.2,90.21,133.44,60.14,10.01,0.20152,0.07834,0.04385,400,5500,SKF 6320
2026-04-23 20:00:00,R-077,Réducteur convoyeur,reducteur,1.577,3.129,8.064,1582.2,718,44.2,A,normal,3.7,3.89,1.64,2.97,52.89,66.77,35.3,5.29,0.12643,0.07848,0.04603,55,950,SKF 2312
2026-04-23 20:00:00,P-311,Pompe centrifuge BP,pompe_centrifuge,10.718,18.954,56.185,11023.5,2964,70.4,D,danger,4.63,33.06,1.25,4.61,175.37,269.23,116.58,19.51,0.09375,0.02083,0.05882,180,3100,SKF 6312
2026-04-23 21:00:00,P-204,Pompe centrifuge HP,pompe_centrifuge,1.734,3.154,10.615,2082.7,2973,48.7,A,normal,3.62,4.18,2.16,3.27,176.89,269.06,117.93,19.67,0.12979,0.07494,0.04669,250,4200,SKF 6314
2026-04-23 21:00:00,C-118,Compresseur à vis,compresseur,3.05,5.441,16.173,3173.1,1489,60.5,B,normal,2.95,5.99,1.36,2.68,97.28,150.89,63.53,9.73,0.11532,0.11945,0.05363,500,6800,SKF 7314
2026-04-23 21:00:00,V-302,Ventilateur tirage,ventilateur,1.832,3.421,9.941,1950.4,984,43.9,A,normal,3.65,4.46,1.52,4.22,68.55,95.45,44.44,6.86,0.14668,0.06823,0.04398,75,1800,SKF 22216
2026-04-23 21:00:00,M-019,Moteur électrique 400kW,moteur_electrique,6.975,11.844,34.782,6824.2,1483,65.7,C,alerte,3.92,18.21,1.85,4.32,89.72,132.73,59.81,9.96,0.07541,0.14522,0.0594,400,5500,SKF 6320
2026-04-23 21:00:00,R-077,Réducteur convoyeur,reducteur,1.157,2.298,7.29,1430.3,727,42.1,A,normal,3.52,2.71,1.86,3.29,53.56,67.61,35.74,5.36,0.13432,0.08496,0.04925,55,950,SKF 2312
2026-04-23 21:00:00,P-311,Pompe centrifuge BP,pompe_centrifuge,10.399,18.75,55.986,10984.5,2954,70.1,D,danger,4.93,34.16,2.22,4.44,174.78,268.32,116.19,19.45,0.13995,0.08432,0.03975,180,3100,SKF 6312
2026-04-23 22:00:00,P-204,Pompe centrifuge HP,pompe_centrifuge,1.943,3.587,10.067,1975.1,2988,50.6,A,normal,3.87,5.02,1.59,3.45,177.79,270.41,118.52,19.77,0.15101,0.07365,0.0519,250,4200,SKF 6314
2026-04-23 22:00:00,C-118,Compresseur à vis,compresseur,3.386,5.797,16.588,3254.6,1482,62.8,B,normal,3.93,8.86,2.04,4.08,96.82,150.18,63.23,9.68,0.0788,0.05599,0.04694,500,6800,SKF 7314
2026-04-23 22:00:00,V-302,Ventilateur tirage,ventilateur,1.689,3.394,10.535,2067.0,982,43.6,A,normal,3.27,3.69,2.4,3.32,68.41,95.25,44.35,6.84,0.11809,0.07624,0.05422,75,1800,SKF 22216
2026-04-23 22:00:00,M-019,Moteur électrique 400kW,moteur_electrique,5.886,10.584,30.596,6002.9,1494,63.1,C,alerte,4.3,16.86,1.61,5.15,90.39,133.71,60.26,10.03,0.30889,0.04838,0.04009,400,5500,SKF 6320
2026-04-23 22:00:00,R-077,Réducteur convoyeur,reducteur,1.339,2.883,7.541,1479.5,725,44.5,A,normal,3.4,3.04,1.75,2.76,53.41,67.42,35.65,5.34,0.13267,0.07169,0.04512,55,950,SKF 2312
2026-04-23 22:00:00,P-311,Pompe centrifuge BP,pompe_centrifuge,9.155,16.604,49.924,9795.1,2959,67.9,D,danger,4.12,25.14,1.87,4.19,175.07,268.78,116.39,19.48,0.12079,0.08035,0.03652,180,3100,SKF 6312
2026-04-23 23:00:00,P-204,Pompe centrifuge HP,pompe_centrifuge,2.264,3.847,12.693,2490.4,2981,51.4,A,normal,3.94,5.95,1.97,2.5,177.37,269.78,118.25,19.72,0.08455,0.12626,0.04598,250,4200,SKF 6314
2026-04-23 23:00:00,C-118,Compresseur à vis,compresseur,2.633,4.554,13.652,2678.5,1492,58.7,B,normal,4.43,7.77,1.37,3.32,97.48,151.19,63.66,9.75,0.15728,0.0993,0.05591,500,6800,SKF 7314
2026-04-23 23:00:00,V-302,Ventilateur tirage,ventilateur,1.276,2.713,7.791,1528.6,982,42.1,A,normal,2.77,2.36,1.93,3.14,68.41,95.25,44.35,6.84,0.12464,0.07954,0.05104,75,1800,SKF 22216
2026-04-23 23:00:00,M-019,Moteur électrique 400kW,moteur_electrique,5.132,9.424,28.256,5543.8,1486,65.0,C,alerte,4.0,13.67,2.2,3.68,89.9,133.0,59.94,9.98,0.29987,0.20415,0.04819,400,5500,SKF 6320
2026-04-23 23:00:00,R-077,Réducteur convoyeur,reducteur,1.549,2.623,8.536,1674.8,721,43.9,A,normal,3.89,4.01,1.5,2.19,53.11,67.05,35.45,5.31,0.13638,0.07651,0.05015,55,950,SKF 2312
2026-04-23 23:00:00,P-311,Pompe centrifuge BP,pompe_centrifuge,9.838,17.827,54.879,10767.3,2954,66.4,D,danger,4.93,32.34,2.51,4.63,174.78,268.32,116.19,19.45,0.14829,0.17044,0.06516,180,3100,SKF 6312
2026-04-24 00:00:00,P-204,Pompe centrifuge HP,pompe_centrifuge,2.176,4.587,15.025,2947.9,2980,49.2,A,normal,3.39,4.92,1.76,2.55,177.31,269.69,118.21,19.72,0.10745,0.06426,0.05256,250,4200,SKF 6314
2026-04-24 00:00:00,C-118,Compresseur à vis,compresseur,3.103,5.72,17.187,3372.1,1492,60.3,B,normal,3.85,7.97,1.97,3.45,97.48,151.19,63.66,9.75,0.12393,0.1031,0.05927,500,6800,SKF 7314
2026-04-24 00:00:00,V-302,Ventilateur tirage,ventilateur,2.009,3.974,10.781,2115.2,981,46.4,A,normal,3.43,4.6,1.72,3.25,68.34,95.16,44.31,6.83,0.12588,0.07636,0.04387,75,1800,SKF 22216
2026-04-24 00:00:00,M-019,Moteur électrique 400kW,moteur_electrique,6.061,10.385,31.568,6193.6,1486,64.3,C,alerte,4.31,17.4,2.02,4.7,89.9,133.0,59.94,9.98,0.09623,0.06295,0.03273,400,5500,SKF 6320
2026-04-24 00:00:00,R-077,Réducteur convoyeur,reducteur,2.05,3.663,10.913,2141.1,716,45.0,A,normal,3.69,5.04,1.52,3.59,52.75,66.59,35.2,5.27,0.12573,0.08759,0.05292,55,950,SKF 2312
2026-04-24 00:00:00,P-311,Pompe centrifuge BP,pompe_centrifuge,9.294,16.423,50.024,9814.7,2958,65.8,D,danger,3.46,21.41,2.34,4.84,175.01,268.69,116.35,19.47,0.14062,0.02788,0.07605,180,3100,SKF 6312
2026-04-24 01:00:00,P-204,Pompe centrifuge HP,pompe_centrifuge,1.594,2.81,8.588,1685.0,2973,51.4,A,normal,3.83,4.07,1.45,3.43,176.89,269.06,117.93,19.67,0.15253,0.07484,0.05044,250,4200,SKF 6314
2026-04-24 01:00:00,C-118,Compresseur à vis,compresseur,2.954,5.55,16.26,3190.2,1488,61.1,B,normal,3.56,7.02,2.24,3.77,97.22,150.78,63.49,9.72,0.16921,0.07235,0.05206,500,6800,SKF 7314
2026-04-24 01:00:00,V-302,Ventilateur tirage,ventilateur,1.798,3.313,9.523,1868.4,979,43.4,A,normal,3.37,4.03,2.11,2.59,68.2,94.96,44.22,6.82,0.13946,0.09023,0.04071,75,1800,SKF 22216
2026-04-24 01:00:00,M-019,Moteur électrique 400kW,moteur_electrique,4.724,8.319,25.655,5033.5,1488,62.6,C,alerte,3.76,11.83,1.69,3.95,90.02,133.18,60.02,9.99,0.05327,0.07392,0.04038,400,5500,SKF 6320
2026-04-24 01:00:00,R-077,Réducteur convoyeur,reducteur,1.46,3.248,8.739,1714.6,724,41.7,A,normal,2.56,2.49,1.91,3.05,53.33,67.33,35.6,5.33,0.16365,0.08716,0.04744,55,950,SKF 2312
2026-04-24 01:00:00,P-311,Pompe centrifuge BP,pompe_centrifuge,10.325,18.341,55.289,10847.7,2964,69.0,D,danger,4.38,30.14,1.37,4.79,175.37,269.23,116.58,19.51,0.28513,0.07595,0.06493,180,3100,SKF 6312
2026-04-24 02:00:00,P-204,Pompe centrifuge HP,pompe_centrifuge,2.03,3.698,11.816,2318.3,2970,52.7,A,normal,3.02,4.09,1.31,3.18,176.72,268.78,117.81,19.65,0.14906,0.07962,0.05362,250,4200,SKF 6314
2026-04-24 02:00:00,C-118,Compresseur à vis,compresseur,2.926,4.957,14.981,2939.3,1484,60.5,B,normal,3.23,6.3,1.87,2.84,96.95,150.38,63.32,9.7,0.15814,0.06106,0.0352,500,6800,SKF 7314
2026-04-24 02:00:00,V-302,Ventilateur tirage,ventilateur,1.799,3.371,10.404,2041.3,978,45.0,A,normal,3.81,4.56,2.14,2.83,68.13,94.87,44.17,6.81,0.14526,0.09644,0.05636,75,1800,SKF 22216
2026-04-24 02:00:00,M-019,Moteur électrique 400kW,moteur_electrique,5.544,9.945,31.053,6092.6,1489,62.7,C,alerte,3.57,13.18,1.83,3.95,90.08,133.27,60.06,10.0,0.1333,0.05247,0.04785,400,5500,SKF 6320
2026-04-24 02:00:00,R-077,Réducteur convoyeur,reducteur,1.621,2.741,7.473,1466.2,713,44.0,A,normal,3.85,4.17,1.58,2.23,52.52,66.31,35.06,5.25,0.12284,0.08251,0.0413,55,950,SKF 2312
2026-04-24 02:00:00,P-311,Pompe centrifuge BP,pompe_centrifuge,9.267,16.535,50.118,9833.2,2955,66.1,D,danger,4.35,26.89,2.44,4.64,174.84,268.41,116.23,19.45,0.13692,0.22574,0.06002,180,3100,SKF 6312
2026-04-24 03:00:00,P-204,Pompe centrifuge HP,pompe_centrifuge,2.193,4.478,12.998,2550.2,2994,53.5,A,normal,3.23,4.73,1.54,3.34,178.14,270.96,118.76,19.81,0.10849,0.07366,0.04977,250,4200,SKF 6314
2026-04-24 03:00:00,C-118,Compresseur à vis,compresseur,4.015,6.774,20.231,3969.3,1482,63.1,B,normal,3.58,9.59,1.86,3.5,96.82,150.18,63.23,9.68,0.08846,0.10081,0.05338,500,6800,SKF 7314
2026-04-24 03:00:00,V-302,Ventilateur tirage,ventilateur,1.254,2.739,7.273,1427.0,986,44.3,A,normal,3.25,2.72,1.19,3.7,68.69,95.64,44.53,6.87,0.14115,0.07714,0.05207,75,1800,SKF 22216
2026-04-24 03:00:00,M-019,Moteur électrique 400kW,moteur_electrique,7.007,12.642,39.329,7716.3,1491,67.8,C,alerte,3.91,18.27,1.74,4.41,90.21,133.44,60.14,10.01,0.12727,0.15495,0.02793,400,5500,SKF 6320
2026-04-24 03:00:00,R-077,Réducteur convoyeur,reducteur,1.514,2.495,6.644,1303.6,719,43.3,A,normal,3.18,3.21,1.69,4.29,52.97,66.87,35.35,5.3,0.14964,0.09093,0.0492,55,950,SKF 2312
2026-04-24 03:00:00,P-311,Pompe centrifuge BP,pompe_centrifuge,9.855,17.648,51.489,10102.1,2953,66.5,D,danger,4.52,29.71,1.93,4.4,174.72,268.23,116.15,19.44,0.19807,0.12787,0.04438,180,3100,SKF 6312
2026-04-24 04:00:00,P-204,Pompe centrifuge HP,pompe_centrifuge,1.815,3.274,9.758,1914.5,2985,51.7,A,normal,4.08,4.93,0.87,3.04,177.61,270.14,118.41,19.75,0.11334,0.08319,0.05274,250,4200,SKF 6314
2026-04-24 04:00:00,C-118,Compresseur à vis,compresseur,3.537,6.192,18.09,3549.3,1491,60.6,B,normal,3.95,9.32,2.09,3.19,97.41,151.09,63.62,9.74,0.10001,0.09575,0.04709,500,6800,SKF 7314
2026-04-24 04:00:00,V-302,Ventilateur tirage,ventilateur,0.74,1.312,4.22,828.0,974,42.5,A,normal,2.57,1.27,1.69,2.88,67.86,94.48,43.99,6.79,0.13339,0.08398,0.04615,75,1800,SKF 22216
2026-04-24 04:00:00,M-019,Moteur électrique 400kW,moteur_electrique,6.349,12.007,36.243,7110.9,1496,64.1,C,alerte,3.58,15.16,1.95,4.26,90.51,133.89,60.34,10.05,0.14107,0.04272,0.03428,400,5500,SKF 6320
2026-04-24 04:00:00,R-077,Réducteur convoyeur,reducteur,1.348,2.293,6.311,1238.2,713,42.2,A,normal,3.37,3.03,1.8,2.35,52.52,66.31,35.06,5.25,0.12335,0.09208,0.04655,55,950,SKF 2312
2026-04-24 04:00:00,P-311,Pompe centrifuge BP,pompe_centrifuge,8.688,15.855,46.818,9185.7,2963,63.9,D,danger,4.09,23.7,2.16,3.88,175.31,269.14,116.54,19.51,0.05843,0.22878,0.02505,180,3100,SKF 6312
2026-04-24 05:00:00,P-204,Pompe centrifuge HP,pompe_centrifuge,2.369,4.488,12.559,2464.1,2976,53.7,B,normal,3.69,5.83,1.75,2.97,177.07,269.33,118.05,19.69,0.16268,0.06406,0.06107,250,4200,SKF 6314
2026-04-24 05:00:00,C-118,Compresseur à vis,compresseur,4.026,7.315,21.846,4286.2,1484,63.8,B,normal,3.6,9.67,2.26,3.23,96.95,150.38,63.32,9.7,0.18351,0.07169,0.04065,500,6800,SKF 7314
2026-04-24 05:00:00,V-302,Ventilateur tirage,ventilateur,1.478,2.806,8.363,1640.8,981,44.0,A,normal,3.28,3.23,1.72,2.88,68.34,95.16,44.31,6.83,0.13654,0.07327,0.04808,75,1800,SKF 22216
2026-04-24 05:00:00,M-019,Moteur électrique 400kW,moteur_electrique,4.151,7.97,23.449,4600.7,1495,64.5,B,normal,4.08,11.29,2.06,3.85,90.45,133.8,60.3,10.04,0.0758,0.08809,0.04177,400,5500,SKF 6320
2026-04-24 05:00:00,R-077,Réducteur convoyeur,reducteur,1.387,2.338,6.701,1314.7,719,44.4,A,normal,3.08,2.84,2.06,2.46,52.97,66.87,35.35,5.3,0.15765,0.06398,0.05598,55,950,SKF 2312
2026-04-24 05:00:00,P-311,Pompe centrifuge BP,pompe_centrifuge,9.728,17.256,51.217,10048.8,2972,66.4,D,danger,4.45,28.84,1.45,4.91,175.84,269.96,116.9,19.57,0.05129,0.0651,0.07964,180,3100,SKF 6312
2026-04-24 06:00:00,P-204,Pompe centrifuge HP,pompe_centrifuge,1.732,3.334,9.056,1776.8,2976,50.3,A,normal,3.57,4.12,1.55,3.03,177.07,269.33,118.05,19.69,0.15121,0.08806,0.04671,250,4200,SKF 6314
2026-04-24 06:00:00,C-118,Compresseur à vis,compresseur,3.199,5.655,16.154,3169.4,1489,59.9,B,normal,3.8,8.11,2.06,3.3,97.28,150.89,63.53,9.73,0.13476,0.07735,0.04686,500,6800,SKF 7314
2026-04-24 06:00:00,V-302,Ventilateur tirage,ventilateur,1.641,3.016,10.001,1962.2,974,42.2,A,normal,3.17,3.46,1.66,3.27,67.86,94.48,43.99,6.79,0.16138,0.09416,0.04754,75,1800,SKF 22216
2026-04-24 06:00:00,M-019,Moteur électrique 400kW,moteur_electrique,6.15,10.914,32.011,6280.6,1486,65.1,C,alerte,4.0,16.39,1.27,3.8,89.9,133.0,59.94,9.98,0.11506,0.0591,0.04632,400,5500,SKF 6320
2026-04-24 06:00:00,R-077,Réducteur convoyeur,reducteur,1.557,3.461,10.452,2050.7,718,43.6,A,normal,2.83,2.93,1.61,2.22,52.89,66.77,35.3,5.29,0.11846,0.08191,0.05459,55,950,SKF 2312
2026-04-24 06:00:00,P-311,Pompe centrifuge BP,pompe_centrifuge,7.827,13.401,41.232,8089.7,2953,60.4,D,danger,4.55,23.74,1.86,4.19,174.72,268.23,116.15,19.44,0.03677,0.08938,0.02,180,3100,SKF 6312
2026-04-24 07:00:00,P-204,Pompe centrifuge HP,pompe_centrifuge,1.979,4.015,11.773,2309.9,2979,51.7,A,normal,3.52,4.64,2.14,2.91,177.25,269.6,118.17,19.71,0.14484,0.06407,0.05068,250,4200,SKF 6314
2026-04-24 07:00:00,C-118,Compresseur à vis,compresseur,3.468,6.548,19.554,3836.5,1487,60.6,B,normal,3.83,8.85,1.55,4.28,97.15,150.68,63.45,9.72,0.08595,0.07629,0.03612,500,6800,SKF 7314
2026-04-24 07:00:00,V-302,Ventilateur tirage,ventilateur,1.12,1.95,5.942,1165.8,984,44.1,A,normal,3.55,2.65,1.27,1.53,68.55,95.45,44.44,6.86,0.14178,0.08001,0.04864,75,1800,SKF 22216
2026-04-24 07:00:00,M-019,Moteur électrique 400kW,moteur_electrique,5.412,9.763,29.33,5754.5,1489,62.5,C,alerte,4.15,14.97,2.33,3.49,90.08,133.27,60.06,10.0,0.12515,0.07722,0.03759,400,5500,SKF 6320
2026-04-24 07:00:00,R-077,Réducteur convoyeur,reducteur,0.44,0.293,0.854,167.6,718,41.3,A,normal,3.24,0.95,1.94,2.05,52.89,66.77,35.3,5.29,0.13311,0.08161,0.05003,55,950,SKF 2312
2026-04-24 07:00:00,P-311,Pompe centrifuge BP,pompe_centrifuge,9.142,16.262,48.932,9600.5,2962,66.0,D,danger,4.03,24.54,1.62,3.94,175.25,269.05,116.51,19.5,0.30205,0.03816,0.06211,180,3100,SKF 6312
2026-04-24 08:00:00,P-204,Pompe centrifuge HP,pompe_centrifuge,2.091,3.524,10.07,1975.7,2987,52.9,A,normal,3.77,5.26,1.11,3.52,177.73,270.32,118.48,19.76,0.13808,0.09691,0.05398,250,4200,SKF 6314
2026-04-24 08:00:00,C-118,Compresseur à vis,compresseur,3.53,6.076,17.172,3369.1,1487,62.3,B,normal,3.77,8.88,1.95,4.41,97.15,150.68,63.45,9.72,0.15269,0.06746,0.05755,500,6800,SKF 7314
2026-04-24 08:00:00,V-302,Ventilateur tirage,ventilateur,0.844,1.706,5.071,994.9,987,42.8,A,normal,3.23,1.82,2.03,3.26,68.76,95.74,44.58,6.88,0.14892,0.08712,0.04464,75,1800,SKF 22216
2026-04-24 08:00:00,M-019,Moteur électrique 400kW,moteur_electrique,5.54,9.828,30.398,5964.1,1488,64.1,C,alerte,4.28,15.83,2.09,3.75,90.02,133.18,60.02,9.99,0.1075,0.09421,0.05811,400,5500,SKF 6320
2026-04-24 08:00:00,R-077,Réducteur convoyeur,reducteur,1.634,2.805,8.884,1743.0,729,46.0,A,normal,3.5,3.81,1.92,3.03,53.7,67.8,35.84,5.37,0.12851,0.08216,0.05078,55,950,SKF 2312
2026-04-24 08:00:00,P-311,Pompe centrifuge BP,pompe_centrifuge,8.82,15.827,47.236,9267.7,2958,64.8,D,danger,3.59,21.1,1.93,4.7,175.01,268.69,116.35,19.47,0.0548,0.10356,0.0601,180,3100,SKF 6312
2026-04-24 09:00:00,P-204,Pompe centrifuge HP,pompe_centrifuge,1.687,3.254,9.713,1905.7,2981,48.3,A,normal,3.44,3.87,1.8,3.33,177.37,269.78,118.25,19.72,0.14997,0.08912,0.04968,250,4200,SKF 6314
2026-04-24 09:00:00,C-118,Compresseur à vis,compresseur,3.651,6.829,21.498,4217.9,1483,60.5,B,normal,3.2,7.78,1.79,3.82,96.89,150.28,63.27,9.69,0.12644,0.09712,0.05594,500,6800,SKF 7314
2026-04-24 09:00:00,V-302,Ventilateur tirage,ventilateur,1.308,1.934,5.713,1120.9,977,45.0,A,normal,3.31,2.88,1.64,3.42,68.06,94.77,44.13,6.81,0.15154,0.07507,0.04736,75,1800,SKF 22216
2026-04-24 09:00:00,M-019,Moteur électrique 400kW,moteur_electrique,6.464,11.767,35.041,6875.0,1493,66.9,C,alerte,3.9,16.79,1.96,4.16,90.33,133.62,60.22,10.03,0.06288,0.0869,0.05154,400,5500,SKF 6320
2026-04-24 09:00:00,R-077,Réducteur convoyeur,reducteur,1.085,1.631,4.705,923.1,717,39.3,A,normal,3.46,2.5,2.37,2.32,52.82,66.68,35.25,5.28,0.1237,0.08407,0.05384,55,950,SKF 2312
2026-04-24 09:00:00,P-311,Pompe centrifuge BP,pompe_centrifuge,9.58,17.284,51.279,10060.9,2968,68.8,D,danger,3.89,24.84,1.83,4.16,175.61,269.59,116.74,19.54,0.07024,0.2564,0.04676,180,3100,SKF 6312
2026-04-24 10:00:00,P-204,Pompe centrifuge HP,pompe_centrifuge,1.672,2.496,6.765,1327.3,2982,51.1,A,normal,3.29,3.67,1.97,2.24,177.43,269.87,118.29,19.73,0.13264,0.1032,0.05431,250,4200,SKF 6314
2026-04-24 10:00:00,C-118,Compresseur à vis,compresseur,3.027,5.758,17.78,3488.4,1481,61.7,B,normal,3.17,6.4,2.27,3.92,96.76,150.07,63.19,9.68,0.14603,0.08203,0.04763,500,6800,SKF 7314
2026-04-24 10:00:00,V-302,Ventilateur tirage,ventilateur,1.578,2.838,9.047,1775.0,975,45.9,A,normal,3.04,3.2,1.65,3.73,67.92,94.58,44.04,6.79,0.11856,0.08091,0.04501,75,1800,SKF 22216
2026-04-24 10:00:00,M-019,Moteur électrique 400kW,moteur_electrique,5.416,9.587,28.11,5515.2,1481,64.2,C,alerte,4.09,14.77,1.79,3.88,89.6,132.55,59.73,9.95,0.05747,0.06575,0.03744,400,5500,SKF 6320
2026-04-24 10:00:00,R-077,Réducteur convoyeur,reducteur,0.91,1.645,5.068,994.3,717,42.9,A,normal,3.24,1.97,1.7,3.63,52.82,66.68,35.25,5.28,0.13209,0.08411,0.05086,55,950,SKF 2312
2026-04-24 10:00:00,P-311,Pompe centrifuge BP,pompe_centrifuge,9.282,16.166,48.454,9506.7,2948,67.6,D,danger,4.59,28.43,1.69,3.98,174.42,267.78,115.95,19.41,0.0808,0.09819,0.03011,180,3100,SKF 6312
2026-04-24 11:00:00,P-204,Pompe centrifuge HP,pompe_centrifuge,1.729,3.178,8.451,1658.1,2986,48.8,A,normal,3.15,3.63,1.56,3.33,177.67,270.23,118.44,19.76,0.15705,0.10006,0.05188,250,4200,SKF 6314
2026-04-24 11:00:00,C-118,Compresseur à vis,compresseur,3.446,6.311,19.146,3756.4,1485,62.1,B,normal,3.58,8.23,1.34,3.41,97.02,150.48,63.36,9.7,0.14096,0.08022,0.04097,500,6800,SKF 7314
2026-04-24 11:00:00,V-302,Ventilateur tirage,ventilateur,1.123,1.947,3.764,738.5,975,43.0,A,normal,3.22,2.41,1.86,2.27,67.92,94.58,44.04,6.79,0.146,0.08062,0.05516,75,1800,SKF 22216
2026-04-24 11:00:00,M-019,Moteur électrique 400kW,moteur_electrique,4.577,8.274,23.979,4704.7,1486,59.1,C,alerte,3.97,12.11,1.86,3.14,89.9,133.0,59.94,9.98,0.09754,0.12447,0.06135,400,5500,SKF 6320
2026-04-24 11:00:00,R-077,Réducteur convoyeur,reducteur,0.982,1.48,3.591,704.6,732,42.0,A,normal,2.91,1.9,1.46,3.44,53.92,68.08,35.99,5.39,0.1331,0.07291,0.05308,55,950,SKF 2312
2026-04-24 11:00:00,P-311,Pompe centrifuge BP,pompe_centrifuge,8.175,14.213,43.499,8534.5,2960,66.1,D,danger,3.96,21.59,1.67,4.72,175.13,268.87,116.43,19.49,0.34717,0.14773,0.07488,180,3100,SKF 6312
2026-04-24 12:00:00,P-204,Pompe centrifuge HP,pompe_centrifuge,1.626,3.465,9.553,1874.3,2982,48.9,A,normal,3.14,3.4,1.81,3.24,177.43,269.87,118.29,19.73,0.14219,0.07356,0.05213,250,4200,SKF 6314
2026-04-24 12:00:00,C-118,Compresseur à vis,compresseur,3.648,6.759,19.653,3855.9,1491,64.1,B,normal,4.4,10.7,1.93,3.47,97.41,151.09,63.62,9.74,0.10662,0.05664,0.04226,500,6800,SKF 7314
2026-04-24 12:00:00,V-302,Ventilateur tirage,ventilateur,1.063,2.099,5.709,1120.1,978,44.6,A,normal,3.46,2.45,1.6,1.94,68.13,94.87,44.17,6.81,0.14008,0.08523,0.04967,75,1800,SKF 22216
2026-04-24 12:00:00,M-019,Moteur électrique 400kW,moteur_electrique,5.191,9.887,29.949,5876.0,1496,60.9,C,alerte,4.39,15.2,2.14,2.53,90.51,133.89,60.34,10.05,0.06287,0.10235,0.06508,400,5500,SKF 6320
2026-04-24 12:00:00,R-077,Réducteur convoyeur,reducteur,0.786,2.049,7.182,1409.1,725,41.7,A,normal,3.18,1.67,1.51,1.44,53.41,67.42,35.65,5.34,0.13181,0.07963,0.05389,55,950,SKF 2312
2026-04-24 12:00:00,P-311,Pompe centrifuge BP,pompe_centrifuge,8.495,15.457,46.547,9132.5,2964,64.2,D,danger,4.91,27.8,1.83,3.47,175.37,269.23,116.58,19.51,0.12775,0.10526,0.06134,180,3100,SKF 6312
2026-04-24 13:00:00,P-204,Pompe centrifuge HP,pompe_centrifuge,1.445,2.441,6.104,1197.6,2975,52.0,A,normal,4.51,4.35,1.97,2.25,177.01,269.24,118.01,19.68,0.15961,0.08762,0.0582,250,4200,SKF 6314
2026-04-24 13:00:00,C-118,Compresseur à vis,compresseur,2.62,4.575,13.43,2635.0,1490,62.7,B,normal,3.79,6.63,2.54,3.38,97.35,150.99,63.57,9.73,0.11514,0.07978,0.04256,500,6800,SKF 7314
2026-04-24 13:00:00,V-302,Ventilateur tirage,ventilateur,1.186,2.182,6.149,1206.4,991,44.5,A,normal,2.94,2.33,1.41,4.0,69.04,96.13,44.76,6.9,0.15846,0.0874,0.05252,75,1800,SKF 22216
2026-04-24 13:00:00,M-019,Moteur électrique 400kW,moteur_electrique,5.66,10.447,31.63,6205.8,1490,63.6,C,alerte,3.32,12.52,1.68,3.7,90.14,133.35,60.1,10.01,0.11061,0.11617,0.06379,400,5500,SKF 6320
2026-04-24 13:00:00,R-077,Réducteur convoyeur,reducteur,1.216,1.72,6.243,1224.9,723,43.7,A,normal,3.0,2.43,1.9,3.22,53.26,67.24,35.55,5.33,0.1434,0.08072,0.05119,55,950,SKF 2312
2026-04-24 13:00:00,P-311,Pompe centrifuge BP,pompe_centrifuge,10.585,19.402,57.748,11330.2,2962,70.9,D,danger,4.13,29.15,1.85,3.36,175.25,269.05,116.51,19.5,0.23577,0.15299,0.05205,180,3100,SKF 6312
2026-04-24 14:00:00,P-204,Pompe centrifuge HP,pompe_centrifuge,1.555,2.497,8.017,1572.9,2987,49.8,A,normal,2.98,3.09,2.08,3.3,177.73,270.32,118.48,19.76,0.11519,0.09186,0.04854,250,4200,SKF 6314
2026-04-24 14:00:00,C-118,Compresseur à vis,compresseur,2.248,4.132,12.761,2503.7,1482,56.9,A,normal,3.52,5.27,2.09,3.82,96.82,150.18,63.23,9.68,0.13853,0.09021,0.06127,500,6800,SKF 7314
2026-04-24 14:00:00,V-302,Ventilateur tirage,ventilateur,1.273,2.52,7.251,1422.6,979,40.9,A,normal,3.77,3.2,1.8,2.94,68.2,94.96,44.22,6.82,0.10855,0.07859,0.05517,75,1800,SKF 22216
2026-04-24 14:00:00,M-019,Moteur électrique 400kW,moteur_electrique,4.772,8.794,25.079,4920.5,1490,61.7,C,alerte,3.74,11.91,1.51,4.75,90.14,133.35,60.1,10.01,0.19274,0.05135,0.04172,400,5500,SKF 6320
2026-04-24 14:00:00,R-077,Réducteur convoyeur,reducteur,0.794,1.319,3.878,760.9,718,41.1,A,normal,3.26,1.72,2.07,3.23,52.89,66.77,35.3,5.29,0.14747,0.08997,0.04832,55,950,SKF 2312
2026-04-24 14:00:00,P-311,Pompe centrifuge BP,pompe_centrifuge,11.463,20.759,62.119,12187.7,2956,70.3,D,danger,4.84,36.95,1.57,4.96,174.9,268.5,116.27,19.46,0.03612,0.19656,0.07764,180,3100,SKF 6312
2026-04-24 15:00:00,P-204,Pompe centrifuge HP,pompe_centrifuge,1.867,3.555,11.971,2348.7,2969,51.5,A,normal,3.11,3.88,1.61,3.19,176.66,268.69,117.77,19.64,0.12953,0.08489,0.04753,250,4200,SKF 6314
2026-04-24 15:00:00,C-118,Compresseur à vis,compresseur,2.541,4.336,14.476,2840.2,1489,57.0,B,normal,2.87,4.87,1.35,3.75,97.28,150.89,63.53,9.73,0.10984,0.10425,0.04649,500,6800,SKF 7314
2026-04-24 15:00:00,V-302,Ventilateur tirage,ventilateur,0.918,2.04,7.265,1425.4,977,43.8,A,normal,3.24,1.98,1.83,3.59,68.06,94.77,44.13,6.81,0.12244,0.0779,0.05087,75,1800,SKF 22216
2026-04-24 15:00:00,M-019,Moteur électrique 400kW,moteur_electrique,5.148,9.178,26.987,5294.8,1497,63.9,C,alerte,3.74,12.83,1.79,3.28,90.57,133.98,60.38,10.05,0.21681,0.06766,0.05882,400,5500,SKF 6320
2026-04-24 15:00:00,R-077,Réducteur convoyeur,reducteur,1.002,1.359,4.031,790.9,724,42.5,A,normal,3.18,2.12,1.76,3.52,53.33,67.33,35.6,5.33,0.14934,0.07732,0.04946,55,950,SKF 2312
2026-04-24 15:00:00,P-311,Pompe centrifuge BP,pompe_centrifuge,10.055,18.304,55.542,10897.3,2969,68.7,D,danger,5.44,36.44,0.99,3.93,175.67,269.68,116.78,19.55,0.11999,0.03395,0.05276,180,3100,SKF 6312
2026-04-24 16:00:00,P-204,Pompe centrifuge HP,pompe_centrifuge,1.272,2.722,6.958,1365.2,2980,46.8,A,normal,2.92,2.48,2.01,2.74,177.31,269.69,118.21,19.72,0.11916,0.07874,0.05241,250,4200,SKF 6314
2026-04-24 16:00:00,C-118,Compresseur à vis,compresseur,2.558,4.878,14.609,2866.3,1493,58.4,B,normal,3.26,5.55,2.45,3.35,97.54,151.29,63.7,9.75,0.15694,0.12094,0.04887,500,6800,SKF 7314
2026-04-24 16:00:00,V-302,Ventilateur tirage,ventilateur,1.112,2.263,7.955,1560.8,981,42.6,A,normal,3.33,2.47,1.59,4.32,68.34,95.16,44.31,6.83,0.12982,0.08401,0.04989,75,1800,SKF 22216
2026-04-24 16:00:00,M-019,Moteur électrique 400kW,moteur_electrique,5.218,9.763,29.078,5705.1,1491,60.7,C,alerte,3.9,13.55,2.12,3.48,90.21,133.44,60.14,10.01,0.12158,0.07876,0.03674,400,5500,SKF 6320
2026-04-24 16:00:00,R-077,Réducteur convoyeur,reducteur,0.986,1.851,4.79,939.8,715,43.5,A,normal,2.59,1.7,2.26,2.03,52.67,66.5,35.15,5.27,0.13386,0.08778,0.04786,55,950,SKF 2312
2026-04-24 16:00:00,P-311,Pompe centrifuge BP,pompe_centrifuge,9.593,17.512,52.578,10315.8,2959,65.9,D,danger,3.99,25.52,1.8,4.93,175.07,268.78,116.39,19.48,0.28924,0.07318,0.01556,180,3100,SKF 6312
2026-04-24 17:00:00,P-204,Pompe centrifuge HP,pompe_centrifuge,2.107,4.09,11.474,2251.2,2980,51.2,A,normal,4.25,5.97,1.9,3.65,177.31,269.69,118.21,19.72,0.13064,0.07521,0.04691,250,4200,SKF 6314
2026-04-24 17:00:00,C-118,Compresseur à vis,compresseur,2.841,5.615,17.838,3499.8,1487,61.6,B,normal,3.68,6.97,1.38,3.72,97.15,150.68,63.45,9.72,0.21363,0.07672,0.04989,500,6800,SKF 7314
2026-04-24 17:00:00,V-302,Ventilateur tirage,ventilateur,1.036,2.722,8.529,1673.4,981,44.0,A,normal,3.05,2.11,1.91,2.33,68.34,95.16,44.31,6.83,0.14365,0.09957,0.0526,75,1800,SKF 22216
2026-04-24 17:00:00,M-019,Moteur électrique 400kW,moteur_electrique,7.926,14.153,42.326,8304.4,1490,70.9,D,danger,3.57,18.87,1.54,3.09,90.14,133.35,60.1,10.01,0.10434,0.10182,0.13033,400,5500,SKF 6320
2026-04-24 17:00:00,R-077,Réducteur convoyeur,reducteur,1.155,2.453,6.028,1182.7,728,42.5,A,normal,2.47,1.9,2.02,3.16,53.63,67.7,35.79,5.36,0.13307,0.08719,0.04938,55,950,SKF 2312
2026-04-24 17:00:00,P-311,Pompe centrifuge BP,pompe_centrifuge,8.331,14.965,44.724,8774.8,2953,62.5,D,danger,3.85,21.38,1.65,4.91,174.72,268.23,116.15,19.44,0.2986,0.02965,0.04483,180,3100,SKF 6312
2026-04-24 18:00:00,P-204,Pompe centrifuge HP,pompe_centrifuge,0.922,1.631,4.705,923.1,2979,50.2,A,normal,3.19,1.96,1.34,2.97,177.25,269.6,118.17,19.71,0.11804,0.08173,0.05187,250,4200,SKF 6314
2026-04-24 18:00:00,C-118,Compresseur à vis,compresseur,3.334,5.782,17.601,3453.3,1481,59.4,B,normal,3.74,8.31,1.84,3.39,96.76,150.07,63.19,9.68,0.19539,0.0764,0.03285,500,6800,SKF 7314
2026-04-24 18:00:00,V-302,Ventilateur tirage,ventilateur,1.177,2.296,6.845,1343.0,985,45.1,A,normal,3.32,2.61,2.05,2.63,68.62,95.55,44.49,6.86,0.13047,0.0734,0.04411,75,1800,SKF 22216
2026-04-24 18:00:00,M-019,Moteur électrique 400kW,moteur_electrique,5.383,9.968,31.453,6171.1,1491,61.8,C,alerte,3.57,12.8,1.34,4.47,90.21,133.44,60.14,10.01,0.12241,0.13155,0.0444,400,5500,SKF 6320
2026-04-24 18:00:00,R-077,Réducteur convoyeur,reducteur,1.677,3.226,10.427,2045.8,727,43.2,A,normal,3.18,3.56,1.97,3.28,53.56,67.61,35.74,5.36,0.16137,0.06737,0.04864,55,950,SKF 2312
2026-04-24 18:00:00,P-311,Pompe centrifuge BP,pompe_centrifuge,10.516,19.471,58.509,11479.5,2955,71.0,D,danger,4.16,29.18,1.68,4.39,174.84,268.41,116.23,19.45,0.03788,0.03298,0.06607,180,3100,SKF 6312
2026-04-24 19:00:00,P-204,Pompe centrifuge HP,pompe_centrifuge,0.902,1.745,3.286,644.7,2983,46.9,A,normal,4.02,2.42,2.14,2.84,177.49,269.96,118.33,19.74,0.15301,0.07703,0.04919,250,4200,SKF 6314
2026-04-24 19:00:00,C-118,Compresseur à vis,compresseur,2.682,5.417,17.126,3360.1,1490,55.6,B,normal,3.21,5.74,2.04,3.89,97.35,150.99,63.57,9.73,0.14904,0.06686,0.04939,500,6800,SKF 7314
2026-04-24 19:00:00,V-302,Ventilateur tirage,ventilateur,1.185,2.006,6.02,1181.1,980,43.6,A,normal,3.1,2.45,1.58,3.72,68.27,95.06,44.26,6.83,0.13129,0.07497,0.04555,75,1800,SKF 22216
2026-04-24 19:00:00,M-019,Moteur électrique 400kW,moteur_electrique,6.15,10.813,33.062,6486.8,1495,66.6,C,alerte,3.68,15.08,1.63,3.52,90.45,133.8,60.3,10.04,0.18874,0.05347,0.04316,400,5500,SKF 6320
2026-04-24 19:00:00,R-077,Réducteur convoyeur,reducteur,0.705,1.764,5.266,1033.2,717,45.6,A,normal,3.09,1.45,1.71,2.73,52.82,66.68,35.25,5.28,0.1373,0.07774,0.0466,55,950,SKF 2312
2026-04-24 19:00:00,P-311,Pompe centrifuge BP,pompe_centrifuge,9.34,16.88,50.374,9883.4,2958,66.1,D,danger,3.93,24.48,1.44,3.85,175.01,268.69,116.35,19.47,0.23402,0.02405,0.04554,180,3100,SKF 6312
2026-04-24 20:00:00,P-204,Pompe centrifuge HP,pompe_centrifuge,1.901,3.524,10.851,2129.0,2981,47.2,A,normal,3.27,4.14,1.66,2.77,177.37,269.78,118.25,19.72,0.1393,0.06914,0.05195,250,4200,SKF 6314
2026-04-24 20:00:00,C-118,Compresseur à vis,compresseur,3.195,5.706,16.721,3280.7,1485,58.7,B,normal,3.75,7.99,1.4,3.34,97.02,150.48,63.36,9.7,0.13344,0.08511,0.0532,500,6800,SKF 7314
2026-04-24 20:00:00,V-302,Ventilateur tirage,ventilateur,1.818,2.711,8.053,1580.0,974,45.5,A,normal,3.21,3.89,1.81,3.81,67.86,94.48,43.99,6.79,0.16067,0.07835,0.04188,75,1800,SKF 22216
2026-04-24 20:00:00,M-019,Moteur électrique 400kW,moteur_electrique,6.215,11.137,32.627,6401.4,1479,66.2,C,alerte,4.29,17.76,2.14,3.2,89.48,132.37,59.65,9.93,0.13723,0.07239,0.06327,400,5500,SKF 6320
2026-04-24 20:00:00,R-077,Réducteur convoyeur,reducteur,0.756,1.685,3.678,721.6,718,42.2,A,normal,3.1,1.56,1.42,3.44,52.89,66.77,35.3,5.29,0.12765,0.08303,0.04868,55,950,SKF 2312
2026-04-24 20:00:00,P-311,Pompe centrifuge BP,pompe_centrifuge,9.543,17.448,51.462,10096.8,2955,67.9,D,danger,4.44,28.22,2.18,5.29,174.84,268.41,116.23,19.45,0.23491,0.04752,0.03297,180,3100,SKF 6312
2026-04-24 21:00:00,P-204,Pompe centrifuge HP,pompe_centrifuge,1.942,3.392,8.624,1692.0,2981,49.3,A,normal,3.25,4.21,1.88,4.26,177.37,269.78,118.25,19.72,0.11857,0.09926,0.05205,250,4200,SKF 6314
2026-04-24 21:00:00,C-118,Compresseur à vis,compresseur,2.216,3.574,10.755,2110.1,1485,59.6,A,normal,3.15,4.65,2.25,3.44,97.02,150.48,63.36,9.7,0.22073,0.08439,0.06,500,6800,SKF 7314
2026-04-24 21:00:00,V-302,Ventilateur tirage,ventilateur,0.381,0.577,0.596,116.9,976,39.8,A,normal,3.21,0.81,2.34,2.53,67.99,94.67,44.08,6.8,0.132,0.08264,0.0496,75,1800,SKF 22216
2026-04-24 21:00:00,M-019,Moteur électrique 400kW,moteur_electrique,6.046,10.728,32.069,6291.9,1490,65.8,C,alerte,4.04,16.27,1.58,3.22,90.14,133.35,60.1,10.01,0.13781,0.1333,0.03761,400,5500,SKF 6320
2026-04-24 21:00:00,R-077,Réducteur convoyeur,reducteur,1.37,2.793,7.763,1523.1,715,45.6,A,normal,3.52,3.22,1.67,2.46,52.67,66.5,35.15,5.27,0.12324,0.07785,0.04904,55,950,SKF 2312
2026-04-24 21:00:00,P-311,Pompe centrifuge BP,pompe_centrifuge,8.572,16.113,46.801,9182.4,2956,66.4,D,danger,3.93,22.45,1.53,4.9,174.9,268.5,116.27,19.46,0.16813,0.05479,0.04878,180,3100,SKF 6312
2026-04-24 22:00:00,P-204,Pompe centrifuge HP,pompe_centrifuge,1.538,2.646,8.598,1686.9,2976,50.7,A,normal,3.67,3.77,2.47,3.5,177.07,269.33,118.05,19.69,0.12781,0.08885,0.06219,250,4200,SKF 6314
2026-04-24 22:00:00,C-118,Compresseur à vis,compresseur,2.852,5.056,14.823,2908.3,1480,58.5,B,normal,4.06,7.72,1.97,4.98,96.69,149.97,63.15,9.67,0.18268,0.07917,0.039,500,6800,SKF 7314
2026-04-24 22:00:00,V-302,Ventilateur tirage,ventilateur,0.831,1.904,5.28,1035.9,981,42.4,A,normal,3.38,1.87,1.28,3.53,68.34,95.16,44.31,6.83,0.12687,0.08373,0.05025,75,1800,SKF 22216
2026-04-24 22:00:00,M-019,Moteur électrique 400kW,moteur_electrique,4.931,9.106,26.757,5249.7,1502,59.1,C,alerte,4.1,13.48,2.32,4.31,90.87,134.43,60.58,10.09,0.12405,0.06755,0.05346,400,5500,SKF 6320
2026-04-24 22:00:00,R-077,Réducteur convoyeur,reducteur,0.963,2.101,6.282,1232.5,719,42.8,A,normal,3.19,2.05,1.64,2.63,52.97,66.87,35.35,5.3,0.13068,0.08344,0.04694,55,950,SKF 2312
2026-04-24 22:00:00,P-311,Pompe centrifuge BP,pompe_centrifuge,9.865,17.492,52.574,10315.0,2956,68.3,D,danger,4.63,30.47,2.43,4.5,174.9,268.5,116.27,19.46,0.14633,0.07458,0.08433,180,3100,SKF 6312
2026-04-24 23:00:00,P-204,Pompe centrifuge HP,pompe_centrifuge,1.187,2.305,6.857,1345.3,2984,49.9,A,normal,3.64,2.88,1.82,3.8,177.55,270.05,118.37,19.74,0.12334,0.08451,0.05262,250,4200,SKF 6314
2026-04-24 23:00:00,C-118,Compresseur à vis,compresseur,2.851,5.212,16.131,3164.9,1489,58.5,B,normal,3.74,7.11,1.6,4.74,97.28,150.89,63.53,9.73,0.13976,0.10288,0.05617,500,6800,SKF 7314
2026-04-24 23:00:00,V-302,Ventilateur tirage,ventilateur,0.665,0.704,1.956,383.8,976,42.6,A,normal,4.1,1.82,1.73,3.23,67.99,94.67,44.08,6.8,0.15494,0.08498,0.05097,75,1800,SKF 22216
2026-04-24 23:00:00,M-019,Moteur électrique 400kW,moteur_electrique,4.84,8.444,25.73,5048.2,1494,60.6,C,alerte,3.91,12.62,2.01,3.92,90.39,133.71,60.26,10.03,0.21589,0.07993,0.04306,400,5500,SKF 6320
2026-04-24 23:00:00,R-077,Réducteur convoyeur,reducteur,0.604,0.595,1.945,381.6,725,41.8,A,normal,3.37,1.36,1.42,2.87,53.41,67.42,35.65,5.34,0.1362,0.08214,0.04944,55,950,SKF 2312
2026-04-24 23:00:00,P-311,Pompe centrifuge BP,pompe_centrifuge,7.747,14.452,42.976,8431.9,2957,61.8,D,danger,4.18,21.59,1.93,3.94,174.96,268.59,116.31,19.47,0.43531,0.02363,0.07121,180,3100,SKF 6312
2026-04-25 00:00:00,P-204,Pompe centrifuge HP,pompe_centrifuge,1.319,2.423,6.553,1285.7,2975,47.1,A,normal,3.0,2.64,2.38,3.43,177.01,269.24,118.01,19.68,0.13462,0.07573,0.05274,250,4200,SKF 6314
2026-04-25 00:00:00,C-118,Compresseur à vis,compresseur,2.775,4.963,13.973,2741.5,1490,59.0,B,normal,3.32,6.15,2.06,3.55,97.35,150.99,63.57,9.73,0.22144,0.12784,0.04311,500,6800,SKF 7314
2026-04-25 00:00:00,V-302,Ventilateur tirage,ventilateur,1.338,2.256,6.652,1305.1,987,42.6,A,normal,3.49,3.11,2.19,3.48,68.76,95.74,44.58,6.88,0.13999,0.07864,0.0539,75,1800,SKF 22216
2026-04-25 00:00:00,M-019,Moteur électrique 400kW,moteur_electrique,5.113,8.803,26.095,5119.8,1493,65.0,C,alerte,4.26,14.53,2.43,3.12,90.33,133.62,60.22,10.03,0.12944,0.07672,0.04092,400,5500,SKF 6320
2026-04-25 00:00:00,R-077,Réducteur convoyeur,reducteur,0.951,1.921,6.311,1238.2,725,40.3,A,normal,3.44,2.18,2.23,2.73,53.41,67.42,35.65,5.34,0.15612,0.08066,0.05446,55,950,SKF 2312
2026-04-25 00:00:00,P-311,Pompe centrifuge BP,pompe_centrifuge,9.905,17.865,53.971,10589.1,2953,65.4,D,danger,3.81,25.15,1.8,4.0,174.72,268.23,116.15,19.44,0.11567,0.22515,0.12675,180,3100,SKF 6312
2026-04-25 01:00:00,P-204,Pompe centrifuge HP,pompe_centrifuge,1.741,3.314,9.82,1926.7,2982,50.5,A,normal,3.13,3.63,1.55,2.21,177.43,269.87,118.29,19.73,0.1238,0.06273,0.05199,250,4200,SKF 6314
2026-04-25 01:00:00,C-118,Compresseur à vis,compresseur,3.587,6.494,19.739,3872.8,1476,61.7,B,normal,3.5,8.37,2.17,3.13,96.43,149.57,62.98,9.64,0.17302,0.06492,0.03822,500,6800,SKF 7314
2026-04-25 01:00:00,V-302,Ventilateur tirage,ventilateur,1.265,2.348,6.35,1245.9,982,46.0,A,normal,3.29,2.78,1.73,3.93,68.41,95.25,44.35,6.84,0.15591,0.0872,0.04457,75,1800,SKF 22216
2026-04-25 01:00:00,M-019,Moteur électrique 400kW,moteur_electrique,5.065,9.07,28.624,5616.0,1486,61.8,C,alerte,4.18,14.11,2.21,4.51,89.9,133.0,59.94,9.98,0.08255,0.05749,0.06757,400,5500,SKF 6320
2026-04-25 01:00:00,R-077,Réducteur convoyeur,reducteur,0.569,1.183,0.518,101.6,718,41.8,A,normal,2.87,1.09,2.13,4.19,52.89,66.77,35.3,5.29,0.13216,0.08108,0.04966,55,950,SKF 2312
2026-04-25 01:00:00,P-311,Pompe centrifuge BP,pompe_centrifuge,8.478,15.367,46.566,9136.2,2963,64.3,D,danger,4.23,23.89,1.39,3.21,175.31,269.14,116.54,19.51,0.07346,0.26771,0.03791,180,3100,SKF 6312
2026-04-25 02:00:00,P-204,Pompe centrifuge HP,pompe_centrifuge,1.45,2.852,9.17,1799.2,2971,51.1,A,normal,3.22,3.12,1.33,2.98,176.77,268.88,117.85,19.66,0.12569,0.06536,0.0512,250,4200,SKF 6314
2026-04-25 02:00:00,C-118,Compresseur à vis,compresseur,2.631,4.415,14.098,2766.0,1489,61.2,B,normal,2.44,4.27,1.73,4.31,97.28,150.89,63.53,9.73,0.14664,0.12017,0.05387,500,6800,SKF 7314
2026-04-25 02:00:00,V-302,Ventilateur tirage,ventilateur,0.557,1.454,5.521,1083.2,971,41.5,A,normal,2.8,1.04,1.14,3.74,67.65,94.19,43.86,6.76,0.13907,0.07838,0.04929,75,1800,SKF 22216
2026-04-25 02:00:00,M-019,Moteur électrique 400kW,moteur_electrique,4.063,7.042,19.739,3872.8,1482,62.5,B,normal,3.91,10.58,2.02,3.3,89.66,132.64,59.77,9.95,0.14888,0.07949,0.05352,400,5500,SKF 6320
2026-04-25 02:00:00,R-077,Réducteur convoyeur,reducteur,0.851,1.925,5.431,1065.6,713,42.5,A,normal,3.44,1.95,1.89,4.47,52.52,66.31,35.06,5.25,0.14486,0.08042,0.05171,55,950,SKF 2312
2026-04-25 02:00:00,P-311,Pompe centrifuge BP,pompe_centrifuge,11.2,20.321,61.487,12063.7,2962,70.9,D,danger,4.97,37.14,2.04,3.91,175.25,269.05,116.51,19.5,0.02359,0.07158,0.03268,180,3100,SKF 6312
2026-04-25 03:00:00,P-204,Pompe centrifuge HP,pompe_centrifuge,1.866,3.412,11.288,2214.7,2981,50.9,A,normal,3.43,4.27,2.02,3.68,177.37,269.78,118.25,19.72,0.12701,0.07349,0.04657,250,4200,SKF 6314
2026-04-25 03:00:00,C-118,Compresseur à vis,compresseur,2.804,5.016,14.523,2849.4,1475,60.6,B,normal,3.64,6.8,1.75,3.73,96.37,149.47,62.93,9.64,0.15262,0.06149,0.05538,500,6800,SKF 7314
2026-04-25 03:00:00,V-302,Ventilateur tirage,ventilateur,1.054,1.943,5.72,1122.3,973,41.4,A,normal,2.46,1.73,2.18,2.95,67.79,94.38,43.95,6.78,0.13531,0.08521,0.04929,75,1800,SKF 22216
2026-04-25 03:00:00,M-019,Moteur électrique 400kW,moteur_electrique,4.954,8.721,26.387,5177.1,1491,64.1,C,alerte,4.2,13.89,2.29,4.85,90.21,133.44,60.14,10.01,0.22628,0.06369,0.04043,400,5500,SKF 6320
2026-04-25 03:00:00,R-077,Réducteur convoyeur,reducteur,1.073,1.485,4.601,902.7,718,42.5,A,normal,2.66,1.9,2.23,4.06,52.89,66.77,35.3,5.29,0.14975,0.08991,0.04838,55,950,SKF 2312
2026-04-25 03:00:00,P-311,Pompe centrifuge BP,pompe_centrifuge,11.09,19.574,58.553,11488.1,2958,66.3,D,danger,5.25,38.82,2.05,4.38,175.01,268.69,116.35,19.47,0.14944,0.06075,0.05735,180,3100,SKF 6312
2026-04-25 04:00:00,P-204,Pompe centrifuge HP,pompe_centrifuge,1.859,3.528,10.607,2081.1,2983,50.2,A,normal,3.16,3.92,1.57,4.09,177.49,269.96,118.33,19.74,0.16414,0.07696,0.05453,250,4200,SKF 6314
2026-04-25 04:00:00,C-118,Compresseur à vis,compresseur,2.633,4.782,15.559,3052.7,1485,59.5,B,normal,3.6,6.31,2.31,2.36,97.02,150.48,63.36,9.7,0.1272,0.08221,0.05551,500,6800,SKF 7314
2026-04-25 04:00:00,V-302,Ventilateur tirage,ventilateur,1.345,2.619,7.702,1511.1,970,44.4,A,normal,3.02,2.71,2.42,3.42,67.58,94.09,43.81,6.76,0.13148,0.08603,0.05176,75,1800,SKF 22216
2026-04-25 04:00:00,M-019,Moteur électrique 400kW,moteur_electrique,5.66,10.327,29.851,5856.8,1494,63.6,C,alerte,3.74,14.11,1.43,3.78,90.39,133.71,60.26,10.03,0.12609,0.07938,0.05612,400,5500,SKF 6320
2026-04-25 04:00:00,R-077,Réducteur convoyeur,reducteur,0.809,1.108,3.185,624.9,729,43.1,A,normal,3.82,2.06,1.55,3.42,53.7,67.8,35.84,5.37,0.13185,0.07644,0.05007,55,950,SKF 2312
2026-04-25 04:00:00,P-311,Pompe centrifuge BP,pompe_centrifuge,9.516,17.632,51.447,10093.9,2960,68.7,D,danger,3.57,22.66,1.96,4.76,175.13,268.87,116.43,19.49,0.12374,0.06957,0.07792,180,3100,SKF 6312
2026-04-25 05:00:00,P-204,Pompe centrifuge HP,pompe_centrifuge,1.247,1.887,5.082,997.1,2984,46.5,A,normal,3.38,2.81,1.99,3.27,177.55,270.05,118.37,19.74,0.13857,0.09819,0.04629,250,4200,SKF 6314
2026-04-25 05:00:00,C-118,Compresseur à vis,compresseur,1.904,3.418,10.378,2036.2,1490,57.8,A,normal,3.33,4.22,2.16,2.79,97.35,150.99,63.57,9.73,0.11402,0.09557,0.04378,500,6800,SKF 7314
2026-04-25 05:00:00,V-302,Ventilateur tirage,ventilateur,1.187,2.265,7.773,1525.1,986,42.5,A,normal,3.0,2.38,2.1,2.15,68.69,95.64,44.53,6.87,0.13319,0.07365,0.04804,75,1800,SKF 22216
2026-04-25 05:00:00,M-019,Moteur électrique 400kW,moteur_electrique,4.938,9.052,25.747,5051.6,1485,64.7,C,alerte,4.02,13.24,2.04,3.66,89.84,132.91,59.89,9.97,0.14569,0.12773,0.05429,400,5500,SKF 6320
2026-04-25 05:00:00,R-077,Réducteur convoyeur,reducteur,0.994,1.74,3.886,762.4,715,44.4,A,normal,2.93,1.94,2.08,3.73,52.67,66.5,35.15,5.27,0.16055,0.08094,0.04721,55,950,SKF 2312
2026-04-25 05:00:00,P-311,Pompe centrifuge BP,pompe_centrifuge,9.15,16.147,47.62,9343.0,2961,66.2,D,danger,3.93,23.96,1.61,4.61,175.19,268.96,116.47,19.49,0.20307,0.12358,0.03476,180,3100,SKF 6312
2026-04-25 06:00:00,P-204,Pompe centrifuge HP,pompe_centrifuge,1.453,2.11,5.21,1022.2,2980,49.3,A,normal,4.2,4.07,2.17,3.53,177.31,269.69,118.21,19.72,0.11436,0.08068,0.05295,250,4200,SKF 6314
2026-04-25 06:00:00,C-118,Compresseur à vis,compresseur,3.604,6.662,20.126,3948.7,1487,61.6,B,normal,3.65,8.78,1.7,4.45,97.15,150.68,63.45,9.72,0.08538,0.10522,0.04176,500,6800,SKF 7314
2026-04-25 06:00:00,V-302,Ventilateur tirage,ventilateur,1.345,1.784,3.684,722.8,986,40.7,A,normal,3.34,3.0,2.01,4.41,68.69,95.64,44.53,6.87,0.15383,0.07974,0.04785,75,1800,SKF 22216
2026-04-25 06:00:00,M-019,Moteur électrique 400kW,moteur_electrique,4.29,7.646,22.342,4383.5,1488,62.4,B,normal,3.68,10.54,1.71,3.62,90.02,133.18,60.02,9.99,0.10074,0.10589,0.0525,400,5500,SKF 6320
2026-04-25 06:00:00,R-077,Réducteur convoyeur,reducteur,0.949,1.608,4.912,963.7,727,42.6,A,normal,3.55,2.25,1.81,2.42,53.56,67.61,35.74,5.36,0.13155,0.08932,0.05219,55,950,SKF 2312
2026-04-25 06:00:00,P-311,Pompe centrifuge BP,pompe_centrifuge,11.343,20.284,60.091,11789.9,2953,68.9,D,danger,4.51,34.11,1.72,4.9,174.72,268.23,116.15,19.44,0.06811,0.02694,0.25859,180,3100,SKF 6312
2026-04-25 07:00:00,P-204,Pompe centrifuge HP,pompe_centrifuge,2.306,3.715,10.269,2014.8,2981,49.5,B,normal,3.03,4.65,1.75,3.18,177.37,269.78,118.25,19.72,0.17842,0.05468,0.05725,250,4200,SKF 6314
2026-04-25 07:00:00,C-118,Compresseur à vis,compresseur,3.119,5.304,15.513,3043.7,1487,59.9,B,normal,3.44,7.16,2.1,2.95,97.15,150.68,63.45,9.72,0.08424,0.08474,0.04939,500,6800,SKF 7314
2026-04-25 07:00:00,V-302,Ventilateur tirage,ventilateur,1.185,2.089,6.085,1193.9,976,43.4,A,normal,3.94,3.11,1.86,2.87,67.99,94.67,44.08,6.8,0.15093,0.0819,0.04757,75,1800,SKF 22216
2026-04-25 07:00:00,M-019,Moteur électrique 400kW,moteur_electrique,6.157,11.334,33.902,6651.6,1499,67.7,C,alerte,4.19,17.19,1.61,4.54,90.69,134.16,60.46,10.07,0.33973,0.06858,0.05916,400,5500,SKF 6320
2026-04-25 07:00:00,R-077,Réducteur convoyeur,reducteur,0.947,2.18,7.471,1465.8,721,44.8,A,normal,3.35,2.12,1.55,3.39,53.11,67.05,35.45,5.31,0.14824,0.09145,0.04952,55,950,SKF 2312
2026-04-25 07:00:00,P-311,Pompe centrifuge BP,pompe_centrifuge,9.173,16.418,47.977,9413.1,2953,65.4,D,danger,4.54,27.77,1.6,4.86,174.72,268.23,116.15,19.44,0.05535,0.03838,0.03275,180,3100,SKF 6312
2026-04-25 08:00:00,P-204,Pompe centrifuge HP,pompe_centrifuge,1.428,2.621,8.531,1673.8,2981,47.9,A,normal,2.77,2.64,1.43,3.61,177.37,269.78,118.25,19.72,0.13483,0.08467,0.05025,250,4200,SKF 6314
2026-04-25 08:00:00,C-118,Compresseur à vis,compresseur,3.195,5.475,16.517,3240.6,1484,60.3,B,normal,4.01,8.55,1.74,4.42,96.95,150.38,63.32,9.7,0.14669,0.08098,0.05273,500,6800,SKF 7314
2026-04-25 08:00:00,V-302,Ventilateur tirage,ventilateur,1.054,1.986,5.271,1034.2,977,43.6,A,normal,3.28,2.3,1.98,2.76,68.06,94.77,44.13,6.81,0.1105,0.08847,0.05023,75,1800,SKF 22216
2026-04-25 08:00:00,M-019,Moteur électrique 400kW,moteur_electrique,5.91,10.598,31.617,6203.3,1484,66.3,C,alerte,3.35,13.2,1.19,3.54,89.78,132.82,59.85,9.97,0.17231,0.13972,0.06602,400,5500,SKF 6320
2026-04-25 08:00:00,R-077,Réducteur convoyeur,reducteur,1.221,2.437,6.808,1335.7,722,41.9,A,normal,3.06,2.49,2.4,2.78,53.19,67.15,35.5,5.32,0.13585,0.09177,0.0496,55,950,SKF 2312
2026-04-25 08:00:00,P-311,Pompe centrifuge BP,pompe_centrifuge,7.937,14.882,45.418,8911.0,2956,64.6,D,danger,4.43,23.45,1.44,3.55,174.9,268.5,116.27,19.46,0.18784,0.12132,0.03074,180,3100,SKF 6312
2026-04-25 09:00:00,P-204,Pompe centrifuge HP,pompe_centrifuge,2.189,3.598,10.694,2098.2,2974,48.1,A,normal,4.03,5.89,1.99,3.3,176.95,269.15,117.97,19.68,0.13401,0.07568,0.04527,250,4200,SKF 6314
2026-04-25 09:00:00,C-118,Compresseur à vis,compresseur,3.134,5.853,18.837,3695.8,1479,61.2,B,normal,3.52,7.35,1.57,3.8,96.63,149.87,63.1,9.66,0.11086,0.07553,0.03631,500,6800,SKF 7314
2026-04-25 09:00:00,V-302,Ventilateur tirage,ventilateur,1.096,2.317,7.34,1440.1,977,46.8,A,normal,3.01,2.2,1.53,1.96,68.06,94.77,44.13,6.81,0.11713,0.07063,0.04621,75,1800,SKF 22216
2026-04-25 09:00:00,M-019,Moteur électrique 400kW,moteur_electrique,4.414,7.845,23.167,4545.4,1497,58.9,B,normal,3.2,9.42,2.03,4.22,90.57,133.98,60.38,10.05,0.31952,0.05831,0.03994,400,5500,SKF 6320
2026-04-25 09:00:00,R-077,Réducteur convoyeur,reducteur,1.487,2.79,8.276,1623.8,712,42.1,A,normal,3.34,3.31,1.64,3.27,52.45,66.22,35.01,5.25,0.13947,0.09069,0.04713,55,950,SKF 2312
2026-04-25 09:00:00,P-311,Pompe centrifuge BP,pompe_centrifuge,7.534,13.361,39.198,7690.6,2957,63.9,D,danger,4.44,22.32,1.41,4.34,174.96,268.59,116.31,19.47,0.078,0.05557,0.04386,180,3100,SKF 6312
2026-04-25 10:00:00,P-204,Pompe centrifuge HP,pompe_centrifuge,1.995,3.711,12.523,2457.0,2985,52.3,A,normal,3.38,4.49,2.19,2.96,177.61,270.14,118.41,19.75,0.142,0.07055,0.05083,250,4200,SKF 6314
2026-04-25 10:00:00,C-118,Compresseur à vis,compresseur,3.49,5.752,17.57,3447.2,1480,59.8,B,normal,3.83,8.91,2.1,2.63,96.69,149.97,63.15,9.67,0.1556,0.09552,0.04941,500,6800,SKF 7314
2026-04-25 10:00:00,V-302,Ventilateur tirage,ventilateur,1.159,1.999,6.833,1340.6,979,46.4,A,normal,3.54,2.73,1.91,3.11,68.2,94.96,44.22,6.82,0.1271,0.07475,0.05002,75,1800,SKF 22216
2026-04-25 10:00:00,M-019,Moteur électrique 400kW,moteur_electrique,5.466,10.115,30.206,5926.4,1490,62.9,C,alerte,4.15,15.11,1.87,4.03,90.14,133.35,60.1,10.01,0.11571,0.08586,0.04718,400,5500,SKF 6320
2026-04-25 10:00:00,R-077,Réducteur convoyeur,reducteur,0.936,1.14,3.814,748.3,724,41.5,A,normal,3.34,2.09,1.72,3.46,53.33,67.33,35.6,5.33,0.13484,0.08737,0.05485,55,950,SKF 2312
2026-04-25 10:00:00,P-311,Pompe centrifuge BP,pompe_centrifuge,11.513,21.125,63.284,12416.3,2955,70.1,D,danger,5.48,42.07,1.63,4.22,174.84,268.41,116.23,19.45,1.15183,0.04928,0.04564,180,3100,SKF 6312
2026-04-25 11:00:00,P-204,Pompe centrifuge HP,pompe_centrifuge,2.134,4.019,12.095,2373.0,2983,50.3,A,normal,2.86,4.06,2.01,4.47,177.49,269.96,118.33,19.74,0.20068,0.11909,0.05244,250,4200,SKF 6314
2026-04-25 11:00:00,C-118,Compresseur à vis,compresseur,3.662,6.593,19.988,3921.6,1490,64.4,B,normal,3.84,9.37,2.01,3.63,97.35,150.99,63.57,9.73,0.14242,0.12349,0.04758,500,6800,SKF 7314
2026-04-25 11:00:00,V-302,Ventilateur tirage,ventilateur,1.354,2.013,4.478,878.6,977,42.7,A,normal,2.7,2.44,1.78,3.82,68.06,94.77,44.13,6.81,0.13798,0.07459,0.0556,75,1800,SKF 22216
2026-04-25 11:00:00,M-019,Moteur électrique 400kW,moteur_electrique,5.978,10.557,30.732,6029.6,1485,63.0,C,alerte,4.36,17.37,2.03,3.84,89.84,132.91,59.89,9.97,0.34829,0.07366,0.05079,400,5500,SKF 6320
2026-04-25 11:00:00,R-077,Réducteur convoyeur,reducteur,0.629,1.004,3.317,650.8,720,41.1,A,normal,2.81,1.18,1.99,2.58,53.04,66.96,35.4,5.3,0.13841,0.08235,0.04967,55,950,SKF 2312
2026-04-25 11:00:00,P-311,Pompe centrifuge BP,pompe_centrifuge,12.506,22.34,68.161,13373.2,2959,74.9,D,danger,4.14,34.52,1.65,4.89,175.07,268.78,116.39,19.48,0.39575,0.04314,0.02916,180,3100,SKF 6312
2026-04-25 12:00:00,P-204,Pompe centrifuge HP,pompe_centrifuge,2.104,3.319,10.928,2144.1,2979,51.0,A,normal,3.83,5.38,1.89,3.45,177.25,269.6,118.17,19.71,0.11752,0.09614,0.05728,250,4200,SKF 6314
2026-04-25 12:00:00,C-118,Compresseur à vis,compresseur,2.897,5.584,15.32,3005.8,1484,59.2,B,normal,3.52,6.79,2.14,4.1,96.95,150.38,63.32,9.7,0.21332,0.07526,0.04819,500,6800,SKF 7314
2026-04-25 12:00:00,V-302,Ventilateur tirage,ventilateur,1.374,2.481,6.775,1329.3,978,42.7,A,normal,3.93,3.6,1.93,3.46,68.13,94.87,44.17,6.81,0.12502,0.0801,0.04291,75,1800,SKF 22216
2026-04-25 12:00:00,M-019,Moteur électrique 400kW,moteur_electrique,5.901,10.545,31.666,6212.9,1495,66.1,C,alerte,3.99,15.69,1.34,3.47,90.45,133.8,60.3,10.04,0.13277,0.09435,0.04951,400,5500,SKF 6320
2026-04-25 12:00:00,R-077,Réducteur convoyeur,reducteur,1.525,2.624,7.682,1507.2,721,45.1,A,normal,3.82,3.89,2.28,3.9,53.11,67.05,35.45,5.31,0.10833,0.07384,0.05301,55,950,SKF 2312
2026-04-25 12:00:00,P-311,Pompe centrifuge BP,pompe_centrifuge,10.022,18.375,57.616,11304.3,2956,68.5,D,danger,4.29,28.68,1.36,4.87,174.9,268.5,116.27,19.46,0.17616,0.06595,0.05149,180,3100,SKF 6312
2026-04-25 13:00:00,P-204,Pompe centrifuge HP,pompe_centrifuge,1.717,3.287,10.038,1969.5,2981,50.4,A,normal,2.73,3.12,1.72,2.79,177.37,269.78,118.25,19.72,0.11912,0.07413,0.04753,250,4200,SKF 6314
2026-04-25 13:00:00,C-118,Compresseur à vis,compresseur,3.075,5.217,13.57,2662.4,1473,62.3,B,normal,3.23,6.62,1.95,4.41,96.24,149.26,62.85,9.62,0.1367,0.07242,0.05207,500,6800,SKF 7314
2026-04-25 13:00:00,V-302,Ventilateur tirage,ventilateur,1.316,1.951,6.306,1237.2,981,44.2,A,normal,3.36,2.95,1.96,3.32,68.34,95.16,44.31,6.83,0.14964,0.07587,0.04803,75,1800,SKF 22216
2026-04-25 13:00:00,M-019,Moteur électrique 400kW,moteur_electrique,5.78,10.541,31.403,6161.3,1494,64.2,C,alerte,3.82,14.73,2.48,3.8,90.39,133.71,60.26,10.03,0.18895,0.07648,0.05098,400,5500,SKF 6320
2026-04-25 13:00:00,R-077,Réducteur convoyeur,reducteur,1.306,2.38,7.263,1425.0,714,44.7,A,normal,2.96,2.57,1.54,2.51,52.6,66.4,35.11,5.26,0.13182,0.08004,0.05134,55,950,SKF 2312
2026-04-25 13:00:00,P-311,Pompe centrifuge BP,pompe_centrifuge,10.281,18.645,56.123,11011.3,2962,68.1,D,danger,4.14,28.4,1.72,4.1,175.25,269.05,116.51,19.5,0.14998,0.11839,0.04674,180,3100,SKF 6312
2026-04-25 14:00:00,P-204,Pompe centrifuge HP,pompe_centrifuge,1.763,2.973,10.142,1989.9,2989,50.3,A,normal,3.64,4.28,1.83,2.3,177.85,270.5,118.56,19.78,0.15221,0.09576,0.04554,250,4200,SKF 6314
2026-04-25 14:00:00,C-118,Compresseur à vis,compresseur,3.341,6.704,20.497,4021.5,1484,61.4,B,normal,3.0,6.68,1.6,2.31,96.95,150.38,63.32,9.7,0.19455,0.15147,0.04497,500,6800,SKF 7314
2026-04-25 14:00:00,V-302,Ventilateur tirage,ventilateur,0.721,0.993,1.668,327.3,979,40.2,A,normal,3.03,1.45,2.57,2.78,68.2,94.96,44.22,6.82,0.13133,0.08221,0.05039,75,1800,SKF 22216
2026-04-25 14:00:00,M-019,Moteur électrique 400kW,moteur_electrique,5.981,11.006,33.649,6601.9,1497,64.5,C,alerte,3.42,13.63,1.94,4.61,90.57,133.98,60.38,10.05,0.0748,0.13932,0.02805,400,5500,SKF 6320
2026-04-25 14:00:00,R-077,Réducteur convoyeur,reducteur,0.957,1.742,5.498,1078.7,722,42.3,A,normal,3.58,2.29,1.67,2.62,53.19,67.15,35.5,5.32,0.12693,0.07735,0.05201,55,950,SKF 2312
2026-04-25 14:00:00,P-311,Pompe centrifuge BP,pompe_centrifuge,9.58,16.694,49.973,9804.7,2967,68.4,D,danger,3.56,22.73,1.47,5.27,175.55,269.5,116.7,19.53,0.13992,0.16139,0.03274,180,3100,SKF 6312
2026-04-25 15:00:00,P-204,Pompe centrifuge HP,pompe_centrifuge,1.799,3.425,8.866,1739.5,2979,44.5,A,normal,4.1,4.91,2.04,2.14,177.25,269.6,118.17,19.71,0.15206,0.07719,0.05098,250,4200,SKF 6314
2026-04-25 15:00:00,C-118,Compresseur à vis,compresseur,2.225,4.461,13.563,2661.1,1485,58.8,A,normal,3.07,4.55,1.74,3.36,97.02,150.48,63.36,9.7,0.12414,0.06996,0.0482,500,6800,SKF 7314
2026-04-25 15:00:00,V-302,Ventilateur tirage,ventilateur,1.227,2.476,6.552,1285.5,969,43.8,A,normal,3.63,2.97,1.6,3.66,67.51,93.99,43.77,6.75,0.14297,0.0824,0.04841,75,1800,SKF 22216
2026-04-25 15:00:00,M-019,Moteur électrique 400kW,moteur_electrique,6.407,11.612,36.636,7188.0,1488,66.2,C,alerte,3.54,15.12,1.89,3.86,90.02,133.18,60.02,9.99,0.20215,0.05438,0.05281,400,5500,SKF 6320
2026-04-25 15:00:00,R-077,Réducteur convoyeur,reducteur,1.246,2.238,6.332,1242.3,721,43.7,A,normal,3.67,3.05,1.59,3.14,53.11,67.05,35.45,5.31,0.1426,0.08948,0.05233,55,950,SKF 2312
2026-04-25 15:00:00,P-311,Pompe centrifuge BP,pompe_centrifuge,8.612,15.718,46.797,9181.6,2961,64.0,D,danger,3.85,22.12,1.68,3.86,175.19,268.96,116.47,19.49,0.19435,0.14811,0.09926,180,3100,SKF 6312
2026-04-25 16:00:00,P-204,Pompe centrifuge HP,pompe_centrifuge,1.603,2.605,9.178,1800.7,2979,47.0,A,normal,3.41,3.65,1.54,2.56,177.25,269.6,118.17,19.71,0.15008,0.06961,0.04892,250,4200,SKF 6314
2026-04-25 16:00:00,C-118,Compresseur à vis,compresseur,3.189,5.549,17.204,3375.4,1487,59.3,B,normal,3.27,6.96,1.69,3.47,97.15,150.68,63.45,9.72,0.09399,0.0691,0.03588,500,6800,SKF 7314
2026-04-25 16:00:00,V-302,Ventilateur tirage,ventilateur,1.018,1.736,5.795,1137.0,970,42.3,A,normal,2.74,1.86,1.38,3.07,67.58,94.09,43.81,6.76,0.14033,0.08157,0.05261,75,1800,SKF 22216
2026-04-25 16:00:00,M-019,Moteur électrique 400kW,moteur_electrique,5.53,9.287,26.407,5181.1,1491,64.6,C,alerte,3.51,12.95,1.92,4.73,90.21,133.44,60.14,10.01,0.14227,0.07978,0.06248,400,5500,SKF 6320
2026-04-25 16:00:00,R-077,Réducteur convoyeur,reducteur,0.67,1.376,3.951,775.2,717,39.1,A,normal,2.77,1.24,1.55,3.49,52.82,66.68,35.25,5.28,0.13461,0.08361,0.05016,55,950,SKF 2312
2026-04-25 16:00:00,P-311,Pompe centrifuge BP,pompe_centrifuge,9.022,16.124,47.596,9338.3,2961,64.5,D,danger,4.79,28.83,1.69,4.2,175.19,268.96,116.47,19.49,0.07153,0.17641,0.0852,180,3100,SKF 6312
2026-04-25 17:00:00,P-204,Pompe centrifuge HP,pompe_centrifuge,1.955,3.884,12.152,2384.2,2991,50.5,A,normal,3.43,4.48,1.67,2.48,177.96,270.69,118.64,19.79,0.12871,0.06436,0.04645,250,4200,SKF 6314
2026-04-25 17:00:00,C-118,Compresseur à vis,compresseur,3.233,5.567,16.92,3319.7,1481,63.7,B,normal,3.6,7.75,1.89,3.68,96.76,150.07,63.19,9.68,0.16832,0.08845,0.06678,500,6800,SKF 7314
2026-04-25 17:00:00,V-302,Ventilateur tirage,ventilateur,1.023,1.985,7.637,1498.4,987,44.2,A,normal,3.65,2.49,1.27,2.74,68.76,95.74,44.58,6.88,0.13482,0.07892,0.04497,75,1800,SKF 22216
2026-04-25 17:00:00,M-019,Moteur électrique 400kW,moteur_electrique,6.181,10.822,30.997,6081.6,1485,64.9,C,alerte,3.71,15.29,2.0,4.6,89.84,132.91,59.89,9.97,0.11368,0.06511,0.06081,400,5500,SKF 6320
2026-04-25 17:00:00,R-077,Réducteur convoyeur,reducteur,1.147,2.228,7.246,1421.7,727,44.2,A,normal,3.6,2.75,1.84,3.1,53.56,67.61,35.74,5.36,0.12971,0.08585,0.04933,55,950,SKF 2312
2026-04-25 17:00:00,P-311,Pompe centrifuge BP,pompe_centrifuge,11.183,20.364,60.965,11961.3,2969,70.3,D,danger,4.55,33.94,2.01,4.72,175.67,269.68,116.78,19.55,0.15373,0.09297,0.03118,180,3100,SKF 6312
2026-04-25 18:00:00,P-204,Pompe centrifuge HP,pompe_centrifuge,1.981,3.285,9.136,1792.5,2985,48.7,A,normal,3.75,4.95,1.98,3.68,177.61,270.14,118.41,19.75,0.14252,0.0567,0.05364,250,4200,SKF 6314
2026-04-25 18:00:00,C-118,Compresseur à vis,compresseur,3.399,6.499,19.541,3833.9,1488,62.3,B,normal,3.48,7.88,1.58,3.05,97.22,150.78,63.49,9.72,0.16561,0.09841,0.05062,500,6800,SKF 7314
2026-04-25 18:00:00,V-302,Ventilateur tirage,ventilateur,1.413,2.335,7.597,1490.5,981,43.4,A,normal,2.99,2.82,1.58,3.34,68.34,95.16,44.31,6.83,0.12624,0.07385,0.05289,75,1800,SKF 22216
2026-04-25 18:00:00,M-019,Moteur électrique 400kW,moteur_electrique,4.892,8.153,24.306,4768.8,1491,60.3,C,alerte,3.34,10.88,1.84,3.39,90.21,133.44,60.14,10.01,0.14793,0.07475,0.02992,400,5500,SKF 6320
2026-04-25 18:00:00,R-077,Réducteur convoyeur,reducteur,1.221,2.379,5.715,1121.3,720,44.2,A,normal,3.74,3.04,1.74,3.83,53.04,66.96,35.4,5.3,0.12978,0.08251,0.05077,55,950,SKF 2312
2026-04-25 18:00:00,P-311,Pompe centrifuge BP,pompe_centrifuge,8.675,15.648,46.567,9136.4,2951,63.8,D,danger,4.32,24.99,1.61,2.74,174.6,268.05,116.07,19.43,0.25002,0.05683,0.05642,180,3100,SKF 6312
2026-04-25 19:00:00,P-204,Pompe centrifuge HP,pompe_centrifuge,1.876,3.433,9.227,1810.3,2982,49.0,A,normal,3.86,4.82,1.72,1.69,177.43,269.87,118.29,19.73,0.11608,0.0726,0.05711,250,4200,SKF 6314
2026-04-25 19:00:00,C-118,Compresseur à vis,compresseur,3.125,5.912,17.677,3468.2,1481,61.1,B,normal,3.77,7.84,2.32,3.12,96.76,150.07,63.19,9.68,0.1393,0.08502,0.04147,500,6800,SKF 7314
2026-04-25 19:00:00,V-302,Ventilateur tirage,ventilateur,1.566,2.682,8.229,1614.5,989,45.5,A,normal,3.85,4.02,1.51,3.49,68.9,95.93,44.67,6.89,0.13613,0.0735,0.05232,75,1800,SKF 22216
2026-04-25 19:00:00,M-019,Moteur électrique 400kW,moteur_electrique,5.236,9.431,27.148,5326.4,1489,63.9,C,alerte,3.62,12.63,1.75,3.01,90.08,133.27,60.06,10.0,0.11923,0.04725,0.03758,400,5500,SKF 6320
2026-04-25 19:00:00,R-077,Réducteur convoyeur,reducteur,1.093,2.373,6.784,1331.0,724,41.4,A,normal,3.3,2.41,1.75,3.64,53.33,67.33,35.6,5.33,0.12698,0.07912,0.04939,55,950,SKF 2312
2026-04-25 19:00:00,P-311,Pompe centrifuge BP,pompe_centrifuge,9.78,18.094,54.675,10727.2,2946,67.6,D,danger,5.01,32.69,1.92,4.8,174.31,267.6,115.88,19.39,0.14071,0.3457,0.17349,180,3100,SKF 6312
2026-04-25 20:00:00,P-204,Pompe centrifuge HP,pompe_centrifuge,1.821,3.423,8.264,1621.4,2971,49.3,A,normal,3.44,4.17,1.64,2.51,176.77,268.88,117.85,19.66,0.16629,0.08706,0.04409,250,4200,SKF 6314
2026-04-25 20:00:00,C-118,Compresseur à vis,compresseur,2.968,5.17,15.302,3002.3,1477,61.1,B,normal,3.75,7.41,1.62,3.88,96.5,149.67,63.02,9.65,0.11994,0.10631,0.0487,500,6800,SKF 7314
2026-04-25 20:00:00,V-302,Ventilateur tirage,ventilateur,1.304,2.276,6.727,1319.8,976,43.6,A,normal,3.88,3.37,2.08,2.44,67.99,94.67,44.08,6.8,0.11976,0.08736,0.0464,75,1800,SKF 22216
2026-04-25 20:00:00,M-019,Moteur électrique 400kW,moteur_electrique,5.467,9.495,26.826,5263.3,1483,63.9,C,alerte,3.3,12.01,2.05,2.72,89.72,132.73,59.81,9.96,0.17088,0.17506,0.04084,400,5500,SKF 6320
2026-04-25 20:00:00,R-077,Réducteur convoyeur,reducteur,1.249,1.882,6.548,1284.7,722,42.0,A,normal,2.25,1.87,1.54,3.4,53.19,67.15,35.5,5.32,0.1451,0.08855,0.04362,55,950,SKF 2312
2026-04-25 20:00:00,P-311,Pompe centrifuge BP,pompe_centrifuge,10.252,18.327,56.171,11020.8,2960,70.4,D,danger,4.57,31.24,1.56,4.01,175.13,268.87,116.43,19.49,0.65894,0.07037,0.05264,180,3100,SKF 6312
2026-04-25 21:00:00,P-204,Pompe centrifuge HP,pompe_centrifuge,2.097,3.899,12.284,2410.1,2974,50.9,A,normal,3.42,4.78,2.57,3.36,176.95,269.15,117.97,19.68,0.1631,0.09286,0.05539,250,4200,SKF 6314
2026-04-25 21:00:00,C-118,Compresseur à vis,compresseur,3.585,7.054,22.242,4363.9,1481,59.2,B,normal,3.82,9.13,2.54,5.21,96.76,150.07,63.19,9.68,0.10289,0.05914,0.05162,500,6800,SKF 7314
2026-04-25 21:00:00,V-302,Ventilateur tirage,ventilateur,1.158,1.958,4.857,952.9,975,45.5,A,normal,3.51,2.71,1.79,3.45,67.92,94.58,44.04,6.79,0.15469,0.07194,0.05225,75,1800,SKF 22216
2026-04-25 21:00:00,M-019,Moteur électrique 400kW,moteur_electrique,6.294,11.841,35.383,6942.1,1490,65.4,C,alerte,3.57,14.96,2.04,3.71,90.14,133.35,60.1,10.01,0.03951,0.03776,0.05406,400,5500,SKF 6320
2026-04-25 21:00:00,R-077,Réducteur convoyeur,reducteur,1.689,3.356,10.065,1974.8,719,44.0,A,normal,2.88,3.25,1.78,2.93,52.97,66.87,35.35,5.3,0.13667,0.06879,0.05419,55,950,SKF 2312
2026-04-25 21:00:00,P-311,Pompe centrifuge BP,pompe_centrifuge,11.54,20.286,59.653,11703.9,2960,70.8,D,danger,3.76,28.96,1.88,4.29,175.13,268.87,116.43,19.49,0.25329,0.05544,0.07715,180,3100,SKF 6312
2026-04-25 22:00:00,P-204,Pompe centrifuge HP,pompe_centrifuge,1.785,2.908,9.057,1777.0,2986,47.7,A,normal,3.03,3.61,2.12,3.04,177.67,270.23,118.44,19.76,0.13616,0.07671,0.05075,250,4200,SKF 6314
2026-04-25 22:00:00,C-118,Compresseur à vis,compresseur,3.404,6.103,18.899,3708.0,1486,63.9,B,normal,3.14,7.12,1.58,3.52,97.09,150.58,63.4,9.71,0.11872,0.07036,0.07114,500,6800,SKF 7314
2026-04-25 22:00:00,V-302,Ventilateur tirage,ventilateur,1.377,2.403,5.899,1157.4,985,44.4,A,normal,3.36,3.08,1.64,2.66,68.62,95.55,44.49,6.86,0.12835,0.06175,0.05165,75,1800,SKF 22216
2026-04-25 22:00:00,M-019,Moteur électrique 400kW,moteur_electrique,4.198,7.955,23.329,4577.1,1492,58.9,B,normal,3.57,10.0,1.42,4.37,90.27,133.53,60.18,10.02,0.17815,0.07636,0.04347,400,5500,SKF 6320
2026-04-25 22:00:00,R-077,Réducteur convoyeur,reducteur,1.431,2.965,8.987,1763.2,716,45.4,A,normal,3.03,2.89,1.84,2.99,52.75,66.59,35.2,5.27,0.14487,0.07158,0.05083,55,950,SKF 2312
2026-04-25 22:00:00,P-311,Pompe centrifuge BP,pompe_centrifuge,9.023,16.247,48.954,9604.8,2966,64.2,D,danger,4.44,26.72,1.96,5.13,175.49,269.41,116.66,19.53,0.19913,0.06458,0.02867,180,3100,SKF 6312
2026-04-25 23:00:00,P-204,Pompe centrifuge HP,pompe_centrifuge,2.005,2.845,9.632,1889.8,2981,49.5,A,normal,3.23,4.32,1.92,2.91,177.37,269.78,118.25,19.72,0.13311,0.08729,0.04184,250,4200,SKF 6314
2026-04-25 23:00:00,C-118,Compresseur à vis,compresseur,3.702,6.718,20.592,4040.2,1488,63.9,B,normal,3.31,8.18,1.82,3.9,97.22,150.78,63.49,9.72,0.16889,0.07422,0.03878,500,6800,SKF 7314
2026-04-25 23:00:00,V-302,Ventilateur tirage,ventilateur,1.342,2.543,8.938,1753.6,976,43.7,A,normal,2.7,2.42,1.59,2.79,67.99,94.67,44.08,6.8,0.14399,0.07266,0.0457,75,1800,SKF 22216
2026-04-25 23:00:00,M-019,Moteur électrique 400kW,moteur_electrique,6.432,11.646,35.28,6921.9,1482,67.3,C,alerte,3.78,16.22,2.09,2.83,89.66,132.64,59.77,9.95,0.05551,0.06077,0.06294,400,5500,SKF 6320
2026-04-25 23:00:00,R-077,Réducteur convoyeur,reducteur,1.216,2.413,7.241,1420.7,713,43.6,A,normal,3.33,2.7,2.09,3.24,52.52,66.31,35.06,5.25,0.14642,0.07983,0.04819,55,950,SKF 2312
2026-04-25 23:00:00,P-311,Pompe centrifuge BP,pompe_centrifuge,8.732,15.747,47.464,9312.4,2954,66.0,D,danger,4.33,25.19,1.59,3.82,174.78,268.32,116.19,19.45,0.06473,0.09471,0.05223,180,3100,SKF 6312
2026-04-26 00:00:00,P-204,Pompe centrifuge HP,pompe_centrifuge,2.201,4.27,12.997,2550.0,2975,49.7,A,normal,4.27,6.27,1.64,3.03,177.01,269.24,118.01,19.68,0.13852,0.08696,0.05076,250,4200,SKF 6314
2026-04-26 00:00:00,C-118,Compresseur à vis,compresseur,3.385,6.408,20.341,3990.9,1492,61.7,B,normal,3.69,8.32,1.77,3.71,97.48,151.19,63.66,9.75,0.14958,0.05318,0.04405,500,6800,SKF 7314
2026-04-26 00:00:00,V-302,Ventilateur tirage,ventilateur,1.798,3.264,10.173,1995.9,977,45.1,A,normal,3.94,4.72,1.99,3.52,68.06,94.77,44.13,6.81,0.16319,0.09697,0.05667,75,1800,SKF 22216
2026-04-26 00:00:00,M-019,Moteur électrique 400kW,moteur_electrique,5.608,9.841,29.222,5733.4,1498,63.1,C,alerte,4.04,15.12,1.63,3.65,90.63,134.07,60.42,10.06,0.13293,0.04163,0.07267,400,5500,SKF 6320
2026-04-26 00:00:00,R-077,Réducteur convoyeur,reducteur,1.221,2.522,8.185,1605.9,719,41.4,A,normal,2.92,2.37,1.67,3.34,52.97,66.87,35.35,5.3,0.14409,0.07782,0.05497,55,950,SKF 2312
2026-04-26 00:00:00,P-311,Pompe centrifuge BP,pompe_centrifuge,10.04,18.558,54.749,10741.8,2975,68.2,D,danger,4.71,31.56,1.88,4.88,176.02,270.23,117.02,19.59,0.11088,0.08257,0.06615,180,3100,SKF 6312
2026-04-26 01:00:00,P-204,Pompe centrifuge HP,pompe_centrifuge,1.608,3.124,10.21,2003.2,2973,51.1,A,normal,3.54,3.8,1.59,3.32,176.89,269.06,117.93,19.67,0.11035,0.07311,0.04919,250,4200,SKF 6314
2026-04-26 01:00:00,C-118,Compresseur à vis,compresseur,3.456,6.091,16.912,3318.1,1488,63.4,B,normal,3.51,8.1,1.57,3.91,97.22,150.78,63.49,9.72,0.11507,0.0795,0.0533,500,6800,SKF 7314
2026-04-26 01:00:00,V-302,Ventilateur tirage,ventilateur,0.863,1.504,3.101,608.4,977,43.4,A,normal,3.77,2.17,2.2,2.98,68.06,94.77,44.13,6.81,0.1262,0.08872,0.05107,75,1800,SKF 22216
2026-04-26 01:00:00,M-019,Moteur électrique 400kW,moteur_electrique,5.627,10.458,30.21,5927.2,1492,64.1,C,alerte,4.27,16.0,1.86,2.71,90.27,133.53,60.18,10.02,0.19532,0.07458,0.04486,400,5500,SKF 6320
2026-04-26 01:00:00,R-077,Réducteur convoyeur,reducteur,1.66,3.3,10.05,1971.8,724,42.0,A,normal,3.71,4.1,2.25,3.54,53.33,67.33,35.6,5.33,0.11979,0.08604,0.04288,55,950,SKF 2312
2026-04-26 01:00:00,P-311,Pompe centrifuge BP,pompe_centrifuge,11.598,20.936,61.089,11985.7,2960,72.1,D,danger,4.6,35.58,1.81,5.25,175.13,268.87,116.43,19.49,0.14708,0.02771,0.03092,180,3100,SKF 6312
2026-04-26 02:00:00,P-204,Pompe centrifuge HP,pompe_centrifuge,1.692,2.946,8.967,1759.3,2980,50.0,A,normal,3.46,3.91,2.11,3.07,177.31,269.69,118.21,19.72,0.13776,0.08056,0.05405,250,4200,SKF 6314
2026-04-26 02:00:00,C-118,Compresseur à vis,compresseur,3.441,6.463,20.921,4104.7,1498,62.2,B,normal,3.6,8.27,1.8,4.27,97.87,151.8,63.91,9.79,0.14774,0.05693,0.0429,500,6800,SKF 7314
2026-04-26 02:00:00,V-302,Ventilateur tirage,ventilateur,1.632,3.14,8.219,1612.6,978,44.4,A,normal,3.66,3.98,1.71,3.39,68.13,94.87,44.17,6.81,0.14222,0.07729,0.05378,75,1800,SKF 22216
2026-04-26 02:00:00,M-019,Moteur électrique 400kW,moteur_electrique,5.062,8.622,25.574,5017.6,1484,60.9,C,alerte,3.52,11.87,1.65,4.14,89.78,132.82,59.85,9.97,0.17054,0.10455,0.04255,400,5500,SKF 6320
2026-04-26 02:00:00,R-077,Réducteur convoyeur,reducteur,1.093,1.81,5.27,1034.0,719,40.7,A,normal,3.86,2.81,2.14,3.76,52.97,66.87,35.35,5.3,0.12731,0.08754,0.04891,55,950,SKF 2312
2026-04-26 02:00:00,P-311,Pompe centrifuge BP,pompe_centrifuge,9.464,17.144,51.444,10093.3,2955,66.4,D,danger,4.42,27.86,1.35,3.43,174.84,268.41,116.23,19.45,0.11686,0.08649,0.15414,180,3100,SKF 6312
2026-04-26 03:00:00,P-204,Pompe centrifuge HP,pompe_centrifuge,1.76,3.25,9.367,1837.8,2985,50.4,A,normal,3.25,3.81,1.79,4.18,177.61,270.14,118.41,19.75,0.11748,0.08243,0.05355,250,4200,SKF 6314
2026-04-26 03:00:00,C-118,Compresseur à vis,compresseur,3.248,5.925,17.75,3482.5,1489,61.8,B,normal,3.11,6.73,1.64,4.03,97.28,150.89,63.53,9.73,0.13075,0.07692,0.04172,500,6800,SKF 7314
2026-04-26 03:00:00,V-302,Ventilateur tirage,ventilateur,1.451,2.919,9.923,1946.9,986,43.5,A,normal,2.94,2.85,2.13,3.55,68.69,95.64,44.53,6.87,0.11265,0.07989,0.04995,75,1800,SKF 22216
2026-04-26 03:00:00,M-019,Moteur électrique 400kW,moteur_electrique,6.331,11.574,34.79,6825.8,1491,65.8,C,alerte,3.56,15.02,1.99,5.07,90.21,133.44,60.14,10.01,0.11873,0.11928,0.04095,400,5500,SKF 6320
2026-04-26 03:00:00,R-077,Réducteur convoyeur,reducteur,1.833,3.283,10.249,2010.9,721,43.9,A,normal,3.76,4.59,1.3,2.87,53.11,67.05,35.45,5.31,0.14045,0.08073,0.06102,55,950,SKF 2312
2026-04-26 03:00:00,P-311,Pompe centrifuge BP,pompe_centrifuge,10.439,18.546,56.244,11035.1,2960,69.9,D,danger,4.41,30.71,1.56,4.49,175.13,268.87,116.43,19.49,0.0728,0.07715,0.04433,180,3100,SKF 6312
2026-04-26 04:00:00,P-204,Pompe centrifuge HP,pompe_centrifuge,1.808,2.997,9.926,1947.5,2982,50.0,A,normal,3.6,4.34,2.1,4.16,177.43,269.87,118.29,19.73,0.16398,0.09918,0.05207,250,4200,SKF 6314
2026-04-26 04:00:00,C-118,Compresseur à vis,compresseur,3.111,5.646,16.641,3265.0,1481,60.3,B,normal,3.25,6.75,1.87,3.88,96.76,150.07,63.19,9.68,0.10492,0.05678,0.05342,500,6800,SKF 7314
2026-04-26 04:00:00,V-302,Ventilateur tirage,ventilateur,1.815,3.038,9.944,1951.0,987,49.5,A,normal,3.3,3.99,1.55,3.12,68.76,95.74,44.58,6.88,0.13905,0.0981,0.04749,75,1800,SKF 22216
2026-04-26 04:00:00,M-019,Moteur électrique 400kW,moteur_electrique,5.16,9.018,28.28,5548.5,1491,61.9,C,alerte,4.23,14.55,1.76,4.62,90.21,133.44,60.14,10.01,0.17354,0.13699,0.05528,400,5500,SKF 6320
2026-04-26 04:00:00,R-077,Réducteur convoyeur,reducteur,1.514,2.925,8.467,1661.2,719,43.8,A,normal,3.77,3.81,2.11,3.45,52.97,66.87,35.35,5.3,0.12804,0.07479,0.05607,55,950,SKF 2312
2026-04-26 04:00:00,P-311,Pompe centrifuge BP,pompe_centrifuge,11.83,21.233,62.707,12303.1,2962,71.7,D,danger,4.53,35.72,2.12,5.22,175.25,269.05,116.51,19.5,0.38479,0.01835,0.01874,180,3100,SKF 6312
2026-04-26 05:00:00,P-204,Pompe centrifuge HP,pompe_centrifuge,1.627,2.806,8.43,1654.0,2975,49.7,A,normal,3.27,3.54,1.87,3.05,177.01,269.24,118.01,19.68,0.1441,0.0862,0.04994,250,4200,SKF 6314
2026-04-26 05:00:00,C-118,Compresseur à vis,compresseur,3.351,5.926,18.213,3573.4,1486,62.4,B,normal,3.97,8.87,1.44,3.35,97.09,150.58,63.4,9.71,0.11382,0.08378,0.04879,500,6800,SKF 7314
2026-04-26 05:00:00,V-302,Ventilateur tirage,ventilateur,2.125,3.63,11.854,2325.8,976,44.3,A,normal,3.48,4.92,1.61,2.94,67.99,94.67,44.08,6.8,0.13541,0.09119,0.04818,75,1800,SKF 22216
2026-04-26 05:00:00,M-019,Moteur électrique 400kW,moteur_electrique,6.202,10.674,30.466,5977.4,1486,66.0,C,alerte,3.25,13.46,1.93,3.63,89.9,133.0,59.94,9.98,0.17559,0.05595,0.04452,400,5500,SKF 6320
2026-04-26 05:00:00,R-077,Réducteur convoyeur,reducteur,1.4,2.306,6.503,1275.9,728,45.7,A,normal,3.96,3.69,1.64,3.12,53.63,67.7,35.79,5.36,0.14451,0.07343,0.04905,55,950,SKF 2312
2026-04-26 05:00:00,P-311,Pompe centrifuge BP,pompe_centrifuge,10.244,18.426,53.879,10571.1,2966,69.2,D,danger,4.28,29.22,1.85,4.12,175.49,269.41,116.66,19.53,0.24092,0.1069,0.02536,180,3100,SKF 6312
2026-04-26 06:00:00,P-204,Pompe centrifuge HP,pompe_centrifuge,1.888,2.649,7.688,1508.4,2981,52.7,A,normal,3.2,4.02,2.06,2.62,177.37,269.78,118.25,19.72,0.10779,0.07966,0.04776,250,4200,SKF 6314
2026-04-26 06:00:00,C-118,Compresseur à vis,compresseur,3.264,6.576,19.82,3888.7,1487,62.7,B,normal,3.1,6.75,1.38,3.07,97.15,150.68,63.45,9.72,0.10803,0.11097,0.05887,500,6800,SKF 7314
2026-04-26 06:00:00,V-302,Ventilateur tirage,ventilateur,1.762,2.376,6.775,1329.3,981,45.6,A,normal,3.82,4.49,1.6,3.74,68.34,95.16,44.31,6.83,0.16247,0.07142,0.04552,75,1800,SKF 22216
2026-04-26 06:00:00,M-019,Moteur électrique 400kW,moteur_electrique,5.604,10.277,31.807,6240.5,1494,64.1,C,alerte,4.23,15.81,1.72,3.71,90.39,133.71,60.26,10.03,0.16167,0.12348,0.05452,400,5500,SKF 6320
2026-04-26 06:00:00,R-077,Réducteur convoyeur,reducteur,1.158,1.875,7.684,1507.6,723,44.2,A,normal,3.23,2.49,2.24,3.27,53.26,67.24,35.55,5.33,0.12963,0.07128,0.05045,55,950,SKF 2312
2026-04-26 06:00:00,P-311,Pompe centrifuge BP,pompe_centrifuge,9.914,17.678,51.838,10170.6,2956,67.0,D,danger,4.97,32.85,1.88,4.69,174.9,268.5,116.27,19.46,0.11948,0.10927,0.01837,180,3100,SKF 6312
2026-04-26 07:00:00,P-204,Pompe centrifuge HP,pompe_centrifuge,2.155,4.082,12.069,2367.9,2982,49.8,A,normal,3.13,4.49,1.71,3.33,177.43,269.87,118.29,19.73,0.14711,0.10837,0.05407,250,4200,SKF 6314
2026-04-26 07:00:00,C-118,Compresseur à vis,compresseur,4.185,7.701,22.479,4410.4,1487,64.8,B,normal,4.5,12.56,2.01,4.23,97.15,150.68,63.45,9.72,0.20283,0.06325,0.05791,500,6800,SKF 7314
2026-04-26 07:00:00,V-302,Ventilateur tirage,ventilateur,1.617,2.663,8.68,1703.0,976,44.5,A,normal,3.71,4.0,1.91,4.12,67.99,94.67,44.08,6.8,0.12651,0.08622,0.05314,75,1800,SKF 22216
2026-04-26 07:00:00,M-019,Moteur électrique 400kW,moteur_electrique,6.343,11.431,33.703,6612.5,1484,65.0,C,alerte,3.39,14.34,2.27,3.58,89.78,132.82,59.85,9.97,0.08756,0.10372,0.05465,400,5500,SKF 6320
2026-04-26 07:00:00,R-077,Réducteur convoyeur,reducteur,1.353,2.909,9.642,1891.8,713,43.5,A,normal,2.84,2.56,1.65,2.12,52.52,66.31,35.06,5.25,0.14285,0.08614,0.05076,55,950,SKF 2312
2026-04-26 07:00:00,P-311,Pompe centrifuge BP,pompe_centrifuge,11.855,21.571,65.492,12849.5,2962,73.9,D,danger,4.53,35.82,1.54,4.4,175.25,269.05,116.51,19.5,0.05503,0.2807,0.04766,180,3100,SKF 6312
2026-04-26 08:00:00,P-204,Pompe centrifuge HP,pompe_centrifuge,2.121,4.162,12.553,2462.9,2982,50.0,A,normal,3.7,5.24,1.74,2.99,177.43,269.87,118.29,19.73,0.167,0.06472,0.04553,250,4200,SKF 6314
2026-04-26 08:00:00,C-118,Compresseur à vis,compresseur,4.462,8.509,25.778,5057.6,1483,64.0,B,normal,3.78,11.23,1.58,4.02,96.89,150.28,63.27,9.69,0.20776,0.04449,0.03644,500,6800,SKF 7314
2026-04-26 08:00:00,V-302,Ventilateur tirage,ventilateur,1.867,3.715,10.974,2153.1,977,46.4,A,normal,3.64,4.54,1.43,2.81,68.06,94.77,44.13,6.81,0.12577,0.09261,0.04598,75,1800,SKF 22216
2026-04-26 08:00:00,M-019,Moteur électrique 400kW,moteur_electrique,6.732,11.7,35.208,6907.8,1480,66.9,C,alerte,3.68,16.51,2.53,3.61,89.54,132.46,59.69,9.94,0.1358,0.05266,0.07499,400,5500,SKF 6320
2026-04-26 08:00:00,R-077,Réducteur convoyeur,reducteur,1.388,2.635,8.139,1596.9,715,40.2,A,normal,3.45,3.19,1.66,3.62,52.67,66.5,35.15,5.27,0.14183,0.07506,0.0442,55,950,SKF 2312
2026-04-26 08:00:00,P-311,Pompe centrifuge BP,pompe_centrifuge,10.24,17.935,54.757,10743.3,2951,69.4,D,danger,4.28,29.21,1.78,4.78,174.6,268.05,116.07,19.43,0.10154,0.12899,0.02268,180,3100,SKF 6312
2026-04-26 09:00:00,P-204,Pompe centrifuge HP,pompe_centrifuge,2.042,3.715,10.894,2137.4,2983,47.9,A,normal,3.05,4.15,2.04,2.97,177.49,269.96,118.33,19.74,0.15136,0.08073,0.05199,250,4200,SKF 6314
2026-04-26 09:00:00,C-118,Compresseur à vis,compresseur,4.744,8.09,25.104,4925.4,1483,64.6,C,alerte,4.35,13.76,1.83,4.0,96.89,150.28,63.27,9.69,0.13765,0.06886,0.07534,500,6800,SKF 7314
2026-04-26 09:00:00,V-302,Ventilateur tirage,ventilateur,2.336,4.946,14.773,2898.5,980,46.5,B,normal,3.94,6.14,1.86,3.92,68.27,95.06,44.26,6.83,0.11502,0.09214,0.05668,75,1800,SKF 22216
2026-04-26 09:00:00,M-019,Moteur électrique 400kW,moteur_electrique,5.244,9.902,29.151,5719.4,1484,65.0,C,alerte,4.14,14.47,1.35,3.9,89.78,132.82,59.85,9.97,0.09577,0.15333,0.07553,400,5500,SKF 6320
2026-04-26 09:00:00,R-077,Réducteur convoyeur,reducteur,2.024,3.247,9.826,1927.9,725,45.7,A,normal,3.95,5.33,1.48,2.78,53.41,67.42,35.65,5.34,0.13985,0.08806,0.04819,55,950,SKF 2312
2026-04-26 09:00:00,P-311,Pompe centrifuge BP,pompe_centrifuge,11.987,22.229,68.05,13351.4,2958,73.5,D,danger,4.2,33.55,2.05,3.6,175.01,268.69,116.35,19.47,0.26946,0.13393,0.04778,180,3100,SKF 6312
2026-04-26 10:00:00,P-204,Pompe centrifuge HP,pompe_centrifuge,2.69,4.836,15.432,3027.8,2979,53.6,B,normal,3.79,6.8,1.68,3.52,177.25,269.6,118.17,19.71,0.10149,0.07404,0.05437,250,4200,SKF 6314
2026-04-26 10:00:00,C-118,Compresseur à vis,compresseur,3.235,6.275,18.471,3624.0,1483,60.7,B,normal,3.17,6.83,1.5,2.78,96.89,150.28,63.27,9.69,0.11403,0.14462,0.04967,500,6800,SKF 7314
2026-04-26 10:00:00,V-302,Ventilateur tirage,ventilateur,1.895,3.292,9.478,1859.6,973,43.9,A,normal,3.26,4.12,2.0,2.58,67.79,94.38,43.95,6.78,0.09366,0.06176,0.05737,75,1800,SKF 22216
2026-04-26 10:00:00,M-019,Moteur électrique 400kW,moteur_electrique,6.484,11.834,36.351,7132.1,1484,68.4,C,alerte,3.58,15.47,1.82,3.56,89.78,132.82,59.85,9.97,0.15764,0.05706,0.04086,400,5500,SKF 6320
2026-04-26 10:00:00,R-077,Réducteur convoyeur,reducteur,1.489,2.936,7.506,1472.7,712,44.3,A,normal,3.67,3.64,1.72,3.11,52.45,66.22,35.01,5.25,0.12964,0.07505,0.04862,55,950,SKF 2312
2026-04-26 10:00:00,P-311,Pompe centrifuge BP,pompe_centrifuge,9.282,16.903,50.403,9889.1,2963,67.1,D,danger,4.84,29.97,2.13,5.07,175.31,269.14,116.54,19.51,0.09616,0.07078,0.08806,180,3100,SKF 6312
2026-04-26 11:00:00,P-204,Pompe centrifuge HP,pompe_centrifuge,2.177,4.083,12.754,2502.3,2986,47.9,A,normal,4.15,6.02,1.51,3.68,177.67,270.23,118.44,19.76,0.13613,0.07683,0.05178,250,4200,SKF 6314
2026-04-26 11:00:00,C-118,Compresseur à vis,compresseur,3.528,5.997,18.011,3533.8,1485,62.8,B,normal,3.59,8.45,2.38,4.24,97.02,150.48,63.36,9.7,0.10675,0.10059,0.05859,500,6800,SKF 7314
2026-04-26 11:00:00,V-302,Ventilateur tirage,ventilateur,1.492,2.738,8.423,1652.6,996,44.8,A,normal,3.93,3.91,1.68,3.01,69.39,96.61,44.99,6.94,0.11679,0.07574,0.05051,75,1800,SKF 22216
2026-04-26 11:00:00,M-019,Moteur électrique 400kW,moteur_electrique,5.369,9.761,30.582,6000.2,1492,63.6,C,alerte,3.08,11.04,2.01,2.59,90.27,133.53,60.18,10.02,0.04663,0.06244,0.06264,400,5500,SKF 6320
2026-04-26 11:00:00,R-077,Réducteur convoyeur,reducteur,1.638,2.758,9.521,1868.0,721,43.5,A,normal,3.03,3.31,1.66,3.42,53.11,67.05,35.45,5.31,0.1568,0.08285,0.04782,55,950,SKF 2312
2026-04-26 11:00:00,P-311,Pompe centrifuge BP,pompe_centrifuge,10.294,18.471,55.258,10841.6,2960,72.3,D,danger,4.44,30.44,2.04,5.27,175.13,268.87,116.43,19.49,0.18754,0.07907,0.07754,180,3100,SKF 6312
2026-04-26 12:00:00,P-204,Pompe centrifuge HP,pompe_centrifuge,2.493,4.114,11.939,2342.4,2983,51.2,B,normal,3.5,5.82,1.48,3.76,177.49,269.96,118.33,19.74,0.12647,0.11932,0.05316,250,4200,SKF 6314
2026-04-26 12:00:00,C-118,Compresseur à vis,compresseur,3.315,6.0,18.825,3693.5,1485,62.0,B,normal,4.36,9.63,1.53,3.55,97.02,150.48,63.36,9.7,0.11151,0.09506,0.05406,500,6800,SKF 7314
2026-04-26 12:00:00,V-302,Ventilateur tirage,ventilateur,1.883,3.597,10.923,2143.1,984,46.1,A,normal,3.6,4.51,2.01,3.7,68.55,95.45,44.44,6.86,0.15761,0.09611,0.05136,75,1800,SKF 22216
2026-04-26 12:00:00,M-019,Moteur électrique 400kW,moteur_electrique,6.027,10.598,32.684,6412.6,1479,65.2,C,alerte,3.8,15.28,2.23,4.57,89.48,132.37,59.65,9.93,0.05565,0.10292,0.04317,400,5500,SKF 6320
2026-04-26 12:00:00,R-077,Réducteur convoyeur,reducteur,1.515,3.143,8.336,1635.5,724,40.6,A,normal,3.4,3.44,2.27,2.27,53.33,67.33,35.6,5.33,0.17685,0.07662,0.04539,55,950,SKF 2312
2026-04-26 12:00:00,P-311,Pompe centrifuge BP,pompe_centrifuge,9.362,17.047,51.554,10114.9,2955,67.1,D,danger,4.55,28.42,2.45,4.39,174.84,268.41,116.23,19.45,0.115,0.05143,0.06005,180,3100,SKF 6312
2026-04-26 13:00:00,P-204,Pompe centrifuge HP,pompe_centrifuge,2.718,5.245,17.25,3384.4,2986,53.2,B,normal,4.2,7.6,1.23,3.3,177.67,270.23,118.44,19.76,0.13807,0.06872,0.04827,250,4200,SKF 6314
2026-04-26 13:00:00,C-118,Compresseur à vis,compresseur,3.712,6.921,20.48,4018.2,1490,61.7,B,normal,3.31,8.18,1.67,3.55,97.35,150.99,63.57,9.73,0.09321,0.05095,0.05945,500,6800,SKF 7314
2026-04-26 13:00:00,V-302,Ventilateur tirage,ventilateur,1.381,2.89,8.882,1742.6,976,43.1,A,normal,2.85,2.62,1.1,6.07,67.99,94.67,44.08,6.8,0.14515,0.08802,0.04418,75,1800,SKF 22216
2026-04-26 13:00:00,M-019,Moteur électrique 400kW,moteur_electrique,6.705,12.225,37.098,7278.6,1488,65.4,C,alerte,4.0,17.9,1.32,3.86,90.02,133.18,60.02,9.99,0.14258,0.06881,0.05657,400,5500,SKF 6320
2026-04-26 13:00:00,R-077,Réducteur convoyeur,reducteur,1.563,2.859,7.762,1522.9,726,42.2,A,normal,3.75,3.9,2.7,3.96,53.48,67.52,35.7,5.35,0.16524,0.07983,0.04475,55,950,SKF 2312
2026-04-26 13:00:00,P-311,Pompe centrifuge BP,pompe_centrifuge,10.191,18.644,56.179,11022.3,2966,68.2,D,danger,4.87,33.11,1.79,4.19,175.49,269.41,116.66,19.53,0.86221,0.03933,0.05073,180,3100,SKF 6312
2026-04-26 14:00:00,P-204,Pompe centrifuge HP,pompe_centrifuge,2.084,3.988,12.078,2369.7,2973,48.9,A,normal,3.71,5.15,1.72,2.31,176.89,269.06,117.93,19.67,0.18028,0.0963,0.04997,250,4200,SKF 6314
2026-04-26 14:00:00,C-118,Compresseur à vis,compresseur,3.738,6.427,19.108,3749.0,1483,63.2,B,normal,4.27,10.64,1.28,2.82,96.89,150.28,63.27,9.69,0.10212,0.05632,0.03015,500,6800,SKF 7314
2026-04-26 14:00:00,V-302,Ventilateur tirage,ventilateur,1.93,3.588,9.811,1924.9,975,43.7,A,normal,3.89,5.01,2.02,3.84,67.92,94.58,44.04,6.79,0.12241,0.0814,0.04614,75,1800,SKF 22216
2026-04-26 14:00:00,M-019,Moteur électrique 400kW,moteur_electrique,6.238,11.978,33.956,6662.2,1495,66.2,C,alerte,3.99,16.59,2.01,5.06,90.45,133.8,60.3,10.04,0.2195,0.12937,0.06798,400,5500,SKF 6320
2026-04-26 14:00:00,R-077,Réducteur convoyeur,reducteur,2.394,3.188,8.222,1613.2,721,45.8,B,normal,3.46,5.52,2.31,3.61,53.11,67.05,35.45,5.31,0.14939,0.06425,0.04572,55,950,SKF 2312
2026-04-26 14:00:00,P-311,Pompe centrifuge BP,pompe_centrifuge,8.597,15.589,46.628,9148.4,2958,65.4,D,danger,4.26,24.42,1.41,3.9,175.01,268.69,116.35,19.47,0.28537,0.17203,0.07384,180,3100,SKF 6312
2026-04-26 15:00:00,P-204,Pompe centrifuge HP,pompe_centrifuge,2.225,3.998,11.261,2209.4,2983,51.1,A,normal,2.91,4.31,2.1,3.22,177.49,269.96,118.33,19.74,0.1507,0.09268,0.05186,250,4200,SKF 6314
2026-04-26 15:00:00,C-118,Compresseur à vis,compresseur,3.787,6.937,20.508,4023.7,1494,61.4,B,normal,3.58,9.05,1.33,2.47,97.61,151.39,63.74,9.76,0.0814,0.08583,0.03461,500,6800,SKF 7314
2026-04-26 15:00:00,V-302,Ventilateur tirage,ventilateur,1.658,2.857,8.73,1712.8,971,42.5,A,normal,2.85,3.15,2.1,3.72,67.65,94.19,43.86,6.76,0.11666,0.08161,0.05405,75,1800,SKF 22216
2026-04-26 15:00:00,M-019,Moteur électrique 400kW,moteur_electrique,6.049,10.818,31.516,6183.4,1482,65.8,C,alerte,3.85,15.51,1.66,3.19,89.66,132.64,59.77,9.95,0.32321,0.07544,0.02523,400,5500,SKF 6320
2026-04-26 15:00:00,R-077,Réducteur convoyeur,reducteur,1.594,2.724,7.373,1446.6,721,44.6,A,normal,3.11,3.31,1.75,3.9,53.11,67.05,35.45,5.31,0.13964,0.07734,0.05386,55,950,SKF 2312
2026-04-26 15:00:00,P-311,Pompe centrifuge BP,pompe_centrifuge,8.908,16.011,47.281,9276.5,2967,66.3,D,danger,4.45,26.42,2.26,4.26,175.55,269.5,116.7,19.53,0.0229,0.11185,0.05066,180,3100,SKF 6312
2026-04-26 16:00:00,P-204,Pompe centrifuge HP,pompe_centrifuge,2.57,4.652,13.312,2611.8,2983,54.2,B,normal,2.99,5.12,1.58,3.07,177.49,269.96,118.33,19.74,0.18431,0.08897,0.04114,250,4200,SKF 6314
2026-04-26 16:00:00,C-118,Compresseur à vis,compresseur,4.268,7.618,22.943,4501.4,1478,62.0,B,normal,2.53,7.2,2.04,3.03,96.56,149.77,63.06,9.66,0.13447,0.08931,0.04033,500,6800,SKF 7314
2026-04-26 16:00:00,V-302,Ventilateur tirage,ventilateur,1.585,2.845,8.03,1575.5,980,45.8,A,normal,3.66,3.87,2.07,3.17,68.27,95.06,44.26,6.83,0.12489,0.07304,0.04466,75,1800,SKF 22216
2026-04-26 16:00:00,M-019,Moteur électrique 400kW,moteur_electrique,5.748,10.327,30.103,5906.2,1494,66.2,C,alerte,4.18,16.02,1.68,3.36,90.39,133.71,60.26,10.03,0.07891,0.05057,0.04622,400,5500,SKF 6320
2026-04-26 16:00:00,R-077,Réducteur convoyeur,reducteur,1.617,2.957,8.671,1701.3,722,42.5,A,normal,3.85,4.15,2.27,3.25,53.19,67.15,35.5,5.32,0.15379,0.06891,0.04284,55,950,SKF 2312
2026-04-26 16:00:00,P-311,Pompe centrifuge BP,pompe_centrifuge,11.548,20.508,61.243,12015.9,2957,74.4,D,danger,4.9,37.69,2.23,3.63,174.96,268.59,116.31,19.47,0.06801,0.05451,0.11394,180,3100,SKF 6312
2026-04-26 17:00:00,P-204,Pompe centrifuge HP,pompe_centrifuge,2.058,3.667,12.007,2355.8,2979,52.3,A,normal,2.87,3.93,2.0,3.36,177.25,269.6,118.17,19.71,0.17456,0.07253,0.05701,250,4200,SKF 6314
2026-04-26 17:00:00,C-118,Compresseur à vis,compresseur,3.913,6.9,19.962,3916.5,1483,59.7,B,normal,3.05,7.96,2.34,3.7,96.89,150.28,63.27,9.69,0.28459,0.08681,0.0445,500,6800,SKF 7314
2026-04-26 17:00:00,V-302,Ventilateur tirage,ventilateur,1.286,1.88,4.339,851.3,981,45.2,A,normal,3.61,3.1,1.95,4.29,68.34,95.16,44.31,6.83,0.1719,0.08693,0.0472,75,1800,SKF 22216
2026-04-26 17:00:00,M-019,Moteur électrique 400kW,moteur_electrique,6.422,11.881,35.383,6942.1,1491,69.8,C,alerte,4.08,17.47,1.17,3.9,90.21,133.44,60.14,10.01,0.16771,0.0652,0.03434,400,5500,SKF 6320
2026-04-26 17:00:00,R-077,Réducteur convoyeur,reducteur,2.167,4.043,13.009,2552.4,714,43.5,A,normal,3.5,5.06,2.12,2.98,52.6,66.4,35.11,5.26,0.12211,0.08254,0.04984,55,950,SKF 2312
2026-04-26 17:00:00,P-311,Pompe centrifuge BP,pompe_centrifuge,10.594,19.428,57.316,11245.4,2960,69.4,D,danger,4.32,30.52,1.58,4.25,175.13,268.87,116.43,19.49,0.01297,0.05601,0.05528,180,3100,SKF 6312
2026-04-26 18:00:00,P-204,Pompe centrifuge HP,pompe_centrifuge,2.911,4.966,15.315,3004.8,2978,54.6,B,normal,4.0,7.76,1.94,2.8,177.19,269.51,118.13,19.7,0.10317,0.06888,0.03865,250,4200,SKF 6314
2026-04-26 18:00:00,C-118,Compresseur à vis,compresseur,3.923,7.181,21.442,4206.9,1480,64.3,B,normal,3.21,8.4,1.28,2.8,96.69,149.97,63.15,9.67,0.12887,0.06245,0.05385,500,6800,SKF 7314
2026-04-26 18:00:00,V-302,Ventilateur tirage,ventilateur,1.607,2.795,6.56,1287.1,975,40.3,A,normal,3.86,4.14,1.96,3.22,67.92,94.58,44.04,6.79,0.13973,0.08824,0.04997,75,1800,SKF 22216
2026-04-26 18:00:00,M-019,Moteur électrique 400kW,moteur_electrique,6.106,10.862,32.564,6389.1,1482,66.0,C,alerte,4.12,16.78,1.47,3.89,89.66,132.64,59.77,9.95,0.19494,0.0364,0.03565,400,5500,SKF 6320
2026-04-26 18:00:00,R-077,Réducteur convoyeur,reducteur,2.273,4.129,12.181,2389.9,723,47.2,A,normal,2.47,3.75,1.96,3.88,53.26,67.24,35.55,5.33,0.11044,0.08597,0.04539,55,950,SKF 2312
2026-04-26 18:00:00,P-311,Pompe centrifuge BP,pompe_centrifuge,9.936,18.191,53.423,10481.6,2953,67.8,D,danger,4.12,27.31,2.14,5.37,174.72,268.23,116.15,19.44,0.33294,0.15986,0.05722,180,3100,SKF 6312
2026-04-26 19:00:00,P-204,Pompe centrifuge HP,pompe_centrifuge,2.778,4.899,14.818,2907.3,2979,53.2,B,normal,3.17,5.88,2.48,3.42,177.25,269.6,118.17,19.71,0.1418,0.11605,0.06296,250,4200,SKF 6314
2026-04-26 19:00:00,C-118,Compresseur à vis,compresseur,4.189,7.58,23.414,4593.8,1474,62.9,B,normal,4.0,11.18,2.13,4.0,96.3,149.37,62.89,9.63,0.11129,0.09859,0.0676,500,6800,SKF 7314
2026-04-26 19:00:00,V-302,Ventilateur tirage,ventilateur,1.606,3.161,8.716,1710.1,983,44.1,A,normal,3.87,4.15,2.08,3.09,68.48,95.35,44.4,6.85,0.16365,0.11615,0.04884,75,1800,SKF 22216
2026-04-26 19:00:00,M-019,Moteur électrique 400kW,moteur_electrique,6.321,11.346,33.417,6556.4,1489,66.2,C,alerte,4.44,18.7,1.54,3.36,90.08,133.27,60.06,10.0,0.05168,0.09471,0.09283,400,5500,SKF 6320
2026-04-26 19:00:00,R-077,Réducteur convoyeur,reducteur,1.978,3.817,12.124,2378.7,722,44.2,A,normal,2.8,3.69,1.81,2.79,53.19,67.15,35.5,5.32,0.1138,0.07474,0.04467,55,950,SKF 2312
2026-04-26 19:00:00,P-311,Pompe centrifuge BP,pompe_centrifuge,9.404,16.496,50.96,9998.4,2957,65.8,D,danger,4.8,30.08,1.29,4.39,174.96,268.59,116.31,19.47,0.27736,0.09387,0.15864,180,3100,SKF 6312
2026-04-26 20:00:00,P-204,Pompe centrifuge HP,pompe_centrifuge,2.336,4.293,13.411,2631.2,2982,52.4,B,normal,3.05,4.75,1.97,3.48,177.43,269.87,118.29,19.73,0.12977,0.08342,0.03913,250,4200,SKF 6314
2026-04-26 20:00:00,C-118,Compresseur à vis,compresseur,3.748,6.716,18.813,3691.1,1483,62.6,B,normal,3.62,9.04,2.34,2.72,96.89,150.28,63.27,9.69,0.14014,0.07807,0.03864,500,6800,SKF 7314
2026-04-26 20:00:00,V-302,Ventilateur tirage,ventilateur,1.429,2.01,6.21,1218.4,979,42.3,A,normal,3.66,3.49,1.39,3.13,68.2,94.96,44.22,6.82,0.13361,0.07995,0.05299,75,1800,SKF 22216
2026-04-26 20:00:00,M-019,Moteur électrique 400kW,moteur_electrique,6.605,11.604,36.246,7111.5,1487,65.8,C,alerte,4.19,18.46,1.88,5.32,89.96,133.09,59.98,9.99,0.15097,0.09777,0.08916,400,5500,SKF 6320
2026-04-26 20:00:00,R-077,Réducteur convoyeur,reducteur,1.967,3.174,9.061,1777.8,724,44.1,A,normal,3.11,4.07,1.97,2.95,53.33,67.33,35.6,5.33,0.10228,0.07901,0.04378,55,950,SKF 2312
2026-04-26 20:00:00,P-311,Pompe centrifuge BP,pompe_centrifuge,10.508,18.877,55.977,10982.7,2965,70.5,D,danger,4.26,29.85,1.19,4.68,175.43,269.32,116.62,19.52,0.18429,0.0443,0.05308,180,3100,SKF 6312
2026-04-26 21:00:00,P-204,Pompe centrifuge HP,pompe_centrifuge,2.548,4.553,15.185,2979.3,2976,50.6,B,normal,3.04,5.16,1.56,2.94,177.07,269.33,118.05,19.69,0.16049,0.08652,0.04813,250,4200,SKF 6314
2026-04-26 21:00:00,C-118,Compresseur à vis,compresseur,3.389,6.017,18.754,3679.5,1484,61.5,B,normal,4.51,10.18,1.51,3.73,96.95,150.38,63.32,9.7,0.08354,0.06937,0.04429,500,6800,SKF 7314
2026-04-26 21:00:00,V-302,Ventilateur tirage,ventilateur,2.224,4.053,10.849,2128.6,979,48.1,A,normal,2.92,4.32,1.74,3.2,68.2,94.96,44.22,6.82,0.1741,0.08093,0.04506,75,1800,SKF 22216
2026-04-26 21:00:00,M-019,Moteur électrique 400kW,moteur_electrique,6.121,11.268,33.036,6481.7,1497,66.3,C,alerte,3.62,14.79,1.94,3.87,90.57,133.98,60.38,10.05,0.10979,0.03209,0.06537,400,5500,SKF 6320
2026-04-26 21:00:00,R-077,Réducteur convoyeur,reducteur,1.791,2.698,7.883,1546.6,719,46.6,A,normal,3.51,4.2,1.57,4.19,52.97,66.87,35.35,5.3,0.1659,0.06751,0.05273,55,950,SKF 2312
2026-04-26 21:00:00,P-311,Pompe centrifuge BP,pompe_centrifuge,11.407,20.186,59.382,11650.7,2963,70.5,D,danger,4.35,33.07,2.28,4.46,175.31,269.14,116.54,19.51,0.03857,0.25613,0.0501,180,3100,SKF 6312
2026-04-26 22:00:00,P-204,Pompe centrifuge HP,pompe_centrifuge,3.051,5.422,15.463,3033.8,2977,52.5,B,normal,3.32,6.74,2.08,4.96,177.13,269.42,118.09,19.7,0.21549,0.07963,0.04558,250,4200,SKF 6314
2026-04-26 22:00:00,C-118,Compresseur à vis,compresseur,3.549,6.293,19.265,3779.8,1489,62.2,B,normal,3.49,8.25,1.46,3.83,97.28,150.89,63.53,9.73,0.16291,0.05962,0.04213,500,6800,SKF 7314
2026-04-26 22:00:00,V-302,Ventilateur tirage,ventilateur,1.85,3.408,9.742,1911.4,974,45.4,A,normal,3.54,4.37,1.81,3.14,67.86,94.48,43.99,6.79,0.12297,0.06541,0.04892,75,1800,SKF 22216
2026-04-26 22:00:00,M-019,Moteur électrique 400kW,moteur_electrique,5.564,10.058,29.279,5744.5,1493,64.9,C,alerte,3.6,13.34,2.22,3.63,90.33,133.62,60.22,10.03,0.1354,0.09226,0.04897,400,5500,SKF 6320
2026-04-26 22:00:00,R-077,Réducteur convoyeur,reducteur,1.597,2.583,7.418,1455.4,719,41.1,A,normal,2.93,3.12,2.16,3.54,52.97,66.87,35.35,5.3,0.12351,0.08468,0.05856,55,950,SKF 2312
2026-04-26 22:00:00,P-311,Pompe centrifuge BP,pompe_centrifuge,11.539,20.711,61.864,12137.7,2963,71.8,D,danger,4.64,35.73,1.68,4.5,175.31,269.14,116.54,19.51,0.38168,0.21198,0.04207,180,3100,SKF 6312
2026-04-26 23:00:00,P-204,Pompe centrifuge HP,pompe_centrifuge,2.464,4.349,12.135,2380.9,2983,50.4,B,normal,2.78,4.56,1.87,2.91,177.49,269.96,118.33,19.74,0.14917,0.07378,0.04449,250,4200,SKF 6314
2026-04-26 23:00:00,C-118,Compresseur à vis,compresseur,3.332,5.716,18.261,3582.8,1488,62.0,B,normal,3.58,7.95,1.27,4.05,97.22,150.78,63.49,9.72,0.11908,0.08885,0.0578,500,6800,SKF 7314
2026-04-26 23:00:00,V-302,Ventilateur tirage,ventilateur,1.671,3.066,8.266,1621.8,978,45.9,A,normal,3.64,4.06,1.51,3.11,68.13,94.87,44.17,6.81,0.08839,0.07303,0.0511,75,1800,SKF 22216
2026-04-26 23:00:00,M-019,Moteur électrique 400kW,moteur_electrique,6.041,10.844,33.735,6618.8,1493,66.8,C,alerte,3.81,15.36,1.75,4.84,90.33,133.62,60.22,10.03,0.21078,0.06063,0.06609,400,5500,SKF 6320
2026-04-26 23:00:00,R-077,Réducteur convoyeur,reducteur,1.177,2.211,6.742,1322.8,716,41.4,A,normal,2.98,2.34,2.46,3.47,52.75,66.59,35.2,5.27,0.12551,0.0813,0.05206,55,950,SKF 2312
2026-04-26 23:00:00,P-311,Pompe centrifuge BP,pompe_centrifuge,10.916,19.826,60.834,11935.6,2956,70.7,D,danger,4.48,32.6,1.81,4.63,174.9,268.5,116.27,19.46,0.41648,0.11527,0.10627,180,3100,SKF 6312
2026-04-27 00:00:00,P-204,Pompe centrifuge HP,pompe_centrifuge,2.812,4.802,12.805,2512.3,2989,53.9,B,normal,3.09,5.79,1.72,3.39,177.85,270.5,118.56,19.78,0.21688,0.06943,0.05928,250,4200,SKF 6314
2026-04-27 00:00:00,C-118,Compresseur à vis,compresseur,3.886,7.491,20.707,4062.7,1482,62.9,B,normal,3.45,8.93,1.88,1.9,96.82,150.18,63.23,9.68,0.09603,0.07504,0.0432,500,6800,SKF 7314
2026-04-27 00:00:00,V-302,Ventilateur tirage,ventilateur,2.082,4.21,12.352,2423.5,975,44.9,A,normal,3.27,4.54,1.74,4.52,67.92,94.58,44.04,6.79,0.13651,0.09622,0.04851,75,1800,SKF 22216
2026-04-27 00:00:00,M-019,Moteur électrique 400kW,moteur_electrique,5.786,10.356,29.869,5860.3,1490,64.2,C,alerte,3.95,15.25,2.09,3.52,90.14,133.35,60.1,10.01,0.16735,0.05021,0.044,400,5500,SKF 6320
2026-04-27 00:00:00,R-077,Réducteur convoyeur,reducteur,1.267,2.144,5.144,1009.3,713,46.1,A,normal,3.63,3.07,2.16,4.19,52.52,66.31,35.06,5.25,0.1353,0.08901,0.05221,55,950,SKF 2312
2026-04-27 00:00:00,P-311,Pompe centrifuge BP,pompe_centrifuge,10.289,18.528,54.643,10721.0,2954,67.9,D,danger,4.05,27.81,1.84,4.72,174.78,268.32,116.19,19.45,0.0195,0.07303,0.06503,180,3100,SKF 6312
2026-04-27 01:00:00,P-204,Pompe centrifuge HP,pompe_centrifuge,2.521,4.43,13.69,2686.0,2977,53.8,B,normal,4.06,6.83,1.69,2.68,177.13,269.42,118.09,19.7,0.15354,0.06472,0.05423,250,4200,SKF 6314
2026-04-27 01:00:00,C-118,Compresseur à vis,compresseur,3.936,7.182,22.084,4332.9,1488,62.5,B,normal,4.01,10.53,1.75,3.91,97.22,150.78,63.49,9.72,0.10932,0.12815,0.05047,500,6800,SKF 7314
2026-04-27 01:00:00,V-302,Ventilateur tirage,ventilateur,2.0,3.094,9.851,1932.8,984,43.8,A,normal,4.2,5.6,1.87,2.47,68.55,95.45,44.44,6.86,0.13825,0.10257,0.05323,75,1800,SKF 22216
2026-04-27 01:00:00,M-019,Moteur électrique 400kW,moteur_electrique,5.36,9.501,28.608,5612.9,1485,64.8,C,alerte,4.36,15.59,1.74,4.45,89.84,132.91,59.89,9.97,0.12476,0.06364,0.04031,400,5500,SKF 6320
2026-04-27 01:00:00,R-077,Réducteur convoyeur,reducteur,1.779,3.186,7.496,1470.7,715,43.6,A,normal,4.11,4.88,1.4,2.59,52.67,66.5,35.15,5.27,0.14304,0.09464,0.039,55,950,SKF 2312
2026-04-27 01:00:00,P-311,Pompe centrifuge BP,pompe_centrifuge,9.955,17.574,53.117,10421.6,2961,68.6,D,danger,4.08,27.11,2.19,4.5,175.19,268.96,116.47,19.49,0.18315,0.3218,0.09941,180,3100,SKF 6312
2026-04-27 02:00:00,P-204,Pompe centrifuge HP,pompe_centrifuge,2.346,3.665,10.671,2093.7,2976,52.9,B,normal,4.33,6.77,2.06,2.77,177.07,269.33,118.05,19.69,0.13854,0.07248,0.05049,250,4200,SKF 6314
2026-04-27 02:00:00,C-118,Compresseur à vis,compresseur,3.12,5.424,17.203,3375.2,1491,61.2,B,normal,4.66,9.7,1.32,2.18,97.41,151.09,63.62,9.74,0.12842,0.08194,0.04255,500,6800,SKF 7314
2026-04-27 02:00:00,V-302,Ventilateur tirage,ventilateur,2.141,3.516,10.075,1976.7,986,43.7,A,normal,3.68,5.25,1.63,3.8,68.69,95.64,44.53,6.87,0.12401,0.0908,0.04477,75,1800,SKF 22216
2026-04-27 02:00:00,M-019,Moteur électrique 400kW,moteur_electrique,5.996,10.925,31.869,6252.7,1494,66.6,C,alerte,3.85,15.39,2.12,3.19,90.39,133.71,60.26,10.03,0.10035,0.03731,0.03825,400,5500,SKF 6320
2026-04-27 02:00:00,R-077,Réducteur convoyeur,reducteur,1.799,2.791,8.361,1640.4,719,44.1,A,normal,3.31,3.96,2.0,2.45,52.97,66.87,35.35,5.3,0.14168,0.06837,0.05326,55,950,SKF 2312
2026-04-27 02:00:00,P-311,Pompe centrifuge BP,pompe_centrifuge,10.907,19.559,57.982,11376.1,2966,70.4,D,danger,4.67,33.95,2.15,5.16,175.49,269.41,116.66,19.53,0.6161,0.02886,0.02756,180,3100,SKF 6312
2026-04-27 03:00:00,P-204,Pompe centrifuge HP,pompe_centrifuge,2.376,4.456,13.441,2637.1,2991,53.8,B,normal,3.54,5.6,2.0,3.22,177.96,270.69,118.64,19.79,0.15858,0.11104,0.05506,250,4200,SKF 6314
2026-04-27 03:00:00,C-118,Compresseur à vis,compresseur,4.491,8.304,25.032,4911.3,1488,64.9,B,normal,3.45,10.33,1.57,4.4,97.22,150.78,63.49,9.72,0.10444,0.07584,0.04545,500,6800,SKF 7314
2026-04-27 03:00:00,V-302,Ventilateur tirage,ventilateur,2.647,4.962,15.431,3027.6,976,46.8,B,normal,3.66,6.45,1.67,3.5,67.99,94.67,44.08,6.8,0.13144,0.08566,0.04005,75,1800,SKF 22216
2026-04-27 03:00:00,M-019,Moteur électrique 400kW,moteur_electrique,6.288,11.074,33.327,6538.8,1490,63.4,C,alerte,4.16,17.46,1.9,3.76,90.14,133.35,60.1,10.01,0.13403,0.10626,0.06721,400,5500,SKF 6320
2026-04-27 03:00:00,R-077,Réducteur convoyeur,reducteur,1.181,2.743,7.108,1394.6,719,45.2,A,normal,3.42,2.69,1.99,3.31,52.97,66.87,35.35,5.3,0.13318,0.07734,0.05278,55,950,SKF 2312
2026-04-27 03:00:00,P-311,Pompe centrifuge BP,pompe_centrifuge,10.327,18.273,56.257,11037.6,2952,67.6,D,danger,4.07,28.02,2.22,4.71,174.66,268.14,116.11,19.43,0.17296,0.03083,0.05167,180,3100,SKF 6312
2026-04-27 04:00:00,P-204,Pompe centrifuge HP,pompe_centrifuge,2.539,4.866,14.223,2790.6,2988,51.3,B,normal,3.67,6.22,1.92,2.52,177.79,270.41,118.52,19.77,0.13018,0.07454,0.04388,250,4200,SKF 6314
2026-04-27 04:00:00,C-118,Compresseur à vis,compresseur,3.481,6.233,18.115,3554.2,1481,63.3,B,normal,4.48,10.39,1.66,2.7,96.76,150.07,63.19,9.68,0.11035,0.0821,0.06401,500,6800,SKF 7314
2026-04-27 04:00:00,V-302,Ventilateur tirage,ventilateur,2.243,4.074,12.487,2449.9,981,45.6,A,normal,3.34,4.99,1.68,2.76,68.34,95.16,44.31,6.83,0.10512,0.08084,0.05082,75,1800,SKF 22216
2026-04-27 04:00:00,M-019,Moteur électrique 400kW,moteur_electrique,5.002,8.988,27.576,5410.4,1487,63.4,C,alerte,4.0,13.34,1.57,3.78,89.96,133.09,59.98,9.99,0.1148,0.18482,0.07628,400,5500,SKF 6320
2026-04-27 04:00:00,R-077,Réducteur convoyeur,reducteur,1.458,2.497,8.171,1603.2,718,43.5,A,normal,3.5,3.41,1.6,2.65,52.89,66.77,35.3,5.29,0.14278,0.09416,0.05209,55,950,SKF 2312
2026-04-27 04:00:00,P-311,Pompe centrifuge BP,pompe_centrifuge,9.095,16.065,48.969,9607.7,2975,64.2,D,danger,3.82,23.17,1.26,3.87,176.02,270.23,117.02,19.59,0.17395,0.06089,0.05519,180,3100,SKF 6312
2026-04-27 05:00:00,P-204,Pompe centrifuge HP,pompe_centrifuge,2.522,4.164,13.372,2623.6,2984,50.9,B,normal,3.04,5.12,1.56,2.89,177.55,270.05,118.37,19.74,0.12839,0.07176,0.05647,250,4200,SKF 6314
2026-04-27 05:00:00,C-118,Compresseur à vis,compresseur,3.85,7.253,21.509,4220.1,1485,62.7,B,normal,3.22,8.27,2.23,3.35,97.02,150.48,63.36,9.7,0.15288,0.06881,0.06892,500,6800,SKF 7314
2026-04-27 05:00:00,V-302,Ventilateur tirage,ventilateur,1.809,3.217,10.065,1974.8,984,45.3,A,normal,4.28,5.16,2.14,3.31,68.55,95.45,44.44,6.86,0.15647,0.07646,0.05189,75,1800,SKF 22216
2026-04-27 05:00:00,M-019,Moteur électrique 400kW,moteur_electrique,5.3,9.178,28.331,5558.5,1493,63.1,C,alerte,3.18,11.22,1.72,3.27,90.33,133.62,60.22,10.03,0.07515,0.09354,0.05046,400,5500,SKF 6320
2026-04-27 05:00:00,R-077,Réducteur convoyeur,reducteur,2.042,3.728,11.55,2266.1,710,43.3,A,normal,4.05,5.51,2.33,3.98,52.3,66.03,34.91,5.23,0.17183,0.06096,0.04763,55,950,SKF 2312
2026-04-27 05:00:00,P-311,Pompe centrifuge BP,pompe_centrifuge,9.41,16.86,50.203,9849.8,2952,67.8,D,danger,4.46,27.97,1.83,4.88,174.66,268.14,116.11,19.43,0.14092,0.46998,0.09327,180,3100,SKF 6312
2026-04-27 06:00:00,P-204,Pompe centrifuge HP,pompe_centrifuge,2.497,4.786,13.571,2662.6,2974,53.5,B,normal,3.54,5.89,1.44,4.32,176.95,269.15,117.97,19.68,0.10156,0.09491,0.04484,250,4200,SKF 6314
2026-04-27 06:00:00,C-118,Compresseur à vis,compresseur,3.568,6.691,18.61,3651.3,1485,62.6,B,normal,3.32,7.89,1.64,3.95,97.02,150.48,63.36,9.7,0.19179,0.07543,0.05096,500,6800,SKF 7314
2026-04-27 06:00:00,V-302,Ventilateur tirage,ventilateur,1.411,2.26,6.889,1351.6,977,43.7,A,normal,3.42,3.22,1.47,2.71,68.06,94.77,44.13,6.81,0.13516,0.06913,0.0437,75,1800,SKF 22216
2026-04-27 06:00:00,M-019,Moteur électrique 400kW,moteur_electrique,6.409,11.726,35.057,6878.2,1481,66.7,C,alerte,3.98,17.0,2.2,2.87,89.6,132.55,59.73,9.95,0.1501,0.05123,0.04302,400,5500,SKF 6320
2026-04-27 06:00:00,R-077,Réducteur convoyeur,reducteur,2.176,4.342,11.554,2266.9,717,44.9,A,normal,4.14,6.01,1.53,3.97,52.82,66.68,35.25,5.28,0.11021,0.06848,0.05829,55,950,SKF 2312
2026-04-27 06:00:00,P-311,Pompe centrifuge BP,pompe_centrifuge,9.994,18.149,55.952,10977.8,2958,68.4,D,danger,4.47,29.78,1.49,3.7,175.01,268.69,116.35,19.47,0.03993,0.03605,0.11279,180,3100,SKF 6312
2026-04-27 07:00:00,P-204,Pompe centrifuge HP,pompe_centrifuge,2.386,4.397,13.033,2557.1,2981,50.1,B,normal,3.92,6.23,2.08,3.92,177.37,269.78,118.25,19.72,0.11701,0.06874,0.04678,250,4200,SKF 6314
2026-04-27 07:00:00,C-118,Compresseur à vis,compresseur,3.929,6.883,21.532,4224.6,1482,61.5,B,normal,3.99,10.46,1.08,2.4,96.82,150.18,63.23,9.68,0.12334,0.10519,0.06128,500,6800,SKF 7314
2026-04-27 07:00:00,V-302,Ventilateur tirage,ventilateur,1.489,2.404,9.602,1883.9,981,43.9,A,normal,3.37,3.34,1.67,3.31,68.34,95.16,44.31,6.83,0.13565,0.08147,0.04778,75,1800,SKF 22216
2026-04-27 07:00:00,M-019,Moteur électrique 400kW,moteur_electrique,5.86,10.268,30.31,5946.8,1485,65.4,C,alerte,3.12,12.2,1.58,3.67,89.84,132.91,59.89,9.97,0.2425,0.10068,0.065,400,5500,SKF 6320
2026-04-27 07:00:00,R-077,Réducteur convoyeur,reducteur,2.428,4.246,13.078,2565.9,713,42.8,B,normal,3.01,4.87,2.19,3.4,52.52,66.31,35.06,5.25,0.14127,0.068,0.04877,55,950,SKF 2312
2026-04-27 07:00:00,P-311,Pompe centrifuge BP,pompe_centrifuge,10.081,17.947,54.055,10605.6,2958,68.0,D,danger,4.43,29.77,2.2,5.27,175.01,268.69,116.35,19.47,0.18384,0.09373,0.02175,180,3100,SKF 6312
2026-04-27 08:00:00,P-204,Pompe centrifuge HP,pompe_centrifuge,2.873,4.928,14.392,2823.7,2975,52.1,B,normal,2.88,5.53,1.74,4.82,177.01,269.24,118.01,19.68,0.12704,0.072,0.03484,250,4200,SKF 6314
2026-04-27 08:00:00,C-118,Compresseur à vis,compresseur,3.858,7.302,22.463,4407.2,1486,62.8,B,normal,3.64,9.37,1.49,3.86,97.09,150.58,63.4,9.71,0.1162,0.09826,0.04843,500,6800,SKF 7314
2026-04-27 08:00:00,V-302,Ventilateur tirage,ventilateur,1.915,3.042,8.585,1684.4,980,42.5,A,normal,2.95,3.77,1.56,3.47,68.27,95.06,44.26,6.83,0.1374,0.08379,0.05394,75,1800,SKF 22216
2026-04-27 08:00:00,M-019,Moteur électrique 400kW,moteur_electrique,5.474,9.78,28.666,5624.3,1483,63.2,C,alerte,3.45,12.58,2.07,5.2,89.72,132.73,59.81,9.96,0.16584,0.11132,0.0477,400,5500,SKF 6320
2026-04-27 08:00:00,R-077,Réducteur convoyeur,reducteur,2.034,3.672,9.987,1959.4,723,46.4,A,normal,3.48,4.72,1.22,4.05,53.26,67.24,35.55,5.33,0.12829,0.06341,0.05154,55,950,SKF 2312
2026-04-27 08:00:00,P-311,Pompe centrifuge BP,pompe_centrifuge,10.06,17.985,54.198,10633.6,2963,68.2,D,danger,4.11,27.55,1.72,5.18,175.31,269.14,116.54,19.51,0.03919,0.08095,0.09928,180,3100,SKF 6312
2026-04-27 09:00:00,P-204,Pompe centrifuge HP,pompe_centrifuge,2.331,4.271,12.303,2413.8,2984,52.9,B,normal,3.14,4.88,1.19,4.05,177.55,270.05,118.37,19.74,0.10554,0.09354,0.05835,250,4200,SKF 6314
2026-04-27 09:00:00,C-118,Compresseur à vis,compresseur,3.314,5.959,19.547,3835.1,1479,63.2,B,normal,3.19,7.04,2.3,3.52,96.63,149.87,63.1,9.66,0.10258,0.10905,0.04545,500,6800,SKF 7314
2026-04-27 09:00:00,V-302,Ventilateur tirage,ventilateur,1.682,3.137,8.662,1699.5,977,43.8,A,normal,4.2,4.71,2.28,3.37,68.06,94.77,44.13,6.81,0.10174,0.08835,0.05736,75,1800,SKF 22216
2026-04-27 09:00:00,M-019,Moteur électrique 400kW,moteur_electrique,5.291,9.693,29.752,5837.3,1494,63.8,C,alerte,3.71,13.1,1.7,3.96,90.39,133.71,60.26,10.03,0.22861,0.0698,0.03943,400,5500,SKF 6320
2026-04-27 09:00:00,R-077,Réducteur convoyeur,reducteur,2.039,3.71,11.086,2175.1,722,43.4,A,normal,3.54,4.82,1.98,3.7,53.19,67.15,35.5,5.32,0.15456,0.08125,0.05214,55,950,SKF 2312
2026-04-27 09:00:00,P-311,Pompe centrifuge BP,pompe_centrifuge,11.745,21.053,63.061,12372.6,2959,71.0,D,danger,4.59,35.94,1.8,5.16,175.07,268.78,116.39,19.48,0.47696,0.02983,0.03227,180,3100,SKF 6312
2026-04-27 10:00:00,P-204,Pompe centrifuge HP,pompe_centrifuge,2.759,4.772,14.395,2824.3,2986,50.2,B,normal,3.24,5.96,1.64,2.84,177.67,270.23,118.44,19.76,0.0987,0.04729,0.05453,250,4200,SKF 6314
2026-04-27 10:00:00,C-118,Compresseur à vis,compresseur,4.188,7.782,24.101,4728.6,1486,62.5,B,normal,2.85,7.96,1.88,3.01,97.09,150.58,63.4,9.71,0.15629,0.08687,0.04569,500,6800,SKF 7314
2026-04-27 10:00:00,V-302,Ventilateur tirage,ventilateur,1.709,3.394,10.004,1962.8,982,47.2,A,normal,3.64,4.14,1.76,3.9,68.41,95.25,44.35,6.84,0.12804,0.07377,0.05253,75,1800,SKF 22216
2026-04-27 10:00:00,M-019,Moteur électrique 400kW,moteur_electrique,5.42,9.609,28.931,5676.3,1492,64.2,C,alerte,3.53,12.76,1.95,4.05,90.27,133.53,60.18,10.02,0.13711,0.05381,0.04541,400,5500,SKF 6320
2026-04-27 10:00:00,R-077,Réducteur convoyeur,reducteur,1.593,2.942,8.202,1609.2,724,43.9,A,normal,3.8,4.04,1.92,2.75,53.33,67.33,35.6,5.33,0.15446,0.11087,0.05207,55,950,SKF 2312
2026-04-27 10:00:00,P-311,Pompe centrifuge BP,pompe_centrifuge,9.379,16.888,50.937,9993.8,2966,67.0,D,danger,4.6,28.73,2.22,4.52,175.49,269.41,116.66,19.53,0.05769,0.23163,0.02925,180,3100,SKF 6312
2026-04-27 11:00:00,P-204,Pompe centrifuge HP,pompe_centrifuge,2.276,3.891,11.146,2186.8,2979,50.7,A,normal,2.83,4.3,1.71,2.92,177.25,269.6,118.17,19.71,0.16518,0.08145,0.049,250,4200,SKF 6314
2026-04-27 11:00:00,C-118,Compresseur à vis,compresseur,3.901,7.008,20.917,4103.9,1484,63.3,B,normal,3.61,9.38,2.3,4.19,96.95,150.38,63.32,9.7,0.20372,0.11426,0.05124,500,6800,SKF 7314
2026-04-27 11:00:00,V-302,Ventilateur tirage,ventilateur,1.93,2.83,8.187,1606.3,982,45.2,A,normal,2.74,3.53,1.79,3.75,68.41,95.25,44.35,6.84,0.10327,0.07296,0.04833,75,1800,SKF 22216
2026-04-27 11:00:00,M-019,Moteur électrique 400kW,moteur_electrique,6.453,11.876,35.431,6951.6,1490,66.0,C,alerte,3.82,16.45,2.12,3.41,90.14,133.35,60.1,10.01,0.09243,0.07355,0.04346,400,5500,SKF 6320
2026-04-27 11:00:00,R-077,Réducteur convoyeur,reducteur,1.85,2.932,7.651,1501.1,718,43.0,A,normal,3.69,4.55,1.24,2.99,52.89,66.77,35.3,5.29,0.18026,0.08437,0.04733,55,950,SKF 2312
2026-04-27 11:00:00,P-311,Pompe centrifuge BP,pompe_centrifuge,9.484,17.256,51.561,10116.3,2964,66.8,D,danger,3.97,25.09,1.59,4.48,175.37,269.23,116.58,19.51,0.21633,0.11331,0.02867,180,3100,SKF 6312
2026-04-27 12:00:00,P-204,Pompe centrifuge HP,pompe_centrifuge,2.089,3.907,11.784,2312.0,2984,52.8,A,normal,3.42,4.76,1.69,2.92,177.55,270.05,118.37,19.74,0.12247,0.10931,0.04389,250,4200,SKF 6314
2026-04-27 12:00:00,C-118,Compresseur à vis,compresseur,3.652,6.309,19.975,3919.1,1494,60.1,B,normal,3.5,8.52,1.97,2.08,97.61,151.39,63.74,9.76,0.1865,0.13364,0.0515,500,6800,SKF 7314
2026-04-27 12:00:00,V-302,Ventilateur tirage,ventilateur,1.413,2.221,5.37,1053.6,979,44.8,A,normal,2.8,2.64,2.07,2.67,68.2,94.96,44.22,6.82,0.15629,0.08385,0.05331,75,1800,SKF 22216
2026-04-27 12:00:00,M-019,Moteur électrique 400kW,moteur_electrique,6.46,11.728,33.863,6643.9,1494,64.5,C,alerte,4.39,18.89,1.94,3.49,90.39,133.71,60.26,10.03,0.04773,0.10793,0.02868,400,5500,SKF 6320
2026-04-27 12:00:00,R-077,Réducteur convoyeur,reducteur,1.492,2.818,9.287,1822.1,711,41.4,A,normal,3.89,3.87,2.03,2.37,52.38,66.12,34.96,5.24,0.13209,0.08289,0.04429,55,950,SKF 2312
2026-04-27 12:00:00,P-311,Pompe centrifuge BP,pompe_centrifuge,9.035,15.609,46.762,9174.7,2959,67.0,D,danger,4.01,24.18,1.81,4.49,175.07,268.78,116.39,19.48,0.07754,0.04553,0.06648,180,3100,SKF 6312
2026-04-27 13:00:00,P-204,Pompe centrifuge HP,pompe_centrifuge,2.103,3.123,8.969,1759.7,2987,52.9,A,normal,4.13,5.79,1.55,3.65,177.73,270.32,118.48,19.76,0.18605,0.09855,0.04841,250,4200,SKF 6314
2026-04-27 13:00:00,C-118,Compresseur à vis,compresseur,3.488,5.662,16.842,3304.4,1485,63.0,B,normal,3.25,7.55,1.85,2.91,97.02,150.48,63.36,9.7,0.11006,0.12267,0.0524,500,6800,SKF 7314
2026-04-27 13:00:00,V-302,Ventilateur tirage,ventilateur,2.47,3.82,11.074,2172.7,974,46.1,B,normal,3.12,5.13,1.73,2.95,67.86,94.48,43.99,6.79,0.14755,0.08988,0.04455,75,1800,SKF 22216
2026-04-27 13:00:00,M-019,Moteur électrique 400kW,moteur_electrique,5.469,10.021,30.93,6068.5,1484,60.7,C,alerte,3.99,14.53,1.88,4.7,89.78,132.82,59.85,9.97,0.11714,0.05938,0.05537,400,5500,SKF 6320
2026-04-27 13:00:00,R-077,Réducteur convoyeur,reducteur,2.152,3.902,11.361,2229.0,717,46.2,A,normal,3.94,5.65,2.2,3.86,52.82,66.68,35.25,5.28,0.15357,0.07403,0.04717,55,950,SKF 2312
2026-04-27 13:00:00,P-311,Pompe centrifuge BP,pompe_centrifuge,10.892,19.143,58.017,11382.9,2956,71.3,D,danger,4.31,31.27,1.8,4.51,174.9,268.5,116.27,19.46,0.15671,0.2538,0.03651,180,3100,SKF 6312
2026-04-27 14:00:00,P-204,Pompe centrifuge HP,pompe_centrifuge,2.049,3.823,11.177,2192.9,2981,51.2,A,normal,3.16,4.31,1.52,3.19,177.37,269.78,118.25,19.72,0.16377,0.06741,0.05483,250,4200,SKF 6314
2026-04-27 14:00:00,C-118,Compresseur à vis,compresseur,3.76,7.48,22.11,4338.0,1480,60.2,B,normal,2.88,7.22,1.86,2.9,96.69,149.97,63.15,9.67,0.09919,0.07219,0.04552,500,6800,SKF 7314
2026-04-27 14:00:00,V-302,Ventilateur tirage,ventilateur,1.302,2.456,6.427,1261.0,984,43.5,A,normal,4.03,3.49,2.41,4.15,68.55,95.45,44.44,6.86,0.11528,0.08284,0.04572,75,1800,SKF 22216
2026-04-27 14:00:00,M-019,Moteur électrique 400kW,moteur_electrique,6.401,11.771,35.769,7017.9,1487,64.7,C,alerte,4.03,17.19,1.93,3.65,89.96,133.09,59.98,9.99,0.18014,0.13657,0.0424,400,5500,SKF 6320
2026-04-27 14:00:00,R-077,Réducteur convoyeur,reducteur,1.692,2.845,8.33,1634.3,726,42.8,A,normal,3.99,4.5,1.98,4.32,53.48,67.52,35.7,5.35,0.13369,0.08094,0.04335,55,950,SKF 2312
2026-04-27 14:00:00,P-311,Pompe centrifuge BP,pompe_centrifuge,12.15,21.875,65.917,12932.9,2970,76.5,D,danger,5.06,40.97,1.51,4.14,175.72,269.78,116.82,19.55,2.70866,0.10675,0.05939,180,3100,SKF 6312
2026-04-27 15:00:00,P-204,Pompe centrifuge HP,pompe_centrifuge,1.7,3.309,8.792,1725.0,2981,50.9,A,normal,3.69,4.19,1.96,3.25,177.37,269.78,118.25,19.72,0.13522,0.07693,0.05605,250,4200,SKF 6314
2026-04-27 15:00:00,C-118,Compresseur à vis,compresseur,4.158,7.648,23.302,4571.9,1487,60.8,B,normal,3.52,9.75,2.08,3.15,97.15,150.68,63.45,9.72,0.11996,0.06789,0.03507,500,6800,SKF 7314
2026-04-27 15:00:00,V-302,Ventilateur tirage,ventilateur,1.721,2.991,7.857,1541.5,981,44.5,A,normal,3.46,3.97,2.09,3.56,68.34,95.16,44.31,6.83,0.1505,0.09414,0.06429,75,1800,SKF 22216
2026-04-27 15:00:00,M-019,Moteur électrique 400kW,moteur_electrique,6.785,12.071,36.371,7136.0,1490,67.6,C,alerte,3.97,17.98,2.31,4.32,90.14,133.35,60.1,10.01,0.08465,0.12281,0.05791,400,5500,SKF 6320
2026-04-27 15:00:00,R-077,Réducteur convoyeur,reducteur,1.421,2.664,6.903,1354.4,727,44.1,A,normal,3.93,3.72,2.05,3.56,53.56,67.61,35.74,5.36,0.15089,0.06985,0.04917,55,950,SKF 2312
2026-04-27 15:00:00,P-311,Pompe centrifuge BP,pompe_centrifuge,10.761,19.97,60.003,11772.6,2954,69.5,D,danger,5.0,35.88,1.54,4.4,174.78,268.32,116.19,19.45,0.4724,0.06703,0.08757,180,3100,SKF 6312
2026-04-27 16:00:00,P-204,Pompe centrifuge HP,pompe_centrifuge,2.015,3.447,10.692,2097.8,2979,50.0,A,normal,3.79,5.09,2.28,2.54,177.25,269.6,118.17,19.71,0.17927,0.07178,0.05704,250,4200,SKF 6314
2026-04-27 16:00:00,C-118,Compresseur à vis,compresseur,3.665,6.619,21.129,4145.5,1485,62.9,B,normal,4.24,10.36,1.69,4.11,97.02,150.48,63.36,9.7,0.11969,0.07027,0.06019,500,6800,SKF 7314
2026-04-27 16:00:00,V-302,Ventilateur tirage,ventilateur,2.094,3.28,10.698,2098.9,984,48.2,A,normal,3.63,5.07,1.69,3.44,68.55,95.45,44.44,6.86,0.14506,0.07641,0.05196,75,1800,SKF 22216
2026-04-27 16:00:00,M-019,Moteur électrique 400kW,moteur_electrique,6.568,12.012,36.931,7245.9,1487,66.1,C,alerte,3.07,13.43,1.96,4.33,89.96,133.09,59.98,9.99,0.15253,0.03696,0.03886,400,5500,SKF 6320
2026-04-27 16:00:00,R-077,Réducteur convoyeur,reducteur,1.888,3.274,7.459,1463.5,727,45.3,A,normal,3.69,4.64,1.76,2.35,53.56,67.61,35.74,5.36,0.12216,0.11371,0.04808,55,950,SKF 2312
2026-04-27 16:00:00,P-311,Pompe centrifuge BP,pompe_centrifuge,11.494,20.333,61.445,12055.5,2966,73.0,D,danger,4.7,36.01,2.01,4.43,175.49,269.41,116.66,19.53,0.00743,0.07925,0.01569,180,3100,SKF 6312
2026-04-27 17:00:00,P-204,Pompe centrifuge HP,pompe_centrifuge,2.528,5.12,15.389,3019.3,2980,51.9,B,normal,3.52,5.94,2.11,2.92,177.31,269.69,118.21,19.72,0.13409,0.10202,0.05752,250,4200,SKF 6314
2026-04-27 17:00:00,C-118,Compresseur à vis,compresseur,3.278,5.701,15.983,3135.9,1480,59.5,B,normal,3.23,7.07,1.93,2.48,96.69,149.97,63.15,9.67,0.13341,0.09298,0.06081,500,6800,SKF 7314
2026-04-27 17:00:00,V-302,Ventilateur tirage,ventilateur,1.758,3.012,8.717,1710.3,978,45.0,A,normal,4.16,4.88,1.87,4.14,68.13,94.87,44.17,6.81,0.20361,0.0797,0.058,75,1800,SKF 22216
2026-04-27 17:00:00,M-019,Moteur électrique 400kW,moteur_electrique,5.901,10.651,31.766,6232.5,1479,62.4,C,alerte,4.27,16.79,1.76,4.54,89.48,132.37,59.65,9.93,0.09136,0.13331,0.05282,400,5500,SKF 6320
2026-04-27 17:00:00,R-077,Réducteur convoyeur,reducteur,2.08,3.937,11.838,2322.6,713,49.6,A,normal,3.14,4.35,1.67,2.36,52.52,66.31,35.06,5.25,0.11057,0.06582,0.05545,55,950,SKF 2312
2026-04-27 17:00:00,P-311,Pompe centrifuge BP,pompe_centrifuge,10.923,20.079,60.997,11967.6,2963,72.1,D,danger,4.11,29.93,1.7,5.62,175.31,269.14,116.54,19.51,0.01028,0.13083,0.05232,180,3100,SKF 6312
2026-04-27 18:00:00,P-204,Pompe centrifuge HP,pompe_centrifuge,2.242,4.189,12.114,2376.8,2985,50.8,A,normal,3.7,5.53,1.9,3.16,177.61,270.14,118.41,19.75,0.10402,0.08987,0.04959,250,4200,SKF 6314
2026-04-27 18:00:00,C-118,Compresseur à vis,compresseur,2.81,4.835,13.909,2728.9,1490,58.8,B,normal,3.65,6.83,1.51,2.73,97.35,150.99,63.57,9.73,0.16532,0.08251,0.04555,500,6800,SKF 7314
2026-04-27 18:00:00,V-302,Ventilateur tirage,ventilateur,1.733,2.507,6.83,1340.0,984,48.1,A,normal,3.64,4.2,1.46,3.9,68.55,95.45,44.44,6.86,0.14646,0.08424,0.04844,75,1800,SKF 22216
2026-04-27 18:00:00,M-019,Moteur électrique 400kW,moteur_electrique,5.595,10.514,32.565,6389.3,1492,65.9,C,alerte,4.03,15.04,1.74,4.47,90.27,133.53,60.18,10.02,0.15689,0.05943,0.04703,400,5500,SKF 6320
2026-04-27 18:00:00,R-077,Réducteur convoyeur,reducteur,1.341,2.318,7.243,1421.1,724,44.6,A,normal,3.43,3.07,2.42,3.24,53.33,67.33,35.6,5.33,0.12545,0.10103,0.05296,55,950,SKF 2312
2026-04-27 18:00:00,P-311,Pompe centrifuge BP,pompe_centrifuge,10.799,18.836,56.735,11131.4,2957,70.3,D,danger,4.16,29.92,1.52,4.29,174.96,268.59,116.31,19.47,0.15006,0.26452,0.01877,180,3100,SKF 6312
2026-04-27 19:00:00,P-204,Pompe centrifuge HP,pompe_centrifuge,2.097,3.563,11.642,2284.2,2983,48.5,A,normal,3.66,5.12,1.88,4.16,177.49,269.96,118.33,19.74,0.12354,0.08186,0.04454,250,4200,SKF 6314
2026-04-27 19:00:00,C-118,Compresseur à vis,compresseur,3.771,6.779,21.323,4183.6,1487,61.6,B,normal,2.76,6.94,2.26,3.65,97.15,150.68,63.45,9.72,0.09013,0.1427,0.05159,500,6800,SKF 7314
2026-04-27 19:00:00,V-302,Ventilateur tirage,ventilateur,1.689,2.7,7.944,1558.6,982,44.2,A,normal,3.31,3.73,1.56,3.24,68.41,95.25,44.35,6.84,0.11392,0.07172,0.04343,75,1800,SKF 22216
2026-04-27 19:00:00,M-019,Moteur électrique 400kW,moteur_electrique,6.073,10.678,30.698,6022.9,1486,65.1,C,alerte,4.17,16.88,2.27,4.27,89.9,133.0,59.94,9.98,0.0852,0.06815,0.06958,400,5500,SKF 6320
2026-04-27 19:00:00,R-077,Réducteur convoyeur,reducteur,1.295,2.812,8.289,1626.3,720,41.1,A,normal,3.72,3.21,1.88,3.49,53.04,66.96,35.4,5.3,0.1274,0.07901,0.05305,55,950,SKF 2312
2026-04-27 19:00:00,P-311,Pompe centrifuge BP,pompe_centrifuge,11.727,20.028,59.918,11755.9,2961,74.5,D,danger,4.72,36.88,2.56,4.47,175.19,268.96,116.47,19.49,0.05579,0.11211,0.02546,180,3100,SKF 6312
2026-04-27 20:00:00,P-204,Pompe centrifuge HP,pompe_centrifuge,2.391,3.918,11.856,2326.1,2982,49.2,B,normal,2.89,4.6,1.64,1.93,177.43,269.87,118.29,19.73,0.13458,0.07979,0.04163,250,4200,SKF 6314
2026-04-27 20:00:00,C-118,Compresseur à vis,compresseur,3.444,5.802,19.245,3775.9,1487,61.7,B,normal,3.68,8.46,2.13,4.32,97.15,150.68,63.45,9.72,0.1461,0.06886,0.04022,500,6800,SKF 7314
2026-04-27 20:00:00,V-302,Ventilateur tirage,ventilateur,1.406,2.223,5.169,1014.2,980,43.1,A,normal,2.94,2.75,1.38,3.14,68.27,95.06,44.26,6.83,0.14684,0.07088,0.05206,75,1800,SKF 22216
2026-04-27 20:00:00,M-019,Moteur électrique 400kW,moteur_electrique,6.813,11.787,36.449,7151.3,1491,66.7,C,alerte,4.12,18.7,1.53,4.23,90.21,133.44,60.14,10.01,0.13248,0.0692,0.05916,400,5500,SKF 6320
2026-04-27 20:00:00,R-077,Réducteur convoyeur,reducteur,1.286,1.908,7.405,1452.9,716,42.5,A,normal,3.6,3.09,1.44,3.46,52.75,66.59,35.2,5.27,0.15156,0.08009,0.04876,55,950,SKF 2312
2026-04-27 20:00:00,P-311,Pompe centrifuge BP,pompe_centrifuge,9.191,16.021,50.259,9860.8,2966,67.3,D,danger,4.23,25.94,1.03,4.47,175.49,269.41,116.66,19.53,0.0589,0.07186,0.02258,180,3100,SKF 6312
2026-04-27 21:00:00,P-204,Pompe centrifuge HP,pompe_centrifuge,2.018,3.854,11.698,2295.1,2977,52.4,A,normal,3.3,4.44,2.3,3.82,177.13,269.42,118.09,19.7,0.14814,0.09043,0.05835,250,4200,SKF 6314
2026-04-27 21:00:00,C-118,Compresseur à vis,compresseur,2.879,4.678,15.454,3032.1,1478,58.6,B,normal,4.27,8.19,2.22,4.65,96.56,149.77,63.06,9.66,0.16111,0.05653,0.05457,500,6800,SKF 7314
2026-04-27 21:00:00,V-302,Ventilateur tirage,ventilateur,1.614,3.036,8.109,1591.0,982,43.7,A,normal,3.08,3.32,2.06,3.77,68.41,95.25,44.35,6.84,0.12577,0.08154,0.04754,75,1800,SKF 22216
2026-04-27 21:00:00,M-019,Moteur électrique 400kW,moteur_electrique,6.129,11.571,34.986,6864.3,1488,65.1,C,alerte,3.91,15.96,2.18,3.87,90.02,133.18,60.02,9.99,0.13153,0.07263,0.0421,400,5500,SKF 6320
2026-04-27 21:00:00,R-077,Réducteur convoyeur,reducteur,1.429,2.816,8.492,1666.1,719,43.3,A,normal,3.38,3.22,2.06,3.07,52.97,66.87,35.35,5.3,0.12976,0.09903,0.0425,55,950,SKF 2312
2026-04-27 21:00:00,P-311,Pompe centrifuge BP,pompe_centrifuge,9.523,17.063,51.359,10076.6,2959,64.9,D,danger,5.06,32.14,1.74,4.02,175.07,268.78,116.39,19.48,0.11236,0.09196,0.06942,180,3100,SKF 6312
2026-04-27 22:00:00,P-204,Pompe centrifuge HP,pompe_centrifuge,2.015,3.603,11.287,2214.5,2978,50.8,A,normal,3.79,5.09,1.97,3.14,177.19,269.51,118.13,19.7,0.09296,0.08933,0.05284,250,4200,SKF 6314
2026-04-27 22:00:00,C-118,Compresseur à vis,compresseur,3.441,6.1,18.316,3593.6,1486,62.1,B,normal,3.63,8.33,1.56,3.97,97.09,150.58,63.4,9.71,0.15379,0.08101,0.05343,500,6800,SKF 7314
2026-04-27 22:00:00,V-302,Ventilateur tirage,ventilateur,1.667,2.86,9.641,1891.6,978,44.9,A,normal,3.37,3.75,2.23,4.03,68.13,94.87,44.17,6.81,0.17462,0.08523,0.05305,75,1800,SKF 22216
2026-04-27 22:00:00,M-019,Moteur électrique 400kW,moteur_electrique,5.945,10.491,30.967,6075.7,1488,65.3,C,alerte,4.43,17.57,1.61,3.39,90.02,133.18,60.02,9.99,0.11799,0.06763,0.05839,400,5500,SKF 6320
2026-04-27 22:00:00,R-077,Réducteur convoyeur,reducteur,1.566,2.409,6.31,1238.0,717,42.9,A,normal,3.15,3.29,2.25,2.57,52.82,66.68,35.25,5.28,0.12712,0.08568,0.04836,55,950,SKF 2312
2026-04-27 22:00:00,P-311,Pompe centrifuge BP,pompe_centrifuge,10.696,19.983,59.608,11695.1,2955,65.1,D,danger,4.24,30.26,1.58,4.78,174.84,268.41,116.23,19.45,0.14487,0.18024,0.03474,180,3100,SKF 6312
2026-04-27 23:00:00,P-204,Pompe centrifuge HP,pompe_centrifuge,2.361,3.94,10.593,2078.3,2972,53.2,B,normal,4.1,6.46,1.65,3.29,176.83,268.97,117.89,19.66,0.18933,0.06766,0.04974,250,4200,SKF 6314
2026-04-27 23:00:00,C-118,Compresseur à vis,compresseur,2.935,5.523,17.723,3477.3,1491,60.4,B,normal,3.69,7.22,1.54,2.74,97.41,151.09,63.62,9.74,0.17527,0.06336,0.0496,500,6800,SKF 7314
2026-04-27 23:00:00,V-302,Ventilateur tirage,ventilateur,1.412,2.448,7.163,1405.4,976,47.0,A,normal,2.72,2.56,2.04,3.13,67.99,94.67,44.08,6.8,0.1503,0.09235,0.05011,75,1800,SKF 22216
2026-04-27 23:00:00,M-019,Moteur électrique 400kW,moteur_electrique,5.688,9.732,28.121,5517.3,1493,62.6,C,alerte,4.04,15.33,1.26,3.87,90.33,133.62,60.22,10.03,0.22399,0.16858,0.04326,400,5500,SKF 6320
2026-04-27 23:00:00,R-077,Réducteur convoyeur,reducteur,1.51,2.663,8.406,1649.3,721,43.7,A,normal,3.52,3.54,1.54,3.7,53.11,67.05,35.45,5.31,0.12115,0.07204,0.04388,55,950,SKF 2312
2026-04-27 23:00:00,P-311,Pompe centrifuge BP,pompe_centrifuge,10.325,18.467,56.182,11022.9,2955,69.6,D,danger,4.59,31.59,1.71,5.22,174.84,268.41,116.23,19.45,0.12991,0.22714,0.03344,180,3100,SKF 6312
2026-04-28 00:00:00,P-204,Pompe centrifuge HP,pompe_centrifuge,2.079,3.325,9.455,1855.1,2977,49.8,A,normal,3.13,4.34,1.53,3.08,177.13,269.42,118.09,19.7,0.16043,0.1005,0.05056,250,4200,SKF 6314
2026-04-28 00:00:00,C-118,Compresseur à vis,compresseur,3.878,6.637,20.789,4078.8,1486,62.0,B,normal,3.62,9.35,1.53,3.16,97.09,150.58,63.4,9.71,0.20222,0.0982,0.0646,500,6800,SKF 7314
2026-04-28 00:00:00,V-302,Ventilateur tirage,ventilateur,1.466,3.066,9.056,1776.8,984,40.9,A,normal,3.81,3.72,1.48,2.53,68.55,95.45,44.44,6.86,0.1335,0.09122,0.05483,75,1800,SKF 22216
2026-04-28 00:00:00,M-019,Moteur électrique 400kW,moteur_electrique,5.518,10.149,31.001,6082.4,1486,63.1,C,alerte,4.44,16.34,1.88,3.6,89.9,133.0,59.94,9.98,0.22358,0.12523,0.04648,400,5500,SKF 6320
2026-04-28 00:00:00,R-077,Réducteur convoyeur,reducteur,1.238,2.302,6.997,1372.8,722,42.4,A,normal,3.88,3.2,2.26,3.2,53.19,67.15,35.5,5.32,0.10833,0.07457,0.05232,55,950,SKF 2312
2026-04-28 00:00:00,P-311,Pompe centrifuge BP,pompe_centrifuge,9.707,16.802,52.328,10266.8,2963,68.9,D,danger,3.49,22.62,2.05,4.25,175.31,269.14,116.54,19.51,0.11019,0.05881,0.02232,180,3100,SKF 6312
2026-04-28 01:00:00,P-204,Pompe centrifuge HP,pompe_centrifuge,2.288,3.238,8.465,1660.8,2987,53.7,A,normal,3.76,5.74,2.04,3.6,177.73,270.32,118.48,19.76,0.16545,0.07692,0.05255,250,4200,SKF 6314
2026-04-28 01:00:00,C-118,Compresseur à vis,compresseur,3.672,7.623,20.885,4097.6,1485,64.2,B,normal,3.0,7.35,1.58,3.34,97.02,150.48,63.36,9.7,0.07209,0.08113,0.05198,500,6800,SKF 7314
2026-04-28 01:00:00,V-302,Ventilateur tirage,ventilateur,1.808,3.358,10.334,2027.5,989,45.4,A,normal,2.87,3.46,1.4,3.26,68.9,95.93,44.67,6.89,0.12816,0.07042,0.04993,75,1800,SKF 22216
2026-04-28 01:00:00,M-019,Moteur électrique 400kW,moteur_electrique,6.089,10.545,32.726,6420.8,1487,65.1,C,alerte,4.23,17.17,1.39,3.9,89.96,133.09,59.98,9.99,0.14033,0.07226,0.05949,400,5500,SKF 6320
2026-04-28 01:00:00,R-077,Réducteur convoyeur,reducteur,1.384,2.246,6.372,1250.2,714,44.0,A,normal,3.65,3.36,1.85,3.77,52.6,66.4,35.11,5.26,0.12003,0.08991,0.05249,55,950,SKF 2312
2026-04-28 01:00:00,P-311,Pompe centrifuge BP,pompe_centrifuge,10.833,19.906,60.193,11809.9,2954,70.2,D,danger,5.43,39.22,1.86,4.69,174.78,268.32,116.19,19.45,0.14095,0.76946,0.04817,180,3100,SKF 6312
2026-04-28 02:00:00,P-204,Pompe centrifuge HP,pompe_centrifuge,2.631,4.883,15.505,3042.1,2983,51.4,B,normal,3.22,5.64,1.58,3.49,177.49,269.96,118.33,19.74,0.15131,0.09363,0.05299,250,4200,SKF 6314
2026-04-28 02:00:00,C-118,Compresseur à vis,compresseur,3.985,7.111,20.992,4118.6,1483,62.8,B,normal,3.88,10.3,1.52,4.03,96.89,150.28,63.27,9.69,0.19403,0.09836,0.04265,500,6800,SKF 7314
2026-04-28 02:00:00,V-302,Ventilateur tirage,ventilateur,1.235,2.184,6.599,1294.7,977,43.9,A,normal,2.97,2.44,2.53,2.87,68.06,94.77,44.13,6.81,0.12197,0.08701,0.04771,75,1800,SKF 22216
2026-04-28 02:00:00,M-019,Moteur électrique 400kW,moteur_electrique,6.781,12.402,36.747,7209.8,1490,68.8,C,alerte,4.56,20.63,1.29,5.18,90.14,133.35,60.1,10.01,0.26007,0.16259,0.08383,400,5500,SKF 6320
2026-04-28 02:00:00,R-077,Réducteur convoyeur,reducteur,1.617,2.872,10.191,1999.5,711,42.6,A,normal,3.86,4.17,1.68,2.74,52.38,66.12,34.96,5.24,0.13117,0.07371,0.04858,55,950,SKF 2312
2026-04-28 02:00:00,P-311,Pompe centrifuge BP,pompe_centrifuge,11.228,20.388,61.257,12018.6,2965,71.3,D,danger,3.73,27.9,1.65,5.47,175.43,269.32,116.62,19.52,0.05912,0.18907,0.03274,180,3100,SKF 6312
2026-04-28 03:00:00,P-204,Pompe centrifuge HP,pompe_centrifuge,1.971,3.021,9.92,1946.3,2991,50.3,A,normal,3.87,5.08,1.83,3.25,177.96,270.69,118.64,19.79,0.12144,0.08497,0.04291,250,4200,SKF 6314
2026-04-28 03:00:00,C-118,Compresseur à vis,compresseur,3.05,5.069,16.604,3257.7,1472,61.1,B,normal,3.65,7.41,1.87,2.7,96.17,149.16,62.81,9.62,0.15429,0.05201,0.04414,500,6800,SKF 7314
2026-04-28 03:00:00,V-302,Ventilateur tirage,ventilateur,1.971,3.641,9.673,1897.8,974,45.6,A,normal,3.66,4.8,1.95,2.81,67.86,94.48,43.99,6.79,0.14485,0.0912,0.05323,75,1800,SKF 22216
2026-04-28 03:00:00,M-019,Moteur électrique 400kW,moteur_electrique,5.508,9.893,30.195,5924.3,1491,63.4,C,alerte,4.33,15.9,1.06,3.56,90.21,133.44,60.14,10.01,0.20379,0.09224,0.05044,400,5500,SKF 6320
2026-04-28 03:00:00,R-077,Réducteur convoyeur,reducteur,1.585,2.593,8.795,1725.6,725,43.2,A,normal,3.63,3.84,1.28,2.31,53.41,67.42,35.65,5.34,0.11027,0.08176,0.04617,55,950,SKF 2312
2026-04-28 03:00:00,P-311,Pompe centrifuge BP,pompe_centrifuge,10.376,18.696,55.902,10968.0,2962,72.4,D,danger,4.37,30.19,1.36,5.35,175.25,269.05,116.51,19.5,0.08185,0.06531,0.11077,180,3100,SKF 6312
2026-04-28 04:00:00,P-204,Pompe centrifuge HP,pompe_centrifuge,1.855,3.032,10.327,2026.2,2978,51.3,A,normal,3.91,4.84,1.5,2.36,177.19,269.51,118.13,19.7,0.14685,0.07761,0.04862,250,4200,SKF 6314
2026-04-28 04:00:00,C-118,Compresseur à vis,compresseur,3.28,5.904,18.169,3564.8,1483,63.0,B,normal,4.01,8.78,1.52,4.12,96.89,150.28,63.27,9.69,0.08988,0.08913,0.04433,500,6800,SKF 7314
2026-04-28 04:00:00,V-302,Ventilateur tirage,ventilateur,1.412,2.629,8.045,1578.4,983,45.7,A,normal,3.89,3.66,1.38,3.61,68.48,95.35,44.4,6.85,0.13937,0.08299,0.04848,75,1800,SKF 22216
2026-04-28 04:00:00,M-019,Moteur électrique 400kW,moteur_electrique,6.049,10.859,32.192,6316.1,1490,69.0,C,alerte,3.89,15.67,2.32,2.48,90.14,133.35,60.1,10.01,0.05664,0.08051,0.06276,400,5500,SKF 6320
2026-04-28 04:00:00,R-077,Réducteur convoyeur,reducteur,1.309,2.075,5.984,1174.1,718,41.3,A,normal,3.11,2.71,1.68,3.8,52.89,66.77,35.3,5.29,0.15375,0.07741,0.04957,55,950,SKF 2312
2026-04-28 04:00:00,P-311,Pompe centrifuge BP,pompe_centrifuge,9.538,16.529,50.104,9830.4,2965,65.8,D,danger,3.74,23.81,2.19,3.56,175.43,269.32,116.62,19.52,0.1298,0.08905,0.04981,180,3100,SKF 6312
2026-04-28 05:00:00,P-204,Pompe centrifuge HP,pompe_centrifuge,1.86,3.215,10.98,2154.3,2976,51.9,A,normal,3.76,4.67,1.92,2.34,177.07,269.33,118.05,19.69,0.11719,0.08284,0.0513,250,4200,SKF 6314
2026-04-28 05:00:00,C-118,Compresseur à vis,compresseur,3.83,7.124,21.796,4276.4,1484,62.5,B,normal,3.46,8.83,1.45,4.12,96.95,150.38,63.32,9.7,0.16083,0.09272,0.0526,500,6800,SKF 7314
2026-04-28 05:00:00,V-302,Ventilateur tirage,ventilateur,1.449,2.373,8.449,1657.7,981,45.7,A,normal,3.63,3.51,2.04,3.63,68.34,95.16,44.31,6.83,0.14929,0.08833,0.05298,75,1800,SKF 22216
2026-04-28 05:00:00,M-019,Moteur électrique 400kW,moteur_electrique,6.231,11.213,32.944,6463.6,1486,65.8,C,alerte,4.17,17.31,1.98,3.85,89.9,133.0,59.94,9.98,0.08308,0.06983,0.04566,400,5500,SKF 6320
2026-04-28 05:00:00,R-077,Réducteur convoyeur,reducteur,1.312,2.302,7.695,1509.8,723,44.6,A,normal,2.91,2.54,1.64,3.49,53.26,67.24,35.55,5.33,0.14224,0.07525,0.0509,55,950,SKF 2312
2026-04-28 05:00:00,P-311,Pompe centrifuge BP,pompe_centrifuge,11.186,19.92,59.73,11719.0,2953,69.4,D,danger,4.54,33.87,2.14,4.04,174.72,268.23,116.15,19.44,0.14378,0.21746,0.06483,180,3100,SKF 6312
2026-04-28 06:00:00,P-204,Pompe centrifuge HP,pompe_centrifuge,2.501,4.345,14.231,2792.1,2980,53.5,B,normal,3.34,5.57,2.12,2.31,177.31,269.69,118.21,19.72,0.1472,0.09248,0.04226,250,4200,SKF 6314
2026-04-28 06:00:00,C-118,Compresseur à vis,compresseur,3.229,5.742,16.282,3194.5,1490,61.6,B,normal,4.03,8.67,1.27,3.79,97.35,150.99,63.57,9.73,0.19261,0.11346,0.05584,500,6800,SKF 7314
2026-04-28 06:00:00,V-302,Ventilateur tirage,ventilateur,1.701,3.155,9.698,1902.7,982,44.0,A,normal,3.06,3.47,1.5,2.19,68.41,95.25,44.35,6.84,0.18445,0.08861,0.05265,75,1800,SKF 22216
2026-04-28 06:00:00,M-019,Moteur électrique 400kW,moteur_electrique,5.637,10.347,31.331,6147.1,1486,64.5,C,alerte,2.95,11.07,1.28,4.89,89.9,133.0,59.94,9.98,0.10665,0.04807,0.0458,400,5500,SKF 6320
2026-04-28 06:00:00,R-077,Réducteur convoyeur,reducteur,1.234,2.438,6.882,1350.2,719,42.2,A,normal,3.86,3.17,1.66,2.78,52.97,66.87,35.35,5.3,0.1362,0.10447,0.04998,55,950,SKF 2312
2026-04-28 06:00:00,P-311,Pompe centrifuge BP,pompe_centrifuge,10.497,18.945,57.875,11355.1,2960,69.5,D,danger,4.44,31.07,1.57,4.34,175.13,268.87,116.43,19.49,1.03239,0.12154,0.06097,180,3100,SKF 6312
2026-04-28 07:00:00,P-204,Pompe centrifuge HP,pompe_centrifuge,2.367,4.527,12.88,2527.1,2980,52.5,B,normal,4.04,6.38,2.24,2.04,177.31,269.69,118.21,19.72,0.13226,0.08171,0.04587,250,4200,SKF 6314
2026-04-28 07:00:00,C-118,Compresseur à vis,compresseur,2.935,5.315,15.509,3042.9,1481,61.0,B,normal,3.9,7.64,2.01,4.13,96.76,150.07,63.19,9.68,0.12974,0.09859,0.03644,500,6800,SKF 7314
2026-04-28 07:00:00,V-302,Ventilateur tirage,ventilateur,1.357,2.775,8.741,1715.0,979,42.9,A,normal,3.49,3.16,1.84,3.3,68.2,94.96,44.22,6.82,0.13992,0.08644,0.0491,75,1800,SKF 22216
2026-04-28 07:00:00,M-019,Moteur électrique 400kW,moteur_electrique,6.071,10.521,29.876,5861.7,1482,63.7,C,alerte,4.1,16.59,1.49,3.88,89.66,132.64,59.77,9.95,0.18656,0.09921,0.03231,400,5500,SKF 6320
2026-04-28 07:00:00,R-077,Réducteur convoyeur,reducteur,1.582,3.107,8.482,1664.2,723,44.9,A,normal,3.47,3.66,1.55,2.79,53.26,67.24,35.55,5.33,0.14085,0.07814,0.05198,55,950,SKF 2312
2026-04-28 07:00:00,P-311,Pompe centrifuge BP,pompe_centrifuge,10.828,20.0,59.572,11688.0,2964,70.1,D,danger,4.44,32.05,1.54,3.48,175.37,269.23,116.58,19.51,0.08677,0.02684,0.04324,180,3100,SKF 6312
2026-04-28 08:00:00,P-204,Pompe centrifuge HP,pompe_centrifuge,2.076,3.2,9.292,1823.1,2982,51.5,A,normal,3.82,5.29,2.17,3.44,177.43,269.87,118.29,19.73,0.14513,0.09921,0.04979,250,4200,SKF 6314
2026-04-28 08:00:00,C-118,Compresseur à vis,compresseur,3.194,5.285,17.439,3421.5,1477,61.1,B,normal,3.39,7.23,2.11,2.83,96.5,149.67,63.02,9.65,0.07826,0.11485,0.05274,500,6800,SKF 7314
2026-04-28 08:00:00,V-302,Ventilateur tirage,ventilateur,1.611,2.587,9.549,1873.5,979,44.1,A,normal,3.63,3.9,1.64,2.87,68.2,94.96,44.22,6.82,0.12885,0.08136,0.0474,75,1800,SKF 22216
2026-04-28 08:00:00,M-019,Moteur électrique 400kW,moteur_electrique,6.086,10.551,31.888,6256.4,1492,65.4,C,alerte,4.09,16.6,1.55,4.84,90.27,133.53,60.18,10.02,0.37107,0.05148,0.02648,400,5500,SKF 6320
2026-04-28 08:00:00,R-077,Réducteur convoyeur,reducteur,1.48,2.771,8.814,1729.3,717,43.9,A,normal,3.69,3.64,2.57,3.58,52.82,66.68,35.25,5.28,0.18004,0.08233,0.04781,55,950,SKF 2312
2026-04-28 08:00:00,P-311,Pompe centrifuge BP,pompe_centrifuge,8.686,15.938,47.429,9305.6,2956,67.3,D,danger,5.13,29.72,1.98,4.85,174.9,268.5,116.27,19.46,0.08945,0.11087,0.05423,180,3100,SKF 6312
2026-04-28 09:00:00,P-204,Pompe centrifuge HP,pompe_centrifuge,1.981,3.596,11.931,2340.9,2980,51.6,A,normal,3.56,4.7,1.9,4.65,177.31,269.69,118.21,19.72,0.12264,0.10769,0.0535,250,4200,SKF 6314
2026-04-28 09:00:00,C-118,Compresseur à vis,compresseur,3.111,5.655,17.368,3407.6,1484,59.9,B,normal,3.32,6.89,1.89,3.61,96.95,150.38,63.32,9.7,0.15671,0.08538,0.04277,500,6800,SKF 7314
2026-04-28 09:00:00,V-302,Ventilateur tirage,ventilateur,1.004,1.968,5.304,1040.6,981,46.6,A,normal,4.35,2.91,2.27,2.79,68.34,95.16,44.31,6.83,0.14828,0.08267,0.05401,75,1800,SKF 22216
2026-04-28 09:00:00,M-019,Moteur électrique 400kW,moteur_electrique,4.864,8.85,25.597,5022.1,1491,59.8,C,alerte,4.12,13.37,2.86,3.52,90.21,133.44,60.14,10.01,0.10287,0.07689,0.04996,400,5500,SKF 6320
2026-04-28 09:00:00,R-077,Réducteur convoyeur,reducteur,0.549,1.168,2.717,533.1,717,43.5,A,normal,3.25,1.19,1.77,2.84,52.82,66.68,35.25,5.28,0.13043,0.07647,0.04856,55,950,SKF 2312
2026-04-28 09:00:00,P-311,Pompe centrifuge BP,pompe_centrifuge,8.995,16.67,49.075,9628.5,2964,65.6,D,danger,4.38,26.26,1.52,4.69,175.37,269.23,116.58,19.51,0.23238,0.0408,0.07998,180,3100,SKF 6312
2026-04-28 10:00:00,P-204,Pompe centrifuge HP,pompe_centrifuge,1.822,3.006,7.787,1527.8,2982,49.1,A,normal,3.31,4.02,1.47,3.03,177.43,269.87,118.29,19.73,0.13398,0.08626,0.05918,250,4200,SKF 6314
2026-04-28 10:00:00,C-118,Compresseur à vis,compresseur,3.685,6.805,21.037,4127.5,1489,62.0,B,normal,3.59,8.82,1.51,3.36,97.28,150.89,63.53,9.73,0.18448,0.08226,0.06863,500,6800,SKF 7314
2026-04-28 10:00:00,V-302,Ventilateur tirage,ventilateur,1.046,1.736,6.246,1225.5,986,39.3,A,normal,2.41,1.68,1.27,4.56,68.69,95.64,44.53,6.87,0.15366,0.10099,0.0485,75,1800,SKF 22216
2026-04-28 10:00:00,M-019,Moteur électrique 400kW,moteur_electrique,4.491,8.147,24.125,4733.3,1488,62.3,B,normal,4.38,13.11,1.14,3.25,90.02,133.18,60.02,9.99,0.08314,0.12703,0.05077,400,5500,SKF 6320
2026-04-28 10:00:00,R-077,Réducteur convoyeur,reducteur,1.036,1.942,6.213,1219.0,713,41.8,A,normal,3.39,2.34,1.6,2.35,52.52,66.31,35.06,5.25,0.15108,0.08811,0.0465,55,950,SKF 2312
2026-04-28 10:00:00,P-311,Pompe centrifuge BP,pompe_centrifuge,11.721,21.127,63.984,12553.7,2960,74.1,D,danger,4.43,34.59,1.96,5.41,175.13,268.87,116.43,19.49,0.33592,0.29069,0.08906,180,3100,SKF 6312
2026-04-28 11:00:00,P-204,Pompe centrifuge HP,pompe_centrifuge,1.97,3.506,10.01,1964.0,2978,50.6,A,normal,3.83,5.03,2.08,3.34,177.19,269.51,118.13,19.7,0.13206,0.09041,0.0485,250,4200,SKF 6314
2026-04-28 11:00:00,C-118,Compresseur à vis,compresseur,3.428,5.887,17.13,3360.9,1482,60.7,B,normal,3.07,7.02,1.59,3.05,96.82,150.18,63.23,9.68,0.0868,0.11056,0.03512,500,6800,SKF 7314
2026-04-28 11:00:00,V-302,Ventilateur tirage,ventilateur,1.821,3.235,10.017,1965.3,976,43.7,A,normal,3.81,4.62,1.62,4.45,67.99,94.67,44.08,6.8,0.13077,0.07481,0.04922,75,1800,SKF 22216
2026-04-28 11:00:00,M-019,Moteur électrique 400kW,moteur_electrique,4.498,7.822,23.056,4523.6,1496,61.7,B,normal,4.4,13.19,2.41,3.76,90.51,133.89,60.34,10.05,0.19441,0.08861,0.05308,400,5500,SKF 6320
2026-04-28 11:00:00,R-077,Réducteur convoyeur,reducteur,1.09,1.816,5.557,1090.3,718,44.7,A,normal,3.3,2.4,1.76,3.44,52.89,66.77,35.3,5.29,0.12913,0.08488,0.05186,55,950,SKF 2312
2026-04-28 11:00:00,P-311,Pompe centrifuge BP,pompe_centrifuge,11.278,20.682,61.482,12062.8,2955,73.5,D,danger,4.48,33.71,1.73,5.07,174.84,268.41,116.23,19.45,0.06947,0.02959,0.04038,180,3100,SKF 6312
2026-04-28 12:00:00,P-204,Pompe centrifuge HP,pompe_centrifuge,1.321,2.994,8.796,1725.8,2982,48.2,A,normal,3.36,2.96,1.67,3.21,177.43,269.87,118.29,19.73,0.13385,0.0797,0.05059,250,4200,SKF 6314
2026-04-28 12:00:00,C-118,Compresseur à vis,compresseur,3.283,6.154,16.833,3302.6,1483,61.2,B,normal,3.6,7.89,1.48,3.43,96.89,150.28,63.27,9.69,0.09212,0.07041,0.04128,500,6800,SKF 7314
2026-04-28 12:00:00,V-302,Ventilateur tirage,ventilateur,1.133,1.886,6.714,1317.3,977,43.8,A,normal,3.69,2.78,1.85,3.57,68.06,94.77,44.13,6.81,0.12754,0.08211,0.04945,75,1800,SKF 22216
2026-04-28 12:00:00,M-019,Moteur électrique 400kW,moteur_electrique,4.908,8.938,26.71,5240.5,1484,62.3,C,alerte,3.59,11.74,0.81,2.98,89.78,132.82,59.85,9.97,0.15991,0.14325,0.04338,400,5500,SKF 6320
2026-04-28 12:00:00,R-077,Réducteur convoyeur,reducteur,0.961,1.747,5.491,1077.3,726,44.2,A,normal,2.6,1.66,1.14,3.45,53.48,67.52,35.7,5.35,0.1196,0.08315,0.04498,55,950,SKF 2312
2026-04-28 12:00:00,P-311,Pompe centrifuge BP,pompe_centrifuge,10.53,19.054,57.982,11376.1,2959,69.3,D,danger,4.45,31.26,2.12,5.52,175.07,268.78,116.39,19.48,0.06629,0.09945,0.04162,180,3100,SKF 6312
2026-04-28 13:00:00,P-204,Pompe centrifuge HP,pompe_centrifuge,1.481,3.395,10.593,2078.3,2978,49.7,A,normal,2.8,2.76,1.91,2.31,177.19,269.51,118.13,19.7,0.12598,0.09063,0.04896,250,4200,SKF 6314
2026-04-28 13:00:00,C-118,Compresseur à vis,compresseur,3.002,5.254,17.126,3360.1,1483,61.1,B,normal,3.77,7.55,1.51,3.15,96.89,150.28,63.27,9.69,0.14482,0.09129,0.04313,500,6800,SKF 7314
2026-04-28 13:00:00,V-302,Ventilateur tirage,ventilateur,1.606,2.58,8.823,1731.1,970,44.1,A,normal,3.81,4.08,1.34,3.83,67.58,94.09,43.81,6.76,0.1273,0.0903,0.04569,75,1800,SKF 22216
2026-04-28 13:00:00,M-019,Moteur électrique 400kW,moteur_electrique,4.874,9.074,28.127,5518.5,1489,61.5,C,alerte,3.14,10.22,1.58,3.86,90.08,133.27,60.06,10.0,0.12895,0.1232,0.05746,400,5500,SKF 6320
2026-04-28 13:00:00,R-077,Réducteur convoyeur,reducteur,1.269,2.297,6.55,1285.1,728,43.7,A,normal,2.57,2.18,1.98,3.54,53.63,67.7,35.79,5.36,0.1313,0.07939,0.04505,55,950,SKF 2312
2026-04-28 13:00:00,P-311,Pompe centrifuge BP,pompe_centrifuge,9.015,15.883,46.643,9151.4,2958,67.5,D,danger,4.36,26.21,1.52,4.23,175.01,268.69,116.35,19.47,0.13575,0.07776,0.02235,180,3100,SKF 6312
2026-04-28 14:00:00,P-204,Pompe centrifuge HP,pompe_centrifuge,1.739,3.002,9.166,1798.4,2978,46.8,A,normal,3.53,4.09,1.6,3.17,177.19,269.51,118.13,19.7,0.13563,0.06984,0.0507,250,4200,SKF 6314
2026-04-28 14:00:00,C-118,Compresseur à vis,compresseur,3.132,5.886,17.158,3366.4,1489,62.0,B,normal,3.51,7.32,1.5,3.25,97.28,150.89,63.53,9.73,0.14772,0.07382,0.05542,500,6800,SKF 7314
2026-04-28 14:00:00,V-302,Ventilateur tirage,ventilateur,1.055,1.838,4.388,860.9,986,43.1,A,normal,3.37,2.37,2.02,4.62,68.69,95.64,44.53,6.87,0.13281,0.08854,0.04794,75,1800,SKF 22216
2026-04-28 14:00:00,M-019,Moteur électrique 400kW,moteur_electrique,5.916,10.557,31.247,6130.7,1492,65.2,C,alerte,4.77,18.81,1.21,4.13,90.27,133.53,60.18,10.02,0.10204,0.1482,0.04051,400,5500,SKF 6320
2026-04-28 14:00:00,R-077,Réducteur convoyeur,reducteur,1.086,2.236,6.831,1340.2,719,42.7,A,normal,3.82,2.77,1.56,2.87,52.97,66.87,35.35,5.3,0.13009,0.0795,0.04624,55,950,SKF 2312
2026-04-28 14:00:00,P-311,Pompe centrifuge BP,pompe_centrifuge,9.816,18.043,53.475,10491.8,2958,69.9,D,danger,4.4,28.78,1.68,4.54,175.01,268.69,116.35,19.47,0.17544,0.02995,0.03993,180,3100,SKF 6312
2026-04-28 15:00:00,P-204,Pompe centrifuge HP,pompe_centrifuge,2.142,3.979,12.75,2501.5,2981,51.8,A,normal,3.47,4.95,1.37,3.24,177.37,269.78,118.25,19.72,0.11905,0.07924,0.05158,250,4200,SKF 6314
2026-04-28 15:00:00,C-118,Compresseur à vis,compresseur,2.906,4.968,14.259,2797.6,1484,60.7,B,normal,3.09,5.98,1.74,2.76,96.95,150.38,63.32,9.7,0.17298,0.06889,0.05527,500,6800,SKF 7314
2026-04-28 15:00:00,V-302,Ventilateur tirage,ventilateur,1.646,2.76,7.991,1567.8,981,44.1,A,normal,3.67,4.02,2.21,4.47,68.34,95.16,44.31,6.83,0.12359,0.07721,0.04648,75,1800,SKF 22216
2026-04-28 15:00:00,M-019,Moteur électrique 400kW,moteur_electrique,5.486,9.745,29.221,5733.2,1490,64.3,C,alerte,4.1,14.99,1.67,5.49,90.14,133.35,60.1,10.01,0.12936,0.11631,0.0409,400,5500,SKF 6320
2026-04-28 15:00:00,R-077,Réducteur convoyeur,reducteur,1.651,3.074,8.495,1666.7,724,44.6,A,normal,3.35,3.69,1.4,3.57,53.33,67.33,35.6,5.33,0.16087,0.07663,0.05778,55,950,SKF 2312
2026-04-28 15:00:00,P-311,Pompe centrifuge BP,pompe_centrifuge,10.446,18.718,57.076,11198.3,2961,68.9,D,danger,4.42,30.81,1.72,4.15,175.19,268.96,116.47,19.49,0.09042,0.1492,0.02042,180,3100,SKF 6312
2026-04-28 16:00:00,P-204,Pompe centrifuge HP,pompe_centrifuge,2.425,4.514,13.871,2721.5,2979,53.5,B,normal,4.33,7.0,1.98,3.35,177.25,269.6,118.17,19.71,0.15063,0.11408,0.05143,250,4200,SKF 6314
2026-04-28 16:00:00,C-118,Compresseur à vis,compresseur,3.417,5.999,17.698,3472.3,1488,63.2,B,normal,3.68,8.38,1.86,2.79,97.22,150.78,63.49,9.72,0.13142,0.07253,0.04989,500,6800,SKF 7314
2026-04-28 16:00:00,V-302,Ventilateur tirage,ventilateur,1.306,2.403,7.436,1458.9,982,43.6,A,normal,2.91,2.53,2.07,2.92,68.41,95.25,44.35,6.84,0.12281,0.06888,0.05771,75,1800,SKF 22216
2026-04-28 16:00:00,M-019,Moteur électrique 400kW,moteur_electrique,5.138,9.319,27.115,5320.0,1486,60.9,C,alerte,4.5,15.4,1.41,3.89,89.9,133.0,59.94,9.98,0.1949,0.06304,0.04325,400,5500,SKF 6320
2026-04-28 16:00:00,R-077,Réducteur convoyeur,reducteur,0.716,1.069,3.599,706.1,715,40.4,A,normal,2.88,1.37,1.93,2.59,52.67,66.5,35.15,5.27,0.13862,0.08091,0.04771,55,950,SKF 2312
2026-04-28 16:00:00,P-311,Pompe centrifuge BP,pompe_centrifuge,10.028,18.621,53.893,10573.8,2958,68.6,D,danger,4.01,26.83,2.26,3.81,175.01,268.69,116.35,19.47,0.16234,0.12484,0.09971,180,3100,SKF 6312
2026-04-28 17:00:00,P-204,Pompe centrifuge HP,pompe_centrifuge,2.314,4.415,11.494,2255.1,2981,51.5,B,normal,3.94,6.07,1.84,3.62,177.37,269.78,118.25,19.72,0.12139,0.08831,0.0547,250,4200,SKF 6314
2026-04-28 17:00:00,C-118,Compresseur à vis,compresseur,3.238,5.253,15.385,3018.5,1487,61.3,B,normal,2.45,5.29,1.79,3.9,97.15,150.68,63.45,9.72,0.14397,0.0782,0.04365,500,6800,SKF 7314
2026-04-28 17:00:00,V-302,Ventilateur tirage,ventilateur,1.208,1.454,3.638,713.8,981,45.9,A,normal,3.27,2.64,1.49,4.16,68.34,95.16,44.31,6.83,0.14189,0.08834,0.04341,75,1800,SKF 22216
2026-04-28 17:00:00,M-019,Moteur électrique 400kW,moteur_electrique,5.568,9.939,30.252,5935.4,1493,62.6,C,alerte,3.51,13.02,2.28,4.01,90.33,133.62,60.22,10.03,0.14295,0.07661,0.05356,400,5500,SKF 6320
2026-04-28 17:00:00,R-077,Réducteur convoyeur,reducteur,0.832,1.652,3.63,712.2,721,41.8,A,normal,3.77,2.09,1.57,3.24,53.11,67.05,35.45,5.31,0.13944,0.08831,0.0493,55,950,SKF 2312
2026-04-28 17:00:00,P-311,Pompe centrifuge BP,pompe_centrifuge,11.985,21.535,65.133,12779.1,2958,70.7,D,danger,4.33,34.58,1.77,4.96,175.01,268.69,116.35,19.47,0.12136,0.05636,0.05387,180,3100,SKF 6312
2026-04-28 18:00:00,P-204,Pompe centrifuge HP,pompe_centrifuge,2.008,3.511,10.967,2151.7,2976,51.1,A,normal,3.32,4.45,1.54,3.03,177.07,269.33,118.05,19.69,0.14537,0.07886,0.04589,250,4200,SKF 6314
2026-04-28 18:00:00,C-118,Compresseur à vis,compresseur,3.351,6.105,18.187,3568.3,1482,61.7,B,normal,3.86,8.63,2.03,4.21,96.82,150.18,63.23,9.68,0.11549,0.07887,0.05286,500,6800,SKF 7314
2026-04-28 18:00:00,V-302,Ventilateur tirage,ventilateur,1.242,2.502,6.87,1347.9,982,44.1,A,normal,3.63,3.0,1.41,3.85,68.41,95.25,44.35,6.84,0.14002,0.0901,0.04699,75,1800,SKF 22216
2026-04-28 18:00:00,M-019,Moteur électrique 400kW,moteur_electrique,4.962,8.885,25.391,4981.7,1486,63.3,C,alerte,3.26,10.77,1.99,4.26,89.9,133.0,59.94,9.98,0.18752,0.07899,0.04121,400,5500,SKF 6320
2026-04-28 18:00:00,R-077,Réducteur convoyeur,reducteur,1.011,2.188,6.748,1324.0,710,39.8,A,normal,3.54,2.39,1.58,2.5,52.3,66.03,34.91,5.23,0.14975,0.08008,0.05033,55,950,SKF 2312
2026-04-28 18:00:00,P-311,Pompe centrifuge BP,pompe_centrifuge,9.915,18.019,54.448,10682.7,2963,72.0,D,danger,3.98,26.31,2.18,4.14,175.31,269.14,116.54,19.51,0.03671,0.09447,0.07458,180,3100,SKF 6312
2026-04-28 19:00:00,P-204,Pompe centrifuge HP,pompe_centrifuge,1.967,3.036,9.438,1851.7,2974,51.5,A,normal,3.78,4.95,1.77,4.17,176.95,269.15,117.97,19.68,0.14385,0.06851,0.04804,250,4200,SKF 6314
2026-04-28 19:00:00,C-118,Compresseur à vis,compresseur,2.517,4.279,13.198,2589.4,1485,64.4,B,normal,4.01,6.73,2.38,2.75,97.02,150.48,63.36,9.7,0.1722,0.09029,0.0384,500,6800,SKF 7314
2026-04-28 19:00:00,V-302,Ventilateur tirage,ventilateur,1.373,2.657,7.801,1530.6,980,42.0,A,normal,3.15,2.89,2.1,3.84,68.27,95.06,44.26,6.83,0.12556,0.08221,0.04954,75,1800,SKF 22216
2026-04-28 19:00:00,M-019,Moteur électrique 400kW,moteur_electrique,5.043,9.953,28.281,5548.7,1489,63.3,C,alerte,3.1,10.41,1.46,3.3,90.08,133.27,60.06,10.0,0.09549,0.12798,0.06456,400,5500,SKF 6320
2026-04-28 19:00:00,R-077,Réducteur convoyeur,reducteur,1.507,2.582,8.219,1612.6,716,44.4,A,normal,3.29,3.31,2.04,2.43,52.75,66.59,35.2,5.27,0.12546,0.07325,0.0486,55,950,SKF 2312
2026-04-28 19:00:00,P-311,Pompe centrifuge BP,pompe_centrifuge,11.275,20.004,59.248,11624.5,2964,74.1,D,danger,4.52,34.0,2.43,4.71,175.37,269.23,116.58,19.51,0.33068,0.07581,0.10753,180,3100,SKF 6312
2026-04-28 20:00:00,P-204,Pompe centrifuge HP,pompe_centrifuge,2.204,4.466,13.389,2626.9,2972,52.6,A,normal,3.47,5.11,1.49,2.5,176.83,268.97,117.89,19.66,0.10014,0.07861,0.04321,250,4200,SKF 6314
2026-04-28 20:00:00,C-118,Compresseur à vis,compresseur,3.85,7.042,19.871,3898.7,1484,63.1,B,normal,3.88,9.96,1.49,3.68,96.95,150.38,63.32,9.7,0.05996,0.06197,0.048,500,6800,SKF 7314
2026-04-28 20:00:00,V-302,Ventilateur tirage,ventilateur,1.017,1.749,5.111,1002.8,978,45.2,A,normal,3.6,2.44,1.62,2.91,68.13,94.87,44.17,6.81,0.13134,0.0778,0.05317,75,1800,SKF 22216
2026-04-28 20:00:00,M-019,Moteur électrique 400kW,moteur_electrique,5.113,9.477,27.445,5384.7,1495,61.9,C,alerte,2.91,9.93,1.79,4.31,90.45,133.8,60.3,10.04,0.08472,0.08427,0.03839,400,5500,SKF 6320
2026-04-28 20:00:00,R-077,Réducteur convoyeur,reducteur,1.277,1.911,6.465,1268.4,724,43.7,A,normal,2.86,2.44,1.65,3.5,53.33,67.33,35.6,5.33,0.1305,0.07781,0.05095,55,950,SKF 2312
2026-04-28 20:00:00,P-311,Pompe centrifuge BP,pompe_centrifuge,10.678,19.08,57.707,11322.1,2959,69.2,D,danger,4.13,29.41,1.64,4.37,175.07,268.78,116.39,19.48,0.07992,0.08391,0.0553,180,3100,SKF 6312
2026-04-28 21:00:00,P-204,Pompe centrifuge HP,pompe_centrifuge,2.384,4.045,10.724,2104.0,2977,54.1,B,normal,3.89,6.18,1.56,2.88,177.13,269.42,118.09,19.7,0.14348,0.0835,0.05959,250,4200,SKF 6314
2026-04-28 21:00:00,C-118,Compresseur à vis,compresseur,3.796,6.994,21.1,4139.8,1490,62.3,B,normal,3.53,8.92,1.8,4.12,97.35,150.99,63.57,9.73,0.16167,0.06566,0.05092,500,6800,SKF 7314
2026-04-28 21:00:00,V-302,Ventilateur tirage,ventilateur,1.159,2.028,5.875,1152.7,983,44.2,A,normal,3.33,2.57,1.76,3.95,68.48,95.35,44.4,6.85,0.13501,0.07147,0.05049,75,1800,SKF 22216
2026-04-28 21:00:00,M-019,Moteur électrique 400kW,moteur_electrique,4.643,8.307,23.747,4659.2,1490,62.4,C,alerte,3.82,11.82,2.09,3.57,90.14,133.35,60.1,10.01,0.12746,0.0613,0.04442,400,5500,SKF 6320
2026-04-28 21:00:00,R-077,Réducteur convoyeur,reducteur,0.89,1.686,5.001,981.2,715,40.8,A,normal,3.04,1.8,1.64,2.77,52.67,66.5,35.15,5.27,0.13984,0.08622,0.04828,55,950,SKF 2312
2026-04-28 21:00:00,P-311,Pompe centrifuge BP,pompe_centrifuge,9.647,17.088,51.257,10056.6,2958,66.3,D,danger,4.24,27.25,1.6,3.92,175.01,268.69,116.35,19.47,0.09466,0.03281,0.12272,180,3100,SKF 6312
2026-04-28 22:00:00,P-204,Pompe centrifuge HP,pompe_centrifuge,1.827,3.021,9.254,1815.6,2977,48.8,A,normal,2.96,3.6,2.38,3.44,177.13,269.42,118.09,19.7,0.14344,0.09923,0.0438,250,4200,SKF 6314
2026-04-28 22:00:00,C-118,Compresseur à vis,compresseur,2.557,4.892,14.243,2794.5,1486,57.7,B,normal,2.96,5.04,1.22,3.67,97.09,150.58,63.4,9.71,0.12449,0.069,0.04395,500,6800,SKF 7314
2026-04-28 22:00:00,V-302,Ventilateur tirage,ventilateur,0.945,1.714,4.698,921.7,983,42.0,A,normal,3.19,2.01,1.36,2.39,68.48,95.35,44.4,6.85,0.13167,0.08752,0.04784,75,1800,SKF 22216
2026-04-28 22:00:00,M-019,Moteur électrique 400kW,moteur_electrique,5.058,9.431,28.978,5685.5,1495,60.3,C,alerte,3.64,12.26,1.84,3.6,90.45,133.8,60.3,10.04,0.14893,0.19395,0.04191,400,5500,SKF 6320
2026-04-28 22:00:00,R-077,Réducteur convoyeur,reducteur,0.681,1.256,3.351,657.5,718,41.3,A,normal,3.12,1.42,2.02,2.12,52.89,66.77,35.3,5.29,0.14182,0.08239,0.04774,55,950,SKF 2312
2026-04-28 22:00:00,P-311,Pompe centrifuge BP,pompe_centrifuge,8.75,15.719,48.625,9540.2,2949,64.2,D,danger,4.43,25.84,1.87,3.6,174.48,267.87,115.99,19.41,0.16322,0.06633,0.02484,180,3100,SKF 6312
2026-04-28 23:00:00,P-204,Pompe centrifuge HP,pompe_centrifuge,1.644,3.102,6.698,1314.1,2976,50.4,A,normal,4.0,4.38,1.68,3.15,177.07,269.33,118.05,19.69,0.1514,0.09973,0.0537,250,4200,SKF 6314
2026-04-28 23:00:00,C-118,Compresseur à vis,compresseur,2.461,3.948,10.894,2137.4,1495,58.1,B,normal,3.44,5.64,2.32,3.07,97.67,151.49,63.79,9.77,0.20372,0.07409,0.0556,500,6800,SKF 7314
2026-04-28 23:00:00,V-302,Ventilateur tirage,ventilateur,0.776,1.771,5.722,1122.7,980,43.7,A,normal,2.92,1.51,2.24,2.66,68.27,95.06,44.26,6.83,0.14268,0.07728,0.04895,75,1800,SKF 22216
2026-04-28 23:00:00,M-019,Moteur électrique 400kW,moteur_electrique,4.916,8.72,25.396,4982.7,1496,62.6,C,alerte,3.88,12.72,1.04,2.94,90.51,133.89,60.34,10.05,0.27578,0.07655,0.03081,400,5500,SKF 6320
2026-04-28 23:00:00,R-077,Réducteur convoyeur,reducteur,1.35,2.329,7.013,1376.0,716,43.3,A,normal,2.87,2.58,1.73,3.36,52.75,66.59,35.2,5.27,0.15935,0.08359,0.05344,55,950,SKF 2312
2026-04-28 23:00:00,P-311,Pompe centrifuge BP,pompe_centrifuge,7.802,14.135,42.483,8335.2,2957,64.2,D,danger,3.97,20.63,1.63,4.27,174.96,268.59,116.31,19.47,0.24449,0.17039,0.06227,180,3100,SKF 6312
2026-04-29 00:00:00,P-204,Pompe centrifuge HP,pompe_centrifuge,1.789,2.996,9.51,1865.9,2978,48.7,A,normal,3.71,4.43,1.47,2.19,177.19,269.51,118.13,19.7,0.13496,0.06181,0.04686,250,4200,SKF 6314
2026-04-29 00:00:00,C-118,Compresseur à vis,compresseur,2.636,4.77,14.947,2932.6,1497,61.1,B,normal,3.07,5.39,1.97,3.38,97.8,151.7,63.87,9.78,0.14179,0.06445,0.05611,500,6800,SKF 7314
2026-04-29 00:00:00,V-302,Ventilateur tirage,ventilateur,0.785,1.476,4.513,885.5,983,42.2,A,normal,3.99,2.09,1.69,3.38,68.48,95.35,44.4,6.85,0.12607,0.07822,0.04976,75,1800,SKF 22216
2026-04-29 00:00:00,M-019,Moteur électrique 400kW,moteur_electrique,5.512,10.008,30.371,5958.8,1489,63.9,C,alerte,3.8,13.97,1.95,3.85,90.08,133.27,60.06,10.0,0.07018,0.13703,0.0576,400,5500,SKF 6320
2026-04-29 00:00:00,R-077,Réducteur convoyeur,reducteur,1.045,1.663,4.651,912.5,720,43.9,A,normal,3.35,2.33,2.1,3.81,53.04,66.96,35.4,5.3,0.14339,0.08355,0.05031,55,950,SKF 2312
2026-04-29 00:00:00,P-311,Pompe centrifuge BP,pompe_centrifuge,11.065,19.82,59.973,11766.7,2965,72.2,D,danger,5.31,39.15,2.28,4.83,175.43,269.32,116.62,19.52,0.10432,0.1477,0.08258,180,3100,SKF 6312
2026-04-29 01:00:00,P-204,Pompe centrifuge HP,pompe_centrifuge,1.813,3.599,10.502,2060.5,2989,50.5,A,normal,3.22,3.89,2.0,2.94,177.85,270.5,118.56,19.78,0.15663,0.06911,0.05113,250,4200,SKF 6314
2026-04-29 01:00:00,C-118,Compresseur à vis,compresseur,3.101,5.368,16.185,3175.5,1485,58.8,B,normal,3.15,6.52,1.71,3.02,97.02,150.48,63.36,9.7,0.12681,0.11005,0.06025,500,6800,SKF 7314
2026-04-29 01:00:00,V-302,Ventilateur tirage,ventilateur,1.748,2.604,8.106,1590.4,986,43.4,A,normal,3.68,4.29,1.82,2.15,68.69,95.64,44.53,6.87,0.13887,0.0717,0.05096,75,1800,SKF 22216
2026-04-29 01:00:00,M-019,Moteur électrique 400kW,moteur_electrique,5.717,10.749,31.755,6230.3,1491,64.9,C,alerte,3.46,13.17,1.48,3.69,90.21,133.44,60.14,10.01,0.12985,0.07223,0.05178,400,5500,SKF 6320
2026-04-29 01:00:00,R-077,Réducteur convoyeur,reducteur,0.789,1.534,4.343,852.1,719,41.9,A,normal,3.38,1.78,1.67,3.5,52.97,66.87,35.35,5.3,0.14501,0.07617,0.04871,55,950,SKF 2312
2026-04-29 01:00:00,P-311,Pompe centrifuge BP,pompe_centrifuge,8.31,14.917,45.144,8857.3,2969,64.3,D,danger,3.67,20.32,1.48,3.54,175.67,269.68,116.78,19.55,0.30819,0.07698,0.05029,180,3100,SKF 6312
2026-04-29 02:00:00,P-204,Pompe centrifuge HP,pompe_centrifuge,2.067,3.746,10.57,2073.8,2985,52.7,A,normal,2.92,4.02,1.85,3.79,177.61,270.14,118.41,19.75,0.14305,0.08816,0.04572,250,4200,SKF 6314
2026-04-29 02:00:00,C-118,Compresseur à vis,compresseur,3.146,5.947,17.105,3356.0,1487,59.2,B,normal,4.17,8.74,1.65,3.18,97.15,150.68,63.45,9.72,0.11709,0.09591,0.03728,500,6800,SKF 7314
2026-04-29 02:00:00,V-302,Ventilateur tirage,ventilateur,1.325,2.357,6.854,1344.8,984,41.9,A,normal,3.85,3.4,1.67,2.34,68.55,95.45,44.44,6.86,0.14551,0.08599,0.04961,75,1800,SKF 22216
2026-04-29 02:00:00,M-019,Moteur électrique 400kW,moteur_electrique,5.502,10.054,29.97,5880.1,1495,66.7,C,alerte,4.44,16.29,1.78,4.44,90.45,133.8,60.3,10.04,0.07682,0.03905,0.03953,400,5500,SKF 6320
2026-04-29 02:00:00,R-077,Réducteur convoyeur,reducteur,1.011,1.854,5.017,984.3,714,41.3,A,normal,2.85,1.92,1.45,3.35,52.6,66.4,35.11,5.26,0.14794,0.096,0.05271,55,950,SKF 2312
2026-04-29 02:00:00,P-311,Pompe centrifuge BP,pompe_centrifuge,9.987,17.869,53.713,10538.5,2962,70.5,D,danger,4.21,28.02,2.02,3.85,175.25,269.05,116.51,19.5,0.29736,0.07613,0.02794,180,3100,SKF 6312
2026-04-29 03:00:00,P-204,Pompe centrifuge HP,pompe_centrifuge,1.987,3.782,10.628,2085.2,2982,49.6,A,normal,3.55,4.7,1.9,2.2,177.43,269.87,118.29,19.73,0.10818,0.09832,0.056,250,4200,SKF 6314
2026-04-29 03:00:00,C-118,Compresseur à vis,compresseur,3.478,5.962,17.881,3508.3,1497,60.9,B,normal,3.96,9.18,1.1,4.14,97.8,151.7,63.87,9.78,0.12747,0.11594,0.04838,500,6800,SKF 7314
2026-04-29 03:00:00,V-302,Ventilateur tirage,ventilateur,1.36,2.735,8.657,1698.5,985,43.6,A,normal,3.23,2.93,2.31,3.9,68.62,95.55,44.49,6.86,0.14201,0.08255,0.05239,75,1800,SKF 22216
2026-04-29 03:00:00,M-019,Moteur électrique 400kW,moteur_electrique,5.406,9.632,28.254,5543.4,1492,65.5,C,alerte,3.75,13.51,1.88,3.8,90.27,133.53,60.18,10.02,0.14012,0.0866,0.0644,400,5500,SKF 6320
2026-04-29 03:00:00,R-077,Réducteur convoyeur,reducteur,1.069,1.748,5.33,1045.7,724,42.4,A,normal,3.74,2.66,1.62,3.56,53.33,67.33,35.6,5.33,0.13366,0.09701,0.05129,55,950,SKF 2312
2026-04-29 03:00:00,P-311,Pompe centrifuge BP,pompe_centrifuge,11.018,20.164,59.227,11620.3,2968,70.5,D,danger,4.42,32.48,1.69,4.63,175.61,269.59,116.74,19.54,0.01756,0.05664,0.02541,180,3100,SKF 6312
2026-04-29 04:00:00,P-204,Pompe centrifuge HP,pompe_centrifuge,2.123,4.227,12.446,2441.9,2978,50.1,A,normal,3.26,4.62,1.46,3.89,177.19,269.51,118.13,19.7,0.17127,0.06897,0.05729,250,4200,SKF 6314
2026-04-29 04:00:00,C-118,Compresseur à vis,compresseur,3.397,5.913,16.142,3167.1,1483,63.3,B,normal,3.67,8.31,2.0,3.76,96.89,150.28,63.27,9.69,0.12698,0.10058,0.03872,500,6800,SKF 7314
2026-04-29 04:00:00,V-302,Ventilateur tirage,ventilateur,1.144,2.479,7.487,1468.9,985,39.2,A,normal,3.61,2.75,1.64,3.58,68.62,95.55,44.49,6.86,0.13532,0.08475,0.05075,75,1800,SKF 22216
2026-04-29 04:00:00,M-019,Moteur électrique 400kW,moteur_electrique,5.545,9.944,30.177,5920.7,1492,63.9,C,alerte,3.29,12.15,2.07,3.75,90.27,133.53,60.18,10.02,0.28749,0.07179,0.05098,400,5500,SKF 6320
2026-04-29 04:00:00,R-077,Réducteur convoyeur,reducteur,0.564,0.963,3.479,682.6,723,38.8,A,normal,3.29,1.24,1.66,2.74,53.26,67.24,35.55,5.33,0.13454,0.08798,0.05213,55,950,SKF 2312
2026-04-29 04:00:00,P-311,Pompe centrifuge BP,pompe_centrifuge,10.141,18.275,54.694,10731.0,2960,67.8,D,danger,4.67,31.55,1.94,4.58,175.13,268.87,116.43,19.49,0.17876,0.23867,0.04175,180,3100,SKF 6312
2026-04-29 05:00:00,P-204,Pompe centrifuge HP,pompe_centrifuge,2.211,4.0,11.618,2279.5,2974,51.3,A,normal,4.17,6.14,1.55,3.94,176.95,269.15,117.97,19.68,0.09388,0.0954,0.05084,250,4200,SKF 6314
2026-04-29 05:00:00,C-118,Compresseur à vis,compresseur,3.131,5.646,18.598,3648.9,1487,57.9,B,normal,3.32,6.92,1.34,4.03,97.15,150.68,63.45,9.72,0.14662,0.05684,0.04097,500,6800,SKF 7314
2026-04-29 05:00:00,V-302,Ventilateur tirage,ventilateur,1.249,2.395,7.172,1407.1,975,43.2,A,normal,3.88,3.23,1.61,3.74,67.92,94.58,44.04,6.79,0.14877,0.07314,0.05199,75,1800,SKF 22216
2026-04-29 05:00:00,M-019,Moteur électrique 400kW,moteur_electrique,5.345,9.414,27.786,5451.6,1482,62.8,C,alerte,3.85,13.72,1.41,3.68,89.66,132.64,59.77,9.95,0.17487,0.08554,0.0548,400,5500,SKF 6320
2026-04-29 05:00:00,R-077,Réducteur convoyeur,reducteur,1.428,2.526,7.909,1551.7,718,40.7,A,normal,3.04,2.9,1.92,2.64,52.89,66.77,35.3,5.29,0.11854,0.09137,0.04585,55,950,SKF 2312
2026-04-29 05:00:00,P-311,Pompe centrifuge BP,pompe_centrifuge,10.03,17.943,52.955,10389.8,2968,69.6,D,danger,4.55,30.45,2.0,5.24,175.61,269.59,116.74,19.54,0.11458,0.08289,0.08752,180,3100,SKF 6312
2026-04-29 06:00:00,P-204,Pompe centrifuge HP,pompe_centrifuge,1.748,2.918,9.488,1861.5,2974,50.6,A,normal,3.44,4.01,1.31,4.06,176.95,269.15,117.97,19.68,0.11159,0.07754,0.05103,250,4200,SKF 6314
2026-04-29 06:00:00,C-118,Compresseur à vis,compresseur,3.434,6.257,20.923,4105.1,1489,59.8,B,normal,3.62,8.29,1.56,3.73,97.28,150.89,63.53,9.73,0.23593,0.09069,0.04064,500,6800,SKF 7314
2026-04-29 06:00:00,V-302,Ventilateur tirage,ventilateur,0.573,1.07,3.452,677.3,977,40.5,A,normal,3.26,1.24,2.03,3.16,68.06,94.77,44.13,6.81,0.13634,0.07984,0.04899,75,1800,SKF 22216
2026-04-29 06:00:00,M-019,Moteur électrique 400kW,moteur_electrique,4.816,8.572,25.293,4962.5,1495,62.0,C,alerte,3.87,12.42,2.04,3.1,90.45,133.8,60.3,10.04,0.1069,0.05795,0.07487,400,5500,SKF 6320
2026-04-29 06:00:00,R-077,Réducteur convoyeur,reducteur,1.413,2.713,7.203,1413.2,720,41.0,A,normal,3.54,3.33,2.14,2.94,53.04,66.96,35.4,5.3,0.11584,0.06911,0.05555,55,950,SKF 2312
2026-04-29 06:00:00,P-311,Pompe centrifuge BP,pompe_centrifuge,9.144,16.83,50.551,9918.1,2958,65.6,D,danger,4.7,28.63,1.83,4.07,175.01,268.69,116.35,19.47,0.22592,0.18848,0.06468,180,3100,SKF 6312
2026-04-29 07:00:00,P-204,Pompe centrifuge HP,pompe_centrifuge,1.267,2.198,6.543,1283.7,2983,47.3,A,normal,2.96,2.5,2.01,2.56,177.49,269.96,118.33,19.74,0.13423,0.09199,0.04802,250,4200,SKF 6314
2026-04-29 07:00:00,C-118,Compresseur à vis,compresseur,2.952,4.921,13.426,2634.2,1477,61.2,B,normal,3.6,7.09,2.0,3.34,96.5,149.67,63.02,9.65,0.11462,0.07606,0.05051,500,6800,SKF 7314
2026-04-29 07:00:00,V-302,Ventilateur tirage,ventilateur,1.432,2.05,5.748,1127.8,985,46.3,A,normal,3.63,3.47,1.93,4.37,68.62,95.55,44.49,6.86,0.15245,0.08798,0.04609,75,1800,SKF 22216
2026-04-29 07:00:00,M-019,Moteur électrique 400kW,moteur_electrique,5.814,10.57,31.539,6188.0,1485,67.4,C,alerte,3.51,13.6,1.54,4.66,89.84,132.91,59.89,9.97,0.11741,0.09194,0.04257,400,5500,SKF 6320
2026-04-29 07:00:00,R-077,Réducteur convoyeur,reducteur,0.715,1.672,4.302,844.1,730,42.1,A,normal,3.29,1.57,2.08,2.23,53.78,67.89,35.89,5.38,0.13903,0.08975,0.05001,55,950,SKF 2312
2026-04-29 07:00:00,P-311,Pompe centrifuge BP,pompe_centrifuge,9.847,17.03,50.652,9937.9,2954,68.7,D,danger,4.33,28.44,2.01,5.25,174.78,268.32,116.19,19.45,0.11961,0.05251,0.0788,180,3100,SKF 6312
2026-04-29 08:00:00,P-204,Pompe centrifuge HP,pompe_centrifuge,1.516,2.301,5.292,1038.3,2982,49.2,A,normal,3.04,3.07,1.64,3.85,177.43,269.87,118.29,19.73,0.13555,0.08017,0.05016,250,4200,SKF 6314
2026-04-29 08:00:00,C-118,Compresseur à vis,compresseur,4.096,7.71,23.476,4606.0,1475,63.2,B,normal,3.48,9.51,2.1,3.82,96.37,149.47,62.93,9.64,0.14015,0.05947,0.05292,500,6800,SKF 7314
2026-04-29 08:00:00,V-302,Ventilateur tirage,ventilateur,0.936,1.498,5.511,1081.3,978,42.3,A,normal,3.02,1.89,1.58,2.92,68.13,94.87,44.17,6.81,0.13877,0.08524,0.05168,75,1800,SKF 22216
2026-04-29 08:00:00,M-019,Moteur électrique 400kW,moteur_electrique,5.348,9.426,28.713,5633.5,1491,62.8,C,alerte,3.46,12.34,1.75,3.56,90.21,133.44,60.14,10.01,0.11767,0.08167,0.09998,400,5500,SKF 6320
2026-04-29 08:00:00,R-077,Réducteur convoyeur,reducteur,1.105,1.794,5.355,1050.7,722,44.8,A,normal,3.32,2.45,1.56,3.23,53.19,67.15,35.5,5.32,0.14492,0.07583,0.05177,55,950,SKF 2312
2026-04-29 08:00:00,P-311,Pompe centrifuge BP,pompe_centrifuge,9.871,17.447,53.262,10450.0,2961,66.8,D,danger,3.96,26.09,1.62,4.44,175.19,268.96,116.47,19.49,0.02428,0.08531,0.06746,180,3100,SKF 6312
2026-04-29 09:00:00,P-204,Pompe centrifuge HP,pompe_centrifuge,1.779,4.171,12.26,2405.4,2978,50.2,A,normal,3.4,4.04,1.63,2.51,177.19,269.51,118.13,19.7,0.13453,0.07796,0.04336,250,4200,SKF 6314
2026-04-29 09:00:00,C-118,Compresseur à vis,compresseur,2.46,4.028,14.032,2753.1,1489,59.0,B,normal,3.52,5.76,2.24,2.79,97.28,150.89,63.53,9.73,0.16029,0.06085,0.05465,500,6800,SKF 7314
2026-04-29 09:00:00,V-302,Ventilateur tirage,ventilateur,1.109,2.178,6.524,1280.0,983,41.4,A,normal,3.03,2.24,1.54,3.13,68.48,95.35,44.4,6.85,0.12448,0.08045,0.04974,75,1800,SKF 22216
2026-04-29 09:00:00,M-019,Moteur électrique 400kW,moteur_electrique,2.644,5.108,16.095,3157.8,1476,57.4,B,normal,3.36,5.92,1.36,2.87,89.3,132.1,59.53,9.91,0.10508,0.09196,0.04505,400,5500,SKF 6320
2026-04-29 09:00:00,R-077,Réducteur convoyeur,reducteur,0.8,1.54,4.485,880.0,714,47.3,A,normal,3.17,1.69,2.15,3.04,52.6,66.4,35.11,5.26,0.13913,0.08536,0.05195,55,950,SKF 2312
2026-04-29 09:00:00,P-311,Pompe centrifuge BP,pompe_centrifuge,10.733,19.435,56.739,11132.2,2960,71.3,D,danger,4.18,29.89,1.68,3.18,175.13,268.87,116.43,19.49,0.08324,0.04487,0.04074,180,3100,SKF 6312
2026-04-29 10:00:00,P-204,Pompe centrifuge HP,pompe_centrifuge,2.129,3.459,10.224,2005.9,2976,50.3,A,normal,3.39,4.81,1.67,3.37,177.07,269.33,118.05,19.69,0.16639,0.07972,0.04292,250,4200,SKF 6314
2026-04-29 10:00:00,C-118,Compresseur à vis,compresseur,3.547,6.474,19.741,3873.2,1487,60.6,B,normal,3.88,9.16,1.37,2.67,97.15,150.68,63.45,9.72,0.12244,0.10868,0.0527,500,6800,SKF 7314
2026-04-29 10:00:00,V-302,Ventilateur tirage,ventilateur,0.944,1.411,3.713,728.5,978,41.0,A,normal,3.35,2.11,1.98,2.97,68.13,94.87,44.17,6.81,0.14963,0.08455,0.0519,75,1800,SKF 22216
2026-04-29 10:00:00,M-019,Moteur électrique 400kW,moteur_electrique,5.612,10.287,31.444,6169.3,1488,64.0,C,alerte,4.14,15.5,1.24,4.23,90.02,133.18,60.02,9.99,0.14454,0.06856,0.04669,400,5500,SKF 6320
2026-04-29 10:00:00,R-077,Réducteur convoyeur,reducteur,1.195,1.709,5.23,1026.1,719,42.7,A,normal,3.57,2.85,1.76,3.17,52.97,66.87,35.35,5.3,0.13097,0.08717,0.04749,55,950,SKF 2312
2026-04-29 10:00:00,P-311,Pompe centrifuge BP,pompe_centrifuge,11.508,20.045,59.317,11638.0,2967,71.3,D,danger,5.01,38.44,2.42,4.55,175.55,269.5,116.7,19.53,0.17207,0.16307,0.04639,180,3100,SKF 6312
2026-04-29 11:00:00,P-204,Pompe centrifuge HP,pompe_centrifuge,1.851,3.568,9.358,1836.0,2977,49.0,A,normal,2.85,3.52,1.54,3.39,177.13,269.42,118.09,19.7,0.14627,0.09088,0.05393,250,4200,SKF 6314
2026-04-29 11:00:00,C-118,Compresseur à vis,compresseur,3.178,5.677,17.47,3427.6,1490,61.4,B,normal,3.57,7.57,2.4,4.45,97.35,150.99,63.57,9.73,0.13715,0.07927,0.04447,500,6800,SKF 7314
2026-04-29 11:00:00,V-302,Ventilateur tirage,ventilateur,1.29,2.212,7.375,1447.0,979,42.0,A,normal,3.94,3.39,1.54,3.94,68.2,94.96,44.22,6.82,0.10672,0.06873,0.04873,75,1800,SKF 22216
2026-04-29 11:00:00,M-019,Moteur électrique 400kW,moteur_electrique,3.499,6.302,18.73,3674.8,1494,58.5,B,normal,3.59,8.37,1.69,3.18,90.39,133.71,60.26,10.03,0.14065,0.1064,0.0695,400,5500,SKF 6320
2026-04-29 11:00:00,R-077,Réducteur convoyeur,reducteur,1.18,2.003,6.151,1206.8,726,45.2,A,normal,3.25,2.56,1.32,1.99,53.48,67.52,35.7,5.35,0.12602,0.08081,0.05311,55,950,SKF 2312
2026-04-29 11:00:00,P-311,Pompe centrifuge BP,pompe_centrifuge,10.302,18.331,53.956,10586.2,2963,69.2,D,danger,4.69,32.19,1.61,4.34,175.31,269.14,116.54,19.51,0.41358,0.17136,0.03366,180,3100,SKF 6312
2026-04-29 12:00:00,P-204,Pompe centrifuge HP,pompe_centrifuge,1.953,3.143,9.924,1947.1,2982,48.2,A,normal,3.66,4.77,1.94,3.38,177.43,269.87,118.29,19.73,0.11121,0.07976,0.05116,250,4200,SKF 6314
2026-04-29 12:00:00,C-118,Compresseur à vis,compresseur,3.592,6.605,19.268,3780.4,1480,61.6,B,normal,3.4,8.14,1.79,3.76,96.69,149.97,63.15,9.67,0.18921,0.10119,0.04794,500,6800,SKF 7314
2026-04-29 12:00:00,V-302,Ventilateur tirage,ventilateur,0.758,0.977,3.062,600.8,973,42.9,A,normal,3.81,1.93,1.52,2.65,67.79,94.38,43.95,6.78,0.14476,0.07628,0.0483,75,1800,SKF 22216
2026-04-29 12:00:00,M-019,Moteur électrique 400kW,moteur_electrique,6.66,11.7,35.833,7030.4,1490,68.0,C,alerte,3.83,17.0,1.21,3.89,90.14,133.35,60.1,10.01,0.1996,0.07794,0.05018,400,5500,SKF 6320
2026-04-29 12:00:00,R-077,Réducteur convoyeur,reducteur,2.017,3.221,9.064,1778.4,713,45.3,A,normal,2.83,3.81,1.59,4.6,52.52,66.31,35.06,5.25,0.12689,0.06569,0.05403,55,950,SKF 2312
2026-04-29 12:00:00,P-311,Pompe centrifuge BP,pompe_centrifuge,9.183,16.644,50.066,9822.9,2962,68.7,D,danger,4.49,27.5,1.99,5.05,175.25,269.05,116.51,19.5,0.31862,0.04735,0.03324,180,3100,SKF 6312
2026-04-29 13:00:00,P-204,Pompe centrifuge HP,pompe_centrifuge,2.246,3.602,10.104,1982.4,2985,50.1,A,normal,3.09,4.63,2.01,3.37,177.61,270.14,118.41,19.75,0.10844,0.08229,0.05006,250,4200,SKF 6314
2026-04-29 13:00:00,C-118,Compresseur à vis,compresseur,2.685,4.454,12.391,2431.1,1489,57.2,B,normal,2.68,4.8,1.53,3.52,97.28,150.89,63.53,9.73,0.11453,0.07928,0.04812,500,6800,SKF 7314
2026-04-29 13:00:00,V-302,Ventilateur tirage,ventilateur,0.846,1.608,3.642,714.6,978,44.8,A,normal,3.57,2.01,2.04,3.37,68.13,94.87,44.17,6.81,0.11553,0.08176,0.04792,75,1800,SKF 22216
2026-04-29 13:00:00,M-019,Moteur électrique 400kW,moteur_electrique,4.77,8.31,23.639,4638.0,1490,60.6,C,alerte,4.15,13.2,1.32,5.26,90.14,133.35,60.1,10.01,0.2165,0.09115,0.04015,400,5500,SKF 6320
2026-04-29 13:00:00,R-077,Réducteur convoyeur,reducteur,1.245,1.8,4.831,947.8,720,42.6,A,normal,3.41,2.83,2.08,2.98,53.04,66.96,35.4,5.3,0.12821,0.09623,0.05262,55,950,SKF 2312
2026-04-29 13:00:00,P-311,Pompe centrifuge BP,pompe_centrifuge,10.982,19.616,59.546,11682.9,2968,71.1,D,danger,4.87,35.64,1.38,5.17,175.61,269.59,116.74,19.54,0.86314,0.06719,0.07696,180,3100,SKF 6312
2026-04-29 14:00:00,P-204,Pompe centrifuge HP,pompe_centrifuge,1.98,3.783,12.775,2506.5,2991,49.8,A,normal,3.3,4.35,2.16,3.88,177.96,270.69,118.64,19.79,0.13579,0.0807,0.04566,250,4200,SKF 6314
2026-04-29 14:00:00,C-118,Compresseur à vis,compresseur,3.043,4.966,14.919,2927.1,1483,59.3,B,normal,3.92,7.94,2.45,2.6,96.89,150.28,63.27,9.69,0.11311,0.07172,0.0568,500,6800,SKF 7314
2026-04-29 14:00:00,V-302,Ventilateur tirage,ventilateur,1.367,2.787,8.105,1590.2,980,42.0,A,normal,3.93,3.59,2.14,3.52,68.27,95.06,44.26,6.83,0.13633,0.07794,0.0483,75,1800,SKF 22216
2026-04-29 14:00:00,M-019,Moteur électrique 400kW,moteur_electrique,4.907,8.487,26.263,5152.8,1491,61.5,C,alerte,4.1,13.41,2.27,2.68,90.21,133.44,60.14,10.01,0.31707,0.06794,0.06437,400,5500,SKF 6320
2026-04-29 14:00:00,R-077,Réducteur convoyeur,reducteur,0.9,1.881,4.919,965.1,716,40.9,A,normal,2.5,1.5,1.9,2.78,52.75,66.59,35.2,5.27,0.16479,0.09182,0.04794,55,950,SKF 2312
2026-04-29 14:00:00,P-311,Pompe centrifuge BP,pompe_centrifuge,11.356,21.095,62.949,12350.6,2968,73.4,D,danger,4.94,37.42,1.42,5.26,175.61,269.59,116.74,19.54,0.24781,0.23302,0.0561,180,3100,SKF 6312
2026-04-29 15:00:00,P-204,Pompe centrifuge HP,pompe_centrifuge,1.599,2.844,8.265,1621.6,2975,49.2,A,normal,3.64,3.88,1.9,2.27,177.01,269.24,118.01,19.68,0.14123,0.07347,0.0513,250,4200,SKF 6314
2026-04-29 15:00:00,C-118,Compresseur à vis,compresseur,3.254,5.939,16.445,3226.5,1482,59.8,B,normal,4.12,8.94,1.93,2.36,96.82,150.18,63.23,9.68,0.13071,0.08477,0.05494,500,6800,SKF 7314
2026-04-29 15:00:00,V-302,Ventilateur tirage,ventilateur,1.406,2.313,8.797,1726.0,982,42.3,A,normal,3.8,3.56,1.49,2.85,68.41,95.25,44.35,6.84,0.14176,0.08414,0.05069,75,1800,SKF 22216
2026-04-29 15:00:00,M-019,Moteur électrique 400kW,moteur_electrique,6.672,12.507,36.988,7257.0,1494,67.1,C,alerte,3.72,16.55,1.96,3.3,90.39,133.71,60.26,10.03,0.10634,0.06915,0.06038,400,5500,SKF 6320
2026-04-29 15:00:00,R-077,Réducteur convoyeur,reducteur,1.698,3.199,10.126,1986.7,713,44.5,A,normal,3.88,4.4,1.83,1.45,52.52,66.31,35.06,5.25,0.16719,0.08175,0.04686,55,950,SKF 2312
2026-04-29 15:00:00,P-311,Pompe centrifuge BP,pompe_centrifuge,11.836,22.094,65.566,12864.0,2956,70.5,D,danger,4.07,32.12,2.02,3.36,174.9,268.5,116.27,19.46,0.05733,0.09612,0.10002,180,3100,SKF 6312
2026-04-29 16:00:00,P-204,Pompe centrifuge HP,pompe_centrifuge,1.744,3.362,10.325,2025.8,2983,50.4,A,normal,3.64,4.23,1.69,3.64,177.49,269.96,118.33,19.74,0.15845,0.09763,0.05404,250,4200,SKF 6314
2026-04-29 16:00:00,C-118,Compresseur à vis,compresseur,3.086,5.253,16.741,3284.6,1492,60.7,B,normal,3.63,7.47,1.43,4.24,97.48,151.19,63.66,9.75,0.13426,0.09915,0.05158,500,6800,SKF 7314
2026-04-29 16:00:00,V-302,Ventilateur tirage,ventilateur,1.035,1.531,4.988,978.6,975,43.2,A,normal,3.72,2.57,1.71,3.81,67.92,94.58,44.04,6.79,0.13895,0.07821,0.05071,75,1800,SKF 22216
2026-04-29 16:00:00,M-019,Moteur électrique 400kW,moteur_electrique,5.175,8.698,26.094,5119.6,1493,61.5,C,alerte,3.82,13.18,1.62,3.11,90.33,133.62,60.22,10.03,0.18293,0.07144,0.05998,400,5500,SKF 6320
2026-04-29 16:00:00,R-077,Réducteur convoyeur,reducteur,1.94,3.613,10.199,2001.0,718,44.3,A,normal,3.31,4.28,1.18,3.85,52.89,66.77,35.3,5.29,0.13479,0.10413,0.05143,55,950,SKF 2312
2026-04-29 16:00:00,P-311,Pompe centrifuge BP,pompe_centrifuge,9.6,17.599,51.333,10071.5,2958,65.4,D,danger,3.83,24.52,2.03,5.4,175.01,268.69,116.35,19.47,0.10907,0.24131,0.03308,180,3100,SKF 6312
2026-04-29 17:00:00,P-204,Pompe centrifuge HP,pompe_centrifuge,2.284,4.028,12.924,2535.7,2977,50.9,A,normal,3.2,4.88,1.96,3.19,177.13,269.42,118.09,19.7,0.10944,0.10206,0.05168,250,4200,SKF 6314
2026-04-29 17:00:00,C-118,Compresseur à vis,compresseur,3.945,7.005,20.671,4055.7,1485,65.6,B,normal,4.12,10.84,1.92,3.05,97.02,150.48,63.36,9.7,0.09594,0.05477,0.06781,500,6800,SKF 7314
2026-04-29 17:00:00,V-302,Ventilateur tirage,ventilateur,1.818,3.098,10.262,2013.4,976,44.7,A,normal,3.94,4.77,1.47,4.41,67.99,94.67,44.08,6.8,0.14327,0.08351,0.04953,75,1800,SKF 22216
2026-04-29 17:00:00,M-019,Moteur électrique 400kW,moteur_electrique,5.048,8.825,24.174,4742.9,1483,64.0,C,alerte,3.5,11.76,1.17,4.04,89.72,132.73,59.81,9.96,0.09611,0.12087,0.05547,400,5500,SKF 6320
2026-04-29 17:00:00,R-077,Réducteur convoyeur,reducteur,1.446,2.651,7.976,1564.9,722,41.7,A,normal,3.5,3.38,1.62,4.26,53.19,67.15,35.5,5.32,0.11646,0.08076,0.0438,55,950,SKF 2312
2026-04-29 17:00:00,P-311,Pompe centrifuge BP,pompe_centrifuge,10.844,19.785,58.894,11555.0,2956,69.5,D,danger,4.99,36.08,1.78,3.7,174.9,268.5,116.27,19.46,0.03688,0.04554,0.03944,180,3100,SKF 6312
2026-04-29 18:00:00,P-204,Pompe centrifuge HP,pompe_centrifuge,2.457,4.401,12.765,2504.5,2985,52.5,B,normal,3.56,5.84,2.08,3.25,177.61,270.14,118.41,19.75,0.20548,0.0741,0.04913,250,4200,SKF 6314
2026-04-29 18:00:00,C-118,Compresseur à vis,compresseur,3.071,5.352,16.865,3308.9,1475,58.5,B,normal,3.68,7.53,1.53,4.7,96.37,149.47,62.93,9.64,0.13846,0.05311,0.03285,500,6800,SKF 7314
2026-04-29 18:00:00,V-302,Ventilateur tirage,ventilateur,1.269,2.176,5.729,1124.0,985,42.4,A,normal,2.94,2.49,1.8,2.19,68.62,95.55,44.49,6.86,0.14158,0.08142,0.04991,75,1800,SKF 22216
2026-04-29 18:00:00,M-019,Moteur électrique 400kW,moteur_electrique,7.422,13.354,40.023,7852.5,1502,68.8,D,danger,3.2,15.84,1.6,3.92,90.87,134.43,60.58,10.09,0.13083,0.0716,0.06376,400,5500,SKF 6320
2026-04-29 18:00:00,R-077,Réducteur convoyeur,reducteur,1.167,2.102,7.146,1402.0,720,41.5,A,normal,3.16,2.46,1.52,2.75,53.04,66.96,35.4,5.3,0.14619,0.07675,0.0472,55,950,SKF 2312
2026-04-29 18:00:00,P-311,Pompe centrifuge BP,pompe_centrifuge,8.305,14.855,44.837,8797.0,2955,63.7,D,danger,3.94,21.8,1.58,4.8,174.84,268.41,116.23,19.45,0.02576,0.06567,0.04575,180,3100,SKF 6312
2026-04-29 19:00:00,P-204,Pompe centrifuge HP,pompe_centrifuge,2.585,4.519,14.37,2819.4,2982,51.4,B,normal,3.72,6.41,1.71,2.7,177.43,269.87,118.29,19.73,0.12654,0.0816,0.05906,250,4200,SKF 6314
2026-04-29 19:00:00,C-118,Compresseur à vis,compresseur,3.355,6.2,18.515,3632.6,1484,62.7,B,normal,3.63,8.12,1.79,3.45,96.95,150.38,63.32,9.7,0.12879,0.05695,0.06521,500,6800,SKF 7314
2026-04-29 19:00:00,V-302,Ventilateur tirage,ventilateur,1.507,3.027,6.995,1372.4,976,44.5,A,normal,3.32,3.34,1.83,3.73,67.99,94.67,44.08,6.8,0.13892,0.07907,0.05044,75,1800,SKF 22216
2026-04-29 19:00:00,M-019,Moteur électrique 400kW,moteur_electrique,5.068,9.441,28.565,5604.5,1491,66.6,C,alerte,3.44,11.62,1.75,4.38,90.21,133.44,60.14,10.01,0.12883,0.13202,0.04103,400,5500,SKF 6320
2026-04-29 19:00:00,R-077,Réducteur convoyeur,reducteur,1.249,2.525,5.601,1098.9,725,43.3,A,normal,3.29,2.74,2.33,2.86,53.41,67.42,35.65,5.34,0.13923,0.08919,0.05021,55,950,SKF 2312
2026-04-29 19:00:00,P-311,Pompe centrifuge BP,pompe_centrifuge,9.01,16.241,48.516,9518.8,2956,66.2,D,danger,4.34,26.08,2.04,4.16,174.9,268.5,116.27,19.46,0.12393,0.22748,0.0808,180,3100,SKF 6312
2026-04-29 20:00:00,P-204,Pompe centrifuge HP,pompe_centrifuge,1.955,3.011,9.267,1818.2,2975,51.8,A,normal,3.47,4.53,1.72,4.25,177.01,269.24,118.01,19.68,0.10864,0.08019,0.05038,250,4200,SKF 6314
2026-04-29 20:00:00,C-118,Compresseur à vis,compresseur,3.237,5.721,17.756,3483.7,1481,62.8,B,normal,4.0,8.63,2.11,3.27,96.76,150.07,63.19,9.68,0.08926,0.07826,0.04198,500,6800,SKF 7314
2026-04-29 20:00:00,V-302,Ventilateur tirage,ventilateur,1.677,2.93,9.676,1898.4,984,43.4,A,normal,2.9,3.24,1.7,2.81,68.55,95.45,44.44,6.86,0.10602,0.103,0.0502,75,1800,SKF 22216
2026-04-29 20:00:00,M-019,Moteur électrique 400kW,moteur_electrique,5.721,10.378,29.818,5850.3,1483,63.0,C,alerte,4.15,15.81,0.96,3.53,89.72,132.73,59.81,9.96,0.08604,0.05388,0.04882,400,5500,SKF 6320
2026-04-29 20:00:00,R-077,Réducteur convoyeur,reducteur,1.144,2.381,7.002,1373.8,720,41.1,A,normal,2.82,2.15,1.8,3.26,53.04,66.96,35.4,5.3,0.13518,0.09657,0.05109,55,950,SKF 2312
2026-04-29 20:00:00,P-311,Pompe centrifuge BP,pompe_centrifuge,12.17,21.963,64.332,12621.9,2957,73.8,D,danger,5.17,41.95,1.5,5.68,174.96,268.59,116.31,19.47,0.11917,0.06972,0.05114,180,3100,SKF 6312
2026-04-29 21:00:00,P-204,Pompe centrifuge HP,pompe_centrifuge,2.225,3.697,11.025,2163.1,2975,51.2,A,normal,3.79,5.62,2.03,2.7,177.01,269.24,118.01,19.68,0.11854,0.10162,0.04429,250,4200,SKF 6314
2026-04-29 21:00:00,C-118,Compresseur à vis,compresseur,2.892,4.894,13.554,2659.3,1477,59.4,B,normal,4.14,7.98,1.75,3.14,96.5,149.67,63.02,9.65,0.11603,0.11223,0.06357,500,6800,SKF 7314
2026-04-29 21:00:00,V-302,Ventilateur tirage,ventilateur,1.172,2.467,8.011,1571.8,976,45.0,A,normal,4.0,3.13,1.27,3.75,67.99,94.67,44.08,6.8,0.11797,0.07634,0.04951,75,1800,SKF 22216
2026-04-29 21:00:00,M-019,Moteur électrique 400kW,moteur_electrique,5.923,10.806,32.236,6324.7,1487,65.3,C,alerte,4.33,17.1,1.66,3.93,89.96,133.09,59.98,9.99,0.08046,0.21775,0.05715,400,5500,SKF 6320
2026-04-29 21:00:00,R-077,Réducteur convoyeur,reducteur,1.691,3.047,10.063,1974.4,720,44.7,A,normal,2.71,3.06,1.57,2.65,53.04,66.96,35.4,5.3,0.1373,0.08846,0.05616,55,950,SKF 2312
2026-04-29 21:00:00,P-311,Pompe centrifuge BP,pompe_centrifuge,11.763,21.401,64.455,12646.1,2964,72.1,D,danger,4.4,34.52,2.07,5.33,175.37,269.23,116.58,19.51,0.51427,0.09675,0.07529,180,3100,SKF 6312
2026-04-29 22:00:00,P-204,Pompe centrifuge HP,pompe_centrifuge,2.392,3.878,12.333,2419.7,2980,50.3,B,normal,3.29,5.24,1.56,2.92,177.31,269.69,118.21,19.72,0.09804,0.10073,0.05545,250,4200,SKF 6314
2026-04-29 22:00:00,C-118,Compresseur à vis,compresseur,4.011,7.461,21.86,4288.9,1483,63.3,B,normal,3.35,8.96,1.82,3.73,96.89,150.28,63.27,9.69,0.11691,0.05744,0.04026,500,6800,SKF 7314
2026-04-29 22:00:00,V-302,Ventilateur tirage,ventilateur,1.459,2.839,8.405,1649.1,979,40.4,A,normal,3.18,3.09,1.52,3.28,68.2,94.96,44.22,6.82,0.14097,0.0786,0.0485,75,1800,SKF 22216
2026-04-29 22:00:00,M-019,Moteur électrique 400kW,moteur_electrique,5.789,10.11,30.193,5923.9,1488,65.7,C,alerte,4.62,17.85,1.95,3.72,90.02,133.18,60.02,9.99,0.11229,0.1652,0.03077,400,5500,SKF 6320
2026-04-29 22:00:00,R-077,Réducteur convoyeur,reducteur,2.029,3.457,11.078,2173.5,713,45.2,A,normal,3.17,4.29,1.64,3.04,52.52,66.31,35.06,5.25,0.11912,0.07269,0.04334,55,950,SKF 2312
2026-04-29 22:00:00,P-311,Pompe centrifuge BP,pompe_centrifuge,10.684,19.39,58.558,11489.1,2959,71.1,D,danger,4.6,32.78,1.14,5.09,175.07,268.78,116.39,19.48,0.21022,0.03956,0.03344,180,3100,SKF 6312
2026-04-29 23:00:00,P-204,Pompe centrifuge HP,pompe_centrifuge,1.978,3.215,9.153,1795.8,2975,48.5,A,normal,2.9,3.82,1.48,3.56,177.01,269.24,118.01,19.68,0.14723,0.11965,0.05121,250,4200,SKF 6314
2026-04-29 23:00:00,C-118,Compresseur à vis,compresseur,3.306,6.183,18.252,3581.0,1483,61.3,B,normal,3.59,7.91,1.7,2.96,96.89,150.28,63.27,9.69,0.26156,0.06531,0.05755,500,6800,SKF 7314
2026-04-29 23:00:00,V-302,Ventilateur tirage,ventilateur,1.377,2.206,5.894,1156.4,974,42.8,A,normal,3.62,3.32,1.94,3.04,67.86,94.48,43.99,6.79,0.12538,0.09348,0.04795,75,1800,SKF 22216
2026-04-29 23:00:00,M-019,Moteur électrique 400kW,moteur_electrique,5.321,9.796,28.587,5608.8,1494,64.6,C,alerte,3.87,13.72,1.62,3.8,90.39,133.71,60.26,10.03,0.10954,0.11974,0.04411,400,5500,SKF 6320
2026-04-29 23:00:00,R-077,Réducteur convoyeur,reducteur,1.554,2.658,8.058,1581.0,715,43.7,A,normal,3.87,4.01,1.55,2.93,52.67,66.5,35.15,5.27,0.1186,0.08119,0.04571,55,950,SKF 2312
2026-04-29 23:00:00,P-311,Pompe centrifuge BP,pompe_centrifuge,8.389,15.382,46.255,9075.2,2968,66.8,D,danger,4.5,25.15,1.64,3.61,175.61,269.59,116.74,19.54,0.23306,0.05035,0.06472,180,3100,SKF 6312
2026-04-30 00:00:00,P-204,Pompe centrifuge HP,pompe_centrifuge,2.08,3.269,9.286,1821.9,2982,49.2,A,normal,3.42,4.74,2.24,5.02,177.43,269.87,118.29,19.73,0.11754,0.09136,0.04956,250,4200,SKF 6314
2026-04-30 00:00:00,C-118,Compresseur à vis,compresseur,3.831,6.838,20.532,4028.4,1482,62.7,B,normal,3.55,9.07,1.96,4.17,96.82,150.18,63.23,9.68,0.16875,0.09231,0.03577,500,6800,SKF 7314
2026-04-30 00:00:00,V-302,Ventilateur tirage,ventilateur,1.511,2.781,7.952,1560.2,978,46.7,A,normal,3.21,3.23,2.04,3.62,68.13,94.87,44.17,6.81,0.12162,0.09081,0.05344,75,1800,SKF 22216
2026-04-30 00:00:00,M-019,Moteur électrique 400kW,moteur_electrique,6.207,11.19,33.252,6524.0,1491,64.4,C,alerte,4.65,19.26,2.38,3.51,90.21,133.44,60.14,10.01,0.11802,0.08094,0.04443,400,5500,SKF 6320
2026-04-30 00:00:00,R-077,Réducteur convoyeur,reducteur,1.247,2.852,9.648,1892.9,718,41.4,A,normal,2.93,2.44,1.93,2.76,52.89,66.77,35.3,5.29,0.12574,0.07472,0.04557,55,950,SKF 2312
2026-04-30 00:00:00,P-311,Pompe centrifuge BP,pompe_centrifuge,7.751,13.726,40.788,8002.6,2960,63.0,D,danger,4.13,21.34,1.97,4.35,175.13,268.87,116.43,19.49,0.11363,0.1618,0.0399,180,3100,SKF 6312
2026-04-30 01:00:00,P-204,Pompe centrifuge HP,pompe_centrifuge,2.227,3.822,9.881,1938.7,2977,51.0,A,normal,3.19,4.73,1.54,4.38,177.13,269.42,118.09,19.7,0.11077,0.09818,0.05107,250,4200,SKF 6314
2026-04-30 01:00:00,C-118,Compresseur à vis,compresseur,3.974,7.666,23.882,4685.6,1479,63.6,B,normal,3.56,9.42,1.18,4.6,96.63,149.87,63.1,9.66,0.12654,0.05685,0.07302,500,6800,SKF 7314
2026-04-30 01:00:00,V-302,Ventilateur tirage,ventilateur,1.655,3.26,10.81,2120.9,982,45.3,A,normal,3.45,3.8,1.94,2.7,68.41,95.25,44.35,6.84,0.13379,0.06842,0.04739,75,1800,SKF 22216
2026-04-30 01:00:00,M-019,Moteur électrique 400kW,moteur_electrique,5.097,8.636,26.025,5106.1,1485,60.5,C,alerte,3.55,12.07,1.95,3.82,89.84,132.91,59.89,9.97,0.1762,0.07417,0.03848,400,5500,SKF 6320
2026-04-30 01:00:00,R-077,Réducteur convoyeur,reducteur,1.273,2.066,6.331,1242.1,717,39.7,A,normal,3.21,2.73,2.42,3.46,52.82,66.68,35.25,5.28,0.15845,0.0827,0.04967,55,950,SKF 2312
2026-04-30 01:00:00,P-311,Pompe centrifuge BP,pompe_centrifuge,11.497,20.636,61.301,12027.3,2960,72.8,D,danger,3.81,29.2,1.8,5.16,175.13,268.87,116.43,19.49,0.06906,0.02994,0.10578,180,3100,SKF 6312
2026-04-30 02:00:00,P-204,Pompe centrifuge HP,pompe_centrifuge,2.596,5.142,14.284,2802.5,2986,51.9,B,normal,4.14,7.17,2.31,3.42,177.67,270.23,118.44,19.76,0.12578,0.07644,0.05916,250,4200,SKF 6314
2026-04-30 02:00:00,C-118,Compresseur à vis,compresseur,3.397,5.512,17.484,3430.4,1482,60.3,B,normal,3.17,7.17,1.52,3.81,96.82,150.18,63.23,9.68,0.13874,0.06328,0.05919,500,6800,SKF 7314
2026-04-30 02:00:00,V-302,Ventilateur tirage,ventilateur,1.888,3.456,11.233,2203.9,981,41.7,A,normal,3.59,4.51,2.15,3.09,68.34,95.16,44.31,6.83,0.12608,0.11081,0.04835,75,1800,SKF 22216
2026-04-30 02:00:00,M-019,Moteur électrique 400kW,moteur_electrique,5.913,11.035,32.962,6467.1,1493,64.8,C,alerte,4.3,16.95,1.24,4.37,90.33,133.62,60.22,10.03,0.12405,0.08644,0.0401,400,5500,SKF 6320
2026-04-30 02:00:00,R-077,Réducteur convoyeur,reducteur,1.172,1.656,5.773,1132.7,729,43.0,A,normal,3.4,2.66,1.96,4.04,53.7,67.8,35.84,5.37,0.13222,0.09046,0.0466,55,950,SKF 2312
2026-04-30 02:00:00,P-311,Pompe centrifuge BP,pompe_centrifuge,9.778,17.37,52.835,10366.2,2948,65.9,D,danger,4.62,30.14,1.63,4.04,174.42,267.78,115.95,19.41,0.19841,0.06943,0.05808,180,3100,SKF 6312
2026-04-30 03:00:00,P-204,Pompe centrifuge HP,pompe_centrifuge,2.762,4.562,14.734,2890.8,2974,53.0,B,normal,3.54,6.52,1.59,4.92,176.95,269.15,117.97,19.68,0.12443,0.08331,0.05507,250,4200,SKF 6314
2026-04-30 03:00:00,C-118,Compresseur à vis,compresseur,3.488,6.176,18.443,3618.5,1479,65.0,B,normal,3.59,8.34,1.3,3.6,96.63,149.87,63.1,9.66,0.13114,0.08708,0.0438,500,6800,SKF 7314
2026-04-30 03:00:00,V-302,Ventilateur tirage,ventilateur,1.359,2.648,8.98,1761.9,979,42.7,A,normal,3.12,2.83,1.45,3.84,68.2,94.96,44.22,6.82,0.12878,0.07321,0.04394,75,1800,SKF 22216
2026-04-30 03:00:00,M-019,Moteur électrique 400kW,moteur_electrique,6.347,11.61,35.33,6931.7,1491,69.1,C,alerte,4.69,19.85,1.75,3.43,90.21,133.44,60.14,10.01,0.09783,0.10159,0.03399,400,5500,SKF 6320
2026-04-30 03:00:00,R-077,Réducteur convoyeur,reducteur,1.58,2.899,8.254,1619.4,721,44.3,A,normal,3.5,3.69,1.87,3.13,53.11,67.05,35.45,5.31,0.11498,0.08598,0.04732,55,950,SKF 2312
2026-04-30 03:00:00,P-311,Pompe centrifuge BP,pompe_centrifuge,12.045,21.649,66.47,13041.4,2959,74.9,D,danger,5.42,43.49,1.84,5.38,175.07,268.78,116.39,19.48,0.25586,0.57255,0.03238,180,3100,SKF 6312
2026-04-30 04:00:00,P-204,Pompe centrifuge HP,pompe_centrifuge,2.807,5.269,14.969,2936.9,2977,47.6,B,normal,3.34,6.24,1.98,3.53,177.13,269.42,118.09,19.7,0.11469,0.11141,0.05607,250,4200,SKF 6314
2026-04-30 04:00:00,C-118,Compresseur à vis,compresseur,4.012,7.501,23.019,4516.3,1483,63.9,B,normal,4.05,10.84,1.74,4.29,96.89,150.28,63.27,9.69,0.12826,0.0615,0.03701,500,6800,SKF 7314
2026-04-30 04:00:00,V-302,Ventilateur tirage,ventilateur,1.491,2.938,8.051,1579.6,984,44.0,A,normal,3.65,3.63,1.51,1.96,68.55,95.45,44.44,6.86,0.17523,0.07718,0.0573,75,1800,SKF 22216
2026-04-30 04:00:00,M-019,Moteur électrique 400kW,moteur_electrique,7.23,12.748,37.193,7297.3,1483,66.2,D,danger,4.19,20.18,1.7,4.64,89.72,132.73,59.81,9.96,0.26827,0.03842,0.03555,400,5500,SKF 6320
2026-04-30 04:00:00,R-077,Réducteur convoyeur,reducteur,1.674,3.206,9.134,1792.1,717,42.6,A,normal,4.21,4.7,1.44,3.46,52.82,66.68,35.25,5.28,0.11438,0.07902,0.0515,55,950,SKF 2312
2026-04-30 04:00:00,P-311,Pompe centrifuge BP,pompe_centrifuge,10.747,19.562,57.975,11374.7,2954,70.2,D,danger,4.21,30.16,1.49,5.95,174.78,268.32,116.19,19.45,0.11147,0.02897,0.05749,180,3100,SKF 6312
2026-04-30 05:00:00,P-204,Pompe centrifuge HP,pompe_centrifuge,2.619,4.921,16.426,3222.8,2981,52.5,B,normal,3.12,5.45,1.48,4.19,177.37,269.78,118.25,19.72,0.1331,0.07296,0.05133,250,4200,SKF 6314
2026-04-30 05:00:00,C-118,Compresseur à vis,compresseur,3.874,7.048,20.353,3993.3,1491,61.7,B,normal,4.46,11.53,1.52,2.57,97.41,151.09,63.62,9.74,0.11909,0.07809,0.06285,500,6800,SKF 7314
2026-04-30 05:00:00,V-302,Ventilateur tirage,ventilateur,1.785,3.362,10.457,2051.7,979,43.9,A,normal,3.43,4.09,1.62,2.97,68.2,94.96,44.22,6.82,0.12704,0.07889,0.0433,75,1800,SKF 22216
2026-04-30 05:00:00,M-019,Moteur électrique 400kW,moteur_electrique,6.219,10.834,33.808,6633.1,1494,66.4,C,alerte,4.06,16.82,1.88,3.17,90.39,133.71,60.26,10.03,0.10913,0.10781,0.05392,400,5500,SKF 6320
2026-04-30 05:00:00,R-077,Réducteur convoyeur,reducteur,1.421,2.753,7.963,1562.3,722,42.2,A,normal,3.84,3.64,2.26,2.66,53.19,67.15,35.5,5.32,0.13512,0.07242,0.05193,55,950,SKF 2312
2026-04-30 05:00:00,P-311,Pompe centrifuge BP,pompe_centrifuge,10.798,19.492,58.639,11505.0,2964,70.2,D,danger,4.4,31.64,1.61,4.37,175.37,269.23,116.58,19.51,0.06357,0.15399,0.14511,180,3100,SKF 6312
2026-04-30 06:00:00,P-204,Pompe centrifuge HP,pompe_centrifuge,2.184,3.957,10.884,2135.4,2986,49.1,A,normal,3.14,4.57,1.52,2.8,177.67,270.23,118.44,19.76,0.14555,0.06816,0.04121,250,4200,SKF 6314
2026-04-30 06:00:00,C-118,Compresseur à vis,compresseur,3.765,6.789,19.844,3893.4,1487,61.3,B,normal,4.21,10.57,1.71,2.81,97.15,150.68,63.45,9.72,0.13045,0.06993,0.04891,500,6800,SKF 7314
2026-04-30 06:00:00,V-302,Ventilateur tirage,ventilateur,1.674,2.708,7.154,1403.6,977,44.2,A,normal,3.21,3.58,1.97,4.13,68.06,94.77,44.13,6.81,0.17215,0.08015,0.05255,75,1800,SKF 22216
2026-04-30 06:00:00,M-019,Moteur électrique 400kW,moteur_electrique,7.471,13.625,40.041,7856.0,1493,69.1,D,danger,3.56,17.71,1.94,4.59,90.33,133.62,60.22,10.03,0.1979,0.08948,0.0314,400,5500,SKF 6320
2026-04-30 06:00:00,R-077,Réducteur convoyeur,reducteur,1.788,3.316,9.847,1932.0,724,43.7,A,normal,3.01,3.59,1.79,2.68,53.33,67.33,35.6,5.33,0.17194,0.07583,0.05094,55,950,SKF 2312
2026-04-30 06:00:00,P-311,Pompe centrifuge BP,pompe_centrifuge,10.25,18.007,55.026,10796.1,2963,70.0,D,danger,4.78,32.66,1.68,4.14,175.31,269.14,116.54,19.51,0.27037,0.28408,0.05078,180,3100,SKF 6312
2026-04-30 07:00:00,P-204,Pompe centrifuge HP,pompe_centrifuge,2.511,4.853,14.905,2924.4,2973,49.6,B,normal,4.22,7.07,1.66,3.54,176.89,269.06,117.93,19.67,0.13098,0.10584,0.04521,250,4200,SKF 6314
2026-04-30 07:00:00,C-118,Compresseur à vis,compresseur,4.073,7.346,23.261,4563.8,1482,63.8,B,normal,3.93,10.67,1.49,3.62,96.82,150.18,63.23,9.68,0.09458,0.07727,0.06202,500,6800,SKF 7314
2026-04-30 07:00:00,V-302,Ventilateur tirage,ventilateur,1.988,4.071,10.959,2150.2,983,44.9,A,normal,3.54,4.69,1.99,3.32,68.48,95.35,44.4,6.85,0.14278,0.08182,0.05455,75,1800,SKF 22216
2026-04-30 07:00:00,M-019,Moteur électrique 400kW,moteur_electrique,5.394,9.898,29.522,5792.2,1497,64.8,C,alerte,4.43,15.92,1.74,4.34,90.57,133.98,60.38,10.05,0.41565,0.14279,0.03237,400,5500,SKF 6320
2026-04-30 07:00:00,R-077,Réducteur convoyeur,reducteur,1.519,2.241,6.096,1196.0,710,41.9,A,normal,3.26,3.3,1.63,2.86,52.3,66.03,34.91,5.23,0.11704,0.0812,0.05141,55,950,SKF 2312
2026-04-30 07:00:00,P-311,Pompe centrifuge BP,pompe_centrifuge,12.868,23.335,70.609,13853.5,2966,74.9,D,danger,5.41,46.45,2.18,5.2,175.49,269.41,116.66,19.53,0.08341,0.21372,0.32295,180,3100,SKF 6312
2026-04-30 08:00:00,P-204,Pompe centrifuge HP,pompe_centrifuge,2.847,4.529,13.795,2706.6,2978,50.2,B,normal,3.51,6.67,1.61,3.72,177.19,269.51,118.13,19.7,0.15033,0.08307,0.0643,250,4200,SKF 6314
2026-04-30 08:00:00,C-118,Compresseur à vis,compresseur,4.423,7.57,23.111,4534.4,1486,65.0,B,normal,4.09,12.06,2.01,4.75,97.09,150.58,63.4,9.71,0.14471,0.08371,0.04235,500,6800,SKF 7314
2026-04-30 08:00:00,V-302,Ventilateur tirage,ventilateur,2.101,3.656,11.702,2295.9,986,45.4,A,normal,2.9,4.06,1.76,3.99,68.69,95.64,44.53,6.87,0.15151,0.09289,0.05419,75,1800,SKF 22216
2026-04-30 08:00:00,M-019,Moteur électrique 400kW,moteur_electrique,6.277,11.249,32.25,6327.4,1487,63.1,C,alerte,3.34,13.99,1.99,2.62,89.96,133.09,59.98,9.99,0.10393,0.06306,0.03633,400,5500,SKF 6320
2026-04-30 08:00:00,R-077,Réducteur convoyeur,reducteur,1.665,2.779,9.884,1939.2,722,44.7,A,normal,3.45,3.83,1.76,3.48,53.19,67.15,35.5,5.32,0.12831,0.07561,0.04985,55,950,SKF 2312
2026-04-30 08:00:00,P-311,Pompe centrifuge BP,pompe_centrifuge,11.128,19.592,58.809,11538.3,2959,72.3,D,danger,4.3,31.87,1.74,4.53,175.07,268.78,116.39,19.48,0.18309,0.08999,0.06055,180,3100,SKF 6312
2026-04-30 09:00:00,P-204,Pompe centrifuge HP,pompe_centrifuge,2.739,4.954,12.435,2439.7,2975,53.5,B,normal,3.23,5.9,1.91,3.82,177.01,269.24,118.01,19.68,0.08649,0.09903,0.04747,250,4200,SKF 6314
2026-04-30 09:00:00,C-118,Compresseur à vis,compresseur,3.92,6.76,20.68,4057.4,1491,62.5,B,normal,4.11,10.74,2.01,4.86,97.41,151.09,63.62,9.74,0.12094,0.08961,0.08037,500,6800,SKF 7314
2026-04-30 09:00:00,V-302,Ventilateur tirage,ventilateur,1.806,3.283,9.952,1952.6,973,45.3,A,normal,3.86,4.64,1.69,3.26,67.79,94.38,43.95,6.78,0.14102,0.0744,0.05521,75,1800,SKF 22216
2026-04-30 09:00:00,M-019,Moteur électrique 400kW,moteur_electrique,6.469,11.469,34.835,6834.6,1495,65.4,C,alerte,4.19,18.05,1.91,4.06,90.45,133.8,60.3,10.04,0.10488,0.16033,0.03987,400,5500,SKF 6320
2026-04-30 09:00:00,R-077,Réducteur convoyeur,reducteur,1.772,2.471,7.945,1558.8,721,42.8,A,normal,3.13,3.7,1.63,2.59,53.11,67.05,35.45,5.31,0.15795,0.09614,0.05098,55,950,SKF 2312
2026-04-30 09:00:00,P-311,Pompe centrifuge BP,pompe_centrifuge,12.285,21.837,66.231,12994.5,2967,70.1,D,danger,4.11,33.7,1.67,4.96,175.55,269.5,116.7,19.53,0.43241,0.09319,0.17727,180,3100,SKF 6312
2026-04-30 10:00:00,P-204,Pompe centrifuge HP,pompe_centrifuge,2.845,4.457,13.312,2611.8,2984,51.1,B,normal,3.25,6.17,2.21,3.96,177.55,270.05,118.37,19.74,0.19965,0.10031,0.04681,250,4200,SKF 6314
2026-04-30 10:00:00,C-118,Compresseur à vis,compresseur,4.138,7.259,23.555,4621.5,1491,63.1,B,normal,4.5,12.4,1.48,2.7,97.41,151.09,63.62,9.74,0.15921,0.10082,0.05118,500,6800,SKF 7314
2026-04-30 10:00:00,V-302,Ventilateur tirage,ventilateur,2.055,3.702,11.001,2158.4,976,46.4,A,normal,4.55,6.23,1.99,2.41,67.99,94.67,44.08,6.8,0.15908,0.08489,0.05096,75,1800,SKF 22216
2026-04-30 10:00:00,M-019,Moteur électrique 400kW,moteur_electrique,6.517,11.006,32.403,6357.5,1493,66.8,C,alerte,4.11,17.87,1.8,4.54,90.33,133.62,60.22,10.03,0.0756,0.06086,0.05569,400,5500,SKF 6320
2026-04-30 10:00:00,R-077,Réducteur convoyeur,reducteur,1.795,3.121,8.914,1748.9,729,42.9,A,normal,4.68,5.59,1.91,3.73,53.7,67.8,35.84,5.37,0.13976,0.09333,0.045,55,950,SKF 2312
2026-04-30 10:00:00,P-311,Pompe centrifuge BP,pompe_centrifuge,13.83,24.806,73.37,14395.2,2952,79.4,D,danger,5.26,48.49,1.99,4.48,174.66,268.14,116.11,19.43,0.33345,0.0171,0.03942,180,3100,SKF 6312
2026-04-30 11:00:00,P-204,Pompe centrifuge HP,pompe_centrifuge,2.869,5.217,16.897,3315.2,2979,52.8,B,normal,3.96,7.58,1.95,2.41,177.25,269.6,118.17,19.71,0.10049,0.08019,0.05442,250,4200,SKF 6314
2026-04-30 11:00:00,C-118,Compresseur à vis,compresseur,4.112,7.015,20.431,4008.6,1488,65.7,B,normal,3.73,10.23,1.63,2.44,97.22,150.78,63.49,9.72,0.09609,0.07798,0.03732,500,6800,SKF 7314
2026-04-30 11:00:00,V-302,Ventilateur tirage,ventilateur,2.066,3.583,10.829,2124.6,977,44.8,A,normal,2.92,4.02,1.48,2.45,68.06,94.77,44.13,6.81,0.12222,0.10427,0.05339,75,1800,SKF 22216
2026-04-30 11:00:00,M-019,Moteur électrique 400kW,moteur_electrique,5.714,10.122,30.198,5924.8,1497,64.6,C,alerte,3.72,14.15,1.26,4.55,90.57,133.98,60.38,10.05,0.07153,0.10562,0.05668,400,5500,SKF 6320
2026-04-30 11:00:00,R-077,Réducteur convoyeur,reducteur,1.692,2.928,8.176,1604.1,731,46.7,A,normal,3.8,4.29,1.55,3.02,53.85,67.98,35.94,5.39,0.12657,0.09221,0.05368,55,950,SKF 2312
2026-04-30 11:00:00,P-311,Pompe centrifuge BP,pompe_centrifuge,12.515,22.332,66.918,13129.3,2957,74.3,D,danger,4.62,38.56,1.8,3.8,174.96,268.59,116.31,19.47,0.12112,0.13521,0.04781,180,3100,SKF 6312
2026-04-30 12:00:00,P-204,Pompe centrifuge HP,pompe_centrifuge,2.412,4.509,13.808,2709.1,2980,51.3,B,normal,3.29,5.29,1.76,3.54,177.31,269.69,118.21,19.72,0.10357,0.07983,0.05568,250,4200,SKF 6314
2026-04-30 12:00:00,C-118,Compresseur à vis,compresseur,3.736,6.87,19.688,3862.8,1491,60.9,B,normal,3.84,9.56,1.69,3.13,97.41,151.09,63.62,9.74,0.16508,0.09055,0.04208,500,6800,SKF 7314
2026-04-30 12:00:00,V-302,Ventilateur tirage,ventilateur,2.105,3.766,11.524,2261.0,981,44.2,A,normal,3.67,5.15,1.59,2.72,68.34,95.16,44.31,6.83,0.10047,0.09584,0.06418,75,1800,SKF 22216
2026-04-30 12:00:00,M-019,Moteur électrique 400kW,moteur_electrique,5.973,10.474,32.072,6292.5,1492,62.8,C,alerte,3.85,15.32,2.12,4.05,90.27,133.53,60.18,10.02,0.10909,0.10239,0.06847,400,5500,SKF 6320
2026-04-30 12:00:00,R-077,Réducteur convoyeur,reducteur,1.684,2.581,8.251,1618.8,722,46.0,A,normal,3.48,3.91,1.65,2.88,53.19,67.15,35.5,5.32,0.12631,0.07904,0.0436,55,950,SKF 2312
2026-04-30 12:00:00,P-311,Pompe centrifuge BP,pompe_centrifuge,10.862,19.933,57.915,11362.9,2956,71.9,D,danger,5.06,36.67,1.63,4.87,174.9,268.5,116.27,19.46,0.51182,0.07559,0.11705,180,3100,SKF 6312
2026-04-30 13:00:00,P-204,Pompe centrifuge HP,pompe_centrifuge,2.306,3.604,8.876,1741.5,2975,51.6,B,normal,2.33,3.58,1.49,3.37,177.01,269.24,118.01,19.68,0.16694,0.07933,0.05691,250,4200,SKF 6314
2026-04-30 13:00:00,C-118,Compresseur à vis,compresseur,3.955,7.219,21.311,4181.2,1478,61.9,B,normal,3.24,8.55,1.4,4.29,96.56,149.77,63.06,9.66,0.09273,0.08905,0.0404,500,6800,SKF 7314
2026-04-30 13:00:00,V-302,Ventilateur tirage,ventilateur,1.291,2.399,7.792,1528.8,974,43.9,A,normal,3.06,2.64,1.92,3.73,67.86,94.48,43.99,6.79,0.13278,0.09782,0.05239,75,1800,SKF 22216
2026-04-30 13:00:00,M-019,Moteur électrique 400kW,moteur_electrique,6.181,11.202,32.789,6433.2,1489,65.8,C,alerte,4.46,18.39,1.96,4.23,90.08,133.27,60.06,10.0,0.08439,0.11947,0.02537,400,5500,SKF 6320
2026-04-30 13:00:00,R-077,Réducteur convoyeur,reducteur,1.731,3.084,8.968,1759.5,727,44.9,A,normal,3.35,3.86,2.04,2.27,53.56,67.61,35.74,5.36,0.13719,0.07736,0.04706,55,950,SKF 2312
2026-04-30 13:00:00,P-311,Pompe centrifuge BP,pompe_centrifuge,12.295,22.648,67.396,13223.1,2964,75.6,D,danger,4.7,38.49,2.72,5.06,175.37,269.23,116.58,19.51,0.15884,0.0951,0.10076,180,3100,SKF 6312
2026-04-30 14:00:00,P-204,Pompe centrifuge HP,pompe_centrifuge,3.647,6.387,18.384,3606.9,2976,54.1,B,normal,3.44,8.36,1.72,3.81,177.07,269.33,118.05,19.69,0.225,0.11347,0.04174,250,4200,SKF 6314
2026-04-30 14:00:00,C-118,Compresseur à vis,compresseur,4.351,7.669,23.517,4614.0,1488,62.3,B,normal,3.38,9.81,2.03,4.24,97.22,150.78,63.49,9.72,0.13295,0.09231,0.03995,500,6800,SKF 7314
2026-04-30 14:00:00,V-302,Ventilateur tirage,ventilateur,2.107,3.551,11.58,2272.0,984,43.3,A,normal,3.97,5.58,1.79,4.13,68.55,95.45,44.44,6.86,0.15749,0.0778,0.04804,75,1800,SKF 22216
2026-04-30 14:00:00,M-019,Moteur électrique 400kW,moteur_electrique,6.963,12.322,37.11,7281.0,1488,69.8,C,alerte,3.96,18.36,1.64,3.33,90.02,133.18,60.02,9.99,0.22069,0.16049,0.05121,400,5500,SKF 6320
2026-04-30 14:00:00,R-077,Réducteur convoyeur,reducteur,1.981,4.094,11.458,2248.1,720,46.1,A,normal,3.51,4.63,1.82,3.86,53.04,66.96,35.4,5.3,0.10475,0.09708,0.04857,55,950,SKF 2312
2026-04-30 14:00:00,P-311,Pompe centrifuge BP,pompe_centrifuge,11.045,20.074,60.093,11790.2,2959,70.3,D,danger,4.61,33.91,1.81,4.49,175.07,268.78,116.39,19.48,0.12654,0.02,0.07312,180,3100,SKF 6312
2026-04-30 15:00:00,P-204,Pompe centrifuge HP,pompe_centrifuge,2.605,4.675,13.379,2625.0,2983,50.5,B,normal,3.96,6.88,2.04,3.94,177.49,269.96,118.33,19.74,0.11594,0.05406,0.05168,250,4200,SKF 6314
2026-04-30 15:00:00,C-118,Compresseur à vis,compresseur,4.196,7.838,24.614,4829.3,1483,64.4,B,normal,3.94,11.03,1.91,2.39,96.89,150.28,63.27,9.69,0.15284,0.0957,0.05113,500,6800,SKF 7314
2026-04-30 15:00:00,V-302,Ventilateur tirage,ventilateur,2.196,3.791,11.467,2249.8,989,45.3,A,normal,4.05,5.93,1.64,3.33,68.9,95.93,44.67,6.89,0.13324,0.09456,0.04627,75,1800,SKF 22216
2026-04-30 15:00:00,M-019,Moteur électrique 400kW,moteur_electrique,7.04,12.554,38.956,7643.2,1488,63.9,C,alerte,3.9,18.33,1.59,2.96,90.02,133.18,60.02,9.99,0.3008,0.05513,0.03169,400,5500,SKF 6320
2026-04-30 15:00:00,R-077,Réducteur convoyeur,reducteur,1.549,3.171,10.852,2129.2,723,44.2,A,normal,3.34,3.44,2.07,1.94,53.26,67.24,35.55,5.33,0.17997,0.10153,0.05458,55,950,SKF 2312
2026-04-30 15:00:00,P-311,Pompe centrifuge BP,pompe_centrifuge,11.979,21.676,66.489,13045.1,2960,74.0,D,danger,3.97,31.68,1.38,5.73,175.13,268.87,116.43,19.49,0.05461,0.03525,0.20858,180,3100,SKF 6312
2026-04-30 16:00:00,P-204,Pompe centrifuge HP,pompe_centrifuge,2.676,4.593,14.873,2918.1,2988,51.0,B,normal,2.85,5.09,2.09,3.38,177.79,270.41,118.52,19.77,0.11309,0.10039,0.04667,250,4200,SKF 6314
2026-04-30 16:00:00,C-118,Compresseur à vis,compresseur,4.071,7.886,23.695,4649.0,1481,62.4,B,normal,4.11,11.15,1.49,3.02,96.76,150.07,63.19,9.68,0.16261,0.07994,0.05641,500,6800,SKF 7314
2026-04-30 16:00:00,V-302,Ventilateur tirage,ventilateur,2.024,3.63,11.725,2300.4,981,45.6,A,normal,3.52,4.75,1.54,3.62,68.34,95.16,44.31,6.83,0.11302,0.08879,0.04824,75,1800,SKF 22216
2026-04-30 16:00:00,M-019,Moteur électrique 400kW,moteur_electrique,6.071,10.552,31.577,6195.4,1499,66.4,C,alerte,4.24,17.15,1.76,4.23,90.69,134.16,60.46,10.07,0.08236,0.0902,0.06173,400,5500,SKF 6320
2026-04-30 16:00:00,R-077,Réducteur convoyeur,reducteur,1.622,2.84,8.003,1570.2,730,41.8,A,normal,2.44,2.64,1.16,3.48,53.78,67.89,35.89,5.38,0.14109,0.0849,0.05091,55,950,SKF 2312
2026-04-30 16:00:00,P-311,Pompe centrifuge BP,pompe_centrifuge,8.573,15.71,45.953,9016.0,2961,64.1,D,danger,4.33,24.74,2.29,4.44,175.19,268.96,116.47,19.49,0.23563,0.17742,0.04257,180,3100,SKF 6312
2026-04-30 17:00:00,P-204,Pompe centrifuge HP,pompe_centrifuge,2.641,4.88,14.341,2813.7,2989,52.3,B,normal,3.74,6.58,1.51,3.5,177.85,270.5,118.56,19.78,0.15033,0.06176,0.04939,250,4200,SKF 6314
2026-04-30 17:00:00,C-118,Compresseur à vis,compresseur,2.879,5.427,15.449,3031.1,1482,60.0,B,normal,2.84,5.44,1.86,3.31,96.82,150.18,63.23,9.68,0.12856,0.09674,0.05065,500,6800,SKF 7314
2026-04-30 17:00:00,V-302,Ventilateur tirage,ventilateur,1.826,3.994,11.598,2275.5,983,44.4,A,normal,3.14,3.82,2.05,3.08,68.48,95.35,44.4,6.85,0.11916,0.08175,0.04639,75,1800,SKF 22216
2026-04-30 17:00:00,M-019,Moteur électrique 400kW,moteur_electrique,6.643,11.368,33.94,6659.0,1486,66.0,C,alerte,3.95,17.48,1.72,3.75,89.9,133.0,59.94,9.98,0.21068,0.18051,0.06869,400,5500,SKF 6320
2026-04-30 17:00:00,R-077,Réducteur convoyeur,reducteur,1.36,2.422,8.271,1622.8,726,41.5,A,normal,3.7,3.36,2.23,3.68,53.48,67.52,35.7,5.35,0.12763,0.07299,0.04577,55,950,SKF 2312
2026-04-30 17:00:00,P-311,Pompe centrifuge BP,pompe_centrifuge,9.985,17.672,53.032,10404.9,2960,66.4,D,danger,5.15,34.27,1.4,4.71,175.13,268.87,116.43,19.49,0.55915,0.10186,0.01983,180,3100,SKF 6312
2026-04-30 18:00:00,P-204,Pompe centrifuge HP,pompe_centrifuge,2.782,5.45,15.148,2972.0,2968,50.9,B,normal,3.08,5.72,2.29,4.03,176.6,268.6,117.73,19.64,0.10872,0.10617,0.04792,250,4200,SKF 6314
2026-04-30 18:00:00,C-118,Compresseur à vis,compresseur,4.173,8.059,23.259,4563.4,1489,61.5,B,normal,4.58,12.74,1.78,4.47,97.28,150.89,63.53,9.73,0.1239,0.09329,0.06445,500,6800,SKF 7314
2026-04-30 18:00:00,V-302,Ventilateur tirage,ventilateur,2.437,4.169,12.414,2435.6,986,48.0,B,normal,3.61,5.87,1.83,3.66,68.69,95.64,44.53,6.87,0.10316,0.08409,0.04126,75,1800,SKF 22216
2026-04-30 18:00:00,M-019,Moteur électrique 400kW,moteur_electrique,6.499,11.556,34.622,6792.8,1498,64.4,C,alerte,3.88,16.81,1.55,4.18,90.63,134.07,60.42,10.06,0.17008,0.12459,0.08453,400,5500,SKF 6320
2026-04-30 18:00:00,R-077,Réducteur convoyeur,reducteur,2.086,3.522,10.591,2078.0,711,43.9,A,normal,3.54,4.92,1.56,3.89,52.38,66.12,34.96,5.24,0.13214,0.07397,0.04677,55,950,SKF 2312
2026-04-30 18:00:00,P-311,Pompe centrifuge BP,pompe_centrifuge,12.52,22.524,68.061,13353.6,2959,74.9,D,danger,3.75,31.32,2.57,4.37,175.07,268.78,116.39,19.48,0.02374,0.21361,0.0491,180,3100,SKF 6312
2026-04-30 19:00:00,P-204,Pompe centrifuge HP,pompe_centrifuge,2.882,4.817,14.744,2892.8,2981,54.5,B,normal,3.2,6.14,2.04,3.9,177.37,269.78,118.25,19.72,0.13568,0.07971,0.04733,250,4200,SKF 6314
2026-04-30 19:00:00,C-118,Compresseur à vis,compresseur,3.888,7.161,21.138,4147.3,1486,63.1,B,normal,3.23,8.36,1.94,3.63,97.09,150.58,63.4,9.71,0.10087,0.09879,0.07028,500,6800,SKF 7314
2026-04-30 19:00:00,V-302,Ventilateur tirage,ventilateur,2.033,3.102,9.442,1852.5,980,45.5,A,normal,3.27,4.44,1.25,3.38,68.27,95.06,44.26,6.83,0.13458,0.07035,0.04823,75,1800,SKF 22216
2026-04-30 19:00:00,M-019,Moteur électrique 400kW,moteur_electrique,6.44,11.256,33.629,6598.0,1491,65.2,C,alerte,4.05,17.4,1.42,3.65,90.21,133.44,60.14,10.01,0.31205,0.07561,0.0629,400,5500,SKF 6320
2026-04-30 19:00:00,R-077,Réducteur convoyeur,reducteur,1.714,3.513,9.918,1945.9,713,43.6,A,normal,3.8,4.34,1.9,2.91,52.52,66.31,35.06,5.25,0.13241,0.07255,0.05247,55,950,SKF 2312
2026-04-30 19:00:00,P-311,Pompe centrifuge BP,pompe_centrifuge,9.525,17.267,51.195,10044.5,2959,67.5,D,danger,4.54,28.85,1.44,3.84,175.07,268.78,116.39,19.48,0.3143,0.06078,0.03338,180,3100,SKF 6312
2026-04-30 20:00:00,P-204,Pompe centrifuge HP,pompe_centrifuge,3.02,5.176,17.658,3464.5,2980,53.7,B,normal,3.38,6.81,2.53,3.14,177.31,269.69,118.21,19.72,0.13868,0.05661,0.04724,250,4200,SKF 6314
2026-04-30 20:00:00,C-118,Compresseur à vis,compresseur,3.822,6.211,19.312,3789.0,1488,64.8,B,normal,3.23,8.23,1.69,3.98,97.22,150.78,63.49,9.72,0.12738,0.07044,0.0506,500,6800,SKF 7314
2026-04-30 20:00:00,V-302,Ventilateur tirage,ventilateur,2.015,3.963,11.393,2235.3,974,47.5,A,normal,3.39,4.56,1.63,4.04,67.86,94.48,43.99,6.79,0.14986,0.09844,0.04805,75,1800,SKF 22216
2026-04-30 20:00:00,M-019,Moteur électrique 400kW,moteur_electrique,5.789,10.467,30.889,6060.4,1493,64.5,C,alerte,3.11,12.02,1.34,4.77,90.33,133.62,60.22,10.03,0.08408,0.08035,0.05145,400,5500,SKF 6320
2026-04-30 20:00:00,R-077,Réducteur convoyeur,reducteur,1.144,1.994,4.852,952.0,716,39.5,A,normal,3.16,2.41,1.83,3.17,52.75,66.59,35.2,5.27,0.14228,0.07247,0.05653,55,950,SKF 2312
2026-04-30 20:00:00,P-311,Pompe centrifuge BP,pompe_centrifuge,9.733,17.261,49.496,9711.1,2963,65.0,D,danger,4.64,30.09,2.19,4.16,175.31,269.14,116.54,19.51,0.04973,0.19271,0.05172,180,3100,SKF 6312
2026-04-30 21:00:00,P-204,Pompe centrifuge HP,pompe_centrifuge,3.41,6.146,18.369,3604.0,2978,55.3,B,normal,3.89,8.84,2.2,3.16,177.19,269.51,118.13,19.7,0.12057,0.05984,0.03725,250,4200,SKF 6314
2026-04-30 21:00:00,C-118,Compresseur à vis,compresseur,4.441,7.068,20.679,4057.2,1489,65.3,B,normal,3.87,11.47,1.83,3.82,97.28,150.89,63.53,9.73,0.09093,0.08395,0.0426,500,6800,SKF 7314
2026-04-30 21:00:00,V-302,Ventilateur tirage,ventilateur,1.341,2.542,7.811,1532.5,972,42.8,A,normal,3.48,3.11,1.87,3.36,67.72,94.28,43.9,6.77,0.13203,0.08647,0.04701,75,1800,SKF 22216
2026-04-30 21:00:00,M-019,Moteur électrique 400kW,moteur_electrique,6.794,12.034,37.033,7265.9,1489,65.8,C,alerte,3.3,14.93,1.6,4.13,90.08,133.27,60.06,10.0,0.07693,0.21516,0.04205,400,5500,SKF 6320
2026-04-30 21:00:00,R-077,Réducteur convoyeur,reducteur,1.351,2.375,6.73,1320.4,714,44.5,A,normal,2.86,2.58,2.45,4.44,52.6,66.4,35.11,5.26,0.12872,0.06878,0.04858,55,950,SKF 2312
2026-04-30 21:00:00,P-311,Pompe centrifuge BP,pompe_centrifuge,11.03,19.748,58.856,11547.5,2969,71.9,D,danger,4.82,35.47,2.06,4.13,175.67,269.68,116.78,19.55,0.08483,0.0458,0.07796,180,3100,SKF 6312
2026-04-30 22:00:00,P-204,Pompe centrifuge HP,pompe_centrifuge,3.039,5.501,16.454,3228.3,2979,51.8,B,normal,3.97,8.05,1.61,3.55,177.25,269.6,118.17,19.71,0.15719,0.07344,0.04784,250,4200,SKF 6314
2026-04-30 22:00:00,C-118,Compresseur à vis,compresseur,4.414,7.985,24.356,4778.6,1478,65.4,B,normal,4.34,12.77,2.26,3.2,96.56,149.77,63.06,9.66,0.15599,0.06161,0.04716,500,6800,SKF 7314
2026-04-30 22:00:00,V-302,Ventilateur tirage,ventilateur,1.696,3.166,10.338,2028.3,985,43.2,A,normal,3.09,3.5,1.84,3.97,68.62,95.55,44.49,6.86,0.13321,0.06947,0.04419,75,1800,SKF 22216
2026-04-30 22:00:00,M-019,Moteur électrique 400kW,moteur_electrique,4.734,8.826,25.933,5088.1,1491,63.1,C,alerte,3.79,11.96,1.96,3.61,90.21,133.44,60.14,10.01,0.08924,0.11078,0.03959,400,5500,SKF 6320
2026-04-30 22:00:00,R-077,Réducteur convoyeur,reducteur,2.122,3.818,9.891,1940.6,715,43.9,A,normal,3.59,5.09,1.79,2.83,52.67,66.5,35.15,5.27,0.12684,0.07191,0.05058,55,950,SKF 2312
2026-04-30 22:00:00,P-311,Pompe centrifuge BP,pompe_centrifuge,8.459,14.681,43.32,8499.4,2957,64.7,D,danger,3.66,20.61,1.85,3.97,174.96,268.59,116.31,19.47,0.05194,0.14323,0.03856,180,3100,SKF 6312
2026-04-30 23:00:00,P-204,Pompe centrifuge HP,pompe_centrifuge,3.007,5.512,16.749,3286.2,2976,51.3,B,normal,3.59,7.2,1.77,2.69,177.07,269.33,118.05,19.69,0.14521,0.07022,0.05722,250,4200,SKF 6314
2026-04-30 23:00:00,C-118,Compresseur à vis,compresseur,4.884,8.892,25.72,5046.3,1485,64.0,C,alerte,3.74,12.16,2.1,3.85,97.02,150.48,63.36,9.7,0.29873,0.09116,0.03225,500,6800,SKF 7314
2026-04-30 23:00:00,V-302,Ventilateur tirage,ventilateur,2.303,4.035,13.059,2562.2,974,47.6,B,normal,3.54,5.43,1.71,2.78,67.86,94.48,43.99,6.79,0.15076,0.07031,0.04182,75,1800,SKF 22216
2026-04-30 23:00:00,M-019,Moteur électrique 400kW,moteur_electrique,6.941,12.17,35.071,6880.9,1485,67.8,C,alerte,4.51,20.88,1.39,4.78,89.84,132.91,59.89,9.97,0.07045,0.07472,0.06906,400,5500,SKF 6320
2026-04-30 23:00:00,R-077,Réducteur convoyeur,reducteur,1.749,3.568,9.761,1915.1,717,45.8,A,normal,3.0,3.5,1.21,4.4,52.82,66.68,35.25,5.28,0.11591,0.07215,0.04931,55,950,SKF 2312
2026-04-30 23:00:00,P-311,Pompe centrifuge BP,pompe_centrifuge,14.7,26.493,78.985,15496.9,2966,82.5,D,danger,5.23,51.29,2.34,4.04,175.49,269.41,116.66,19.53,0.82321,0.14876,0.17516,180,3100,SKF 6312
2026-05-01 00:00:00,P-204,Pompe centrifuge HP,pompe_centrifuge,2.563,4.533,13.58,2664.4,2983,52.0,B,normal,3.31,5.65,2.02,3.61,177.49,269.96,118.33,19.74,0.22864,0.07181,0.05364,250,4200,SKF 6314
2026-05-01 00:00:00,C-118,Compresseur à vis,compresseur,4.294,8.383,25.201,4944.4,1486,63.2,B,normal,4.4,12.58,2.37,5.2,97.09,150.58,63.4,9.71,0.13076,0.09106,0.03491,500,6800,SKF 7314
2026-05-01 00:00:00,V-302,Ventilateur tirage,ventilateur,2.288,4.392,11.561,2268.3,977,47.8,A,normal,2.9,4.43,1.8,3.92,68.06,94.77,44.13,6.81,0.10715,0.05539,0.0493,75,1800,SKF 22216
2026-05-01 00:00:00,M-019,Moteur électrique 400kW,moteur_electrique,6.138,11.197,33.26,6525.6,1487,67.5,C,alerte,4.38,17.91,1.44,3.68,89.96,133.09,59.98,9.99,0.13872,0.05817,0.03113,400,5500,SKF 6320
2026-05-01 00:00:00,R-077,Réducteur convoyeur,reducteur,2.248,4.081,11.323,2221.6,721,44.0,A,normal,3.41,5.11,1.98,3.0,53.11,67.05,35.45,5.31,0.13612,0.07355,0.04723,55,950,SKF 2312
2026-05-01 00:00:00,P-311,Pompe centrifuge BP,pompe_centrifuge,9.949,17.88,52.283,10257.9,2947,68.2,D,danger,5.18,34.38,1.68,4.69,174.36,267.69,115.92,19.4,0.05489,0.03768,0.03814,180,3100,SKF 6312
2026-05-01 01:00:00,P-204,Pompe centrifuge HP,pompe_centrifuge,2.567,4.321,12.92,2534.9,2984,51.3,B,normal,4.35,7.44,1.75,3.86,177.55,270.05,118.37,19.74,0.12749,0.06427,0.04942,250,4200,SKF 6314
2026-05-01 01:00:00,C-118,Compresseur à vis,compresseur,4.068,7.228,21.576,4233.2,1484,61.6,B,normal,3.43,9.3,1.64,2.81,96.95,150.38,63.32,9.7,0.11305,0.11697,0.04419,500,6800,SKF 7314
2026-05-01 01:00:00,V-302,Ventilateur tirage,ventilateur,2.339,4.201,13.296,2608.7,988,46.3,B,normal,3.65,5.69,1.86,3.86,68.83,95.84,44.62,6.88,0.10787,0.08566,0.05155,75,1800,SKF 22216
2026-05-01 01:00:00,M-019,Moteur électrique 400kW,moteur_electrique,6.167,11.044,33.314,6536.2,1496,68.0,C,alerte,4.07,16.73,1.78,4.59,90.51,133.89,60.34,10.05,0.11938,0.07361,0.04802,400,5500,SKF 6320
2026-05-01 01:00:00,R-077,Réducteur convoyeur,reducteur,1.881,2.495,7.98,1565.7,721,46.5,A,normal,4.01,5.02,2.42,3.67,53.11,67.05,35.45,5.31,0.13504,0.07364,0.04939,55,950,SKF 2312
2026-05-01 01:00:00,P-311,Pompe centrifuge BP,pompe_centrifuge,11.808,21.662,64.058,12568.2,2960,70.1,D,danger,4.32,33.98,2.21,4.69,175.13,268.87,116.43,19.49,0.25866,0.23483,0.02445,180,3100,SKF 6312
2026-05-01 02:00:00,P-204,Pompe centrifuge HP,pompe_centrifuge,3.108,5.775,18.293,3589.1,2977,54.4,B,normal,3.3,6.84,1.74,2.66,177.13,269.42,118.09,19.7,0.13597,0.0703,0.06852,250,4200,SKF 6314
2026-05-01 02:00:00,C-118,Compresseur à vis,compresseur,4.424,7.894,22.844,4482.0,1487,64.2,B,normal,4.19,12.36,2.4,3.18,97.15,150.68,63.45,9.72,0.1149,0.12011,0.04585,500,6800,SKF 7314
2026-05-01 02:00:00,V-302,Ventilateur tirage,ventilateur,2.113,3.49,10.516,2063.2,976,45.4,A,normal,3.16,4.46,1.43,3.09,67.99,94.67,44.08,6.8,0.15524,0.07952,0.06329,75,1800,SKF 22216
2026-05-01 02:00:00,M-019,Moteur électrique 400kW,moteur_electrique,6.645,11.839,35.986,7060.5,1488,65.5,C,alerte,4.05,17.93,1.62,2.98,90.02,133.18,60.02,9.99,0.14048,0.1005,0.07404,400,5500,SKF 6320
2026-05-01 02:00:00,R-077,Réducteur convoyeur,reducteur,1.967,3.545,11.137,2185.1,723,44.2,A,normal,2.86,3.75,1.77,3.68,53.26,67.24,35.55,5.33,0.1092,0.07663,0.04393,55,950,SKF 2312
2026-05-01 02:00:00,P-311,Pompe centrifuge BP,pompe_centrifuge,9.47,16.615,50.683,9944.0,2957,64.6,D,danger,4.02,25.36,1.32,4.1,174.96,268.59,116.31,19.47,0.20906,0.07932,0.03441,180,3100,SKF 6312
2026-05-01 03:00:00,P-204,Pompe centrifuge HP,pompe_centrifuge,2.925,5.592,15.959,3131.2,2985,51.0,B,normal,3.61,7.04,1.93,3.66,177.61,270.14,118.41,19.75,0.16646,0.08838,0.05395,250,4200,SKF 6314
2026-05-01 03:00:00,C-118,Compresseur à vis,compresseur,3.902,7.808,21.515,4221.2,1483,61.4,B,normal,3.7,9.62,1.51,2.86,96.89,150.28,63.27,9.69,0.16784,0.08416,0.07199,500,6800,SKF 7314
2026-05-01 03:00:00,V-302,Ventilateur tirage,ventilateur,2.241,4.179,13.025,2555.5,973,43.6,A,normal,4.0,5.97,1.59,2.79,67.79,94.38,43.95,6.78,0.13009,0.08561,0.0686,75,1800,SKF 22216
2026-05-01 03:00:00,M-019,Moteur électrique 400kW,moteur_electrique,6.377,11.189,33.886,6648.4,1497,66.5,C,alerte,3.54,15.03,1.74,3.86,90.57,133.98,60.38,10.05,0.14886,0.12265,0.03218,400,5500,SKF 6320
2026-05-01 03:00:00,R-077,Réducteur convoyeur,reducteur,1.492,2.233,7.302,1432.7,719,41.5,A,normal,3.35,3.33,1.7,1.71,52.97,66.87,35.35,5.3,0.12687,0.09476,0.04832,55,950,SKF 2312
2026-05-01 03:00:00,P-311,Pompe centrifuge BP,pompe_centrifuge,10.757,19.572,58.942,11564.4,2954,68.7,D,danger,4.2,30.13,2.05,3.24,174.78,268.32,116.19,19.45,0.07988,0.11704,0.02282,180,3100,SKF 6312
2026-05-01 04:00:00,P-204,Pompe centrifuge HP,pompe_centrifuge,2.655,4.834,14.521,2849.0,2980,53.5,B,normal,3.53,6.25,1.9,2.43,177.31,269.69,118.21,19.72,0.12364,0.11298,0.05809,250,4200,SKF 6314
2026-05-01 04:00:00,C-118,Compresseur à vis,compresseur,4.503,8.665,26.533,5205.8,1487,61.7,C,alerte,3.98,11.95,1.62,3.71,97.15,150.68,63.45,9.72,0.1337,0.12678,0.042,500,6800,SKF 7314
2026-05-01 04:00:00,V-302,Ventilateur tirage,ventilateur,2.489,4.674,14.387,2822.7,977,45.4,B,normal,3.73,6.19,1.53,3.47,68.06,94.77,44.13,6.81,0.09767,0.08062,0.04721,75,1800,SKF 22216
2026-05-01 04:00:00,M-019,Moteur électrique 400kW,moteur_electrique,5.529,10.064,30.506,5985.3,1485,62.1,C,alerte,4.27,15.75,1.76,4.6,89.84,132.91,59.89,9.97,0.12369,0.07676,0.05006,400,5500,SKF 6320
2026-05-01 04:00:00,R-077,Réducteur convoyeur,reducteur,1.716,3.038,8.131,1595.3,712,42.4,A,normal,2.94,3.36,1.78,3.49,52.45,66.22,35.01,5.25,0.12576,0.07789,0.05016,55,950,SKF 2312
2026-05-01 04:00:00,P-311,Pompe centrifuge BP,pompe_centrifuge,9.656,17.456,50.477,9903.6,2956,62.9,D,danger,4.44,28.57,2.41,4.43,174.9,268.5,116.27,19.46,0.53322,0.04124,0.01686,180,3100,SKF 6312
2026-05-01 05:00:00,P-204,Pompe centrifuge HP,pompe_centrifuge,2.581,5.286,16.719,3280.3,2992,51.2,B,normal,3.6,6.19,2.12,2.52,178.02,270.78,118.68,19.8,0.09433,0.06719,0.04762,250,4200,SKF 6314
2026-05-01 05:00:00,C-118,Compresseur à vis,compresseur,4.312,7.616,23.124,4536.9,1474,63.5,B,normal,3.89,11.18,1.58,4.11,96.3,149.37,62.89,9.63,0.19781,0.0937,0.04765,500,6800,SKF 7314
2026-05-01 05:00:00,V-302,Ventilateur tirage,ventilateur,1.579,3.318,10.032,1968.3,985,43.3,A,normal,3.73,3.93,1.63,3.52,68.62,95.55,44.49,6.86,0.12058,0.09519,0.04791,75,1800,SKF 22216
2026-05-01 05:00:00,M-019,Moteur électrique 400kW,moteur_electrique,6.754,12.192,35.954,7054.2,1489,67.1,C,alerte,3.9,17.56,1.74,4.22,90.08,133.27,60.06,10.0,0.06533,0.14238,0.07945,400,5500,SKF 6320
2026-05-01 05:00:00,R-077,Réducteur convoyeur,reducteur,1.756,2.846,10.515,2063.0,725,43.8,A,normal,3.79,4.44,2.25,3.99,53.41,67.42,35.65,5.34,0.13654,0.097,0.04809,55,950,SKF 2312
2026-05-01 05:00:00,P-311,Pompe centrifuge BP,pompe_centrifuge,9.78,17.514,52.883,10375.6,2950,65.7,D,danger,5.11,33.34,2.11,4.02,174.54,267.96,116.03,19.42,0.09491,0.03314,0.04817,180,3100,SKF 6312
2026-05-01 06:00:00,P-204,Pompe centrifuge HP,pompe_centrifuge,2.673,4.819,13.456,2640.1,2990,51.6,B,normal,4.17,7.43,1.89,3.55,177.91,270.59,118.6,19.78,0.15514,0.08024,0.05334,250,4200,SKF 6314
2026-05-01 06:00:00,C-118,Compresseur à vis,compresseur,3.914,7.044,21.445,4207.5,1486,61.9,B,normal,4.32,11.27,2.01,3.68,97.09,150.58,63.4,9.71,0.11243,0.07177,0.05846,500,6800,SKF 7314
2026-05-01 06:00:00,V-302,Ventilateur tirage,ventilateur,1.753,3.913,10.915,2141.5,979,43.4,A,normal,3.85,4.5,1.3,2.75,68.2,94.96,44.22,6.82,0.12465,0.07605,0.05086,75,1800,SKF 22216
2026-05-01 06:00:00,M-019,Moteur électrique 400kW,moteur_electrique,7.154,12.921,39.433,7736.8,1482,70.5,D,danger,3.85,18.35,2.22,4.25,89.66,132.64,59.77,9.95,0.12347,0.12147,0.06089,400,5500,SKF 6320
2026-05-01 06:00:00,R-077,Réducteur convoyeur,reducteur,1.79,3.094,9.211,1807.2,721,43.0,A,normal,3.83,4.58,2.1,3.26,53.11,67.05,35.45,5.31,0.12662,0.07782,0.04236,55,950,SKF 2312
2026-05-01 06:00:00,P-311,Pompe centrifuge BP,pompe_centrifuge,11.293,20.931,63.825,12522.5,2951,70.2,D,danger,4.49,33.77,1.81,5.86,174.6,268.05,116.07,19.43,0.37724,0.04282,0.0342,180,3100,SKF 6312
2026-05-01 07:00:00,P-204,Pompe centrifuge HP,pompe_centrifuge,2.803,4.657,14.243,2794.5,2980,53.3,B,normal,3.16,5.9,1.65,2.76,177.31,269.69,118.21,19.72,0.12985,0.1087,0.05263,250,4200,SKF 6314
2026-05-01 07:00:00,C-118,Compresseur à vis,compresseur,4.526,8.703,27.636,5422.2,1490,62.7,C,alerte,3.27,9.88,1.71,3.99,97.35,150.99,63.57,9.73,0.06507,0.086,0.06228,500,6800,SKF 7314
2026-05-01 07:00:00,V-302,Ventilateur tirage,ventilateur,1.968,3.762,10.768,2112.7,972,44.8,A,normal,2.99,3.92,1.79,2.89,67.72,94.28,43.9,6.77,0.11268,0.06278,0.04705,75,1800,SKF 22216
2026-05-01 07:00:00,M-019,Moteur électrique 400kW,moteur_electrique,7.136,12.678,37.92,7439.9,1506,67.0,D,danger,4.29,20.39,1.9,4.16,91.11,134.79,60.74,10.12,0.0908,0.07966,0.03902,400,5500,SKF 6320
2026-05-01 07:00:00,R-077,Réducteur convoyeur,reducteur,1.41,2.875,8.698,1706.5,721,43.0,A,normal,2.95,2.77,1.6,3.85,53.11,67.05,35.45,5.31,0.12676,0.08342,0.05137,55,950,SKF 2312
2026-05-01 07:00:00,P-311,Pompe centrifuge BP,pompe_centrifuge,11.5,20.491,60.879,11944.5,2961,72.9,D,danger,4.69,35.96,1.55,4.04,175.19,268.96,116.47,19.49,0.21571,0.02507,0.07978,180,3100,SKF 6312
2026-05-01 08:00:00,P-204,Pompe centrifuge HP,pompe_centrifuge,2.888,5.423,14.86,2915.5,2982,51.5,B,normal,3.84,7.39,2.11,4.38,177.43,269.87,118.29,19.73,0.16332,0.07219,0.04584,250,4200,SKF 6314
2026-05-01 08:00:00,C-118,Compresseur à vis,compresseur,4.498,7.823,23.536,4617.8,1483,64.0,B,normal,4.28,12.83,2.01,3.87,96.89,150.28,63.27,9.69,0.18803,0.1004,0.05275,500,6800,SKF 7314
2026-05-01 08:00:00,V-302,Ventilateur tirage,ventilateur,2.244,3.876,11.425,2241.6,982,46.2,A,normal,3.67,5.49,1.87,2.52,68.41,95.25,44.35,6.84,0.12819,0.06913,0.06013,75,1800,SKF 22216
2026-05-01 08:00:00,M-019,Moteur électrique 400kW,moteur_electrique,6.36,11.54,35.396,6944.7,1487,66.2,C,alerte,3.47,14.73,2.44,4.0,89.96,133.09,59.98,9.99,0.11459,0.09639,0.03702,400,5500,SKF 6320
2026-05-01 08:00:00,R-077,Réducteur convoyeur,reducteur,2.029,3.356,10.6,2079.7,714,46.3,A,normal,4.23,5.73,1.58,2.49,52.6,66.4,35.11,5.26,0.15729,0.07972,0.0508,55,950,SKF 2312
2026-05-01 08:00:00,P-311,Pompe centrifuge BP,pompe_centrifuge,12.992,23.469,70.241,13781.3,2969,75.3,D,danger,4.1,35.5,1.11,5.03,175.67,269.68,116.78,19.55,0.20302,0.15024,0.09611,180,3100,SKF 6312
2026-05-01 09:00:00,P-204,Pompe centrifuge HP,pompe_centrifuge,2.89,5.729,16.977,3330.9,2985,49.9,B,normal,3.13,6.02,1.81,2.75,177.61,270.14,118.41,19.75,0.14843,0.07142,0.0466,250,4200,SKF 6314
2026-05-01 09:00:00,C-118,Compresseur à vis,compresseur,4.108,7.247,22.49,4412.5,1480,59.0,B,normal,3.62,9.92,1.57,3.47,96.69,149.97,63.15,9.67,0.13149,0.09723,0.05436,500,6800,SKF 7314
2026-05-01 09:00:00,V-302,Ventilateur tirage,ventilateur,2.499,4.859,14.541,2852.9,975,49.2,B,normal,4.07,6.78,1.96,3.44,67.92,94.58,44.04,6.79,0.13769,0.09154,0.06937,75,1800,SKF 22216
2026-05-01 09:00:00,M-019,Moteur électrique 400kW,moteur_electrique,5.55,9.954,30.475,5979.2,1488,63.9,C,alerte,3.9,14.42,1.74,4.08,90.02,133.18,60.02,9.99,0.08668,0.10999,0.04458,400,5500,SKF 6320
2026-05-01 09:00:00,R-077,Réducteur convoyeur,reducteur,1.797,3.347,12.121,2378.1,719,44.1,A,normal,3.62,4.33,1.5,3.7,52.97,66.87,35.35,5.3,0.14196,0.07815,0.0533,55,950,SKF 2312
2026-05-01 09:00:00,P-311,Pompe centrifuge BP,pompe_centrifuge,11.76,21.369,64.586,12671.8,2967,74.9,D,danger,4.95,38.82,1.45,4.66,175.55,269.5,116.7,19.53,0.25519,0.1624,0.02773,180,3100,SKF 6312
2026-05-01 10:00:00,P-204,Pompe centrifuge HP,pompe_centrifuge,3.178,5.646,16.505,3238.3,2981,54.6,B,normal,3.47,7.35,1.8,3.55,177.37,269.78,118.25,19.72,0.15989,0.09775,0.05103,250,4200,SKF 6314
2026-05-01 10:00:00,C-118,Compresseur à vis,compresseur,4.091,6.791,20.644,4050.4,1481,62.4,B,normal,3.56,9.71,1.91,5.12,96.76,150.07,63.19,9.68,0.1265,0.08718,0.04172,500,6800,SKF 7314
2026-05-01 10:00:00,V-302,Ventilateur tirage,ventilateur,2.136,4.064,11.906,2336.0,987,44.6,A,normal,3.41,4.85,1.74,3.67,68.76,95.74,44.58,6.88,0.13025,0.08157,0.05474,75,1800,SKF 22216
2026-05-01 10:00:00,M-019,Moteur électrique 400kW,moteur_electrique,5.65,10.358,32.429,6362.6,1488,63.0,C,alerte,4.05,15.25,2.63,4.18,90.02,133.18,60.02,9.99,0.23552,0.06765,0.03747,400,5500,SKF 6320
2026-05-01 10:00:00,R-077,Réducteur convoyeur,reducteur,1.353,2.501,7.858,1541.7,726,43.0,A,normal,3.09,2.79,2.0,3.4,53.48,67.52,35.7,5.35,0.12128,0.08283,0.04773,55,950,SKF 2312
2026-05-01 10:00:00,P-311,Pompe centrifuge BP,pompe_centrifuge,13.198,23.984,70.394,13811.3,2961,75.8,D,danger,5.03,44.29,1.59,3.69,175.19,268.96,116.47,19.49,0.56751,0.26392,0.10751,180,3100,SKF 6312
2026-05-01 11:00:00,P-204,Pompe centrifuge HP,pompe_centrifuge,3.088,4.895,15.234,2988.9,2981,53.9,B,normal,3.96,8.15,1.8,3.52,177.37,269.78,118.25,19.72,0.11521,0.08582,0.04854,250,4200,SKF 6314
2026-05-01 11:00:00,C-118,Compresseur à vis,compresseur,3.278,5.824,17.868,3505.7,1485,59.6,B,normal,4.11,8.99,1.76,3.43,97.02,150.48,63.36,9.7,0.12908,0.09686,0.04127,500,6800,SKF 7314
2026-05-01 11:00:00,V-302,Ventilateur tirage,ventilateur,2.005,3.335,12.336,2420.3,976,46.0,A,normal,3.38,4.52,1.35,2.68,67.99,94.67,44.08,6.8,0.12346,0.09645,0.05831,75,1800,SKF 22216
2026-05-01 11:00:00,M-019,Moteur électrique 400kW,moteur_electrique,6.22,11.216,34.735,6815.0,1490,64.7,C,alerte,4.11,17.03,1.78,2.73,90.14,133.35,60.1,10.01,0.19508,0.06339,0.04302,400,5500,SKF 6320
2026-05-01 11:00:00,R-077,Réducteur convoyeur,reducteur,1.91,2.956,10.176,1996.5,718,42.1,A,normal,4.3,5.47,1.52,4.15,52.89,66.77,35.3,5.29,0.1293,0.07345,0.06113,55,950,SKF 2312
2026-05-01 11:00:00,P-311,Pompe centrifuge BP,pompe_centrifuge,13.035,23.737,72.04,14134.2,2957,75.7,D,danger,4.95,43.05,1.72,4.86,174.96,268.59,116.31,19.47,0.12175,0.04263,0.06611,180,3100,SKF 6312
2026-05-01 12:00:00,P-204,Pompe centrifuge HP,pompe_centrifuge,2.96,5.455,16.29,3196.1,2986,52.5,B,normal,3.53,6.96,1.88,4.07,177.67,270.23,118.44,19.76,0.17113,0.08013,0.04094,250,4200,SKF 6314
2026-05-01 12:00:00,C-118,Compresseur à vis,compresseur,4.099,7.941,24.17,4742.2,1479,64.5,B,normal,3.94,10.77,2.26,4.45,96.63,149.87,63.1,9.66,0.13075,0.08659,0.03915,500,6800,SKF 7314
2026-05-01 12:00:00,V-302,Ventilateur tirage,ventilateur,1.839,4.138,11.853,2325.6,980,44.2,A,normal,2.94,3.61,1.68,2.91,68.27,95.06,44.26,6.83,0.13869,0.08474,0.06163,75,1800,SKF 22216
2026-05-01 12:00:00,M-019,Moteur électrique 400kW,moteur_electrique,4.998,9.107,27.484,5392.4,1501,60.3,C,alerte,4.07,13.56,2.14,2.28,90.81,134.34,60.54,10.08,0.12864,0.19346,0.06491,400,5500,SKF 6320
2026-05-01 12:00:00,R-077,Réducteur convoyeur,reducteur,1.734,3.0,8.938,1753.6,725,45.5,A,normal,3.26,3.77,1.94,4.02,53.41,67.42,35.65,5.34,0.16753,0.09136,0.04521,55,950,SKF 2312
2026-05-01 12:00:00,P-311,Pompe centrifuge BP,pompe_centrifuge,12.694,22.609,68.153,13371.6,2964,75.3,D,danger,4.52,38.28,2.02,5.13,175.37,269.23,116.58,19.51,0.29337,0.1118,0.03724,180,3100,SKF 6312
2026-05-01 13:00:00,P-204,Pompe centrifuge HP,pompe_centrifuge,2.919,4.981,14.151,2776.4,2989,52.9,B,normal,3.65,7.1,1.67,3.28,177.85,270.5,118.56,19.78,0.15256,0.08596,0.06986,250,4200,SKF 6314
2026-05-01 13:00:00,C-118,Compresseur à vis,compresseur,4.467,8.085,23.741,4658.0,1485,62.2,B,normal,4.33,12.88,1.84,3.84,97.02,150.48,63.36,9.7,0.14667,0.09418,0.04765,500,6800,SKF 7314
2026-05-01 13:00:00,V-302,Ventilateur tirage,ventilateur,1.838,3.193,9.707,1904.5,982,44.3,A,normal,3.24,3.97,1.81,3.29,68.41,95.25,44.35,6.84,0.1318,0.09531,0.05467,75,1800,SKF 22216
2026-05-01 13:00:00,M-019,Moteur électrique 400kW,moteur_electrique,6.615,11.582,35.143,6895.1,1494,66.1,C,alerte,3.82,16.86,2.13,3.97,90.39,133.71,60.26,10.03,0.22584,0.08714,0.02457,400,5500,SKF 6320
2026-05-01 13:00:00,R-077,Réducteur convoyeur,reducteur,1.438,2.84,7.679,1506.6,716,41.4,A,normal,3.14,3.01,1.84,2.71,52.75,66.59,35.2,5.27,0.12342,0.06951,0.05547,55,950,SKF 2312
2026-05-01 13:00:00,P-311,Pompe centrifuge BP,pompe_centrifuge,12.839,23.019,68.943,13526.6,2959,76.1,D,danger,4.17,35.7,2.08,4.78,175.07,268.78,116.39,19.48,0.37421,0.12403,0.01914,180,3100,SKF 6312
2026-05-01 14:00:00,P-204,Pompe centrifuge HP,pompe_centrifuge,2.123,4.14,11.633,2282.4,2984,50.5,A,normal,3.39,4.8,1.68,3.29,177.55,270.05,118.37,19.74,0.14489,0.08873,0.04952,250,4200,SKF 6314
2026-05-01 14:00:00,C-118,Compresseur à vis,compresseur,3.766,7.276,20.623,4046.2,1486,61.5,B,normal,3.72,9.34,2.02,3.91,97.09,150.58,63.4,9.71,0.10576,0.13531,0.0547,500,6800,SKF 7314
2026-05-01 14:00:00,V-302,Ventilateur tirage,ventilateur,1.962,3.529,11.024,2162.9,986,45.7,A,normal,3.15,4.11,1.88,3.12,68.69,95.64,44.53,6.87,0.14826,0.10236,0.04765,75,1800,SKF 22216
2026-05-01 14:00:00,M-019,Moteur électrique 400kW,moteur_electrique,7.658,13.484,39.864,7821.3,1491,68.4,D,danger,4.27,21.79,1.79,5.37,90.21,133.44,60.14,10.01,0.06717,0.08859,0.04589,400,5500,SKF 6320
2026-05-01 14:00:00,R-077,Réducteur convoyeur,reducteur,1.711,2.958,9.356,1835.6,713,43.7,A,normal,3.29,3.75,1.77,2.95,52.52,66.31,35.06,5.25,0.11734,0.08044,0.05481,55,950,SKF 2312
2026-05-01 14:00:00,P-311,Pompe centrifuge BP,pompe_centrifuge,11.217,20.173,59.679,11709.0,2958,71.3,D,danger,4.93,36.84,1.58,3.39,175.01,268.69,116.35,19.47,0.28569,0.1131,0.02622,180,3100,SKF 6312
2026-05-01 15:00:00,P-204,Pompe centrifuge HP,pompe_centrifuge,2.744,5.382,17.996,3530.8,2982,52.8,B,normal,3.26,5.96,1.74,3.71,177.43,269.87,118.29,19.73,0.09401,0.0934,0.05789,250,4200,SKF 6314
2026-05-01 15:00:00,C-118,Compresseur à vis,compresseur,4.053,7.307,21.884,4293.6,1490,65.5,B,normal,4.08,11.01,1.58,3.57,97.35,150.99,63.57,9.73,0.16259,0.06876,0.05514,500,6800,SKF 7314
2026-05-01 15:00:00,V-302,Ventilateur tirage,ventilateur,1.988,3.88,11.807,2316.5,972,47.4,A,normal,3.36,4.45,1.37,3.72,67.72,94.28,43.9,6.77,0.15355,0.08128,0.05092,75,1800,SKF 22216
2026-05-01 15:00:00,M-019,Moteur électrique 400kW,moteur_electrique,5.076,8.975,26.552,5209.5,1488,65.1,C,alerte,4.05,13.7,1.84,3.07,90.02,133.18,60.02,9.99,0.09008,0.06989,0.04236,400,5500,SKF 6320
2026-05-01 15:00:00,R-077,Réducteur convoyeur,reducteur,2.02,3.596,11.313,2219.6,715,43.8,A,normal,3.38,4.55,1.77,3.88,52.67,66.5,35.15,5.27,0.15103,0.07013,0.04827,55,950,SKF 2312
2026-05-01 15:00:00,P-311,Pompe centrifuge BP,pompe_centrifuge,11.72,21.507,64.728,12699.6,2960,74.3,D,danger,4.34,33.88,2.17,5.61,175.13,268.87,116.43,19.49,0.0217,0.0202,0.02799,180,3100,SKF 6312
2026-05-01 16:00:00,P-204,Pompe centrifuge HP,pompe_centrifuge,2.802,5.169,15.007,2944.4,2976,52.3,B,normal,3.62,6.76,1.4,3.17,177.07,269.33,118.05,19.69,0.15204,0.0776,0.05664,250,4200,SKF 6314
2026-05-01 16:00:00,C-118,Compresseur à vis,compresseur,3.942,7.357,22.754,4464.3,1475,62.4,B,normal,4.35,11.44,2.6,2.68,96.37,149.47,62.93,9.64,0.17927,0.0843,0.05191,500,6800,SKF 7314
2026-05-01 16:00:00,V-302,Ventilateur tirage,ventilateur,1.941,3.378,11.114,2180.6,979,45.2,A,normal,3.76,4.87,1.8,4.31,68.2,94.96,44.22,6.82,0.14484,0.06775,0.04746,75,1800,SKF 22216
2026-05-01 16:00:00,M-019,Moteur électrique 400kW,moteur_electrique,6.542,11.55,34.378,6745.0,1477,68.9,C,alerte,4.64,20.21,1.56,4.08,89.36,132.19,59.57,9.92,0.0738,0.06249,0.05951,400,5500,SKF 6320
2026-05-01 16:00:00,R-077,Réducteur convoyeur,reducteur,1.653,3.358,10.235,2008.1,720,44.3,A,normal,3.11,3.43,2.06,3.1,53.04,66.96,35.4,5.3,0.11482,0.08435,0.05563,55,950,SKF 2312
2026-05-01 16:00:00,P-311,Pompe centrifuge BP,pompe_centrifuge,11.849,21.821,65.877,12925.1,2960,72.6,D,danger,5.3,41.88,2.11,4.24,175.13,268.87,116.43,19.49,0.08412,0.0781,0.04936,180,3100,SKF 6312
2026-05-01 17:00:00,P-204,Pompe centrifuge HP,pompe_centrifuge,2.229,4.281,12.876,2526.3,2979,50.2,A,normal,4.38,6.5,1.68,3.56,177.25,269.6,118.17,19.71,0.13714,0.08019,0.04261,250,4200,SKF 6314
2026-05-01 17:00:00,C-118,Compresseur à vis,compresseur,3.923,7.234,22.447,4404.1,1488,62.8,B,normal,3.94,10.31,1.51,3.61,97.22,150.78,63.49,9.72,0.13226,0.10686,0.05314,500,6800,SKF 7314
2026-05-01 17:00:00,V-302,Ventilateur tirage,ventilateur,2.068,3.738,11.341,2225.1,980,46.1,A,normal,3.51,4.84,1.97,4.26,68.27,95.06,44.26,6.83,0.12543,0.07461,0.05179,75,1800,SKF 22216
2026-05-01 17:00:00,M-019,Moteur électrique 400kW,moteur_electrique,6.702,12.093,35.616,6987.9,1498,65.6,C,alerte,4.41,19.72,1.83,5.09,90.63,134.07,60.42,10.06,0.31451,0.20554,0.0646,400,5500,SKF 6320
2026-05-01 17:00:00,R-077,Réducteur convoyeur,reducteur,1.54,2.848,8.382,1644.5,722,42.8,A,normal,3.0,3.08,1.85,3.57,53.19,67.15,35.5,5.32,0.12632,0.07947,0.04812,55,950,SKF 2312
2026-05-01 17:00:00,P-311,Pompe centrifuge BP,pompe_centrifuge,10.188,18.431,57.031,11189.5,2961,68.7,D,danger,3.76,25.56,1.81,4.62,175.19,268.96,116.47,19.49,0.14768,0.17907,0.02575,180,3100,SKF 6312
2026-05-01 18:00:00,P-204,Pompe centrifuge HP,pompe_centrifuge,2.721,4.652,12.148,2383.4,2988,49.9,B,normal,3.46,6.27,1.7,4.29,177.79,270.41,118.52,19.77,0.13037,0.09247,0.04607,250,4200,SKF 6314
2026-05-01 18:00:00,C-118,Compresseur à vis,compresseur,3.288,5.987,18.272,3585.0,1487,59.8,B,normal,4.18,9.17,1.46,4.48,97.15,150.68,63.45,9.72,0.12049,0.09599,0.05674,500,6800,SKF 7314
2026-05-01 18:00:00,V-302,Ventilateur tirage,ventilateur,1.962,3.588,11.319,2220.8,980,47.6,A,normal,2.74,3.58,1.64,4.43,68.27,95.06,44.26,6.83,0.11386,0.07962,0.0631,75,1800,SKF 22216
2026-05-01 18:00:00,M-019,Moteur électrique 400kW,moteur_electrique,5.831,10.452,31.139,6109.5,1482,62.3,C,alerte,4.34,16.87,2.07,3.85,89.66,132.64,59.77,9.95,0.28355,0.06803,0.06378,400,5500,SKF 6320
2026-05-01 18:00:00,R-077,Réducteur convoyeur,reducteur,2.179,3.615,11.158,2189.2,725,43.4,A,normal,3.43,4.98,1.39,3.07,53.41,67.42,35.65,5.34,0.17977,0.08801,0.03761,55,950,SKF 2312
2026-05-01 18:00:00,P-311,Pompe centrifuge BP,pompe_centrifuge,9.975,17.704,53.907,10576.6,2955,70.9,D,danger,4.18,27.78,2.05,4.17,174.84,268.41,116.23,19.45,0.09714,0.18472,0.04719,180,3100,SKF 6312
2026-05-01 19:00:00,P-204,Pompe centrifuge HP,pompe_centrifuge,2.549,4.349,13.128,2575.7,2981,51.2,B,normal,3.12,5.29,1.83,4.07,177.37,269.78,118.25,19.72,0.13435,0.08891,0.0462,250,4200,SKF 6314
2026-05-01 19:00:00,C-118,Compresseur à vis,compresseur,4.071,7.124,20.325,3987.8,1480,62.8,B,normal,3.34,9.06,1.85,3.77,96.69,149.97,63.15,9.67,0.14778,0.08626,0.05058,500,6800,SKF 7314
2026-05-01 19:00:00,V-302,Ventilateur tirage,ventilateur,1.49,2.832,8.137,1596.5,980,43.2,A,normal,3.32,3.3,2.17,2.69,68.27,95.06,44.26,6.83,0.13127,0.0948,0.05496,75,1800,SKF 22216
2026-05-01 19:00:00,M-019,Moteur électrique 400kW,moteur_electrique,5.24,9.384,28.543,5600.1,1488,63.3,C,alerte,3.71,12.96,1.55,3.7,90.02,133.18,60.02,9.99,0.16985,0.14373,0.04288,400,5500,SKF 6320
2026-05-01 19:00:00,R-077,Réducteur convoyeur,reducteur,1.32,2.558,7.539,1479.2,717,43.4,A,normal,3.24,2.85,1.86,2.52,52.82,66.68,35.25,5.28,0.12801,0.08651,0.04848,55,950,SKF 2312
2026-05-01 19:00:00,P-311,Pompe centrifuge BP,pompe_centrifuge,10.742,19.066,57.91,11361.9,2955,70.8,D,danger,4.93,35.3,1.81,4.36,174.84,268.41,116.23,19.45,0.04467,0.1555,0.0103,180,3100,SKF 6312
2026-05-01 20:00:00,P-204,Pompe centrifuge HP,pompe_centrifuge,2.473,4.234,12.102,2374.4,2985,51.2,B,normal,3.49,5.75,1.8,2.78,177.61,270.14,118.41,19.75,0.152,0.06231,0.05216,250,4200,SKF 6314
2026-05-01 20:00:00,C-118,Compresseur à vis,compresseur,3.926,7.039,22.563,4426.9,1490,60.8,B,normal,5.17,13.53,1.27,3.23,97.35,150.99,63.57,9.73,0.12854,0.16163,0.05595,500,6800,SKF 7314
2026-05-01 20:00:00,V-302,Ventilateur tirage,ventilateur,2.243,4.162,11.408,2238.2,985,45.6,A,normal,3.4,5.08,1.22,3.88,68.62,95.55,44.49,6.86,0.12927,0.07478,0.05054,75,1800,SKF 22216
2026-05-01 20:00:00,M-019,Moteur électrique 400kW,moteur_electrique,5.437,9.724,29.3,5748.7,1493,63.4,C,alerte,3.63,13.17,1.42,3.52,90.33,133.62,60.22,10.03,0.12741,0.06283,0.06077,400,5500,SKF 6320
2026-05-01 20:00:00,R-077,Réducteur convoyeur,reducteur,1.54,3.049,8.91,1748.1,718,43.5,A,normal,3.38,3.48,2.03,4.72,52.89,66.77,35.3,5.29,0.13809,0.08145,0.05807,55,950,SKF 2312
2026-05-01 20:00:00,P-311,Pompe centrifuge BP,pompe_centrifuge,12.005,21.296,65.314,12814.6,2965,71.5,D,danger,4.67,37.38,1.83,3.99,175.43,269.32,116.62,19.52,0.06852,0.06375,0.04563,180,3100,SKF 6312
2026-05-01 21:00:00,P-204,Pompe centrifuge HP,pompe_centrifuge,2.93,5.138,15.57,3054.8,2982,51.9,B,normal,3.57,6.98,1.75,2.93,177.43,269.87,118.29,19.73,0.10818,0.08895,0.04816,250,4200,SKF 6314
2026-05-01 21:00:00,C-118,Compresseur à vis,compresseur,4.048,7.578,24.461,4799.2,1487,61.3,B,normal,2.99,8.06,1.55,2.87,97.15,150.68,63.45,9.72,0.16838,0.10899,0.05913,500,6800,SKF 7314
2026-05-01 21:00:00,V-302,Ventilateur tirage,ventilateur,1.776,3.729,9.241,1813.1,979,45.2,A,normal,4.11,4.87,2.1,3.77,68.2,94.96,44.22,6.82,0.11236,0.07295,0.05007,75,1800,SKF 22216
2026-05-01 21:00:00,M-019,Moteur électrique 400kW,moteur_electrique,5.082,9.166,27.845,5463.2,1486,60.2,C,alerte,3.94,13.35,1.62,4.32,89.9,133.0,59.94,9.98,0.15946,0.04837,0.03092,400,5500,SKF 6320
2026-05-01 21:00:00,R-077,Réducteur convoyeur,reducteur,2.059,3.579,9.719,1906.9,712,45.8,A,normal,3.14,4.31,1.9,3.79,52.45,66.22,35.01,5.25,0.1515,0.0826,0.06182,55,950,SKF 2312
2026-05-01 21:00:00,P-311,Pompe centrifuge BP,pompe_centrifuge,12.492,22.952,68.817,13501.9,2955,70.9,D,danger,3.99,33.22,1.24,5.25,174.84,268.41,116.23,19.45,0.06682,0.1179,0.12592,180,3100,SKF 6312
2026-05-01 22:00:00,P-204,Pompe centrifuge HP,pompe_centrifuge,1.635,3.2,10.201,2001.4,2987,49.7,A,normal,3.27,3.56,2.26,1.04,177.73,270.32,118.48,19.76,0.10611,0.09076,0.04808,250,4200,SKF 6314
2026-05-01 22:00:00,C-118,Compresseur à vis,compresseur,3.933,7.516,22.874,4487.9,1478,61.9,B,normal,3.63,9.52,2.3,3.37,96.56,149.77,63.06,9.66,0.15494,0.05621,0.05594,500,6800,SKF 7314
2026-05-01 22:00:00,V-302,Ventilateur tirage,ventilateur,1.588,2.49,6.846,1343.2,974,43.7,A,normal,3.47,3.67,2.12,3.89,67.86,94.48,43.99,6.79,0.11317,0.07618,0.04761,75,1800,SKF 22216
2026-05-01 22:00:00,M-019,Moteur électrique 400kW,moteur_electrique,6.818,12.905,38.77,7606.7,1490,66.6,C,alerte,3.9,17.72,1.59,3.27,90.14,133.35,60.1,10.01,0.17666,0.19178,0.04443,400,5500,SKF 6320
2026-05-01 22:00:00,R-077,Réducteur convoyeur,reducteur,1.646,2.538,7.661,1503.1,720,43.8,A,normal,3.62,3.97,2.19,2.84,53.04,66.96,35.4,5.3,0.14958,0.10479,0.05287,55,950,SKF 2312
2026-05-01 22:00:00,P-311,Pompe centrifuge BP,pompe_centrifuge,9.308,16.729,50.704,9948.1,2969,69.5,D,danger,3.93,24.37,1.8,4.07,175.67,269.68,116.78,19.55,0.14601,0.04138,0.04154,180,3100,SKF 6312
2026-05-01 23:00:00,P-204,Pompe centrifuge HP,pompe_centrifuge,2.273,4.027,11.556,2267.3,2986,50.5,A,normal,2.63,3.99,2.05,3.86,177.67,270.23,118.44,19.76,0.1635,0.11103,0.05104,250,4200,SKF 6314
2026-05-01 23:00:00,C-118,Compresseur à vis,compresseur,3.557,6.728,20.569,4035.6,1485,59.1,B,normal,4.12,9.76,1.98,4.39,97.02,150.48,63.36,9.7,0.1285,0.12607,0.05381,500,6800,SKF 7314
2026-05-01 23:00:00,V-302,Ventilateur tirage,ventilateur,1.667,2.437,7.329,1437.9,979,42.3,A,normal,2.88,3.2,2.02,2.7,68.2,94.96,44.22,6.82,0.14453,0.07715,0.05539,75,1800,SKF 22216
2026-05-01 23:00:00,M-019,Moteur électrique 400kW,moteur_electrique,7.052,12.68,37.359,7329.8,1485,66.6,C,alerte,4.19,19.68,1.43,4.22,89.84,132.91,59.89,9.97,0.11979,0.09615,0.02411,400,5500,SKF 6320
2026-05-01 23:00:00,R-077,Réducteur convoyeur,reducteur,1.459,2.684,7.062,1385.6,716,43.1,A,normal,3.79,3.68,1.2,2.81,52.75,66.59,35.2,5.27,0.12561,0.06954,0.04546,55,950,SKF 2312
2026-05-01 23:00:00,P-311,Pompe centrifuge BP,pompe_centrifuge,10.896,19.68,58.275,11433.6,2949,71.3,D,danger,4.66,33.83,1.8,3.81,174.48,267.87,115.99,19.41,0.02478,0.03254,0.07295,180,3100,SKF 6312
2026-05-02 00:00:00,P-204,Pompe centrifuge HP,pompe_centrifuge,2.722,4.831,13.573,2663.0,2989,53.4,B,normal,3.51,6.36,1.91,3.96,177.85,270.5,118.56,19.78,0.11907,0.07564,0.05036,250,4200,SKF 6314
2026-05-02 00:00:00,C-118,Compresseur à vis,compresseur,3.307,5.907,19.027,3733.1,1485,58.3,B,normal,4.3,9.47,2.09,3.53,97.02,150.48,63.36,9.7,0.11776,0.05993,0.04967,500,6800,SKF 7314
2026-05-02 00:00:00,V-302,Ventilateur tirage,ventilateur,1.581,2.616,8.808,1728.1,979,41.1,A,normal,3.72,3.92,1.84,3.0,68.2,94.96,44.22,6.82,0.14033,0.07062,0.04219,75,1800,SKF 22216
2026-05-02 00:00:00,M-019,Moteur électrique 400kW,moteur_electrique,5.84,10.707,32.194,6316.5,1494,65.8,C,alerte,3.35,13.05,1.92,3.67,90.39,133.71,60.26,10.03,0.13365,0.087,0.03228,400,5500,SKF 6320
2026-05-02 00:00:00,R-077,Réducteur convoyeur,reducteur,1.282,1.812,5.195,1019.3,711,42.8,A,normal,3.49,2.99,1.88,3.15,52.38,66.12,34.96,5.24,0.12028,0.07954,0.05346,55,950,SKF 2312
2026-05-02 00:00:00,P-311,Pompe centrifuge BP,pompe_centrifuge,9.992,18.066,52.804,10360.1,2955,70.2,D,danger,4.5,29.97,1.6,3.81,174.84,268.41,116.23,19.45,0.52832,0.04856,0.06529,180,3100,SKF 6312
2026-05-02 01:00:00,P-204,Pompe centrifuge HP,pompe_centrifuge,2.066,4.121,12.925,2535.9,2992,50.8,A,normal,3.34,4.6,1.41,2.39,178.02,270.78,118.68,19.8,0.15543,0.10359,0.05224,250,4200,SKF 6314
2026-05-02 01:00:00,C-118,Compresseur à vis,compresseur,3.511,6.327,18.759,3680.5,1485,62.7,B,normal,3.59,8.41,2.01,3.91,97.02,150.48,63.36,9.7,0.07245,0.08046,0.04879,500,6800,SKF 7314
2026-05-02 01:00:00,V-302,Ventilateur tirage,ventilateur,1.495,2.192,7.289,1430.1,983,42.0,A,normal,3.02,3.01,1.75,3.56,68.48,95.35,44.4,6.85,0.12548,0.09187,0.04651,75,1800,SKF 22216
2026-05-02 01:00:00,M-019,Moteur électrique 400kW,moteur_electrique,5.906,10.724,33.999,6670.6,1498,65.9,C,alerte,4.35,17.12,1.61,4.36,90.63,134.07,60.42,10.06,0.25946,0.06964,0.04986,400,5500,SKF 6320
2026-05-02 01:00:00,R-077,Réducteur convoyeur,reducteur,1.423,2.719,8.582,1683.8,716,42.2,A,normal,3.19,3.03,1.81,2.62,52.75,66.59,35.2,5.27,0.13255,0.09167,0.04922,55,950,SKF 2312
2026-05-02 01:00:00,P-311,Pompe centrifuge BP,pompe_centrifuge,10.344,18.629,55.239,10837.9,2959,69.4,D,danger,4.24,29.25,1.61,4.93,175.07,268.78,116.39,19.48,0.04621,0.17167,0.05372,180,3100,SKF 6312
2026-05-02 02:00:00,P-204,Pompe centrifuge HP,pompe_centrifuge,1.644,3.178,8.8,1726.6,2978,50.5,A,normal,2.95,3.23,1.61,3.45,177.19,269.51,118.13,19.7,0.1581,0.08882,0.05362,250,4200,SKF 6314
2026-05-02 02:00:00,C-118,Compresseur à vis,compresseur,2.941,5.396,17.333,3400.7,1493,62.4,B,normal,3.19,6.26,1.39,3.3,97.54,151.29,63.7,9.75,0.10455,0.07087,0.04087,500,6800,SKF 7314
2026-05-02 02:00:00,V-302,Ventilateur tirage,ventilateur,1.503,2.302,5.506,1080.3,975,43.5,A,normal,3.3,3.31,1.38,2.23,67.92,94.58,44.04,6.79,0.12572,0.08655,0.0497,75,1800,SKF 22216
2026-05-02 02:00:00,M-019,Moteur électrique 400kW,moteur_electrique,5.566,10.251,29.383,5764.9,1496,63.6,C,alerte,3.53,13.09,2.18,2.55,90.51,133.89,60.34,10.05,0.19315,0.18636,0.07333,400,5500,SKF 6320
2026-05-02 02:00:00,R-077,Réducteur convoyeur,reducteur,0.757,1.33,4.507,884.3,721,39.6,A,normal,2.94,1.48,1.79,4.01,53.11,67.05,35.45,5.31,0.14007,0.08929,0.04927,55,950,SKF 2312
2026-05-02 02:00:00,P-311,Pompe centrifuge BP,pompe_centrifuge,9.831,18.221,54.831,10757.8,2963,67.8,D,danger,4.25,27.85,1.84,4.91,175.31,269.14,116.54,19.51,0.10997,0.06095,0.07876,180,3100,SKF 6312
2026-05-02 03:00:00,P-204,Pompe centrifuge HP,pompe_centrifuge,2.331,4.62,13.199,2589.6,2986,49.7,B,normal,3.89,6.04,1.84,3.38,177.67,270.23,118.44,19.76,0.13532,0.08592,0.05084,250,4200,SKF 6314
2026-05-02 03:00:00,C-118,Compresseur à vis,compresseur,3.485,5.853,16.934,3322.5,1484,61.7,B,normal,3.41,7.92,1.89,3.25,96.95,150.38,63.32,9.7,0.15024,0.07376,0.05722,500,6800,SKF 7314
2026-05-02 03:00:00,V-302,Ventilateur tirage,ventilateur,0.948,2.295,7.257,1423.8,982,43.9,A,normal,3.78,2.39,2.18,3.81,68.41,95.25,44.35,6.84,0.13223,0.0792,0.047,75,1800,SKF 22216
2026-05-02 03:00:00,M-019,Moteur électrique 400kW,moteur_electrique,6.133,10.877,32.357,6348.4,1495,64.5,C,alerte,3.98,16.26,1.55,4.24,90.45,133.8,60.3,10.04,0.21972,0.0409,0.03465,400,5500,SKF 6320
2026-05-02 03:00:00,R-077,Réducteur convoyeur,reducteur,1.218,2.038,5.441,1067.5,719,43.0,A,normal,3.29,2.67,1.74,3.0,52.97,66.87,35.35,5.3,0.13964,0.08445,0.05256,55,950,SKF 2312
2026-05-02 03:00:00,P-311,Pompe centrifuge BP,pompe_centrifuge,10.005,18.093,53.94,10583.0,2965,70.0,D,danger,4.31,28.75,2.0,5.12,175.43,269.32,116.62,19.52,0.17543,0.07767,0.05183,180,3100,SKF 6312
2026-05-02 04:00:00,P-204,Pompe centrifuge HP,pompe_centrifuge,2.26,4.668,14.355,2816.5,2985,52.1,A,normal,3.26,4.91,1.99,2.02,177.61,270.14,118.41,19.75,0.13788,0.07817,0.04363,250,4200,SKF 6314
2026-05-02 04:00:00,C-118,Compresseur à vis,compresseur,3.714,6.83,21.577,4233.4,1488,61.1,B,normal,3.59,8.88,1.74,4.18,97.22,150.78,63.49,9.72,0.07245,0.08034,0.0573,500,6800,SKF 7314
2026-05-02 04:00:00,V-302,Ventilateur tirage,ventilateur,1.687,2.779,8.469,1661.6,972,44.9,A,normal,3.08,3.47,1.77,4.33,67.72,94.28,43.9,6.77,0.14179,0.0816,0.04898,75,1800,SKF 22216
2026-05-02 04:00:00,M-019,Moteur électrique 400kW,moteur_electrique,6.238,10.439,31.835,6246.0,1480,66.4,C,alerte,4.48,18.62,1.81,5.01,89.54,132.46,59.69,9.94,0.16795,0.07394,0.06989,400,5500,SKF 6320
2026-05-02 04:00:00,R-077,Réducteur convoyeur,reducteur,1.62,3.0,9.515,1866.8,725,45.3,A,normal,3.42,3.7,1.53,2.52,53.41,67.42,35.65,5.34,0.14332,0.08024,0.05636,55,950,SKF 2312
2026-05-02 04:00:00,P-311,Pompe centrifuge BP,pompe_centrifuge,7.766,13.872,41.741,8189.6,2949,61.5,D,danger,4.02,20.82,1.97,5.39,174.48,267.87,115.99,19.41,0.14828,0.09286,0.0292,180,3100,SKF 6312
2026-05-02 05:00:00,P-204,Pompe centrifuge HP,pompe_centrifuge,2.336,4.202,12.346,2422.3,2980,51.3,B,normal,2.99,4.66,1.71,3.69,177.31,269.69,118.21,19.72,0.12629,0.08151,0.06681,250,4200,SKF 6314
2026-05-02 05:00:00,C-118,Compresseur à vis,compresseur,4.018,7.232,23.791,4667.8,1486,65.8,B,normal,2.85,7.64,1.63,4.35,97.09,150.58,63.4,9.71,0.11536,0.10718,0.05695,500,6800,SKF 7314
2026-05-02 05:00:00,V-302,Ventilateur tirage,ventilateur,1.784,3.366,8.817,1729.9,983,44.2,A,normal,3.89,4.63,1.96,4.62,68.48,95.35,44.4,6.85,0.13905,0.10288,0.05089,75,1800,SKF 22216
2026-05-02 05:00:00,M-019,Moteur électrique 400kW,moteur_electrique,6.135,10.477,31.001,6082.4,1497,63.5,C,alerte,3.6,14.71,2.25,3.4,90.57,133.98,60.38,10.05,0.07961,0.10497,0.05709,400,5500,SKF 6320
2026-05-02 05:00:00,R-077,Réducteur convoyeur,reducteur,1.144,1.872,5.124,1005.3,718,41.1,A,normal,3.55,2.71,1.85,3.91,52.89,66.77,35.3,5.29,0.1431,0.0776,0.04997,55,950,SKF 2312
2026-05-02 05:00:00,P-311,Pompe centrifuge BP,pompe_centrifuge,11.06,19.887,59.211,11617.2,2956,70.3,D,danger,3.98,29.33,1.76,4.91,174.9,268.5,116.27,19.46,0.17089,0.32409,0.04372,180,3100,SKF 6312
2026-05-02 06:00:00,P-204,Pompe centrifuge HP,pompe_centrifuge,2.099,4.025,10.992,2156.6,2987,49.2,A,normal,4.26,5.96,1.73,2.71,177.73,270.32,118.48,19.76,0.12221,0.08585,0.04834,250,4200,SKF 6314
2026-05-02 06:00:00,C-118,Compresseur à vis,compresseur,2.897,4.991,16.043,3147.6,1484,60.1,B,normal,3.68,7.1,1.86,2.34,96.95,150.38,63.32,9.7,0.13363,0.05763,0.0412,500,6800,SKF 7314
2026-05-02 06:00:00,V-302,Ventilateur tirage,ventilateur,1.449,2.278,7.069,1386.9,984,45.0,A,normal,3.78,3.66,1.61,3.56,68.55,95.45,44.44,6.86,0.12535,0.08197,0.05067,75,1800,SKF 22216
2026-05-02 06:00:00,M-019,Moteur électrique 400kW,moteur_electrique,5.566,9.869,30.965,6075.3,1485,64.0,C,alerte,3.16,11.72,0.99,2.66,89.84,132.91,59.89,9.97,0.1188,0.10806,0.06775,400,5500,SKF 6320
2026-05-02 06:00:00,R-077,Réducteur convoyeur,reducteur,1.817,3.821,11.456,2247.7,719,44.5,A,normal,3.11,3.76,2.17,3.24,52.97,66.87,35.35,5.3,0.13065,0.08741,0.05349,55,950,SKF 2312
2026-05-02 06:00:00,P-311,Pompe centrifuge BP,pompe_centrifuge,11.042,19.899,59.112,11597.8,2973,68.8,D,danger,5.36,39.42,1.96,5.31,175.9,270.05,116.94,19.57,0.1236,0.26651,0.08673,180,3100,SKF 6312
2026-05-02 07:00:00,P-204,Pompe centrifuge HP,pompe_centrifuge,2.164,4.229,12.495,2451.5,2979,51.0,A,normal,4.42,6.38,1.58,3.9,177.25,269.6,118.17,19.71,0.17931,0.07809,0.05014,250,4200,SKF 6314
2026-05-02 07:00:00,C-118,Compresseur à vis,compresseur,2.896,5.14,15.116,2965.8,1484,58.2,B,normal,3.5,6.75,2.13,2.85,96.95,150.38,63.32,9.7,0.15817,0.08286,0.05247,500,6800,SKF 7314
2026-05-02 07:00:00,V-302,Ventilateur tirage,ventilateur,1.977,3.32,9.424,1849.0,971,45.4,A,normal,3.51,4.62,1.49,3.41,67.65,94.19,43.86,6.76,0.1413,0.07073,0.04953,75,1800,SKF 22216
2026-05-02 07:00:00,M-019,Moteur électrique 400kW,moteur_electrique,4.609,8.517,24.945,4894.2,1487,62.3,C,alerte,3.38,10.4,2.05,3.96,89.96,133.09,59.98,9.99,0.16972,0.13465,0.03999,400,5500,SKF 6320
2026-05-02 07:00:00,R-077,Réducteur convoyeur,reducteur,1.594,2.928,9.476,1859.2,721,42.4,A,normal,3.35,3.56,2.23,3.42,53.11,67.05,35.45,5.31,0.12919,0.07365,0.04737,55,950,SKF 2312
2026-05-02 07:00:00,P-311,Pompe centrifuge BP,pompe_centrifuge,8.467,15.563,46.597,9142.3,2959,61.5,D,danger,4.1,23.12,1.53,4.56,175.07,268.78,116.39,19.48,0.06203,0.05703,0.04354,180,3100,SKF 6312
2026-05-02 08:00:00,P-204,Pompe centrifuge HP,pompe_centrifuge,2.449,4.502,12.665,2484.9,2978,51.9,B,normal,3.9,6.37,1.49,3.23,177.19,269.51,118.13,19.7,0.1204,0.06504,0.05315,250,4200,SKF 6314
2026-05-02 08:00:00,C-118,Compresseur à vis,compresseur,3.89,7.191,22.385,4391.9,1490,62.3,B,normal,3.23,8.37,2.12,2.85,97.35,150.99,63.57,9.73,0.095,0.06124,0.04659,500,6800,SKF 7314
2026-05-02 08:00:00,V-302,Ventilateur tirage,ventilateur,1.622,2.561,7.601,1491.3,977,45.0,A,normal,2.55,2.76,1.32,3.69,68.06,94.77,44.13,6.81,0.12454,0.08888,0.05183,75,1800,SKF 22216
2026-05-02 08:00:00,M-019,Moteur électrique 400kW,moteur_electrique,5.054,8.633,24.995,4904.0,1489,63.4,C,alerte,3.48,11.71,1.86,3.65,90.08,133.27,60.06,10.0,0.18838,0.05606,0.03094,400,5500,SKF 6320
2026-05-02 08:00:00,R-077,Réducteur convoyeur,reducteur,1.2,2.35,7.729,1516.4,727,42.0,A,normal,3.28,2.63,1.75,2.34,53.56,67.61,35.74,5.36,0.12401,0.07495,0.04765,55,950,SKF 2312
2026-05-02 08:00:00,P-311,Pompe centrifuge BP,pompe_centrifuge,10.171,17.768,51.496,10103.5,2974,68.9,D,danger,4.92,33.36,1.61,4.26,175.96,270.14,116.98,19.58,0.72206,0.0695,0.02129,180,3100,SKF 6312
2026-05-02 09:00:00,P-204,Pompe centrifuge HP,pompe_centrifuge,2.453,4.394,12.587,2469.6,2976,52.1,B,normal,3.62,5.93,1.69,3.38,177.07,269.33,118.05,19.69,0.13834,0.06862,0.05198,250,4200,SKF 6314
2026-05-02 09:00:00,C-118,Compresseur à vis,compresseur,3.435,6.503,20.692,4059.8,1483,60.3,B,normal,4.34,9.94,1.78,3.01,96.89,150.28,63.27,9.69,0.12597,0.0741,0.05606,500,6800,SKF 7314
2026-05-02 09:00:00,V-302,Ventilateur tirage,ventilateur,1.312,2.684,6.716,1317.7,982,43.5,A,normal,3.81,3.33,2.16,2.08,68.41,95.25,44.35,6.84,0.11856,0.07396,0.04821,75,1800,SKF 22216
2026-05-02 09:00:00,M-019,Moteur électrique 400kW,moteur_electrique,5.62,9.485,28.419,5575.8,1482,64.0,C,alerte,4.04,15.15,2.27,2.25,89.66,132.64,59.77,9.95,0.12432,0.07582,0.07708,400,5500,SKF 6320
2026-05-02 09:00:00,R-077,Réducteur convoyeur,reducteur,0.75,1.467,4.106,805.6,719,41.6,A,normal,3.22,1.61,2.23,1.9,52.97,66.87,35.35,5.3,0.12907,0.08032,0.05118,55,950,SKF 2312
2026-05-02 09:00:00,P-311,Pompe centrifuge BP,pompe_centrifuge,9.797,17.262,52.869,10372.9,2954,69.0,D,danger,4.09,26.68,2.18,2.8,174.78,268.32,116.19,19.45,0.07732,0.03677,0.06684,180,3100,SKF 6312
2026-05-02 10:00:00,P-204,Pompe centrifuge HP,pompe_centrifuge,2.368,3.628,13.345,2618.3,2981,50.4,B,normal,3.45,5.45,1.78,2.9,177.37,269.78,118.25,19.72,0.1233,0.08684,0.05415,250,4200,SKF 6314
2026-05-02 10:00:00,C-118,Compresseur à vis,compresseur,3.364,6.12,16.764,3289.1,1490,63.2,B,normal,3.89,8.73,1.79,3.01,97.35,150.99,63.57,9.73,0.1234,0.08534,0.05935,500,6800,SKF 7314
2026-05-02 10:00:00,V-302,Ventilateur tirage,ventilateur,1.699,2.81,8.694,1705.8,981,43.1,A,normal,4.19,4.75,1.96,2.48,68.34,95.16,44.31,6.83,0.14937,0.0867,0.04875,75,1800,SKF 22216
2026-05-02 10:00:00,M-019,Moteur électrique 400kW,moteur_electrique,5.663,10.493,31.075,6096.9,1482,63.9,C,alerte,3.43,12.95,1.57,4.28,89.66,132.64,59.77,9.95,0.11407,0.06916,0.05633,400,5500,SKF 6320
2026-05-02 10:00:00,R-077,Réducteur convoyeur,reducteur,1.369,2.522,6.577,1290.4,720,43.9,A,normal,2.64,2.41,1.53,3.75,53.04,66.96,35.4,5.3,0.13037,0.08648,0.05213,55,950,SKF 2312
2026-05-02 10:00:00,P-311,Pompe centrifuge BP,pompe_centrifuge,12.132,21.29,64.318,12619.2,2963,74.8,D,danger,5.38,43.48,1.97,4.78,175.31,269.14,116.54,19.51,0.14792,0.14763,0.05928,180,3100,SKF 6312
2026-05-02 11:00:00,P-204,Pompe centrifuge HP,pompe_centrifuge,2.704,5.339,16.465,3230.4,2979,51.0,B,normal,3.42,6.17,1.94,3.77,177.25,269.6,118.17,19.71,0.10877,0.07132,0.03823,250,4200,SKF 6314
2026-05-02 11:00:00,C-118,Compresseur à vis,compresseur,3.419,6.187,16.776,3291.5,1488,61.0,B,normal,3.89,8.87,2.19,3.97,97.22,150.78,63.49,9.72,0.08451,0.06782,0.06252,500,6800,SKF 7314
2026-05-02 11:00:00,V-302,Ventilateur tirage,ventilateur,1.324,2.56,7.335,1439.1,980,42.5,A,normal,3.06,2.7,1.54,3.73,68.27,95.06,44.26,6.83,0.13011,0.0717,0.05222,75,1800,SKF 22216
2026-05-02 11:00:00,M-019,Moteur électrique 400kW,moteur_electrique,6.303,11.221,34.262,6722.2,1500,64.7,C,alerte,4.22,17.72,1.72,3.46,90.75,134.25,60.5,10.08,0.08093,0.07685,0.0284,400,5500,SKF 6320
2026-05-02 11:00:00,R-077,Réducteur convoyeur,reducteur,1.265,2.295,8.408,1649.6,717,43.3,A,normal,2.67,2.25,2.07,4.29,52.82,66.68,35.25,5.28,0.12688,0.07583,0.05097,55,950,SKF 2312
2026-05-02 11:00:00,P-311,Pompe centrifuge BP,pompe_centrifuge,9.242,16.741,50.155,9840.4,2954,66.8,D,danger,4.47,27.54,2.13,3.47,174.78,268.32,116.19,19.45,0.05111,0.09302,0.07062,180,3100,SKF 6312
2026-05-02 12:00:00,P-204,Pompe centrifuge HP,pompe_centrifuge,2.226,4.006,12.232,2399.9,2969,50.5,A,normal,2.79,4.14,2.62,3.65,176.66,268.69,117.77,19.64,0.12639,0.08758,0.04756,250,4200,SKF 6314
2026-05-02 12:00:00,C-118,Compresseur à vis,compresseur,3.038,6.284,18.843,3697.0,1491,63.8,B,normal,3.47,7.04,1.82,4.04,97.41,151.09,63.62,9.74,0.16434,0.05801,0.04713,500,6800,SKF 7314
2026-05-02 12:00:00,V-302,Ventilateur tirage,ventilateur,1.743,3.01,8.477,1663.2,978,43.4,A,normal,4.1,4.76,2.24,2.74,68.13,94.87,44.17,6.81,0.16399,0.09036,0.05013,75,1800,SKF 22216
2026-05-02 12:00:00,M-019,Moteur électrique 400kW,moteur_electrique,6.209,10.834,32.885,6452.0,1484,65.0,C,alerte,3.59,14.84,2.23,3.16,89.78,132.82,59.85,9.97,0.17633,0.06522,0.05181,400,5500,SKF 6320
2026-05-02 12:00:00,R-077,Réducteur convoyeur,reducteur,1.179,1.804,5.616,1101.9,722,41.7,A,normal,3.31,2.6,1.75,4.15,53.19,67.15,35.5,5.32,0.13445,0.07818,0.04981,55,950,SKF 2312
2026-05-02 12:00:00,P-311,Pompe centrifuge BP,pompe_centrifuge,10.102,17.691,53.621,10520.4,2958,67.5,D,danger,4.37,29.45,2.03,5.25,175.01,268.69,116.35,19.47,0.08027,0.10758,0.02752,180,3100,SKF 6312
2026-05-02 13:00:00,P-204,Pompe centrifuge HP,pompe_centrifuge,2.244,4.53,13.251,2599.8,2984,51.1,A,normal,3.66,5.47,1.38,2.82,177.55,270.05,118.37,19.74,0.11146,0.11237,0.04517,250,4200,SKF 6314
2026-05-02 13:00:00,C-118,Compresseur à vis,compresseur,3.513,6.46,18.68,3665.0,1490,62.9,B,normal,3.56,8.34,1.75,3.87,97.35,150.99,63.57,9.73,0.15963,0.07397,0.04531,500,6800,SKF 7314
2026-05-02 13:00:00,V-302,Ventilateur tirage,ventilateur,1.113,2.112,7.17,1406.8,976,43.1,A,normal,3.21,2.38,1.98,2.2,67.99,94.67,44.08,6.8,0.11264,0.08511,0.04932,75,1800,SKF 22216
2026-05-02 13:00:00,M-019,Moteur électrique 400kW,moteur_electrique,6.155,11.239,34.794,6826.6,1497,65.3,C,alerte,4.17,17.11,1.5,3.29,90.57,133.98,60.38,10.05,0.0414,0.09954,0.02981,400,5500,SKF 6320
2026-05-02 13:00:00,R-077,Réducteur convoyeur,reducteur,0.927,1.788,6.305,1237.0,717,44.5,A,normal,3.61,2.23,1.62,2.69,52.82,66.68,35.25,5.28,0.14067,0.08777,0.05027,55,950,SKF 2312
2026-05-02 13:00:00,P-311,Pompe centrifuge BP,pompe_centrifuge,10.088,18.317,54.474,10687.8,2954,68.5,D,danger,3.85,25.9,1.78,4.84,174.78,268.32,116.19,19.45,0.12747,0.0845,0.03837,180,3100,SKF 6312
2026-05-02 14:00:00,P-204,Pompe centrifuge HP,pompe_centrifuge,2.353,3.892,11.432,2243.0,2980,51.1,B,normal,3.78,5.93,1.84,2.5,177.31,269.69,118.21,19.72,0.12682,0.10005,0.05066,250,4200,SKF 6314
2026-05-02 14:00:00,C-118,Compresseur à vis,compresseur,3.254,5.939,18.008,3533.2,1489,59.6,B,normal,4.34,9.42,1.95,3.64,97.28,150.89,63.53,9.73,0.1502,0.0619,0.05513,500,6800,SKF 7314
2026-05-02 14:00:00,V-302,Ventilateur tirage,ventilateur,1.083,2.021,5.957,1168.8,976,44.3,A,normal,2.38,1.72,2.13,3.23,67.99,94.67,44.08,6.8,0.13214,0.07394,0.04902,75,1800,SKF 22216
2026-05-02 14:00:00,M-019,Moteur électrique 400kW,moteur_electrique,4.809,8.985,27.778,5450.0,1496,63.1,C,alerte,3.72,11.92,1.7,3.44,90.51,133.89,60.34,10.05,0.20177,0.09503,0.09096,400,5500,SKF 6320
2026-05-02 14:00:00,R-077,Réducteur convoyeur,reducteur,1.187,1.98,6.308,1237.6,717,45.1,A,normal,3.98,3.15,1.2,3.24,52.82,66.68,35.25,5.28,0.14431,0.09051,0.04381,55,950,SKF 2312
2026-05-02 14:00:00,P-311,Pompe centrifuge BP,pompe_centrifuge,9.069,16.4,48.547,9524.9,2963,66.1,D,danger,4.86,29.37,1.89,4.56,175.31,269.14,116.54,19.51,0.03708,0.12071,0.02296,180,3100,SKF 6312
2026-05-02 15:00:00,P-204,Pompe centrifuge HP,pompe_centrifuge,2.193,3.662,11.928,2340.3,2974,50.6,A,normal,3.5,5.12,2.02,4.07,176.95,269.15,117.97,19.68,0.18353,0.09036,0.05074,250,4200,SKF 6314
2026-05-02 15:00:00,C-118,Compresseur à vis,compresseur,3.446,6.135,17.402,3414.3,1485,58.8,B,normal,4.18,9.61,2.17,3.01,97.02,150.48,63.36,9.7,0.18484,0.09133,0.06626,500,6800,SKF 7314
2026-05-02 15:00:00,V-302,Ventilateur tirage,ventilateur,0.983,1.479,3.891,763.4,987,42.5,A,normal,3.78,2.48,1.56,3.84,68.76,95.74,44.58,6.88,0.14301,0.07248,0.05139,75,1800,SKF 22216
2026-05-02 15:00:00,M-019,Moteur électrique 400kW,moteur_electrique,4.637,8.395,24.904,4886.2,1484,62.6,C,alerte,4.23,13.07,1.34,2.89,89.78,132.82,59.85,9.97,0.23597,0.09394,0.05777,400,5500,SKF 6320
2026-05-02 15:00:00,R-077,Réducteur convoyeur,reducteur,1.273,1.943,4.865,954.5,719,42.0,A,normal,3.12,2.65,1.52,3.2,52.97,66.87,35.35,5.3,0.13552,0.08229,0.05058,55,950,SKF 2312
2026-05-02 15:00:00,P-311,Pompe centrifuge BP,pompe_centrifuge,9.612,17.775,54.206,10635.2,2963,64.5,D,danger,4.57,29.31,2.15,4.41,175.31,269.14,116.54,19.51,0.40129,0.03792,0.04455,180,3100,SKF 6312
2026-05-02 16:00:00,P-204,Pompe centrifuge HP,pompe_centrifuge,2.685,4.634,15.174,2977.1,2986,53.6,B,normal,3.35,6.0,1.53,3.2,177.67,270.23,118.44,19.76,0.1671,0.10873,0.04881,250,4200,SKF 6314
2026-05-02 16:00:00,C-118,Compresseur à vis,compresseur,4.204,7.561,22.697,4453.2,1485,65.5,B,normal,3.17,8.9,1.62,3.77,97.02,150.48,63.36,9.7,0.11983,0.08364,0.05729,500,6800,SKF 7314
2026-05-02 16:00:00,V-302,Ventilateur tirage,ventilateur,0.92,1.902,5.365,1052.6,977,41.5,A,normal,3.26,2.0,1.8,2.32,68.06,94.77,44.13,6.81,0.14117,0.08233,0.04999,75,1800,SKF 22216
2026-05-02 16:00:00,M-019,Moteur électrique 400kW,moteur_electrique,5.209,9.516,28.659,5622.9,1498,62.3,C,alerte,3.18,11.03,2.46,2.65,90.63,134.07,60.42,10.06,0.11505,0.04323,0.05792,400,5500,SKF 6320
2026-05-02 16:00:00,R-077,Réducteur convoyeur,reducteur,1.268,2.594,7.179,1408.5,720,40.0,A,normal,3.18,2.69,1.42,3.55,53.04,66.96,35.4,5.3,0.15037,0.09325,0.05059,55,950,SKF 2312
2026-05-02 16:00:00,P-311,Pompe centrifuge BP,pompe_centrifuge,11.283,20.166,59.872,11746.9,2962,70.8,D,danger,4.76,35.83,1.81,4.71,175.25,269.05,116.51,19.5,0.47429,0.0136,0.07866,180,3100,SKF 6312
2026-05-02 17:00:00,P-204,Pompe centrifuge HP,pompe_centrifuge,2.156,3.464,10.891,2136.8,2977,51.2,A,normal,2.89,4.15,1.82,3.42,177.13,269.42,118.09,19.7,0.12375,0.09179,0.04584,250,4200,SKF 6314
2026-05-02 17:00:00,C-118,Compresseur à vis,compresseur,3.034,5.845,18.053,3542.0,1485,62.7,B,normal,3.32,6.72,1.7,3.55,97.02,150.48,63.36,9.7,0.13479,0.07942,0.04739,500,6800,SKF 7314
2026-05-02 17:00:00,V-302,Ventilateur tirage,ventilateur,1.191,1.354,3.831,751.6,976,44.3,A,normal,3.35,2.66,1.81,3.97,67.99,94.67,44.08,6.8,0.13966,0.08534,0.05121,75,1800,SKF 22216
2026-05-02 17:00:00,M-019,Moteur électrique 400kW,moteur_electrique,5.911,11.111,31.782,6235.6,1496,65.5,C,alerte,3.9,15.37,1.94,3.87,90.51,133.89,60.34,10.05,0.12782,0.08842,0.02586,400,5500,SKF 6320
2026-05-02 17:00:00,R-077,Réducteur convoyeur,reducteur,0.857,1.545,3.985,781.9,715,42.9,A,normal,3.57,2.04,1.86,4.31,52.67,66.5,35.15,5.27,0.14107,0.0854,0.05041,55,950,SKF 2312
2026-05-02 17:00:00,P-311,Pompe centrifuge BP,pompe_centrifuge,11.098,19.702,58.965,11568.9,2963,72.6,D,danger,4.46,33.01,2.23,4.71,175.31,269.14,116.54,19.51,0.4131,0.02267,0.04054,180,3100,SKF 6312
2026-05-02 18:00:00,P-204,Pompe centrifuge HP,pompe_centrifuge,2.263,4.024,10.665,2092.5,2976,51.7,A,normal,4.14,6.25,1.45,3.06,177.07,269.33,118.05,19.69,0.19763,0.10936,0.04912,250,4200,SKF 6314
2026-05-02 18:00:00,C-118,Compresseur à vis,compresseur,3.504,6.342,19.095,3746.4,1486,63.7,B,normal,3.46,8.08,1.85,4.03,97.09,150.58,63.4,9.71,0.14897,0.05451,0.03857,500,6800,SKF 7314
2026-05-02 18:00:00,V-302,Ventilateur tirage,ventilateur,1.071,1.499,3.374,662.0,981,43.3,A,normal,2.9,2.07,1.78,2.36,68.34,95.16,44.31,6.83,0.11583,0.08406,0.0511,75,1800,SKF 22216
2026-05-02 18:00:00,M-019,Moteur électrique 400kW,moteur_electrique,5.285,9.867,30.253,5935.6,1493,61.1,C,alerte,3.35,11.82,1.56,3.83,90.33,133.62,60.22,10.03,0.1545,0.06248,0.0491,400,5500,SKF 6320
2026-05-02 18:00:00,R-077,Réducteur convoyeur,reducteur,1.455,2.689,6.85,1344.0,718,40.2,A,normal,3.7,3.59,1.55,4.1,52.89,66.77,35.3,5.29,0.1421,0.07531,0.06035,55,950,SKF 2312
2026-05-02 18:00:00,P-311,Pompe centrifuge BP,pompe_centrifuge,10.027,17.871,53.016,10401.7,2954,69.1,D,danger,4.89,32.71,1.59,5.32,174.78,268.32,116.19,19.45,0.09171,0.04359,0.10327,180,3100,SKF 6312
2026-05-02 19:00:00,P-204,Pompe centrifuge HP,pompe_centrifuge,2.39,4.52,15.971,3133.5,2981,54.4,B,normal,3.42,5.44,1.76,3.13,177.37,269.78,118.25,19.72,0.11441,0.08634,0.04835,250,4200,SKF 6314
2026-05-02 19:00:00,C-118,Compresseur à vis,compresseur,3.39,5.896,18.732,3675.2,1484,63.7,B,normal,3.75,8.47,2.13,3.92,96.95,150.38,63.32,9.7,0.13012,0.12357,0.05601,500,6800,SKF 7314
2026-05-02 19:00:00,V-302,Ventilateur tirage,ventilateur,1.378,2.66,7.608,1492.7,987,43.5,A,normal,4.27,3.92,1.63,2.88,68.76,95.74,44.58,6.88,0.12722,0.07336,0.05153,75,1800,SKF 22216
2026-05-02 19:00:00,M-019,Moteur électrique 400kW,moteur_electrique,5.493,9.994,30.166,5918.6,1493,64.9,C,alerte,4.31,15.78,2.07,3.06,90.33,133.62,60.22,10.03,0.26019,0.05723,0.03943,400,5500,SKF 6320
2026-05-02 19:00:00,R-077,Réducteur convoyeur,reducteur,1.248,2.303,6.173,1211.1,723,45.6,A,normal,2.93,2.44,1.36,3.9,53.26,67.24,35.55,5.33,0.13306,0.0811,0.0436,55,950,SKF 2312
2026-05-02 19:00:00,P-311,Pompe centrifuge BP,pompe_centrifuge,7.819,13.593,40.571,7960.0,2953,63.3,D,danger,4.29,22.35,2.38,4.31,174.72,268.23,116.15,19.44,0.09364,0.04177,0.03075,180,3100,SKF 6312
2026-05-02 20:00:00,P-204,Pompe centrifuge HP,pompe_centrifuge,1.735,2.846,8.71,1708.9,2976,50.7,A,normal,3.75,4.34,2.19,2.2,177.07,269.33,118.05,19.69,0.14403,0.08293,0.05046,250,4200,SKF 6314
2026-05-02 20:00:00,C-118,Compresseur à vis,compresseur,3.012,5.439,15.845,3108.8,1483,58.3,B,normal,3.64,7.31,1.76,3.75,96.89,150.28,63.27,9.69,0.13478,0.06452,0.04278,500,6800,SKF 7314
2026-05-02 20:00:00,V-302,Ventilateur tirage,ventilateur,1.058,1.686,3.604,707.1,983,42.8,A,normal,3.54,2.49,1.51,2.36,68.48,95.35,44.4,6.85,0.11206,0.08323,0.04907,75,1800,SKF 22216
2026-05-02 20:00:00,M-019,Moteur électrique 400kW,moteur_electrique,5.883,10.581,31.662,6212.1,1498,65.6,C,alerte,4.02,15.75,2.02,4.17,90.63,134.07,60.42,10.06,0.15218,0.07504,0.0994,400,5500,SKF 6320
2026-05-02 20:00:00,R-077,Réducteur convoyeur,reducteur,1.326,2.826,7.69,1508.8,721,42.8,A,normal,2.71,2.39,1.94,3.28,53.11,67.05,35.45,5.31,0.11472,0.07629,0.05081,55,950,SKF 2312
2026-05-02 20:00:00,P-311,Pompe centrifuge BP,pompe_centrifuge,9.607,17.222,52.667,10333.3,2963,68.2,D,danger,4.02,25.76,1.9,4.68,175.31,269.14,116.54,19.51,0.37012,0.0647,0.06174,180,3100,SKF 6312
2026-05-02 21:00:00,P-204,Pompe centrifuge HP,pompe_centrifuge,1.897,3.379,11.352,2227.3,2980,48.1,A,normal,2.76,3.49,1.9,2.95,177.31,269.69,118.21,19.72,0.15205,0.08072,0.04541,250,4200,SKF 6314
2026-05-02 21:00:00,C-118,Compresseur à vis,compresseur,3.471,6.009,18.472,3624.2,1489,61.2,B,normal,3.51,8.11,1.6,3.07,97.28,150.89,63.53,9.73,0.16618,0.11697,0.08017,500,6800,SKF 7314
2026-05-02 21:00:00,V-302,Ventilateur tirage,ventilateur,1.271,2.865,8.687,1704.4,979,44.7,A,normal,2.37,2.01,1.15,2.99,68.2,94.96,44.22,6.82,0.14458,0.08011,0.05057,75,1800,SKF 22216
2026-05-02 21:00:00,M-019,Moteur électrique 400kW,moteur_electrique,5.32,9.205,28.073,5507.9,1497,61.8,C,alerte,4.06,14.39,2.08,3.66,90.57,133.98,60.38,10.05,0.13154,0.07699,0.04258,400,5500,SKF 6320
2026-05-02 21:00:00,R-077,Réducteur convoyeur,reducteur,1.678,3.453,11.086,2175.1,727,45.4,A,normal,3.62,4.05,2.48,4.07,53.56,67.61,35.74,5.36,0.15013,0.08299,0.05108,55,950,SKF 2312
2026-05-02 21:00:00,P-311,Pompe centrifuge BP,pompe_centrifuge,12.056,21.913,66.594,13065.7,2964,74.6,D,danger,4.34,34.86,1.92,4.1,175.37,269.23,116.58,19.51,0.21837,0.16213,0.06708,180,3100,SKF 6312
2026-05-02 22:00:00,P-204,Pompe centrifuge HP,pompe_centrifuge,1.492,3.118,8.851,1736.6,2984,49.7,A,normal,2.33,2.32,1.98,3.21,177.55,270.05,118.37,19.74,0.13952,0.08183,0.05565,250,4200,SKF 6314
2026-05-02 22:00:00,C-118,Compresseur à vis,compresseur,2.187,4.019,10.988,2155.8,1480,60.1,A,normal,2.94,4.29,1.75,3.63,96.69,149.97,63.15,9.67,0.13347,0.0806,0.05318,500,6800,SKF 7314
2026-05-02 22:00:00,V-302,Ventilateur tirage,ventilateur,1.263,2.355,6.746,1323.6,976,42.3,A,normal,2.55,2.15,1.88,5.15,67.99,94.67,44.08,6.8,0.13016,0.09573,0.0525,75,1800,SKF 22216
2026-05-02 22:00:00,M-019,Moteur électrique 400kW,moteur_electrique,4.336,7.739,24.089,4726.3,1495,61.7,B,normal,3.1,8.96,1.13,3.76,90.45,133.8,60.3,10.04,0.19457,0.07141,0.04124,400,5500,SKF 6320
2026-05-02 22:00:00,R-077,Réducteur convoyeur,reducteur,1.053,1.85,6.131,1202.9,730,43.6,A,normal,3.11,2.18,1.34,3.05,53.78,67.89,35.89,5.38,0.14076,0.08592,0.05287,55,950,SKF 2312
2026-05-02 22:00:00,P-311,Pompe centrifuge BP,pompe_centrifuge,10.0,17.642,53.034,10405.3,2952,70.3,D,danger,4.11,27.4,1.84,3.49,174.66,268.14,116.11,19.43,0.23121,0.05733,0.06767,180,3100,SKF 6312
2026-05-02 23:00:00,P-204,Pompe centrifuge HP,pompe_centrifuge,2.195,3.631,11.037,2165.5,2987,51.4,A,normal,2.78,4.07,2.23,3.83,177.73,270.32,118.48,19.76,0.11612,0.08081,0.04498,250,4200,SKF 6314
2026-05-02 23:00:00,C-118,Compresseur à vis,compresseur,3.333,5.255,15.505,3042.1,1492,63.4,B,normal,2.88,6.4,1.51,3.98,97.48,151.19,63.66,9.75,0.09439,0.10437,0.05294,500,6800,SKF 7314
2026-05-02 23:00:00,V-302,Ventilateur tirage,ventilateur,1.234,2.944,8.527,1673.0,990,43.0,A,normal,3.79,3.12,1.42,3.99,68.97,96.03,44.71,6.9,0.12826,0.06867,0.05052,75,1800,SKF 22216
2026-05-02 23:00:00,M-019,Moteur électrique 400kW,moteur_electrique,4.839,8.648,25.465,4996.2,1491,61.1,C,alerte,2.97,9.58,1.88,3.54,90.21,133.44,60.14,10.01,0.10833,0.09146,0.06097,400,5500,SKF 6320
2026-05-02 23:00:00,R-077,Réducteur convoyeur,reducteur,0.662,1.265,4.98,977.1,725,39.7,A,normal,3.49,1.54,0.99,3.11,53.41,67.42,35.65,5.34,0.13512,0.08133,0.04872,55,950,SKF 2312
2026-05-02 23:00:00,P-311,Pompe centrifuge BP,pompe_centrifuge,10.715,19.086,57.89,11358.0,2963,70.1,D,danger,4.43,31.61,1.83,4.56,175.31,269.14,116.54,19.51,0.93481,0.02287,0.04942,180,3100,SKF 6312
2026-05-03 00:00:00,P-204,Pompe centrifuge HP,pompe_centrifuge,2.665,5.395,16.112,3161.2,2991,54.0,B,normal,3.12,5.54,1.48,3.94,177.96,270.69,118.64,19.79,0.1506,0.09607,0.05288,250,4200,SKF 6314
2026-05-03 00:00:00,C-118,Compresseur à vis,compresseur,2.39,3.947,13.37,2623.2,1492,62.2,B,normal,3.52,5.6,2.05,3.71,97.48,151.19,63.66,9.75,0.13458,0.11108,0.04674,500,6800,SKF 7314
2026-05-03 00:00:00,V-302,Ventilateur tirage,ventilateur,1.054,2.283,8.527,1673.0,971,42.6,A,normal,3.75,2.63,1.77,3.08,67.65,94.19,43.86,6.76,0.13577,0.0865,0.04914,75,1800,SKF 22216
2026-05-03 00:00:00,M-019,Moteur électrique 400kW,moteur_electrique,5.182,9.281,28.579,5607.2,1497,65.0,C,alerte,3.84,13.27,1.82,3.35,90.57,133.98,60.38,10.05,0.1439,0.061,0.03476,400,5500,SKF 6320
2026-05-03 00:00:00,R-077,Réducteur convoyeur,reducteur,1.202,2.688,7.591,1489.4,722,42.6,A,normal,3.5,2.81,2.03,3.71,53.19,67.15,35.5,5.32,0.14824,0.0856,0.04732,55,950,SKF 2312
2026-05-03 00:00:00,P-311,Pompe centrifuge BP,pompe_centrifuge,11.617,20.763,61.291,12025.3,2953,72.9,D,danger,4.92,38.14,1.98,6.26,174.72,268.23,116.15,19.44,0.21063,0.01186,0.14685,180,3100,SKF 6312
2026-05-03 01:00:00,P-204,Pompe centrifuge HP,pompe_centrifuge,1.665,2.925,9.777,1918.2,2984,50.5,A,normal,3.47,3.85,1.99,3.67,177.55,270.05,118.37,19.74,0.13716,0.07127,0.05375,250,4200,SKF 6314
2026-05-03 01:00:00,C-118,Compresseur à vis,compresseur,3.069,5.269,16.662,3269.1,1483,58.7,B,normal,3.87,7.91,1.41,3.77,96.89,150.28,63.27,9.69,0.17164,0.08969,0.04269,500,6800,SKF 7314
2026-05-03 01:00:00,V-302,Ventilateur tirage,ventilateur,1.773,2.86,9.29,1822.7,977,45.2,A,normal,3.83,4.53,1.6,3.23,68.06,94.77,44.13,6.81,0.14419,0.09616,0.05538,75,1800,SKF 22216
2026-05-03 01:00:00,M-019,Moteur électrique 400kW,moteur_electrique,5.541,10.034,30.329,5950.5,1487,64.2,C,alerte,4.55,16.83,1.69,3.93,89.96,133.09,59.98,9.99,0.11164,0.06719,0.05889,400,5500,SKF 6320
2026-05-03 01:00:00,R-077,Réducteur convoyeur,reducteur,0.41,0.829,3.753,736.3,723,40.2,A,normal,2.91,0.8,2.16,2.91,53.26,67.24,35.55,5.33,0.13707,0.08608,0.04888,55,950,SKF 2312
2026-05-03 01:00:00,P-311,Pompe centrifuge BP,pompe_centrifuge,12.242,22.001,66.218,12992.0,2963,75.9,D,danger,4.72,38.51,1.78,5.27,175.31,269.14,116.54,19.51,0.2296,0.05632,0.04166,180,3100,SKF 6312
2026-05-03 02:00:00,P-204,Pompe centrifuge HP,pompe_centrifuge,2.1,4.48,12.781,2507.6,2979,51.2,A,normal,3.22,4.51,1.34,2.5,177.25,269.6,118.17,19.71,0.13991,0.08923,0.04597,250,4200,SKF 6314
2026-05-03 02:00:00,C-118,Compresseur à vis,compresseur,3.271,5.949,18.36,3602.2,1483,62.9,B,normal,3.82,8.34,1.77,3.15,96.89,150.28,63.27,9.69,0.12694,0.07905,0.04571,500,6800,SKF 7314
2026-05-03 02:00:00,V-302,Ventilateur tirage,ventilateur,1.217,1.782,5.638,1106.2,978,43.9,A,normal,3.28,2.66,1.6,3.18,68.13,94.87,44.17,6.81,0.14048,0.07903,0.04847,75,1800,SKF 22216
2026-05-03 02:00:00,M-019,Moteur électrique 400kW,moteur_electrique,6.502,11.596,33.686,6609.2,1493,66.1,C,alerte,4.24,18.38,1.78,3.72,90.33,133.62,60.22,10.03,0.136,0.06194,0.06485,400,5500,SKF 6320
2026-05-03 02:00:00,R-077,Réducteur convoyeur,reducteur,0.636,1.551,6.774,1329.1,719,41.2,A,normal,1.96,0.83,1.72,3.68,52.97,66.87,35.35,5.3,0.14821,0.07995,0.04849,55,950,SKF 2312
2026-05-03 02:00:00,P-311,Pompe centrifuge BP,pompe_centrifuge,11.806,21.413,63.765,12510.7,2956,73.7,D,danger,5.09,40.04,1.86,4.9,174.9,268.5,116.27,19.46,0.06617,0.1741,0.03756,180,3100,SKF 6312
2026-05-03 03:00:00,P-204,Pompe centrifuge HP,pompe_centrifuge,2.428,3.848,11.038,2165.7,2985,50.3,B,normal,2.98,4.83,1.67,3.75,177.61,270.14,118.41,19.75,0.19134,0.06936,0.04609,250,4200,SKF 6314
2026-05-03 03:00:00,C-118,Compresseur à vis,compresseur,3.592,6.65,19.862,3896.9,1488,63.3,B,normal,4.16,9.96,1.6,4.27,97.22,150.78,63.49,9.72,0.14014,0.0946,0.04903,500,6800,SKF 7314
2026-05-03 03:00:00,V-302,Ventilateur tirage,ventilateur,1.205,1.786,5.781,1134.2,975,43.9,A,normal,3.1,2.49,2.1,3.59,67.92,94.58,44.04,6.79,0.1275,0.07549,0.04751,75,1800,SKF 22216
2026-05-03 03:00:00,M-019,Moteur électrique 400kW,moteur_electrique,5.723,10.376,30.602,6004.1,1484,65.4,C,alerte,4.27,16.28,1.74,3.05,89.78,132.82,59.85,9.97,0.18939,0.09954,0.06524,400,5500,SKF 6320
2026-05-03 03:00:00,R-077,Réducteur convoyeur,reducteur,0.574,1.1,5.137,1007.9,713,43.2,A,normal,3.15,1.2,1.54,2.79,52.52,66.31,35.06,5.25,0.13862,0.08382,0.04956,55,950,SKF 2312
2026-05-03 03:00:00,P-311,Pompe centrifuge BP,pompe_centrifuge,10.036,18.204,54.472,10687.4,2953,70.5,D,danger,3.96,26.52,1.66,4.13,174.72,268.23,116.15,19.44,0.40722,0.29789,0.0379,180,3100,SKF 6312
2026-05-03 04:00:00,P-204,Pompe centrifuge HP,pompe_centrifuge,1.908,3.317,10.318,2024.4,2978,48.1,A,normal,3.85,4.9,1.33,3.48,177.19,269.51,118.13,19.7,0.14528,0.09688,0.05053,250,4200,SKF 6314
2026-05-03 04:00:00,C-118,Compresseur à vis,compresseur,2.781,5.374,16.33,3203.9,1487,57.3,B,normal,4.18,7.76,2.21,3.01,97.15,150.68,63.45,9.72,0.18306,0.06534,0.0591,500,6800,SKF 7314
2026-05-03 04:00:00,V-302,Ventilateur tirage,ventilateur,0.98,1.943,5.442,1067.7,975,39.7,A,normal,4.05,2.64,1.79,3.17,67.92,94.58,44.04,6.79,0.15033,0.08534,0.04953,75,1800,SKF 22216
2026-05-03 04:00:00,M-019,Moteur électrique 400kW,moteur_electrique,6.144,10.878,32.298,6336.9,1495,66.8,C,alerte,4.3,17.6,1.66,4.44,90.45,133.8,60.3,10.04,0.09217,0.10402,0.06985,400,5500,SKF 6320
2026-05-03 04:00:00,R-077,Réducteur convoyeur,reducteur,1.616,2.325,5.594,1097.5,719,43.4,A,normal,2.9,3.13,1.89,3.61,52.97,66.87,35.35,5.3,0.13068,0.08641,0.0535,55,950,SKF 2312
2026-05-03 04:00:00,P-311,Pompe centrifuge BP,pompe_centrifuge,13.434,23.877,71.194,13968.3,2963,78.7,D,danger,5.41,48.47,1.98,4.66,175.31,269.14,116.54,19.51,0.16989,0.05473,0.05817,180,3100,SKF 6312
2026-05-03 05:00:00,P-204,Pompe centrifuge HP,pompe_centrifuge,1.625,3.288,7.586,1488.4,2979,52.0,A,normal,3.19,3.46,1.84,4.53,177.25,269.6,118.17,19.71,0.13656,0.08371,0.05421,250,4200,SKF 6314
2026-05-03 05:00:00,C-118,Compresseur à vis,compresseur,3.187,6.04,19.414,3809.0,1484,62.5,B,normal,3.43,7.29,1.91,3.31,96.95,150.38,63.32,9.7,0.09947,0.05992,0.05917,500,6800,SKF 7314
2026-05-03 05:00:00,V-302,Ventilateur tirage,ventilateur,1.131,1.915,5.91,1159.5,982,44.7,A,normal,2.77,2.09,1.36,3.7,68.41,95.25,44.35,6.84,0.12644,0.08512,0.04575,75,1800,SKF 22216
2026-05-03 05:00:00,M-019,Moteur électrique 400kW,moteur_electrique,5.565,9.75,29.81,5848.7,1496,63.4,C,alerte,3.13,11.6,2.36,3.09,90.51,133.89,60.34,10.05,0.13361,0.04938,0.05218,400,5500,SKF 6320
2026-05-03 05:00:00,R-077,Réducteur convoyeur,reducteur,1.326,2.642,8.109,1591.0,717,44.9,A,normal,2.89,2.55,2.19,3.34,52.82,66.68,35.25,5.28,0.13327,0.07935,0.05397,55,950,SKF 2312
2026-05-03 05:00:00,P-311,Pompe centrifuge BP,pompe_centrifuge,12.207,21.763,64.953,12743.8,2960,72.6,D,danger,4.81,39.18,1.93,5.5,175.13,268.87,116.43,19.49,0.03954,0.22268,0.04637,180,3100,SKF 6312
2026-05-03 06:00:00,P-204,Pompe centrifuge HP,pompe_centrifuge,2.276,3.694,10.928,2144.1,2984,51.6,A,normal,2.98,4.53,2.0,2.63,177.55,270.05,118.37,19.74,0.13269,0.07036,0.04505,250,4200,SKF 6314
2026-05-03 06:00:00,C-118,Compresseur à vis,compresseur,3.967,7.305,21.056,4131.2,1495,62.9,B,normal,3.36,8.88,1.35,4.15,97.67,151.49,63.79,9.77,0.11139,0.05753,0.04033,500,6800,SKF 7314
2026-05-03 06:00:00,V-302,Ventilateur tirage,ventilateur,1.08,2.243,7.173,1407.3,987,42.4,A,normal,3.28,2.36,1.73,2.15,68.76,95.74,44.58,6.88,0.13812,0.08591,0.05342,75,1800,SKF 22216
2026-05-03 06:00:00,M-019,Moteur électrique 400kW,moteur_electrique,5.538,9.839,30.389,5962.3,1491,64.8,C,alerte,4.14,15.3,2.01,3.68,90.21,133.44,60.14,10.01,0.14712,0.0865,0.05064,400,5500,SKF 6320
2026-05-03 06:00:00,R-077,Réducteur convoyeur,reducteur,1.374,2.245,6.825,1339.1,721,43.7,A,normal,3.76,3.45,1.23,3.35,53.11,67.05,35.45,5.31,0.10496,0.07152,0.04757,55,950,SKF 2312
2026-05-03 06:00:00,P-311,Pompe centrifuge BP,pompe_centrifuge,8.869,15.774,48.205,9457.8,2970,66.0,D,danger,4.21,24.92,1.46,3.92,175.72,269.78,116.82,19.55,0.0782,0.07288,0.06553,180,3100,SKF 6312
2026-05-03 07:00:00,P-204,Pompe centrifuge HP,pompe_centrifuge,2.45,4.755,14.461,2837.2,2981,50.4,B,normal,4.07,6.65,2.13,3.22,177.37,269.78,118.25,19.72,0.10629,0.09359,0.06074,250,4200,SKF 6314
2026-05-03 07:00:00,C-118,Compresseur à vis,compresseur,2.653,5.044,14.809,2905.5,1488,62.6,B,normal,3.72,6.58,1.28,3.81,97.22,150.78,63.49,9.72,0.12883,0.07149,0.05332,500,6800,SKF 7314
2026-05-03 07:00:00,V-302,Ventilateur tirage,ventilateur,1.298,1.768,5.112,1003.0,986,43.9,A,normal,2.84,2.45,2.1,2.58,68.69,95.64,44.53,6.87,0.12934,0.08153,0.05188,75,1800,SKF 22216
2026-05-03 07:00:00,M-019,Moteur électrique 400kW,moteur_electrique,5.869,10.266,31.497,6179.7,1496,64.9,C,alerte,4.22,16.53,1.36,4.16,90.51,133.89,60.34,10.05,0.08558,0.09407,0.07208,400,5500,SKF 6320
2026-05-03 07:00:00,R-077,Réducteur convoyeur,reducteur,1.009,1.769,5.46,1071.3,719,43.1,A,normal,3.22,2.17,1.82,2.77,52.97,66.87,35.35,5.3,0.13916,0.07522,0.04777,55,950,SKF 2312
2026-05-03 07:00:00,P-311,Pompe centrifuge BP,pompe_centrifuge,11.293,20.47,60.293,11829.5,2957,73.9,D,danger,4.29,32.26,1.95,6.32,174.96,268.59,116.31,19.47,0.69069,0.05494,0.06898,180,3100,SKF 6312
2026-05-03 08:00:00,P-204,Pompe centrifuge HP,pompe_centrifuge,2.379,3.953,12.417,2436.2,2982,51.8,B,normal,3.34,5.29,1.36,3.72,177.43,269.87,118.29,19.73,0.09609,0.07017,0.0503,250,4200,SKF 6314
2026-05-03 08:00:00,C-118,Compresseur à vis,compresseur,2.685,4.926,15.477,3036.6,1474,60.6,B,normal,3.42,6.13,1.64,3.72,96.3,149.37,62.89,9.63,0.21361,0.10728,0.05553,500,6800,SKF 7314
2026-05-03 08:00:00,V-302,Ventilateur tirage,ventilateur,0.989,1.7,4.97,975.1,977,43.4,A,normal,3.54,2.33,2.32,2.99,68.06,94.77,44.13,6.81,0.12433,0.07926,0.0481,75,1800,SKF 22216
2026-05-03 08:00:00,M-019,Moteur électrique 400kW,moteur_electrique,5.836,10.463,30.396,5963.7,1485,65.9,C,alerte,4.43,17.24,1.86,3.8,89.84,132.91,59.89,9.97,0.12403,0.05827,0.057,400,5500,SKF 6320
2026-05-03 08:00:00,R-077,Réducteur convoyeur,reducteur,1.21,1.955,5.634,1105.4,721,43.7,A,normal,2.92,2.35,1.86,2.8,53.11,67.05,35.45,5.31,0.12811,0.07522,0.05217,55,950,SKF 2312
2026-05-03 08:00:00,P-311,Pompe centrifuge BP,pompe_centrifuge,10.262,18.823,55.055,10801.8,2960,71.0,D,danger,3.93,26.9,1.49,5.15,175.13,268.87,116.43,19.49,0.13774,0.03948,0.10496,180,3100,SKF 6312
2026-05-03 09:00:00,P-204,Pompe centrifuge HP,pompe_centrifuge,2.783,5.069,14.139,2774.1,2978,54.5,B,normal,2.86,5.31,1.78,3.41,177.19,269.51,118.13,19.7,0.14762,0.06987,0.04549,250,4200,SKF 6314
2026-05-03 09:00:00,C-118,Compresseur à vis,compresseur,3.323,5.812,17.044,3344.0,1487,62.6,B,normal,3.38,7.49,1.94,3.86,97.15,150.68,63.45,9.72,0.07702,0.09074,0.04592,500,6800,SKF 7314
2026-05-03 09:00:00,V-302,Ventilateur tirage,ventilateur,1.385,2.73,6.969,1367.3,986,44.1,A,normal,3.73,3.44,2.44,2.72,68.69,95.64,44.53,6.87,0.13304,0.07499,0.0516,75,1800,SKF 22216
2026-05-03 09:00:00,M-019,Moteur électrique 400kW,moteur_electrique,6.271,11.039,32.526,6381.6,1491,65.7,C,alerte,4.16,17.4,1.92,3.65,90.21,133.44,60.14,10.01,0.09587,0.06565,0.08339,400,5500,SKF 6320
2026-05-03 09:00:00,R-077,Réducteur convoyeur,reducteur,0.793,1.238,4.065,797.6,725,43.0,A,normal,4.06,2.14,2.14,3.08,53.41,67.42,35.65,5.34,0.11734,0.09381,0.04889,55,950,SKF 2312
2026-05-03 09:00:00,P-311,Pompe centrifuge BP,pompe_centrifuge,11.725,21.492,63.988,12554.4,2961,73.2,D,danger,5.31,41.48,1.79,4.15,175.19,268.96,116.47,19.49,0.54637,0.14615,0.08922,180,3100,SKF 6312
2026-05-03 10:00:00,P-204,Pompe centrifuge HP,pompe_centrifuge,1.912,3.785,10.274,2015.8,2991,48.6,A,normal,3.08,3.93,1.64,4.06,177.96,270.69,118.64,19.79,0.14562,0.08533,0.0582,250,4200,SKF 6314
2026-05-03 10:00:00,C-118,Compresseur à vis,compresseur,3.548,5.961,18.278,3586.1,1481,61.0,B,normal,3.96,9.36,1.76,4.39,96.76,150.07,63.19,9.68,0.09713,0.07934,0.04777,500,6800,SKF 7314
2026-05-03 10:00:00,V-302,Ventilateur tirage,ventilateur,1.28,2.428,7.55,1481.3,981,42.3,A,normal,3.54,3.02,1.77,3.66,68.34,95.16,44.31,6.83,0.14851,0.07298,0.05384,75,1800,SKF 22216
2026-05-03 10:00:00,M-019,Moteur électrique 400kW,moteur_electrique,6.049,11.204,34.562,6781.1,1492,64.5,C,alerte,3.61,14.54,1.65,4.43,90.27,133.53,60.18,10.02,0.08235,0.05694,0.03474,400,5500,SKF 6320
2026-05-03 10:00:00,R-077,Réducteur convoyeur,reducteur,1.197,2.098,5.813,1140.5,724,41.3,A,normal,3.18,2.54,1.58,3.36,53.33,67.33,35.6,5.33,0.11661,0.08994,0.05259,55,950,SKF 2312
2026-05-03 10:00:00,P-311,Pompe centrifuge BP,pompe_centrifuge,9.832,17.842,53.364,10470.0,2964,69.3,D,danger,4.4,28.84,2.23,6.31,175.37,269.23,116.58,19.51,0.1465,0.065,0.0869,180,3100,SKF 6312
2026-05-03 11:00:00,P-204,Pompe centrifuge HP,pompe_centrifuge,2.747,5.186,14.551,2854.9,2983,51.9,B,normal,3.0,5.49,1.29,3.22,177.49,269.96,118.33,19.74,0.09013,0.08847,0.04999,250,4200,SKF 6314
2026-05-03 11:00:00,C-118,Compresseur à vis,compresseur,2.816,5.437,17.646,3462.1,1474,60.6,B,normal,3.29,6.17,1.49,3.29,96.3,149.37,62.89,9.63,0.12599,0.08542,0.04672,500,6800,SKF 7314
2026-05-03 11:00:00,V-302,Ventilateur tirage,ventilateur,1.24,2.586,6.473,1270.0,981,43.7,A,normal,2.82,2.33,2.04,3.62,68.34,95.16,44.31,6.83,0.12994,0.0815,0.05669,75,1800,SKF 22216
2026-05-03 11:00:00,M-019,Moteur électrique 400kW,moteur_electrique,5.936,10.851,32.549,6386.1,1495,63.6,C,alerte,3.21,12.71,1.39,3.94,90.45,133.8,60.3,10.04,0.11836,0.13136,0.05702,400,5500,SKF 6320
2026-05-03 11:00:00,R-077,Réducteur convoyeur,reducteur,1.258,2.083,6.414,1258.4,715,42.0,A,normal,3.71,3.11,1.97,3.34,52.67,66.5,35.15,5.27,0.13819,0.08571,0.04861,55,950,SKF 2312
2026-05-03 11:00:00,P-311,Pompe centrifuge BP,pompe_centrifuge,12.13,22.257,65.627,12876.0,2957,72.8,D,danger,4.35,35.14,1.81,4.49,174.96,268.59,116.31,19.47,0.16681,0.06306,0.04388,180,3100,SKF 6312
2026-05-03 12:00:00,P-204,Pompe centrifuge HP,pompe_centrifuge,2.679,4.696,14.319,2809.4,2972,53.7,B,normal,3.16,5.65,1.6,3.32,176.83,268.97,117.89,19.66,0.17251,0.07239,0.06075,250,4200,SKF 6314
2026-05-03 12:00:00,C-118,Compresseur à vis,compresseur,3.266,6.387,19.178,3762.7,1493,60.8,B,normal,3.27,7.12,1.99,2.66,97.54,151.29,63.7,9.75,0.15452,0.0744,0.04999,500,6800,SKF 7314
2026-05-03 12:00:00,V-302,Ventilateur tirage,ventilateur,1.642,3.291,9.012,1768.2,984,47.7,A,normal,4.02,4.4,1.43,3.57,68.55,95.45,44.44,6.86,0.1219,0.0925,0.05072,75,1800,SKF 22216
2026-05-03 12:00:00,M-019,Moteur électrique 400kW,moteur_electrique,4.484,8.119,23.16,4544.0,1486,59.3,B,normal,3.57,10.67,1.38,4.73,89.9,133.0,59.94,9.98,0.09776,0.05087,0.04091,400,5500,SKF 6320
2026-05-03 12:00:00,R-077,Réducteur convoyeur,reducteur,1.121,2.054,6.433,1262.2,718,42.4,A,normal,3.46,2.59,2.22,2.63,52.89,66.77,35.3,5.29,0.1384,0.08019,0.05091,55,950,SKF 2312
2026-05-03 12:00:00,P-311,Pompe centrifuge BP,pompe_centrifuge,9.741,17.482,52.796,10358.6,2956,66.0,D,danger,4.3,27.92,1.34,3.68,174.9,268.5,116.27,19.46,0.14095,0.09732,0.06232,180,3100,SKF 6312
2026-05-03 13:00:00,P-204,Pompe centrifuge HP,pompe_centrifuge,2.373,4.526,13.21,2591.8,2981,50.2,B,normal,3.56,5.64,1.9,3.24,177.37,269.78,118.25,19.72,0.10124,0.06866,0.06163,250,4200,SKF 6314
2026-05-03 13:00:00,C-118,Compresseur à vis,compresseur,3.334,6.075,18.87,3702.3,1494,61.3,B,normal,2.99,6.65,1.84,4.25,97.61,151.39,63.74,9.76,0.11273,0.08009,0.03935,500,6800,SKF 7314
2026-05-03 13:00:00,V-302,Ventilateur tirage,ventilateur,2.003,3.43,9.781,1919.0,974,44.6,A,normal,3.54,4.73,1.8,4.1,67.86,94.48,43.99,6.79,0.1476,0.0855,0.04918,75,1800,SKF 22216
2026-05-03 13:00:00,M-019,Moteur électrique 400kW,moteur_electrique,6.195,11.02,32.965,6467.7,1491,65.2,C,alerte,3.91,16.16,1.7,3.46,90.21,133.44,60.14,10.01,0.0868,0.10459,0.05528,400,5500,SKF 6320
2026-05-03 13:00:00,R-077,Réducteur convoyeur,reducteur,1.304,2.581,8.157,1600.4,710,42.3,A,normal,3.26,2.83,1.73,2.63,52.3,66.03,34.91,5.23,0.12959,0.07333,0.04544,55,950,SKF 2312
2026-05-03 13:00:00,P-311,Pompe centrifuge BP,pompe_centrifuge,10.626,19.139,57.503,11282.1,2954,73.8,D,danger,4.77,33.76,1.69,4.07,174.78,268.32,116.19,19.45,0.05737,0.11962,0.02598,180,3100,SKF 6312
2026-05-03 14:00:00,P-204,Pompe centrifuge HP,pompe_centrifuge,2.271,3.988,11.828,2320.7,2983,51.5,A,normal,3.68,5.58,1.85,3.73,177.49,269.96,118.33,19.74,0.13193,0.10127,0.05617,250,4200,SKF 6314
2026-05-03 14:00:00,C-118,Compresseur à vis,compresseur,3.498,6.666,20.111,3945.8,1479,61.3,B,normal,3.8,8.86,1.73,5.48,96.63,149.87,63.1,9.66,0.1335,0.05278,0.05315,500,6800,SKF 7314
2026-05-03 14:00:00,V-302,Ventilateur tirage,ventilateur,1.449,2.535,7.518,1475.0,982,41.0,A,normal,3.92,3.79,1.74,2.88,68.41,95.25,44.35,6.84,0.13627,0.0804,0.04929,75,1800,SKF 22216
2026-05-03 14:00:00,M-019,Moteur électrique 400kW,moteur_electrique,5.913,10.592,32.959,6466.6,1485,65.7,C,alerte,4.04,15.92,1.88,3.84,89.84,132.91,59.89,9.97,0.29131,0.10263,0.04006,400,5500,SKF 6320
2026-05-03 14:00:00,R-077,Réducteur convoyeur,reducteur,1.315,2.777,9.227,1810.3,717,44.3,A,normal,3.21,2.81,1.55,2.73,52.82,66.68,35.25,5.28,0.15487,0.07565,0.05099,55,950,SKF 2312
2026-05-03 14:00:00,P-311,Pompe centrifuge BP,pompe_centrifuge,9.905,17.847,52.918,10382.5,2963,69.0,D,danger,4.29,28.32,1.73,4.48,175.31,269.14,116.54,19.51,0.16973,0.13424,0.05863,180,3100,SKF 6312
2026-05-03 15:00:00,P-204,Pompe centrifuge HP,pompe_centrifuge,2.03,3.81,10.87,2132.7,2977,50.8,A,normal,2.83,3.83,1.25,3.96,177.13,269.42,118.09,19.7,0.16331,0.07244,0.05562,250,4200,SKF 6314
2026-05-03 15:00:00,C-118,Compresseur à vis,compresseur,3.1,5.212,14.779,2899.6,1483,58.1,B,normal,3.49,7.22,1.59,3.98,96.89,150.28,63.27,9.69,0.14284,0.11308,0.0533,500,6800,SKF 7314
2026-05-03 15:00:00,V-302,Ventilateur tirage,ventilateur,1.234,2.23,6.432,1262.0,977,46.1,A,normal,3.86,3.17,2.1,3.26,68.06,94.77,44.13,6.81,0.16936,0.06796,0.05093,75,1800,SKF 22216
2026-05-03 15:00:00,M-019,Moteur électrique 400kW,moteur_electrique,5.553,10.36,32.002,6278.8,1487,62.3,C,alerte,3.86,14.28,1.38,4.61,89.96,133.09,59.98,9.99,0.27526,0.08636,0.05512,400,5500,SKF 6320
2026-05-03 15:00:00,R-077,Réducteur convoyeur,reducteur,1.725,3.478,10.864,2131.5,726,44.7,A,normal,3.42,3.93,1.4,3.38,53.48,67.52,35.7,5.35,0.12029,0.09093,0.04666,55,950,SKF 2312
2026-05-03 15:00:00,P-311,Pompe centrifuge BP,pompe_centrifuge,11.119,19.699,60.143,11800.1,2960,71.4,D,danger,4.68,34.72,2.25,4.28,175.13,268.87,116.43,19.49,0.23178,0.0346,0.04377,180,3100,SKF 6312
2026-05-03 16:00:00,P-204,Pompe centrifuge HP,pompe_centrifuge,2.301,4.353,13.896,2726.4,2982,50.8,B,normal,3.57,5.47,2.08,4.34,177.43,269.87,118.29,19.73,0.1635,0.0648,0.04767,250,4200,SKF 6314
2026-05-03 16:00:00,C-118,Compresseur à vis,compresseur,3.366,5.97,18.563,3642.1,1482,62.1,B,normal,3.17,7.12,1.57,3.29,96.82,150.18,63.23,9.68,0.15807,0.05906,0.04952,500,6800,SKF 7314
2026-05-03 16:00:00,V-302,Ventilateur tirage,ventilateur,1.488,2.989,7.783,1527.0,982,42.4,A,normal,3.54,3.51,1.55,2.9,68.41,95.25,44.35,6.84,0.13215,0.08234,0.04883,75,1800,SKF 22216
2026-05-03 16:00:00,M-019,Moteur électrique 400kW,moteur_electrique,6.205,11.179,33.091,6492.5,1482,64.7,C,alerte,4.55,18.84,1.25,4.62,89.66,132.64,59.77,9.95,0.06645,0.12351,0.03444,400,5500,SKF 6320
2026-05-03 16:00:00,R-077,Réducteur convoyeur,reducteur,1.178,2.916,8.285,1625.5,731,41.6,A,normal,4.15,3.26,1.81,3.8,53.85,67.98,35.94,5.39,0.13271,0.0855,0.05141,55,950,SKF 2312
2026-05-03 16:00:00,P-311,Pompe centrifuge BP,pompe_centrifuge,13.726,24.935,75.106,14735.8,2955,77.9,D,danger,4.75,43.44,1.8,3.96,174.84,268.41,116.23,19.45,0.06991,0.15682,0.15583,180,3100,SKF 6312
2026-05-03 17:00:00,P-204,Pompe centrifuge HP,pompe_centrifuge,2.665,5.024,16.122,3163.1,2982,54.0,B,normal,3.72,6.61,1.45,4.05,177.43,269.87,118.29,19.73,0.15111,0.09443,0.04968,250,4200,SKF 6314
2026-05-03 17:00:00,C-118,Compresseur à vis,compresseur,3.703,6.406,19.084,3744.3,1489,62.1,B,normal,3.4,8.4,1.61,4.73,97.28,150.89,63.53,9.73,0.07242,0.10807,0.05981,500,6800,SKF 7314
2026-05-03 17:00:00,V-302,Ventilateur tirage,ventilateur,1.542,3.366,10.672,2093.8,976,48.4,A,normal,2.8,2.87,1.8,3.2,67.99,94.67,44.08,6.8,0.14086,0.08624,0.05281,75,1800,SKF 22216
2026-05-03 17:00:00,M-019,Moteur électrique 400kW,moteur_electrique,4.767,8.378,24.544,4815.5,1496,64.9,C,alerte,4.19,13.32,2.15,3.4,90.51,133.89,60.34,10.05,0.15675,0.09239,0.0603,400,5500,SKF 6320
2026-05-03 17:00:00,R-077,Réducteur convoyeur,reducteur,1.381,2.885,8.713,1709.5,718,42.3,A,normal,3.86,3.55,1.86,3.84,52.89,66.77,35.3,5.29,0.11815,0.08416,0.05977,55,950,SKF 2312
2026-05-03 17:00:00,P-311,Pompe centrifuge BP,pompe_centrifuge,11.223,19.968,58.521,11481.8,2963,71.3,D,danger,4.78,35.74,2.44,4.74,175.31,269.14,116.54,19.51,0.44037,0.12019,0.02561,180,3100,SKF 6312
2026-05-03 18:00:00,P-204,Pompe centrifuge HP,pompe_centrifuge,2.825,5.21,14.63,2870.4,2979,52.7,B,normal,3.91,7.36,1.66,3.36,177.25,269.6,118.17,19.71,0.1321,0.07717,0.04808,250,4200,SKF 6314
2026-05-03 18:00:00,C-118,Compresseur à vis,compresseur,3.758,6.825,19.879,3900.3,1488,62.4,B,normal,3.62,9.07,1.8,4.04,97.22,150.78,63.49,9.72,0.18472,0.08832,0.06037,500,6800,SKF 7314
2026-05-03 18:00:00,V-302,Ventilateur tirage,ventilateur,1.779,3.406,9.975,1957.1,979,43.8,A,normal,3.54,4.2,1.59,3.48,68.2,94.96,44.22,6.82,0.15126,0.09146,0.05318,75,1800,SKF 22216
2026-05-03 18:00:00,M-019,Moteur électrique 400kW,moteur_electrique,6.176,11.399,34.958,6858.8,1493,63.8,C,alerte,3.78,15.57,1.69,4.16,90.33,133.62,60.22,10.03,0.06276,0.15664,0.04157,400,5500,SKF 6320
2026-05-03 18:00:00,R-077,Réducteur convoyeur,reducteur,1.704,3.092,8.78,1722.6,719,42.6,A,normal,3.33,3.79,1.83,3.2,52.97,66.87,35.35,5.3,0.12249,0.09907,0.05419,55,950,SKF 2312
2026-05-03 18:00:00,P-311,Pompe centrifuge BP,pompe_centrifuge,9.061,16.174,48.628,9540.8,2956,64.7,D,danger,4.27,25.78,2.03,3.96,174.9,268.5,116.27,19.46,0.07573,0.10584,0.0348,180,3100,SKF 6312
2026-05-03 19:00:00,P-204,Pompe centrifuge HP,pompe_centrifuge,2.806,5.509,16.571,3251.2,2979,50.8,B,normal,2.92,5.46,1.88,4.17,177.25,269.6,118.17,19.71,0.13523,0.08396,0.06198,250,4200,SKF 6314
2026-05-03 19:00:00,C-118,Compresseur à vis,compresseur,3.534,6.146,17.738,3480.2,1484,61.2,B,normal,3.5,8.26,1.65,3.62,96.95,150.38,63.32,9.7,0.11115,0.07723,0.03922,500,6800,SKF 7314
2026-05-03 19:00:00,V-302,Ventilateur tirage,ventilateur,1.135,2.538,6.157,1208.0,981,43.3,A,normal,2.87,2.17,1.34,3.27,68.34,95.16,44.31,6.83,0.14133,0.07248,0.04786,75,1800,SKF 22216
2026-05-03 19:00:00,M-019,Moteur électrique 400kW,moteur_electrique,5.182,9.216,26.265,5153.2,1492,61.0,C,alerte,3.85,13.31,1.67,3.84,90.27,133.53,60.18,10.02,0.26033,0.07604,0.03718,400,5500,SKF 6320
2026-05-03 19:00:00,R-077,Réducteur convoyeur,reducteur,1.799,3.217,11.041,2166.2,727,46.5,A,normal,3.1,3.71,1.54,3.37,53.56,67.61,35.74,5.36,0.12071,0.06993,0.04401,55,950,SKF 2312
2026-05-03 19:00:00,P-311,Pompe centrifuge BP,pompe_centrifuge,10.511,19.112,58.616,11500.5,2974,68.8,D,danger,4.43,31.05,1.46,3.95,175.96,270.14,116.98,19.58,0.0267,0.11646,0.051,180,3100,SKF 6312
2026-05-03 20:00:00,P-204,Pompe centrifuge HP,pompe_centrifuge,2.018,3.755,11.028,2163.7,2987,50.5,A,normal,4.03,5.42,1.67,3.6,177.73,270.32,118.48,19.76,0.14545,0.10056,0.04425,250,4200,SKF 6314
2026-05-03 20:00:00,C-118,Compresseur à vis,compresseur,3.067,5.565,16.942,3324.0,1484,61.3,B,normal,3.61,7.38,1.83,3.68,96.95,150.38,63.32,9.7,0.20521,0.07515,0.05545,500,6800,SKF 7314
2026-05-03 20:00:00,V-302,Ventilateur tirage,ventilateur,1.606,2.823,7.912,1552.3,978,45.1,A,normal,3.11,3.33,2.17,2.05,68.13,94.87,44.17,6.81,0.12053,0.07286,0.05072,75,1800,SKF 22216
2026-05-03 20:00:00,M-019,Moteur électrique 400kW,moteur_electrique,7.101,13.137,39.553,7760.3,1487,67.5,D,danger,4.2,19.89,1.58,3.84,89.96,133.09,59.98,9.99,0.09772,0.19077,0.06428,400,5500,SKF 6320
2026-05-03 20:00:00,R-077,Réducteur convoyeur,reducteur,1.241,2.746,9.111,1787.6,726,44.1,A,normal,3.43,2.84,1.55,3.43,53.48,67.52,35.7,5.35,0.14919,0.08415,0.04302,55,950,SKF 2312
2026-05-03 20:00:00,P-311,Pompe centrifuge BP,pompe_centrifuge,10.596,18.805,56.307,11047.4,2958,71.1,D,danger,4.38,30.95,2.05,4.8,175.01,268.69,116.35,19.47,0.05521,0.0846,0.06389,180,3100,SKF 6312
2026-05-03 21:00:00,P-204,Pompe centrifuge HP,pompe_centrifuge,2.118,3.54,11.098,2177.4,2985,52.9,A,normal,3.9,5.51,1.76,3.04,177.61,270.14,118.41,19.75,0.13807,0.06959,0.04554,250,4200,SKF 6314
2026-05-03 21:00:00,C-118,Compresseur à vis,compresseur,2.882,5.497,15.799,3099.8,1482,57.9,B,normal,2.02,3.87,1.92,2.97,96.82,150.18,63.23,9.68,0.12052,0.07424,0.04116,500,6800,SKF 7314
2026-05-03 21:00:00,V-302,Ventilateur tirage,ventilateur,1.728,2.748,8.188,1606.5,984,42.3,A,normal,3.36,3.87,1.96,3.53,68.55,95.45,44.44,6.86,0.13367,0.0718,0.05092,75,1800,SKF 22216
2026-05-03 21:00:00,M-019,Moteur électrique 400kW,moteur_electrique,5.936,10.159,30.528,5989.6,1486,64.4,C,alerte,4.38,17.34,1.6,4.33,89.9,133.0,59.94,9.98,0.18281,0.08097,0.03986,400,5500,SKF 6320
2026-05-03 21:00:00,R-077,Réducteur convoyeur,reducteur,1.477,2.968,9.773,1917.5,717,43.4,A,normal,2.81,2.76,2.34,3.09,52.82,66.68,35.25,5.28,0.15033,0.08859,0.05042,55,950,SKF 2312
2026-05-03 21:00:00,P-311,Pompe centrifuge BP,pompe_centrifuge,9.269,16.637,50.252,9859.4,2952,65.7,D,danger,5.11,31.59,2.24,4.56,174.66,268.14,116.11,19.43,0.16317,0.11155,0.0221,180,3100,SKF 6312
2026-05-03 22:00:00,P-204,Pompe centrifuge HP,pompe_centrifuge,2.416,4.014,10.778,2114.6,2976,52.1,B,normal,3.1,4.99,2.26,1.95,177.07,269.33,118.05,19.69,0.11754,0.09814,0.05504,250,4200,SKF 6314
2026-05-03 22:00:00,C-118,Compresseur à vis,compresseur,3.438,5.653,16.706,3277.7,1490,60.8,B,normal,3.53,8.1,2.03,3.15,97.35,150.99,63.57,9.73,0.09216,0.12127,0.05502,500,6800,SKF 7314
2026-05-03 22:00:00,V-302,Ventilateur tirage,ventilateur,1.468,2.85,7.91,1551.9,979,44.7,A,normal,3.03,2.96,1.36,2.49,68.2,94.96,44.22,6.82,0.12381,0.08233,0.0471,75,1800,SKF 22216
2026-05-03 22:00:00,M-019,Moteur électrique 400kW,moteur_electrique,6.223,11.216,34.443,6757.7,1481,65.1,C,alerte,3.82,15.83,1.73,3.7,89.6,132.55,59.73,9.95,0.15235,0.10938,0.03701,400,5500,SKF 6320
2026-05-03 22:00:00,R-077,Réducteur convoyeur,reducteur,1.531,3.02,9.357,1835.8,715,43.8,A,normal,3.58,3.66,1.46,2.71,52.67,66.5,35.15,5.27,0.13906,0.08338,0.04573,55,950,SKF 2312
2026-05-03 22:00:00,P-311,Pompe centrifuge BP,pompe_centrifuge,11.53,20.733,61.847,12134.4,2958,72.5,D,danger,4.58,35.23,1.46,6.33,175.01,268.69,116.35,19.47,0.11109,0.15729,0.04216,180,3100,SKF 6312
2026-05-03 23:00:00,P-204,Pompe centrifuge HP,pompe_centrifuge,2.481,4.459,12.758,2503.1,2981,51.8,B,normal,3.06,5.06,1.72,3.78,177.37,269.78,118.25,19.72,0.11599,0.10484,0.05326,250,4200,SKF 6314
2026-05-03 23:00:00,C-118,Compresseur à vis,compresseur,3.964,6.727,20.149,3953.2,1479,61.6,B,normal,3.8,10.03,1.53,2.84,96.63,149.87,63.1,9.66,0.09269,0.05189,0.04929,500,6800,SKF 7314
2026-05-03 23:00:00,V-302,Ventilateur tirage,ventilateur,1.707,2.866,10.186,1998.5,975,43.9,A,normal,4.01,4.57,1.67,3.5,67.92,94.58,44.04,6.79,0.11427,0.08894,0.05061,75,1800,SKF 22216
2026-05-03 23:00:00,M-019,Moteur électrique 400kW,moteur_electrique,6.625,12.398,37.009,7261.2,1485,64.4,C,alerte,3.48,15.35,2.19,3.53,89.84,132.91,59.89,9.97,0.12649,0.0295,0.04576,400,5500,SKF 6320
2026-05-03 23:00:00,R-077,Réducteur convoyeur,reducteur,2.205,3.856,12.352,2423.5,722,45.1,A,normal,3.77,5.55,1.78,3.06,53.19,67.15,35.5,5.32,0.11389,0.08842,0.04704,55,950,SKF 2312
2026-05-03 23:00:00,P-311,Pompe centrifuge BP,pompe_centrifuge,9.958,17.61,52.702,10340.1,2956,69.4,D,danger,4.4,29.24,1.09,5.04,174.9,268.5,116.27,19.46,0.22223,0.22254,0.02879,180,3100,SKF 6312
